perm_lopp_pct,perm_maxdd_pct,boot_lopp_pct,boot_maxdd_pct
68.4588198223701,-34.431974632543216,279.7529621666977,-39.42017420311766
68.45881982237019,-43.41774135475853,54.34312711349214,-46.47087568065239
68.45881982236939,-46.55957436905569,8.856400633415419,-40.136165424235536
68.45881982237043,-51.30579688808881,107.00807477259988,-63.70940923188662
68.45881982236992,-58.193713108713474,98.57723804073039,-36.32762359875974
68.45881982236956,-41.587921305502284,212.6597257276023,-33.655893757553066
68.4588198223699,-32.20145051900003,-51.17276426943109,-61.94595180834097
68.45881982237066,-35.45182867937723,-8.431609336001223,-48.9494478744831
68.45881982236959,-43.08840791908295,75.67026418529335,-46.11045665794096
68.45881982237007,-44.24468144830656,494.3719128396803,-29.967949273661464
68.45881982237006,-58.0781055822021,258.083475932664,-33.700941396761976
68.45881982237,-35.36085459114372,127.63352919968173,-48.733554902314744
68.45881982236959,-43.282709541015706,57.10116777398919,-42.46349327650796
68.45881982236986,-47.028209298227516,128.16759770090073,-32.1188255565361
68.45881982236999,-36.017075976709535,209.77493299296916,-43.19004486263083
68.45881982236963,-40.19584588911825,105.71032944889555,-48.15078615969411
68.45881982236979,-32.78395934070994,258.86116054011836,-32.571536933229126
68.45881982236952,-36.0132343777874,23.25025907567042,-36.456919858607606
68.45881982237019,-30.027078533235297,392.5276309117723,-25.11815327474367
68.45881982236963,-33.41755203114122,451.3967251907905,-25.573584891226496
68.45881982237006,-42.87555047331721,113.59443313702293,-32.7809675724587
68.45881982236952,-48.862548441128084,61.52608219827942,-55.85677866702448
68.4588198223699,-35.210875242439535,133.27683996724485,-35.45623959325634
68.45881982237027,-51.92010663700981,92.88071941500009,-38.10522652395586
68.4588198223696,-40.792338380064976,28.43581417216905,-46.45317331117451
68.45881982236976,-37.8481881949555,181.15303481368517,-33.81584480039345
68.4588198223703,-50.93209693166521,80.94078613115944,-53.146322037578464
68.45881982236983,-34.03452930135244,20.23691006759489,-55.64523932920481
68.4588198223697,-41.51898731414811,802.9661563812801,-41.31241150815321
68.45881982236996,-40.661118373460866,-2.17745518415966,-47.49093359103631
68.45881982236975,-48.093788286840486,102.88457642150112,-35.601319172159286
68.45881982237007,-38.06780345780605,84.46734204307702,-59.339139553518464
68.458819822369,-44.30703220099672,218.22916319424456,-29.24646183977815
68.45881982237006,-53.50852458888779,19.219821460560382,-35.9108604903803
68.45881982237032,-41.58227126667335,59.28765368973317,-35.48856053581141
68.45881982236988,-47.01076657846565,21.337963827512475,-36.21909129421561
68.45881982237015,-43.97498257819004,29.624236374424704,-57.78828194925458
68.45881982237057,-42.110640316627915,25.913078401267175,-43.056224198379866
68.45881982237003,-45.29361513628436,-80.40986414990135,-82.37896067019534
68.45881982237023,-47.09951119396506,-36.02807886659002,-66.19318310981363
68.45881982236952,-42.276482114984184,72.20884640866039,-39.738634377657014
68.45881982236976,-47.35995713117078,14.187757268275035,-40.2726444286648
68.45881982236996,-56.17104075637531,223.05165463046728,-33.125669140482394
68.45881982237015,-42.42640633736809,38.323879581049106,-42.599165904972516
68.4588198223698,-36.4501384611956,155.51704601997457,-38.412703352258184
68.45881982237032,-31.332938278596078,155.96448473360667,-27.10193070254845
68.45881982236939,-51.59893121885173,58.10698332435107,-43.115520929430254
68.45881982236988,-46.071989802292926,432.32533513547304,-28.896596787904848
68.45881982237012,-43.96314829269454,101.03244176902714,-33.08469673446609
68.45881982237042,-37.408972578013056,107.5195662766319,-43.326657056713024
68.45881982237032,-52.97598436564452,4.759362560447067,-73.67714887947065
68.45881982237007,-32.874019105988516,29.68925311382089,-35.09876129170133
68.45881982237015,-38.79065412245703,299.31395592660925,-46.04365433261714
68.45881982236963,-37.426713475989345,-23.77546336193843,-60.83173117572731
68.45881982236948,-45.52337012594223,55.7590438043736,-40.137445042757825
68.45881982236943,-54.73086350018151,-51.82137073594939,-75.07679428941255
68.45881982237015,-34.48122878273855,260.8535018207839,-45.21801618036759
68.45881982236968,-43.78515142090309,57.283781098435036,-43.47224299886978
68.45881982236986,-57.05637363937961,465.8509801544234,-36.70000706233644
68.45881982237006,-45.70227207724065,413.5899003726899,-19.490317547726665
68.45881982237023,-38.18674732268856,-7.522150471560729,-39.26030610794384
68.45881982237034,-45.463917702402945,5.687419617245615,-52.36000709036289
68.45881982236992,-44.998934243944376,82.02000885618166,-53.54713440717418
68.45881982236935,-46.921247748866634,49.19236179724358,-53.753423927099384
68.45881982236949,-52.711542993513504,88.09231351332443,-59.94873906364311
68.4588198223702,-28.63855545675561,25.25621022961746,-48.35050540155752
68.45881982236986,-44.839236178915534,33.49996657492209,-51.603692905790766
68.4588198223699,-50.95919696716855,197.43164197619382,-49.653580580768384
68.4588198223698,-32.27954819606767,-3.7931686726736857,-47.051136182544404
68.45881982236865,-38.39735313419583,143.19028112816562,-43.24037545965063
68.45881982236992,-42.62806552759651,469.96529773346884,-33.86845554907727
68.45881982236983,-46.61781273932738,96.42208513639898,-36.31304976445063
68.45881982236932,-52.07104233594403,813.7814614252019,-25.154981877796455
68.45881982236972,-28.740447433987406,322.0808415078398,-30.662974660582577
68.45881982237059,-65.97825687089451,192.77622316804388,-38.883308279871365
68.4588198223703,-44.852014475516015,16.618051217751884,-42.32209872406787
68.45881982236965,-41.637146899151254,315.9030458905461,-42.709094237100075
68.45881982237059,-44.51320366160745,1.0222910596851875,-60.715141930735264
68.45881982237042,-47.16700059537761,96.73415653714635,-41.51450647316444
68.4588198223701,-42.04925506793307,-10.843076824734032,-60.07836580037256
68.45881982236959,-31.859132211132213,52.5392030689587,-54.189034032708825
68.45881982237003,-54.978472093832885,0.6044804345173738,-38.584271544645276
68.4588198223701,-54.85419473337026,40.77078195741033,-42.43596239948083
68.45881982237042,-31.430603710860684,122.85744900822704,-36.56693416883681
68.45881982236968,-33.21627670653541,17.008452082239025,-38.32683453718667
68.45881982237046,-39.75330098463547,36.84672997194558,-42.39042782431292
68.45881982236983,-43.08859129654918,251.80950452653855,-40.623954514337946
68.45881982237098,-37.44339429434864,0.13913800014919708,-40.6716422959076
68.45881982236955,-52.73940186439088,-17.13874082559793,-37.34520896177086
68.4588198223701,-42.70749894357837,-75.97479024508722,-79.88457669701941
68.45881982237032,-42.71641831040143,-27.935814077153044,-44.91100073862049
68.45881982236986,-43.54208753544751,16.621336550084887,-37.797639225390014
68.45881982236986,-37.57832617748458,24.67577924986639,-34.22739029810625
68.45881982237015,-34.486096148723014,132.00292138305207,-38.396580321270356
68.45881982237012,-41.96286950890664,-58.98802667456952,-63.813910828689345
68.45881982236979,-32.69080763255494,377.1909539761118,-42.51776790184759
68.4588198223703,-30.064969172534727,52.04864805599312,-63.78089952120566
68.45881982236955,-56.317339101207686,314.975043551285,-27.06427521843381
68.458819822369,-30.91755731649114,514.1065695559919,-28.356168227307144
68.45881982236943,-34.34745954085944,-45.58334393130552,-64.6112213096112
68.45881982236999,-45.50323173251659,56.88386967061181,-54.91198613379764
68.45881982236986,-43.095287866486586,73.3464357645272,-26.59508567076153
68.45881982236955,-43.38710912755922,12.869409252895213,-49.92182738923129
68.45881982237007,-47.27375816525521,40.46890368241716,-56.748440330187734
68.45881982236988,-47.67798449969346,70.7407159511352,-56.68518845527461
68.4588198223707,-34.88196338026045,33.177558371760064,-64.29753467220542
68.4588198223703,-35.63206134454398,35.9198181645624,-39.22639027263322
68.45881982236963,-37.48038111032892,15.48200540321738,-60.63838277977727
68.45881982237003,-42.22643983205813,152.4840393388628,-41.50024765919365
68.45881982236952,-41.69187115684699,-16.44260657284201,-46.82878540133022
68.45881982237012,-45.53461148115715,277.88778363580434,-30.379174881302482
68.4588198223701,-38.9632355926351,298.75410084210836,-30.212968530634342
68.45881982236995,-42.292569703919355,50.500051848135044,-45.72776664767305
68.45881982237039,-44.428052714377245,264.95326157049857,-30.518087935984163
68.45881982237007,-35.559364112419814,-34.500594903187974,-54.87533857049196
68.45881982236928,-54.69212512370358,-10.462048585920126,-39.86232858192944
68.45881982237019,-42.43675214856971,78.63566021958678,-48.93974757489069
68.45881982236968,-33.081090200120634,197.39444149715553,-31.190323819629917
68.45881982236959,-46.56969054231676,37.81415904022849,-61.03880479378532
68.45881982236986,-52.90270209766085,56.15756335286601,-31.490197926773266
68.45881982237,-39.25313074202028,237.79634378822087,-43.4562777848159
68.45881982236996,-60.33048409821416,57.89394378915098,-33.09840363859209
68.45881982237015,-35.986355689610384,-40.45222918632948,-69.41909424830361
68.45881982237016,-43.416189448957354,65.71388415826584,-42.39281278096145
68.45881982237042,-41.21630590333735,261.2796878760741,-29.19361914082349
68.45881982237032,-50.50649054781853,212.06035893521974,-34.528729330063015
68.45881982236916,-46.80091532877364,46.881917529144545,-35.84798301884038
68.4588198223703,-32.345970106825064,349.99184191410313,-27.91352549808869
68.45881982236968,-45.11834575975231,18.45808188256912,-51.80107608228211
68.45881982236939,-39.07932709237515,185.85261211180364,-39.68237929104448
68.45881982236949,-30.95770520721085,174.15158853405157,-41.044095775343045
68.45881982236975,-53.359984818952164,104.3076461912868,-34.919158811654285
68.45881982236992,-57.444682998998566,20.59511909055818,-35.64772619650287
68.4588198223691,-47.59287035483201,419.0518579406341,-19.80515392783474
68.45881982237047,-41.39600772433384,84.47145480041888,-33.53687790364308
68.45881982236986,-59.43659098188616,252.08894403993565,-30.808057810388366
68.45881982237054,-51.01339706494783,1.6939116429648182,-45.19702401743799
68.45881982237015,-47.70600342047656,31.833963357023887,-36.622428605237886
68.45881982237012,-40.45754545140887,141.21773780980095,-29.88703587166881
68.45881982236948,-40.97667891765232,93.06672559085409,-36.904938924297205
68.45881982236992,-44.99512366557889,-32.0788485041783,-54.72882539511892
68.45881982237012,-38.79393583322184,116.15534427540499,-43.626429011858605
68.45881982236965,-40.697005136074424,151.61629787054508,-27.35632664685612
68.4588198223701,-37.77734668650938,-76.22395794433044,-77.59461816360664
68.45881982237012,-40.350287483380654,229.00844046810684,-29.641399859102325
68.45881982236921,-54.92837085641062,534.2936861357448,-38.979613694635326
68.45881982236939,-49.67676599620029,121.61714328657945,-44.24232902247901
68.45881982237015,-36.238015285028915,60.95417547894411,-30.747215150401217
68.45881982237046,-36.099154223877726,1067.385680789722,-29.251549843719225
68.4588198223701,-35.798182579298214,159.6835936101793,-32.49044650461773
68.4588198223697,-44.9252198432752,14.548546923851081,-61.3820506804853
68.4588198223703,-35.17273663362139,92.81366970472995,-51.00787601882285
68.45881982237034,-39.067727846853764,93.0017770716268,-38.357180990511964
68.45881982236975,-38.90946078776588,12.948086282340299,-51.906796271416475
68.45881982237003,-44.12763051082121,3.2473741457496708,-67.25486529007311
68.45881982236996,-52.46084995562021,51.18507725980965,-53.65904683608833
68.45881982236979,-36.15362632577755,54.41898792264088,-36.12286092571928
68.45881982236992,-36.40995843955124,29.12526608937698,-43.684634733961694
68.45881982237026,-43.01809129863926,71.16751402499364,-32.29485728950709
68.45881982237046,-39.16970560201639,31.291301121295547,-53.614828926256294
68.45881982236956,-43.053156416774044,19.12686523600755,-50.79759414818372
68.45881982237047,-35.98470468320076,291.8498519449993,-47.19225660256951
68.45881982236972,-28.773189781035924,63.588603481704986,-48.97658857371504
68.45881982236988,-60.89918304281889,122.20110521663936,-32.08864634977363
68.45881982237023,-49.251564983340735,239.48454759706675,-38.36402763973019
68.45881982236965,-43.19037885299315,73.19370400815754,-46.55813116038539
68.45881982236988,-49.72437498134019,95.31333596462694,-42.447553598023916
68.4588198223699,-38.94196378800204,593.4222524475501,-25.73125622430824
68.45881982237039,-50.234021602423255,184.06062351262648,-47.75379742319126
68.45881982236943,-35.439448973927334,-59.76811852193064,-65.15692316296646
68.45881982236932,-38.49066008175559,40.54913133605113,-61.344276254336336
68.45881982237016,-34.8465333338486,113.0391076316024,-42.34102557212467
68.45881982236945,-38.123487154606096,29.994795273109954,-54.3057973571931
68.45881982237023,-36.441377829208186,-18.06549942815556,-56.270653988110595
68.4588198223697,-30.82700556870137,-74.2547565929564,-85.72133056947582
68.45881982237039,-44.217741128940816,-13.947727505226027,-44.06255347373001
68.45881982236932,-50.085596422730646,31.159481651563816,-37.801924231662746
68.45881982237016,-41.81201723781781,-29.160549356373867,-55.69741313695863
68.45881982237032,-61.49942603414844,29.28741257362091,-38.32702758994825
68.45881982237034,-29.275481646251922,11.096475850549359,-42.867919433939385
68.45881982236983,-31.70545687002272,256.01623913162706,-45.16473367605472
68.45881982237047,-44.74767379232104,141.87229797702784,-32.359379824852795
68.45881982236996,-40.93903524111686,56.32692787725384,-46.81065956289711
68.4588198223697,-37.076285882424074,252.18071590067544,-29.948644142646618
68.45881982237006,-39.23856711263196,-58.036235529922756,-63.19757178983565
68.45881982236975,-49.7409625726583,42.9822064587428,-41.67017376990039
68.45881982236979,-39.25416179281819,227.81819156080206,-30.633165525430115
68.45881982236925,-39.804928649230675,118.50862881267163,-31.560379207937228
68.45881982237026,-40.00575080247545,12.690587059518087,-42.435551176080175
68.45881982236955,-41.72269597767213,85.70188038478975,-30.65788154853101
68.4588198223699,-26.760354379734142,72.54513807524594,-52.53523507363843
68.45881982236921,-67.10888939817858,266.4250066225862,-28.882642767829182
68.45881982237023,-44.756364699819294,25.878364590307324,-62.99031303005247
68.45881982236968,-41.02513061910821,105.56179558324446,-36.03050764531888
68.45881982236955,-40.666710529878145,172.31697930808303,-31.69020402824856
68.45881982237,-41.84979791962456,-41.206135781053945,-56.19501954615076
68.45881982237081,-40.00891473883603,87.94931296636332,-45.43521872755093
68.4588198223701,-48.13709415402374,197.84084942518186,-36.84216937027421
68.45881982237046,-36.273825143421114,180.6408237356193,-54.67201941957516
68.45881982237032,-45.038122315499386,117.13218436205848,-39.0744946246498
68.45881982236988,-48.044010121702954,14.5403548882175,-41.45112269513618
68.45881982237043,-48.8148592189024,180.40581281898233,-29.650735011837803
68.4588198223694,-42.11043889407806,-68.809224257112,-75.58510845407547
68.45881982237032,-47.793550417079885,690.7606872217035,-28.172937230121587
68.45881982237032,-47.30382452149065,33.79687014885027,-38.327781404912244
68.45881982236952,-32.912377328210106,194.54125663872125,-28.72992804587957
68.45881982236956,-43.5996307537769,122.03958484832955,-53.704203727274226
68.45881982236972,-47.21849010825508,211.51751139100065,-24.23453349179381
68.45881982236988,-34.61502062994399,156.76520920161755,-44.64180158514065
68.45881982236943,-41.58485497176018,185.9307959501065,-37.691995087711625
68.45881982236975,-49.47047615889409,-12.830858777520682,-44.50970005600967
68.45881982236916,-39.188907135051856,21.19983778727603,-48.81287166611878
68.45881982236955,-61.47235922812613,276.7567587463819,-41.80951529787723
68.45881982236949,-34.43937858894657,67.00217701428201,-29.95704621681715
68.45881982237026,-41.099267826374245,352.4671302195893,-39.74260757076448
68.45881982237091,-40.9662468301405,166.19075999709466,-43.52820492628646
68.4588198223702,-30.7773228631656,194.57144313027536,-39.223115481294144
68.45881982237061,-53.41039305273686,2.5384133898821437,-29.626572282758712
68.45881982237026,-55.106949444337985,-44.871751029122855,-53.58036155526826
68.45881982236986,-46.19979728754776,38.02244939626418,-46.799831214889075
68.45881982236995,-48.00259803640275,37.354026322426236,-43.164711149085555
68.4588198223691,-50.36862830745451,-4.93734634027293,-52.04362497784483
68.4588198223702,-39.4193773456759,377.4709524711928,-43.77422757585961
68.45881982236995,-47.0546937446446,126.8329058058605,-35.133992913534215
68.45881982236948,-53.520201166593175,-47.40878737370156,-59.70961730799116
68.45881982236972,-35.454141770570146,219.06569109734292,-28.211698844819466
68.45881982237012,-26.284793846197875,-7.931278213224147,-47.843212296590664
68.45881982236992,-42.693919787774036,193.7693102525446,-35.94607308301755
68.45881982237057,-51.66639991579083,75.9915714336178,-41.48256196642334
68.45881982237,-37.65784556002332,256.3720832555501,-31.564044253054213
68.45881982236956,-41.280280284631885,94.40608235300776,-33.37852276434338
68.45881982236995,-50.387282207646535,153.40521743363755,-49.99375327993394
68.45881982236916,-51.90937886483687,75.79504372933667,-50.54802038572066
68.45881982237063,-45.66045588326199,459.0746127535783,-24.552844865793578
68.4588198223698,-39.872769160364065,-39.57031947547761,-44.69666660037598
68.45881982237039,-41.93045954966222,387.8249461575987,-28.236504127154827
68.45881982236992,-35.30040643888137,31.38108525529415,-35.22305973041209
68.45881982236952,-34.16489460400216,105.03474231803524,-37.9146510602417
68.4588198223699,-40.60051014162084,-9.4200937188618,-46.961738434295185
68.45881982237006,-43.728053330138735,117.1406002918347,-30.632093013111806
68.45881982236986,-30.406368939183704,289.16125735025065,-37.523476819295645
68.45881982236996,-38.01576812746518,103.82649271765297,-33.011949076876235
68.45881982236995,-37.17482670914162,1088.2958883544882,-37.61885849901576
68.45881982237016,-41.18491208853573,269.3938503374949,-28.624317004021016
68.45881982237042,-33.442991816374224,141.41011368480525,-54.70779091721663
68.45881982236996,-43.570301918822906,201.36594378069086,-29.618070444026223
68.45881982237019,-39.36652935987648,181.35734049762272,-51.90662390536204
68.45881982237026,-53.1542471686006,47.03534244335017,-39.52784123342121
68.45881982236929,-47.85752018665919,265.7445706171695,-31.160886570677693
68.45881982236992,-36.75047037672285,270.40037930029916,-26.883007688346915
68.45881982237032,-44.118028615385384,214.72260447388595,-34.504791876862306
68.45881982237077,-37.11698710942203,230.02932229503043,-31.65178278213271
68.45881982236928,-39.114227785607106,53.615110061381465,-44.90784738854649
68.45881982237063,-52.77894202430857,57.65776877120925,-34.24645098838817
68.45881982237057,-49.94558243997527,213.71992188606228,-54.56198668114121
68.4588198223696,-51.71718035855658,79.5447010270334,-36.57029103763466
68.45881982237094,-34.043278118633125,-11.897328329801905,-38.85559518609069
68.45881982236995,-42.84288243621261,305.89861840116856,-44.38167173751017
68.45881982236952,-50.81009293733945,-37.781660831474696,-51.4795132649882
68.45881982236968,-40.448207581900256,-42.46565814569215,-60.40288043171154
68.45881982237051,-42.36173002443997,69.51132319611088,-36.477954536389426
68.45881982237012,-38.6944694150076,54.54352228255086,-53.03386725205136
68.45881982237023,-47.50178364848965,60.98887697629527,-51.15094413667072
68.45881982236935,-32.84150534513582,121.32895287985504,-50.750802161674514
68.45881982236904,-28.17089711824854,101.5274296322414,-40.236134190222714
68.4588198223697,-41.549299637691085,135.5788782019527,-31.741089654695454
68.45881982236999,-38.77956944794657,306.2916111600346,-36.830660774004656
68.45881982237016,-30.405967238997977,279.0935610431905,-34.929514763436075
68.45881982236995,-46.38326562978453,126.71584520044999,-34.780841786687
68.45881982236952,-33.759193744574965,25.49591968459728,-45.582988280827784
68.45881982236996,-41.41928017528797,909.380945322509,-25.11380548400205
68.4588198223701,-48.87147125697058,154.74414126315415,-31.660298034210797
68.45881982236959,-50.88046845965513,9.03450434086983,-44.23695824007735
68.45881982236976,-36.67987625115543,47.30387180452591,-41.888149174420995
68.45881982237007,-37.8955891357026,255.6317877188357,-32.51618097764176
68.45881982237012,-45.667049552290585,117.77361115431147,-49.277054812642774
68.45881982236975,-40.53826187068431,120.19817862410721,-32.20964327456206
68.45881982237066,-55.55382548503145,236.55723183234917,-36.42634464679527
68.45881982236935,-40.66353707087059,47.12125753106289,-38.07283738586115
68.45881982237034,-37.992083516196416,105.86854900608165,-37.82213052817811
68.45881982237034,-35.05457065480416,867.2817955078121,-24.443528963635874
68.45881982237039,-54.62490773459044,359.79036638699296,-37.97774184466917
68.45881982236988,-33.24476489862389,152.45440731210428,-38.065981475131814
68.4588198223698,-35.95959054135328,155.79972575881175,-36.02666777096232
68.4588198223697,-36.73952121895198,65.4304884067884,-40.63177031444626
68.45881982236986,-40.85745038228216,312.3932478759558,-34.75720800163192
68.45881982237087,-45.90220343771304,254.41351522310254,-32.05199893301604
68.4588198223705,-37.013435805898546,116.05599658562711,-30.31257177249995
68.45881982236936,-40.463627828687045,29.964170678222235,-66.8153856115268
68.45881982237007,-53.72986182497756,24.213669258074777,-53.90290074683492
68.45881982237097,-43.25024284442406,0.06059366704906921,-45.32177235006719
68.45881982236963,-41.772597027319115,38.880213816624654,-48.839856583719445
68.4588198223699,-38.23168957756855,137.69562019076983,-47.8363647621607
68.45881982237012,-55.3130620973425,-37.597701586661245,-55.16919563096012
68.45881982237061,-38.451804447340834,104.61107410427584,-40.21956654234141
68.45881982236986,-39.49177843727758,156.75167145274736,-39.323235130686626
68.4588198223696,-40.81779574237851,216.17325398236292,-31.698105453606974
68.45881982236979,-53.11893916630819,196.1460187640233,-30.726782385070482
68.45881982237012,-45.63306761313714,299.5133869330507,-38.06056880078411
68.4588198223697,-49.3528561034583,82.88075568883735,-49.19292466398214
68.45881982237023,-41.84788710538179,319.0681470703088,-24.218458937154573
68.45881982236894,-32.65410019821059,30.091949681479747,-35.745172697666625
68.4588198223701,-46.10788080881436,9.805337051702079,-52.540729045719914
68.45881982237019,-51.39961930350958,-12.995813101822684,-38.10140497125762
68.45881982236975,-29.52190812077944,150.360746413511,-44.772471955518064
68.45881982236979,-41.88303756109355,60.89603345748111,-47.09852718432488
68.45881982236976,-49.5165547739821,268.2666975906568,-44.84643942521065
68.45881982237032,-34.25835874595491,224.52567776540334,-27.394061193721196
68.45881982236999,-44.30224100254272,39.10054820493993,-55.732068120899584
68.45881982236983,-39.846755224310435,-15.933851685924772,-63.91717837055663
68.4588198223692,-51.08358915603844,-32.91328381805104,-57.70095340148775
68.45881982237007,-53.490187211374376,-15.89952152782047,-48.84299386017874
68.45881982237036,-37.947915894669606,26.72396692797583,-51.91837949128304
68.45881982237034,-41.51598927827713,69.27828245801837,-30.91780482943274
68.45881982236952,-43.29947238789843,160.67604867139215,-38.05919415302883
68.4588198223705,-40.388973690808974,480.7073650820164,-41.08007116981868
68.45881982236983,-26.982043134302568,-19.328322842310854,-54.077441544457194
68.45881982236959,-32.16910695486308,15.672182291092662,-48.84081233579665
68.45881982236959,-55.915641890774495,138.75104619140245,-31.405853051595557
68.45881982237036,-37.02456432770133,135.41015292158423,-39.06664531416486
68.45881982236955,-34.64078444726364,27.057001561983697,-43.63582585206102
68.45881982236995,-29.149903260779343,-12.86455897187535,-49.86858939622923
68.45881982236959,-28.60424606782389,384.65939769276787,-29.56455160446293
68.45881982237026,-42.845609147617395,26.138056124895325,-44.65383575913189
68.45881982237007,-43.39914736572135,499.7456242713226,-34.57992647202076
68.45881982236952,-43.88292854114285,-24.582060881039503,-50.91399209643255
68.4588198223701,-50.673869626871216,66.64927321147593,-38.77342328434297
68.45881982236968,-44.07668750524043,8.621464724852324,-61.313144483419556
68.45881982236936,-44.09744828356189,85.41898685265741,-31.29164655773954
68.45881982236972,-50.51515962932316,153.93441146243418,-26.48361256208326
68.4588198223701,-49.03477301770831,56.256614308294495,-38.52869894464407
68.45881982236955,-37.26262195556894,66.63675568081804,-59.5697399915601
68.45881982237063,-37.71477205722148,250.35085305074895,-34.92987195525805
68.45881982236956,-49.32394086529738,265.603064435808,-32.17493544868173
68.45881982237032,-40.167786538427606,20.230867623049598,-50.510457543869535
68.45881982236986,-37.19563523443751,174.36446043216333,-62.254452091409306
68.45881982237026,-34.24584787955517,-40.396868066102975,-48.73134985746166
68.45881982236952,-57.54727339577019,87.83342717531583,-25.708146847593095
68.45881982237015,-42.63720943036476,40.79679145524666,-44.570930803448135
68.45881982236929,-38.29676468056222,-43.968579629524974,-51.93462436771219
68.4588198223702,-42.94282039972983,54.49677256796559,-32.89938455975586
68.45881982236995,-36.41772686689625,557.5135759637797,-45.29425084807861
68.45881982236992,-48.79986636252863,163.9540010832246,-43.296355528806366
68.45881982236965,-40.0178325306298,97.41203025167971,-34.06385637701551
68.45881982237026,-42.16729475124762,197.4062383842473,-31.466916353159224
68.45881982236908,-38.88869429692705,5.437182462099055,-46.86924759472987
68.45881982237027,-32.5088998702986,276.6854603051522,-36.677774240642435
68.45881982237057,-41.81704647135257,-61.298278552987284,-71.32344860736404
68.45881982237015,-39.69121681619252,5.970923160610808,-56.54870257735307
68.45881982237003,-39.17128023111213,-4.72856834991352,-63.16599042333374
68.45881982236959,-57.12099514391282,13.343680163165184,-55.88640766890225
68.4588198223697,-50.665129038341874,172.73643682006968,-47.19349245291641
68.4588198223697,-44.338889181935926,75.63656826995744,-55.754412610071704
68.45881982236952,-39.52591413443031,-31.3789003623802,-66.06339868144276
68.4588198223697,-44.5949002562884,584.4659982594809,-27.16099817571238
68.45881982236959,-55.04172918268422,39.23007755711638,-44.82895597570001
68.45881982237026,-45.96623882922064,-18.679739139380626,-36.676224259967825
68.45881982236929,-44.641561012671474,-17.60396585588889,-55.03759356479813
68.45881982236992,-34.254253167993184,22.819867377420966,-38.66069948434133
68.45881982237057,-45.162122722416576,-43.39304022531625,-71.3636853766753
68.45881982236968,-31.205372361837092,-21.98813048560756,-60.25350628063322
68.45881982236979,-38.8321034588513,8.484681441529695,-39.45030452085037
68.45881982236965,-33.98149714196086,75.02749361283674,-45.05952189866495
68.45881982236935,-41.97724920009328,-40.96246471627024,-64.62159589604462
68.45881982236995,-42.887406148004004,73.63303325955476,-49.0370597825947
68.45881982236975,-52.20299417574166,-34.09938414950293,-60.75105094233937
68.45881982236959,-36.2637861707742,121.11531008986395,-40.379590987659896
68.4588198223698,-48.59623158898677,6.165377382380122,-40.8175505703277
68.45881982236972,-50.47003006250236,376.676209690184,-29.941971689091385
68.45881982236943,-32.08611432134404,166.7221946963021,-24.413969869381557
68.45881982237059,-49.86339347978005,30.619420829919864,-52.190786007853205
68.45881982237016,-39.36582939261689,-64.48921847349924,-76.74009958036868
68.45881982237077,-39.666725253412515,-48.74726074158683,-70.02281350296494
68.45881982237066,-46.2549155417464,-40.7400380134918,-52.96092390960325
68.45881982236995,-42.28494748282521,73.44374720429896,-43.35791444048066
68.45881982237032,-46.17825692107576,-19.659248854870782,-46.18206212494863
68.45881982237042,-40.50065271788773,8.739289899325332,-40.2371064571313
68.45881982237032,-45.887050732675924,86.90872529153675,-45.7970859845069
68.45881982236956,-30.47141462836034,107.30490968788673,-34.87128646781387
68.4588198223696,-50.70099291909476,-27.59473455933783,-51.27139139581849
68.45881982237012,-41.79938526458508,-1.3301476281545876,-44.242512789848774
68.45881982236996,-49.32441543133091,246.71808550737708,-31.37644243837784
68.4588198223702,-37.693401848790266,26.759623725820237,-32.342827793699094
68.45881982236904,-37.89477148315491,-39.17353624901173,-55.16669006883008
68.45881982236992,-40.871118113698856,99.35214808306259,-35.54068560517144
68.45881982237026,-60.37973977231038,116.053125189798,-32.928281803465566
68.45881982237032,-37.65510270913172,549.5422393081265,-31.1278070044921
68.45881982236956,-41.50663389458104,-20.33156936480196,-67.51787093563894
68.45881982236995,-42.226675753378004,10.137861892904464,-53.65586140267278
68.4588198223697,-32.61588944062489,-0.6615749688934969,-43.69261591085899
68.45881982236908,-30.49814051655956,-8.346898031505434,-55.5898687960176
68.45881982237006,-28.31124675026244,285.10436584180155,-37.521451449115716
68.45881982236988,-40.5202802601913,388.1899518628908,-30.757529741066236
68.45881982237043,-31.300250641363746,39.26456132835712,-44.432380556747695
68.45881982236972,-50.84595367633764,235.27254310851143,-38.76409506349133
68.4588198223699,-54.94851604089066,105.68205899060446,-49.55950097649172
68.4588198223702,-42.52867044884244,-38.80908946561522,-56.21695363474759
68.45881982236948,-37.600507517310575,19.114817876702862,-44.716237205494345
68.45881982236999,-34.850763816596285,44.46448884326437,-59.925230105455974
68.45881982236965,-42.38310947147129,-42.44614409997164,-54.844967054130514
68.45881982236999,-65.31950192956893,45.28829797560145,-60.0166237964916
68.45881982237003,-46.13773731597137,-14.581357962580132,-61.401235128617216
68.45881982237023,-45.64743483756003,-28.069355617825376,-51.07856229804597
68.45881982237007,-34.33042140381103,46.15552335139866,-31.076935043904363
68.45881982236995,-38.94555616953617,162.74304781423243,-30.284128361147932
68.4588198223699,-39.12847716044402,207.07414371163867,-24.436268471411626
68.4588198223705,-46.55831345046989,58.70767670959878,-59.62238551229817
68.45881982237007,-49.04499006253759,-13.99750429747807,-48.71945246218377
68.45881982237063,-44.87609050947056,-18.724021408135584,-51.183686092187216
68.45881982237026,-39.31550834006837,5.445567715155342,-52.88666263760524
68.45881982236905,-50.54695237536819,167.0648188131529,-36.890351265664954
68.45881982237012,-39.420370614437104,36.36763112933919,-40.64479226245166
68.45881982236956,-56.951974258999215,177.41535476882314,-25.347281017181857
68.45881982236988,-48.198775200051045,32.770784760665926,-35.86778827258919
68.45881982236976,-58.25711137599106,-40.014893818728616,-46.78058103888358
68.458819822369,-45.10532982566369,-42.27343500908493,-55.26147806453354
68.45881982236975,-32.775605514745095,0.7721304725986755,-45.819074083070255
68.45881982237023,-42.387605684041255,13.835360239118511,-53.4826486151934
68.4588198223698,-37.874706690346095,-46.25313384810077,-73.70039658275522
68.45881982237,-27.557557796353148,97.1823494536928,-44.15041804993035
68.4588198223696,-30.90344832609674,31.365916061243126,-43.67067640501049
68.45881982237007,-49.02359190540941,-38.88492115850541,-58.61806645414178
68.45881982237007,-57.6777293824691,11.380021657798478,-44.6511015446869
68.45881982237027,-48.05478473349901,111.85650022432854,-38.81585113381401
68.45881982236975,-47.11332759143762,-31.008296857140838,-47.56890919007466
68.45881982236912,-44.370044127883865,-52.520664016796715,-75.97535506699163
68.45881982236992,-51.25708146724372,48.53501689839086,-42.81934053078973
68.45881982237023,-38.78174724649991,63.26668538197331,-39.45145201848471
68.45881982236956,-49.722575599771844,379.87704477711253,-26.88235908667095
68.4588198223702,-38.170573216540824,659.4677274000934,-37.885932536883345
68.45881982237012,-40.852617888484154,35.44944869135276,-33.51709859739561
68.45881982236955,-46.86399897488418,101.80579359281059,-41.38094209749884
68.4588198223702,-41.02727156230729,43.390937557351016,-35.10855252953178
68.45881982236939,-43.995316655649944,6.927153229383287,-54.93900673320555
68.45881982236968,-45.414921692800526,-3.241026126162738,-67.67788207418289
68.45881982236995,-42.83468126041474,140.51942907943632,-35.390415781680076
68.4588198223699,-36.2434927417937,97.50011657975601,-66.12081421341243
68.45881982237063,-53.20969043698478,-31.249291316724236,-53.74280557660863
68.4588198223699,-49.64765488336902,193.63487184018808,-34.466962858861585
68.45881982237034,-55.08318963119678,-5.359041780173401,-52.05733853561263
68.45881982236988,-40.63190856850528,448.11604879535486,-29.596162814987025
68.45881982236952,-29.728086220420778,98.19847838455968,-37.85287151245471
68.45881982236929,-41.19819325221685,201.31458018063938,-35.32362566432209
68.45881982237015,-41.94035010404457,39.008384687884416,-42.2863925132973
68.45881982236963,-48.046052437099874,125.3140827168615,-41.471476494292745
68.45881982237026,-40.79662149780068,251.09828336027823,-40.51640319633152
68.45881982237026,-48.02493269842421,343.4684163624962,-27.474672819619162
68.4588198223702,-42.742747446926735,151.18712116556821,-33.50894053900632
68.458819822369,-61.59199646679742,482.5038754455029,-42.86919303023707
68.45881982237016,-32.212541139435814,38.04317808028481,-35.24042961200908
68.4588198223703,-41.11114301372469,701.5381406085295,-23.02090794053131
68.45881982236999,-32.52818616593554,26.519769794441615,-61.37215430279157
68.45881982236935,-42.83603269782261,13.210829569632931,-58.30842964138478
68.45881982236988,-54.10447792554417,-42.169151252183845,-66.71991248934684
68.45881982237019,-43.202531756725115,92.17363464599222,-31.691051868531638
68.45881982236979,-55.468316641012464,101.81124749538668,-32.17130764034146
68.45881982236929,-27.464897746159668,416.81282477106123,-23.146392886113652
68.45881982236996,-41.09653254109937,-34.63094409094205,-71.43627830138406
68.45881982236928,-45.06686194834072,196.10191439717383,-32.73156916504211
68.45881982237047,-36.66888220610968,7.117166961555732,-36.39636740201938
68.45881982236912,-31.97514753428997,19.087482250695544,-53.164715707854945
68.45881982236988,-41.76282062557512,26.95211013755823,-47.199467348773425
68.4588198223694,-37.08557831962409,104.01887973669442,-40.27686712858626
68.45881982236949,-61.371006673216314,387.74037880133807,-34.00876268996208
68.45881982237007,-38.27258366174293,-7.4133838486954655,-60.33854308452305
68.45881982236979,-31.67310050490404,39.980301566601305,-45.64996849611909
68.45881982236983,-43.09030326813933,167.68262766249183,-37.07993858015817
68.4588198223696,-53.28410588743855,372.3406130951177,-26.984101018798444
68.45881982237023,-58.88231323531088,-14.330021980813633,-43.661710881936685
68.45881982236995,-54.98011953369078,106.68207248946172,-24.80131595027033
68.45881982237007,-40.90177216724249,8.148057130408892,-56.52281212798589
68.45881982236979,-41.388293944035524,17.20795412870544,-38.53296324609804
68.4588198223703,-38.53771082951963,77.47516638588947,-36.690179190183784
68.45881982236986,-53.85933881161375,22.58407948398997,-50.379618023429096
68.45881982237003,-49.91454987908553,104.70381720238073,-50.32207322092211
68.45881982237042,-44.86926000054103,103.26489602471649,-37.48018661328996
68.45881982236935,-45.62825880071586,228.8892508641494,-28.943164659669396
68.45881982236999,-56.859309047783455,84.7048681439087,-50.21809797494436
68.45881982236976,-50.63852498742786,20.548359319677843,-42.052520574308396
68.45881982237027,-36.0675906700622,173.3729743642427,-28.834804236336986
68.45881982237006,-33.743617238435895,119.99217873983503,-32.25668433597219
68.4588198223696,-48.89739786349521,48.387314560813046,-59.03049085524754
68.45881982237012,-34.45468515439969,36.460751143877836,-47.310218886741154
68.45881982237003,-37.453283393981515,-12.953615940226914,-62.05970585762394
68.45881982236995,-46.23618625547516,232.34899577603065,-29.868850713399663
68.45881982237,-50.61713466376022,196.89083481958784,-45.85627233033491
68.45881982236965,-43.63853792829882,17.965080949082758,-68.51066717686531
68.45881982237057,-52.11085269586779,71.2721125240471,-37.3575555709079
68.45881982237015,-44.583728198665106,461.1618102832329,-43.333215113986014
68.45881982237003,-34.59984480483384,-27.832621620789546,-54.50101123426554
68.45881982236959,-45.409176131943596,201.1597910557618,-43.72652325605445
68.45881982237006,-39.72448584430134,-73.84152379802956,-85.71125411692148
68.45881982237026,-55.14279169197187,-23.229869009960723,-65.10646008237015
68.45881982236955,-36.62442773825572,314.3899658802283,-30.088396592431856
68.45881982236999,-51.892473925639116,161.40099511047325,-38.90631518424756
68.45881982237051,-40.40954696487788,-9.625583633998126,-53.45442090678914
68.45881982237039,-40.35421755576518,51.61084251294845,-64.15400129318087
68.45881982236983,-43.848782466151015,175.2028310203899,-46.73358357659407
68.45881982237003,-46.508880701005054,23.618005434869318,-44.30412759963799
68.45881982237026,-50.11059311863326,59.902797465030645,-30.24977037308234
68.45881982237023,-37.23581232872012,86.92935967898391,-43.45553868038458
68.4588198223703,-51.66504276687118,93.54251960485567,-51.344095687446575
68.45881982237006,-27.2228934467145,21.085489993633644,-38.47198259762315
68.45881982237023,-34.912690888536005,63.86412172529645,-58.798239693779685
68.45881982237067,-35.086437779213256,-22.482517054225003,-53.866576601560666
68.45881982236948,-60.124247892636376,260.5448975954085,-28.746869934483698
68.45881982236956,-37.32740165402404,32.67205174872336,-39.82760793587773
68.45881982236963,-32.068957214444815,6.513091433458573,-60.180272519147906
68.4588198223703,-43.854606476419065,364.15351440554974,-32.22697976270831
68.4588198223698,-40.58132618318753,118.1773705385043,-29.42709101756603
68.45881982237007,-30.4564598114776,93.1469662195666,-43.16857422077624
68.45881982236996,-44.22547647329411,59.65059261896315,-56.15617919407641
68.45881982237023,-38.73789964348131,24.332374632355336,-45.64323496458209
68.4588198223702,-43.60160068656324,-8.893597671515241,-56.60411492310359
68.45881982236959,-41.12939928158732,9.851867651530434,-54.712056491154605
68.45881982236948,-42.46027256239998,181.3941140760184,-43.45463466362741
68.45881982237047,-37.54227610729425,52.82401148364415,-37.70049301241757
68.4588198223698,-51.20192001961896,13.170577409463945,-50.87088478325662
68.45881982237057,-37.90482837074768,273.1570763940693,-35.096837561683216
68.45881982236965,-30.41737129346651,159.0773433404303,-40.45019856523226
68.4588198223699,-36.504726521839515,288.17296419260595,-30.024149942754065
68.45881982236999,-52.07204422162206,148.14175902421204,-49.440961306854845
68.45881982237032,-41.38901719396755,57.15224009247297,-52.908573927494885
68.45881982236975,-53.65227645222082,-56.24438897295977,-68.46915631049524
68.45881982236885,-37.05078132467269,92.55798053669557,-61.641631964238655
68.45881982236976,-33.217897659445896,344.432133487679,-35.11516855791995
68.4588198223702,-37.30872203892196,234.82428938123198,-32.51058895672166
68.45881982236959,-36.66787118185253,30.211580839404494,-56.34728552970593
68.45881982236976,-36.077922278754635,225.5585868835146,-43.387356853815675
68.45881982236959,-51.43983767340459,93.09373891606518,-36.688286095841185
68.45881982236972,-48.94931965565071,75.57676041769969,-36.60918043811405
68.4588198223692,-59.73647076731925,4.028050641845926,-48.93767383385368
68.45881982237034,-44.1152894390668,-19.193013414280603,-58.718225341312966
68.45881982237003,-33.119183751084904,-59.264336017492084,-62.90937365566073
68.45881982237105,-50.857120417591894,95.55639111632776,-37.60670744114164
68.4588198223698,-48.13890725641531,-22.904349066771335,-56.61608950335999
68.45881982237046,-36.024217344343626,183.92384433749115,-45.44252091662957
68.45881982236983,-50.92666355038432,199.94232059272443,-25.732470114721608
68.45881982236995,-32.19095325240778,334.9483268935392,-24.46985770331349
68.45881982236929,-42.473403259278186,183.84283992333894,-46.16416155774815
68.45881982237006,-42.868229671173765,103.40489414697385,-38.36028029907253
68.45881982236949,-44.49645697337154,-15.267739740438858,-60.39816328779508
68.45881982236992,-39.261349208678396,14.691191107913282,-39.13802486682522
68.45881982237016,-60.48349387241818,55.14444289275986,-32.851139463028964
68.45881982237003,-39.76288824685585,24.284877057822808,-38.86880950587409
68.4588198223696,-45.71411907096717,383.0273912521038,-27.292333394823586
68.45881982236976,-35.043906128131695,149.90171138966662,-31.667473947708167
68.45881982237027,-38.86278268535103,-44.320966212732834,-64.03441841367774
68.45881982237047,-39.58322741295676,186.49515578000796,-36.03123122786299
68.45881982237036,-39.32120912583768,337.00016163543535,-42.23365098239205
68.45881982236959,-50.39463816807934,127.83606798737495,-31.84713635233567
68.45881982236986,-31.17328452272504,25.028833057120316,-39.427083284562194
68.4588198223691,-35.73343212024448,10.938340928968792,-45.6579657430322
68.45881982237039,-38.95628864722887,-46.525812161184255,-77.11773300349718
68.45881982237051,-38.65956534264634,114.0286165314809,-42.13042766669596
68.45881982237007,-37.601017230663544,128.85640420334846,-47.83678747313156
68.45881982237015,-42.26372960584579,41.18720092352308,-47.702115626134315
68.45881982236915,-42.14826184958977,-51.2760875634556,-63.44118093337472
68.45881982236983,-43.25136198946362,222.4056294680255,-33.99197907514703
68.45881982237012,-36.22620596389869,228.7961764699399,-40.66490764171338
68.45881982237066,-52.031211537724296,95.55901355225454,-51.13908676799903
68.45881982236983,-48.68568110603706,-74.58899671862345,-79.96110154892197
68.45881982237,-30.55819445772945,106.9255374963999,-44.18994975705358
68.45881982236959,-36.023535059786894,110.98137813508977,-36.32706733178161
68.45881982237003,-43.592547747692755,20.221359956275386,-51.407564521231585
68.4588198223702,-39.87022342716357,248.44736059276264,-29.42529358016882
68.4588198223702,-47.25218698098007,-31.582082479276398,-52.07071073766083
68.45881982236979,-48.789071459386925,-42.25349083533712,-60.72400896026243
68.45881982236965,-30.558119891205326,76.645698278537,-27.787135315870202
68.45881982236976,-32.96859774129454,36.9754958240251,-47.81750256389865
68.45881982237032,-42.62064085696661,43.80848893393426,-40.464967998960745
68.45881982236956,-42.947069994033285,417.5583021344186,-38.647207376320594
68.45881982236995,-45.572736273538986,18.81692155124437,-46.09876754224319
68.45881982236936,-42.465949851286474,625.8622505891592,-22.637755277358718
68.45881982236995,-44.544108803744834,231.8348345969123,-49.27697751296586
68.45881982237063,-41.21138006310298,-25.867596774035395,-58.04965721267945
68.45881982237047,-38.95607023691837,132.94849813221612,-32.783691275603985
68.45881982236999,-40.029538203132454,79.55693321319042,-49.997563995058414
68.45881982237003,-37.56290576250937,23.84042452897286,-43.03134644009587
68.45881982236996,-56.291674580820924,66.19802431040927,-38.057969075336594
68.45881982237032,-46.31484074306454,-24.961342771561256,-47.07944726551499
68.45881982236975,-41.39731773782373,92.38075665956369,-35.37775514388342
68.45881982237016,-55.023907230712396,158.54091041077768,-34.05786573854398
68.45881982237034,-35.02299810831282,212.18310629145182,-31.087237885865814
68.45881982236988,-50.341821411363185,151.2436120979754,-46.555912230948394
68.45881982237042,-45.30772221075707,97.0865486600014,-32.09261268816339
68.45881982236963,-32.740362270091694,-6.652664742909109,-40.895983611447775
68.4588198223701,-41.715506960447,110.75077427784423,-42.67267283187726
68.45881982236996,-42.78408518431366,15.95850130151517,-51.19153522340667
68.45881982237006,-44.43599475523443,457.1402714720866,-33.15109680979204
68.45881982236979,-34.70842418037206,166.42704805185872,-32.08198602320026
68.4588198223701,-34.97108383349732,97.57732112980267,-37.445976434070374
68.45881982236983,-41.65256859433079,329.4242316051638,-35.76324024468245
68.45881982236988,-37.83653215820385,11.141124322269146,-58.05458731902276
68.45881982236995,-43.962564811584315,33.66212089572931,-49.52112511799404
68.4588198223698,-52.370000645179424,174.95436286801018,-34.0077748789418
68.45881982236948,-45.79696871076998,49.63158399349332,-40.340912699586596
68.45881982237,-39.43361879339744,70.73307094978216,-35.175175121713856
68.45881982236988,-42.7623591124936,164.27847967378347,-45.993016088268114
68.45881982237046,-39.3860883074134,165.62147205539236,-36.28539299987157
68.45881982236936,-45.94445735168554,60.36063468620871,-46.9069620300215
68.45881982237026,-39.12012677178558,112.27221871834354,-29.521299451490137
68.45881982236972,-45.73054823869589,170.998289885543,-34.92118466941958
68.45881982237012,-38.35307457519431,-32.696356359809066,-69.28866121977502
68.45881982237006,-62.32739532939067,90.25669584759002,-33.22266724041264
68.45881982236972,-33.511574832475056,-45.6971059394663,-59.388339367626465
68.45881982237043,-47.66581812051079,-12.765002966886307,-50.515488666362415
68.4588198223692,-51.31494711703433,197.953139800408,-49.6541452599245
68.45881982236956,-51.44350109768754,33.6234295989936,-41.217673591834256
68.45881982236986,-40.518636585737255,171.74881138321183,-54.14051081398304
68.4588198223703,-41.52635723417648,122.28673814440043,-34.29071059732682
68.45881982236939,-41.3287862795356,57.74076664252572,-42.30734061710814
68.45881982236956,-41.43634399236944,60.50012933833533,-40.88040779095275
68.45881982237039,-35.87335326758219,-11.807726697697285,-56.10544444528549
68.45881982236983,-45.46755921897157,192.5818507134536,-48.48593363626568
68.4588198223697,-36.222840840625516,231.48446234340955,-32.99769564463377
68.45881982236968,-36.97288310107759,85.16394916869609,-36.44361697219767
68.45881982236945,-41.5082895351531,22.13608412324868,-47.397829553713066
68.45881982236959,-36.17849354198713,105.60593465706303,-54.20702975110555
68.45881982237094,-48.746496160442355,51.29706317296072,-31.10014740401825
68.45881982237047,-43.28641347623219,350.3865772777017,-33.66091705767236
68.45881982236955,-33.575293008900985,-27.98828750791894,-47.448351803082
68.4588198223701,-41.05000408238797,67.37712818732537,-36.903776351378326
68.45881982236956,-50.730265190162804,553.7442774256743,-29.50268832336387
68.45881982237015,-37.68892536198181,187.65307281824198,-34.33747932168899
68.45881982237063,-40.167768229240764,89.13109290155748,-35.69330831936179
68.45881982237042,-46.27933668864412,519.619664452046,-28.85974272872448
68.45881982236999,-30.607283489202707,111.3563240699201,-34.27535786865295
68.4588198223696,-41.901895327216195,17.423936776990967,-47.134892868393976
68.45881982236925,-39.14096360456627,153.05023414700835,-43.40495381391138
68.45881982236976,-45.492822175970474,0.35065127771489735,-63.93212272707696
68.45881982237015,-38.46585869753142,-10.100781093999245,-61.707919876649676
68.45881982236992,-52.494608049951786,314.9792779121787,-27.206864070531424
68.45881982236956,-44.55003364408148,-27.112631952147492,-43.844904554748396
68.45881982237027,-36.24226816573095,133.8343122318574,-44.45420789400514
68.45881982236996,-72.74667082072224,-7.891266799667839,-48.39736436787469
68.45881982236983,-30.71338914574191,48.87101796638882,-34.26050021038959
68.45881982237027,-58.46055643978983,-61.90056354958353,-67.80416428223256
68.45881982236983,-60.97521199792039,21.06319608021241,-42.43790104499673
68.45881982237015,-33.619188727869876,63.89649667732804,-42.908755268835776
68.45881982237016,-37.743743920215714,149.62779991416247,-48.04675045425583
68.45881982236952,-45.86975991527784,240.3645259615147,-31.135263749184226
68.45881982236943,-40.94213100735187,92.12399902736273,-42.066006276358706
68.45881982236975,-43.792009753939645,2.4484709235201185,-45.00710010459487
68.4588198223696,-35.924871252798354,-67.63255819632977,-73.88153614678153
68.45881982236959,-41.559922319907805,23.469000027205844,-47.67893376859643
68.45881982237027,-34.11032146798733,73.8164523992904,-38.69772983082977
68.4588198223705,-32.76975026891662,160.7837070411689,-43.96633777843437
68.45881982236945,-33.277327661279465,46.34177295084574,-44.972416263222904
68.45881982237034,-32.73138810529158,-31.56137250418447,-53.766639707523645
68.45881982237061,-42.33032747885021,-22.042648631698448,-46.80377867777956
68.45881982236988,-41.5640810675477,34.58887148617838,-69.99171140015044
68.4588198223698,-44.1741146197707,66.19542765735413,-39.03057861320997
68.45881982236935,-38.720610522402154,32.02107079979824,-43.31025758566164
68.45881982236959,-36.19235930434185,104.91660237963943,-29.369363782928172
68.45881982236912,-48.8211908096558,-2.0922398545782483,-53.9407297078105
68.45881982237036,-45.70529430462216,-14.352560800059667,-57.133072843920765
68.4588198223692,-33.4747272614901,95.87607081068883,-34.04541072926831
68.45881982237003,-41.338982983600445,-10.50883626314465,-47.5136224050417
68.45881982237032,-40.41827341681533,45.79043468506856,-38.28413156660285
68.4588198223703,-41.22003307276122,24.649299260474187,-38.42197824363104
68.45881982236983,-56.07591097831324,64.14943122451714,-55.611499874339444
68.45881982237,-35.401215428772446,166.6003720892392,-35.63227120020592
68.45881982236952,-43.61062081827266,119.80756581552386,-36.134475080786096
68.4588198223702,-60.38960327475611,3.5310524965545653,-53.05277171188647
68.45881982236952,-43.718739536199024,-46.00574258565586,-63.285697107110984
68.45881982236945,-38.67720906980904,21.10277990049636,-49.62124118112985
68.45881982236915,-39.580561979177084,199.50523134378574,-41.73512135339605
68.45881982237003,-53.71975478592317,27.29858921006274,-66.82136157300876
68.45881982236992,-40.95042060259901,622.5691778145734,-20.477573348606025
68.4588198223701,-40.03960859946297,167.7742809469622,-34.976026261809565
68.45881982236932,-46.214983156016245,-6.01910788236043,-52.02850375612579
68.45881982236955,-44.35613916176449,34.30772400022259,-46.487930623382645
68.4588198223699,-47.886139704381534,-19.906047463590316,-61.65996434568037
68.45881982237,-51.57425467128832,46.96408356945392,-49.1232976981089
68.45881982236976,-39.04023440429116,111.85748302409677,-56.459824303245895
68.45881982237023,-48.045935218297465,150.03851081356055,-43.6354169346198
68.45881982236986,-43.076919491508235,92.86763062393986,-37.157566387026854
68.45881982236976,-37.88757926391866,-78.110558980782,-81.26795922740226
68.45881982236979,-39.97279790964762,88.49597674878504,-34.01764742915802
68.45881982237057,-43.29841146041878,-28.90256862374101,-56.206995135081826
68.45881982236921,-34.082772641111006,36.97616329795588,-39.72037113593247
68.45881982236999,-42.772522116931256,113.64349516276646,-47.921511790700855
68.4588198223696,-43.444003195067815,131.73091119800122,-48.129611887493354
68.45881982236999,-31.332157315710564,267.38942023723837,-35.821425437320244
68.45881982236972,-50.63198930048492,191.90682914371476,-39.00003457944757
68.45881982236988,-33.92223484626451,331.2885750386217,-29.399875963943778
68.45881982236992,-34.34739186205677,38.80504777837839,-44.3200235135418
68.4588198223696,-52.71379594200285,54.03066231259961,-40.9466868380524
68.45881982237003,-49.757287588850794,222.22722143379886,-28.145470286689257
68.45881982236983,-44.61629816338951,137.47493815315445,-36.76951378491917
68.45881982236935,-57.77417513942338,133.62745173361458,-34.36724447423939
68.45881982237026,-33.839854072797436,30.970688152622316,-34.71813266999311
68.45881982236995,-44.9518739513289,213.21967344256674,-47.23790813475721
68.45881982236924,-31.140282982450383,205.89142485545148,-30.110552000792346
68.45881982236894,-34.817429786719245,-59.15751514146845,-62.519660954158326
68.45881982236932,-30.455186013248014,136.0451749097331,-46.257672825589516
68.45881982237016,-44.73398353016327,-18.1305177057132,-52.28688087166429
68.45881982236983,-42.46154621209547,126.97536960498623,-49.95384323744831
68.45881982236995,-35.01955306561887,-40.503692053960904,-54.38710499292363
68.4588198223702,-39.29275310683127,83.02095761950319,-61.12695752382237
68.4588198223699,-50.329617519364625,64.98859976205529,-40.39570817005603
68.4588198223697,-45.37579050551517,40.25344325340274,-51.936724012638244
68.45881982237012,-46.26506576242302,33.17742224260325,-62.165046407180014
68.45881982236959,-48.89843854937984,249.78397390845245,-51.699313546940104
68.4588198223698,-41.423852302139316,-4.744908286748039,-69.53118675532161
68.4588198223699,-43.49928896961256,53.02515105918939,-42.85930699586653
68.4588198223701,-46.34241083603423,-11.72402988957375,-51.571690287846494
68.4588198223694,-65.46516004359539,719.944078978056,-25.92644492706392
68.45881982237032,-52.53131041821801,13.235198492278432,-43.483793006651524
68.45881982236956,-44.623762262263945,-24.52889499542884,-62.53103222293066
68.45881982236996,-39.51936629771781,46.26894258442391,-40.11686501795757
68.45881982236948,-41.166138085346546,91.4217267179528,-56.29105769629241
68.45881982237039,-52.9436948889906,169.3779354493667,-37.565694293655504
68.45881982237032,-37.35957003659334,109.18925575364837,-48.15950322308643
68.45881982237054,-45.102842587538646,24.767349780000238,-46.007879034822594
68.45881982236897,-29.23210551336083,16.431049903707162,-39.25603173199737
68.45881982237027,-46.16703002060615,86.51703209690483,-35.69965072477053
68.4588198223698,-37.367666509074674,35.857500660997,-45.51484338477154
68.45881982237042,-40.095355143837075,256.70245516000983,-42.82555440173166
68.45881982236959,-53.63657907569912,-25.768686493387317,-56.59750452426427
68.45881982237054,-46.97110030478579,79.900269254579,-55.55171588671237
68.45881982237016,-46.65505550447193,726.4520394034113,-28.619202063376303
68.45881982236952,-34.25242495034677,85.50656700617607,-51.04584391497151
68.45881982236912,-47.80183491482738,-24.55690430173393,-53.529643602847365
68.45881982237026,-49.149514810841,24.43420339040605,-48.69832740190589
68.45881982236865,-46.056383287358884,161.71843619084942,-53.74964047587392
68.45881982237043,-42.692807413081745,-0.08760457587866366,-53.9937633584013
68.45881982236996,-49.50814130770206,-13.59797857235019,-37.403034657991284
68.4588198223707,-60.55231703434447,322.2129722001164,-29.251367529987583
68.45881982237036,-53.23288390891867,8.635181500955124,-49.817343936931834
68.45881982236955,-43.46619529648391,141.27893928041706,-45.2117306123897
68.4588198223694,-39.5427108329061,-16.990013020997242,-38.73999838037735
68.45881982236992,-56.63598056936263,13.872524166242473,-41.1254318429324
68.45881982236992,-50.179504956784726,-1.8261173266806874,-52.934190815719795
68.45881982236959,-45.55020470258856,95.3030755916484,-38.32683604407684
68.4588198223709,-34.31742149822817,157.748521896648,-29.317035762074006
68.45881982237006,-30.71144687630789,41.48731075636414,-57.82459641270219
68.45881982236948,-43.58660224184049,-26.468338782401602,-64.02652852997981
68.4588198223697,-46.65099893346787,57.153955745343765,-40.723847311794515
68.45881982237003,-46.36961151764206,-70.79707161268043,-78.81282272418045
68.45881982237016,-52.26706217728496,93.15954651952035,-43.69995064538741
68.4588198223696,-41.325470901969275,-69.77577360376601,-73.42747460620218
68.45881982237026,-41.57173572806999,66.23568462056664,-45.106136660652474
68.45881982236901,-43.369642542040324,32.43073970638262,-38.273590210511486
68.45881982236988,-43.99614714592811,163.7018863923846,-31.105699565408862
68.45881982236928,-38.26744814539686,-37.21855410365122,-62.80614489833418
68.45881982236959,-49.52666179610743,-17.777891711942072,-63.84189821812909
68.45881982236968,-43.53568459493216,78.34639474461123,-34.54400685299144
68.45881982237003,-47.42721225919346,4.470851236716822,-49.98562111937967
68.45881982236995,-50.83571016158048,254.73912458961902,-36.50524836942674
68.45881982236999,-47.107389205494634,79.42994684486604,-37.62496452559816
68.45881982237016,-35.53822677312325,-75.19058297444845,-85.14685019837806
68.45881982236986,-35.69939630587123,257.946510266383,-34.28300583710593
68.4588198223694,-33.263045309370796,143.28073941586555,-46.60348196742514
68.45881982237012,-36.96350333848435,5.356129088505068,-48.87187854917383
68.45881982236965,-39.173765443047095,156.35829958332033,-42.84658406008754
68.4588198223698,-33.55836744995343,268.60335706700994,-41.69026516257072
68.45881982237054,-49.88293188807131,18.30274011444304,-64.27282789616066
68.45881982237061,-39.82101985775287,278.7246597065757,-38.5639008297201
68.45881982236952,-58.193788786690284,29.71726389554261,-48.23279183615535
68.45881982237067,-40.03954614253254,357.9219446983994,-29.21106373587672
68.45881982236968,-47.53038560416159,224.58164785863582,-45.593240668697824
68.45881982236988,-33.8511613924926,196.5751754418552,-30.043722973342867
68.45881982237046,-40.58154993210004,105.2970103462477,-46.546271039082896
68.4588198223697,-41.199842390484484,162.63892488330418,-34.92989167013898
68.45881982236999,-36.22724735884268,31.832250784971382,-48.9874151320019
68.45881982236972,-51.39511067924004,332.8569326809566,-39.941047514405206
68.45881982237006,-46.6000751500881,47.70983626878458,-28.094713235520274
68.45881982237026,-60.511565986794565,31.048930119609075,-48.789569578269706
68.45881982236992,-32.08815782296737,122.3112961268769,-35.88295753912093
68.45881982237019,-35.6154950719087,249.54147396687318,-36.74413878048839
68.45881982237039,-54.93363819962887,331.55629766285364,-32.874019385744226
68.45881982237007,-33.87937341960049,-46.52216481801423,-70.04748465843339
68.45881982237157,-41.36150968731326,-48.55377570761708,-56.13825698011613
68.4588198223696,-44.82568167748822,-13.87258999985389,-42.987768589950484
68.4588198223698,-48.45540822079097,-32.42524657956266,-61.7125632666889
68.45881982236932,-46.93045318739524,105.44378541073031,-39.09739975303813
68.45881982236948,-70.1226918905393,366.8806523656136,-40.82354838701151
68.4588198223694,-34.8950734988556,18.94846920362989,-41.68385872342741
68.45881982237032,-49.11319082758,154.6225416633419,-30.956659517803864
68.4588198223703,-35.78496118165276,17.777528789442943,-45.045105633565264
68.45881982236963,-44.946606562492065,-10.386500867227177,-57.23138395668441
68.45881982236972,-56.97055644814626,93.53206270111569,-53.39936608048157
68.45881982236948,-39.61762574432755,229.76572423445174,-43.30982451413195
68.45881982237046,-36.11307910278807,373.36148093366256,-42.81780581721406
68.45881982237061,-50.569071145449215,54.55181819056965,-34.619160392703755
68.4588198223701,-31.741086465805356,138.5084223746538,-33.706457891038255
68.45881982236963,-50.31578564393925,-72.80425111910704,-78.9321809181919
68.45881982237019,-42.91206774439307,-30.7782217520558,-52.93787274668684
68.45881982236986,-38.662075975093856,160.1279278070488,-36.7844557956695
68.45881982237081,-43.79228221732353,11.428408541171265,-52.427330009764475
68.45881982237032,-35.63257215504019,-34.792133056405184,-63.190663527820654
68.45881982236952,-40.56906279219985,48.02991957334817,-25.788922704845476
68.45881982237003,-40.62269783717869,137.00411177479418,-22.44610952547893
68.4588198223697,-36.95475344775495,102.71085810970683,-34.5234315879538
68.4588198223692,-38.895708241844076,-40.733197226794026,-57.617208622911754
68.45881982236968,-44.97673926842587,77.46693528611239,-53.534797249253295
68.45881982236936,-29.473607514278655,14.529360905244904,-46.49900659172906
68.45881982236976,-34.912055957256236,284.82763757210233,-38.08943328110209
68.45881982236956,-41.303108189337514,473.8431367376623,-28.76300467801116
68.4588198223691,-34.825736803447086,219.92225342668274,-29.18825324426909
68.45881982237032,-43.46007350274221,-10.88726663114622,-55.54936383278357
68.45881982236929,-40.35599158002452,-8.585412918101342,-55.76548528923577
68.45881982237036,-41.040755930145934,180.72882425153293,-26.19951482605549
68.4588198223705,-44.26894056331021,154.9913143725548,-29.574753405707387
68.45881982237034,-46.501011274910454,45.78000957772916,-49.41343151586379
68.45881982236939,-53.14707521370081,14.123634508930172,-53.41181156597025
68.45881982237057,-40.586144778573065,-72.99301682278205,-74.86813225780327
68.45881982237047,-50.43379531243362,241.68328866029262,-35.86367506454767
68.45881982236996,-34.86636680072035,-31.039260340080187,-48.249836436166404
68.45881982236988,-49.450656580061455,11.122318782482377,-38.33477024024769
68.45881982237026,-44.36171426736141,-15.281844344789796,-55.81585853566702
68.45881982236972,-32.765170239039655,-53.733799629933706,-63.850297935463075
68.45881982236979,-54.858662033702,61.656125360005646,-31.246816687902278
68.45881982236939,-49.808608109102515,40.56834193542824,-39.435238158732545
68.45881982237,-33.018022346452426,32.12809149415688,-55.96187069105556
68.45881982237057,-35.01142136737864,161.41171386946485,-43.306412372948536
68.45881982236988,-35.33831149132568,262.5110516529369,-31.87374531704974
68.45881982236939,-61.33845785068661,143.9090973295366,-55.30610997377836
68.45881982236999,-38.10929670054824,77.50461960982693,-33.023800602164854
68.45881982236999,-42.94550986875579,6.5534639389525084,-60.46805719470258
68.45881982236935,-45.32706208372077,126.76539509582736,-33.24548049788842
68.4588198223696,-34.12108228381731,278.69731605439557,-28.488461408721598
68.45881982237032,-36.121264331788595,122.13556243163306,-38.835230995974
68.4588198223698,-33.46834142628592,123.28443646479647,-38.68892571851733
68.4588198223699,-41.63028993451153,-26.90117230294081,-55.31927996879232
68.45881982237039,-38.23356006934716,-4.786942453690324,-61.97286201655909
68.45881982236936,-39.195625467800255,14.574460796205436,-47.77092862816876
68.45881982236975,-57.40319888967149,87.77566738999403,-39.45713257839246
68.4588198223703,-42.65278141722636,213.67428188599345,-46.17854764175863
68.45881982236976,-48.60517359592802,143.2870870859607,-31.001480855926633
68.45881982236986,-44.862283227655,46.79932701679015,-34.627790854591424
68.4588198223692,-37.311510762633496,136.50191471964933,-43.82694225408027
68.458819822369,-42.561852441158244,120.42223024478136,-41.55294165640794
68.45881982236995,-38.40176383238878,33.69722529039652,-56.42566167955514
68.45881982237023,-38.340708899444245,57.18962665683176,-44.08161047735051
68.45881982236949,-57.000581747349585,-19.020831408113537,-62.46749942415519
68.45881982237003,-63.67823693130043,-41.79270434846926,-57.294432083222844
68.4588198223697,-42.41082246419128,39.73620780079714,-41.53071821432359
68.45881982237026,-45.269397838847084,-21.466509458379456,-46.57064275176215
68.45881982237003,-25.26119934840001,-20.007677969672777,-61.5616950563458
68.45881982236999,-46.052652603552716,-17.196208063731344,-53.36630304941489
68.45881982237039,-53.388677416222464,105.93512126202471,-48.84001000852363
68.45881982237034,-47.73513015058041,148.1461861893128,-37.79778943021657
68.45881982236963,-49.31667931114036,288.79253084000163,-32.9190059613957
68.45881982236992,-39.4167432300771,24.91104369991428,-66.04395274169144
68.45881982237003,-39.52783163837672,48.63569579959011,-34.460413287341716
68.45881982237087,-47.96772553853431,743.885378319919,-50.484690124979224
68.4588198223697,-36.632928330670026,-14.320598289413066,-59.434724409950505
68.45881982236968,-47.68378628470581,44.60264796995388,-35.82005586757757
68.45881982237066,-36.25399275986203,484.7242151416492,-42.025034661723694
68.45881982236988,-42.28106193480031,-6.958021689462813,-48.47435369649493
68.45881982236968,-53.245464290630686,-3.4684449726792854,-53.30118077390868
68.45881982236999,-52.50535670765119,-27.2213729755157,-56.99106588494474
68.45881982236908,-29.683806130248726,79.41217003308464,-38.141354465158585
68.45881982237019,-39.17538560721321,112.83180776246016,-39.58220496966679
68.4588198223699,-36.68778451191776,261.57860113758915,-27.585668473443135
68.45881982236972,-44.544271251627976,382.0827351206657,-30.22333796142105
68.4588198223697,-34.19149671833023,276.5208232349522,-43.01007014050564
68.45881982236948,-31.020614433729477,234.80087592360402,-28.31392349719447
68.45881982237051,-35.8373459882809,47.83458991134963,-44.289512579334186
68.45881982237027,-43.74947889568004,43.42387733295852,-31.31890295015458
68.4588198223698,-32.50333012112503,42.99982434564376,-41.79591984424944
68.45881982236949,-48.86738083437269,70.7831344330565,-40.60426489247089
68.45881982237026,-35.659473783779084,454.6894818384784,-30.3058471605402
68.45881982237034,-40.32252187528423,362.4547384966579,-45.38306260123798
68.45881982236988,-43.691837004990795,180.14980193050852,-42.32921966769757
68.45881982236995,-42.35935371486885,-34.16937508045298,-51.60343170998323
68.45881982237071,-40.23561503894171,30.197113275951224,-46.026666699457955
68.45881982236975,-37.766958132004845,5.81479728026435,-49.04314716461725
68.45881982237019,-52.01447642236688,325.88120003140045,-27.904005417034373
68.45881982237012,-47.37048404586628,79.56931072312497,-34.007947618344346
68.45881982236995,-50.28426691716401,49.98294644027679,-66.14855670606066
68.45881982237032,-42.50778627726669,35.203405124344876,-60.7907999824486
68.4588198223699,-41.06074685741768,391.4289228081426,-25.837883343932976
68.45881982236986,-52.105900468437014,-60.0126776765246,-68.88510007711429
68.45881982236975,-39.78237864535132,-16.983053692492366,-59.4448250701181
68.45881982237087,-44.890238637741845,75.92552947188142,-31.147460792332883
68.4588198223702,-32.714696239665265,50.28248155881485,-44.666097348373945
68.45881982236963,-49.71102216129876,128.3419204855087,-38.64975438551349
68.4588198223701,-49.237191567497796,43.97035447949202,-49.283633959930526
68.45881982237019,-35.48935807286242,15.21312519668001,-50.49780459668892
68.45881982236955,-36.726342900762496,141.24155198583105,-43.92333273176776
68.45881982236963,-50.57993326103206,158.60953085730264,-50.77950387766538
68.45881982236943,-37.63614509534141,545.8987275631482,-25.435486663148886
68.45881982237039,-48.11433051967566,44.93336275485276,-49.58866917063669
68.45881982237027,-48.49001734386994,95.26593983967156,-36.61608993611073
68.45881982237051,-34.68517392229311,66.71421152246779,-52.44913690340199
68.45881982237034,-39.39050708700152,73.2530520523755,-42.0478675854587
68.45881982236988,-36.11499918453078,43.17372770650163,-51.771570840209115
68.45881982236948,-36.414431114135816,239.1131275942247,-37.2520581490966
68.45881982237012,-35.49954867055703,58.71413944894029,-48.33239785668964
68.45881982237026,-40.74876683883147,151.39053443633063,-36.727313601532586
68.45881982236935,-36.560598751130904,2.8332711349195128,-45.9703252654895
68.45881982236968,-51.200632773076926,219.21972433706532,-31.1834713374325
68.45881982237006,-30.905502762033464,166.820641114289,-26.98227980026131
68.45881982237036,-41.351690312092614,109.51133499375416,-47.239614824333806
68.45881982236948,-35.6233869149714,-23.53714749381085,-49.51595075776349
68.45881982237012,-36.39383830771582,292.1818837864811,-32.79682065429713
68.45881982236932,-41.116921978302216,126.98378903032528,-28.497269247516876
68.45881982237036,-35.39581210824393,58.81689936800167,-29.527910312980854
68.45881982237016,-50.28119622195467,196.27658807495916,-36.05536989061441
68.45881982237063,-38.24944781634551,129.58106537379078,-46.89658225686366
68.45881982236963,-28.993720639323207,152.54167851079484,-59.19920605298125
68.45881982237016,-39.972133673203544,815.1286376421299,-23.82469181741149
68.45881982237003,-62.97423150312147,46.899945769246784,-43.137173953315134
68.45881982236996,-38.613421121922705,10.597276283030045,-42.49753504577384
68.45881982236996,-39.94674731287156,97.5158539596835,-42.651597727084635
68.45881982236976,-45.954591336674454,16.051733423721394,-43.8495026155107
68.4588198223701,-32.587813191605754,300.03361142957255,-31.42921595376936
68.45881982237032,-29.028233342386578,207.9814459510387,-45.642840613728865
68.45881982236936,-44.01410758448948,125.21017353324044,-55.22485668674661
68.45881982236965,-36.42141060851461,386.11140871600264,-26.7916920845663
68.45881982237006,-47.40628559512186,114.33180011653094,-35.95596569231151
68.45881982236965,-40.656385911024216,115.88834186108703,-45.467491835552124
68.45881982236992,-51.210889926810644,31.729666561207303,-56.805394053797954
68.45881982236928,-38.03928609937321,60.11990778488414,-38.71591702679791
68.4588198223696,-39.509899875292106,-52.94316290125494,-69.48253244139566
68.4588198223699,-34.242847704842504,299.937120779887,-38.12293801886617
68.45881982237067,-51.11847265702143,65.5137175691626,-39.529960799415
68.45881982237097,-49.65193371548096,50.96105207139119,-39.11903198688987
68.45881982236932,-43.06194537725907,6.108590378007772,-55.09316861615052
68.45881982236976,-45.88154479395825,233.57178337696755,-39.6874391534711
68.45881982236975,-39.32239087035727,19.30112810349589,-52.29815829430902
68.45881982236935,-30.110091927854775,156.42177976473164,-37.5284516550096
68.45881982236955,-31.40499297578919,-8.421164236501477,-46.352524207327725
68.45881982236925,-54.52274217384709,125.68951367258,-39.75446701643297
68.45881982236995,-34.95170373824129,18.472381512204294,-52.680115414174544
68.45881982236992,-49.24825358574345,78.67563683903944,-42.08725130316775
68.45881982236975,-42.68208400177894,-9.627913686684742,-60.94097767116998
68.45881982236959,-54.9949057670581,-11.930270435424116,-58.91070632611017
68.4588198223701,-50.035591660259726,116.10941976253359,-32.76267909871964
68.4588198223699,-40.508707021626336,111.94551409442096,-35.378812480498034
68.45881982236975,-39.11823138580771,-48.11794667155278,-70.68587258025782
68.4588198223692,-43.6127920012798,378.1127536651744,-28.185092649783293
68.45881982236988,-57.15383434015911,-54.514577495312786,-69.21473695181186
68.45881982237042,-30.245457619119065,251.4280297604743,-27.49143800293503
68.45881982237023,-36.36174811896065,20.73795789749284,-50.69135997168968
68.45881982236952,-53.99750454456698,-13.217020606274843,-62.667549137897204
68.45881982237012,-42.752075903383236,61.39503458308588,-44.138923587188714
68.4588198223702,-54.289212626755955,181.97250689296118,-26.395520054991817
68.45881982236988,-52.195209885252126,149.50454724864156,-36.36291722978488
68.45881982236949,-40.000149362459545,152.60555535567747,-30.8603294903656
68.45881982236963,-48.98052675108294,-0.5329592863376753,-62.15679881088323
68.45881982236976,-50.27798517223946,103.1998098116547,-47.163304816083965
68.45881982237016,-48.179361534737275,40.07042872961615,-35.67073796410792
68.4588198223698,-46.47766694899499,116.66765071670349,-35.48221881106065
68.45881982236972,-47.2857013953719,1.9317973894267482,-71.93461566126194
68.45881982236983,-47.26816977326269,84.1473329203633,-29.784080451461172
68.45881982237015,-36.695409958772395,40.262632913498564,-46.54902426948545
68.45881982237023,-48.09137469041854,36.90248424760591,-48.762919563448015
68.45881982237054,-43.61133478265704,151.14302438037228,-53.2088500373048
68.45881982236988,-56.90504746430396,15.761733899290341,-44.62455011231094
68.45881982237019,-43.15953049978374,109.97228881205201,-38.14309012694328
68.45881982237054,-39.31608940133082,80.44930601885589,-32.12057731769751
68.45881982236988,-40.295608530868506,-11.402465916957583,-58.73212428351891
68.45881982236943,-38.38593293679956,81.11253111335044,-42.761710759805226
68.45881982236949,-42.86897377251869,-28.56244396754015,-57.5192911325475
68.45881982236975,-36.81847038455381,63.167334785270455,-40.710242410676756
68.45881982237034,-41.85898565422658,106.80795771118525,-30.972830405602537
68.45881982237039,-60.43662175660876,122.08729350768462,-38.25412486703018
68.4588198223699,-48.1344792443082,107.51827296031968,-46.30186571018101
68.4588198223697,-46.12872478225045,121.5805967594899,-47.07148717939761
68.4588198223699,-41.93054818739401,109.18881698072181,-31.770877414020504
68.45881982237026,-26.8854370605617,292.028355404916,-27.26516825928229
68.45881982236949,-42.011272558348026,120.2421537124172,-39.74852325366862
68.45881982236945,-39.2562492410406,455.14864975912485,-43.32569969059583
68.45881982237023,-44.67532411144326,89.79819849405013,-40.60277284032623
68.45881982237012,-33.21643500086105,62.42952231656878,-54.09988595790285
68.4588198223699,-37.1122647884118,85.20760689624021,-40.07208210349308
68.45881982236943,-54.602883012673374,26.927341417495754,-41.20896107193528
68.45881982237012,-43.03052516015824,39.2667547329989,-42.77534886395379
68.45881982236929,-39.99421155890228,258.50704496719686,-36.52884835564952
68.45881982237051,-39.534811197524256,294.3442588213558,-25.70812400208695
68.45881982236959,-41.110772600314306,9.64628331053039,-47.838664042701474
68.4588198223701,-56.03242906028698,226.7041674236333,-29.05663258959229
68.45881982236929,-37.71586013105731,208.96178009593976,-46.52920768725938
68.45881982237016,-34.354401163731374,-37.8731328059612,-60.573749150076104
68.45881982236939,-41.520004612432615,33.24380471175885,-48.48786406726923
68.45881982236949,-48.717546926155165,-39.288893623374186,-60.96526999727626
68.45881982236996,-57.445494340709736,225.91103685510907,-38.27215955049629
68.4588198223694,-52.460480075767535,97.29354096169168,-32.56047623982682
68.45881982237006,-42.49369343096109,64.78391537080772,-51.015617683294764
68.45881982237103,-31.4978182409654,2.078422937981861,-56.58112752050663
68.45881982236976,-39.99317153829443,316.0850425377932,-24.74763911398574
68.4588198223701,-40.754502615079545,275.4807377504358,-38.81473439530594
68.45881982236975,-50.63328725989811,52.79024618883659,-40.90462251474932
68.45881982237103,-46.44082858796439,345.74603184504326,-40.607580641430076
68.45881982237012,-42.91065985239217,63.89009121842491,-43.167534722793334
68.45881982236968,-40.061761233111305,10.95132692795806,-51.920035593429446
68.45881982236955,-46.19952009203041,101.97071541600221,-41.91530749103831
68.45881982236995,-35.96502042690766,50.112827107529576,-38.6472703880858
68.45881982237042,-61.290928410165705,577.6272063873532,-27.769549988398357
68.45881982237051,-51.15370394130798,-15.945665048921786,-57.00569964858697
68.45881982237003,-42.53268597530605,46.06562915186916,-52.02770926115606
68.45881982236956,-45.52098707718153,-33.95646571227326,-60.73298320690503
68.45881982236921,-34.3735334341027,18.477801014468433,-47.38986062655596
68.45881982237,-48.0834295505211,88.67254851516407,-43.49912258518349
68.4588198223705,-42.84113094547204,50.80712741203146,-56.1185110744998
68.4588198223692,-49.47030225734959,423.1090843983815,-30.07977836827953
68.45881982237019,-47.639961551580676,263.2437912711393,-28.164911361043863
68.45881982237027,-43.76784837326391,42.8476177363241,-38.97196407036423
68.45881982237026,-43.03446321787757,44.329666428825654,-51.483968575483274
68.45881982237071,-43.403553493527816,488.66355934769643,-44.924225661209796
68.45881982236952,-52.91810472744181,33.98517123212401,-41.26039570755078
68.45881982236986,-39.89426331586415,117.20006250355088,-48.194915684110974
68.45881982237,-47.047995378667395,-47.57832901863894,-79.00342787579089
68.45881982237012,-45.226796694753055,160.26096793769406,-35.6663810442741
68.45881982236965,-61.9634838657667,0.5986037071542993,-41.67168780157139
68.45881982236979,-41.32488959589126,19.498870316545826,-49.27777758476227
68.45881982236983,-43.58931567910565,55.27665394500978,-37.504476814678235
68.45881982236963,-47.17839854768074,176.18899680556527,-40.01018996560535
68.45881982236983,-37.26165262348465,243.83867776506742,-42.93583728866973
68.45881982236921,-55.53162961144977,-15.703183618460637,-49.64307954729207
68.4588198223701,-38.1303596852838,-38.92940732264063,-62.39099167280027
68.45881982237003,-39.16532260678196,-24.275505386325147,-50.98646664944015
68.45881982237016,-33.20834418612204,143.22530293831832,-36.223638851402015
68.45881982236956,-42.13550407256431,-9.74155781291074,-52.75137785645716
68.45881982236975,-48.02442395434638,491.315048134172,-25.800048978302613
68.45881982236976,-55.26124392951542,-41.0612670790107,-47.52071360669837
68.45881982236996,-43.007344809547135,12.56842995917664,-43.369391096884804
68.45881982237019,-37.418629875116714,-2.9955742648801853,-46.41148447066379
68.45881982236992,-49.15949117738045,207.9686115815439,-39.89611464102033
68.4588198223702,-41.7984591874206,-34.616765520608325,-66.313647433121
68.45881982237034,-32.273799848769045,59.57064878183507,-46.740363011006316
68.45881982237007,-38.276104014931434,252.7870656793854,-37.39232970099282
68.45881982237061,-46.50332057056077,284.4474123164539,-29.52523662094324
68.45881982236943,-52.859892454751204,-13.744927611872114,-65.4210535646405
68.4588198223694,-40.918014308581085,83.91350659529631,-46.47200767278904
68.45881982236959,-32.31843397047902,89.56108543893603,-38.58009991722406
68.45881982236901,-28.193320444058557,159.22835586155634,-35.15510758792156
68.45881982237007,-38.99602328441528,25.422929940523133,-36.212735638219186
68.45881982236986,-33.861754584564316,7.8770377922615875,-46.4509995934465
68.45881982236972,-46.853364851505106,182.64465571153394,-34.04386337250249
68.45881982236952,-35.98662067395734,106.59071410769928,-30.83636540788327
68.4588198223703,-35.03351185641844,-40.61690167416695,-67.34781164434787
68.45881982236975,-35.86795136052815,106.81656890146397,-30.550201622573148
68.45881982236992,-43.36782305692953,267.02188207574926,-36.815806686474204
68.45881982236992,-38.1620603597477,149.5452223966058,-29.90406073547771
68.45881982237057,-45.75694428798829,46.52125206871298,-31.469874896351257
68.45881982236972,-30.114687885146974,-17.933087430053043,-49.73889494537631
68.45881982236956,-55.100236812395174,131.90594506099225,-46.04452369977319
68.4588198223699,-33.29532809624369,48.54726891522743,-32.2578618066348
68.45881982237015,-38.59557115426407,-46.598899125468684,-63.18786280477422
68.45881982236975,-35.96892510960675,-22.557579256480352,-56.77360004461711
68.45881982237,-40.081098883900914,181.73561005034236,-38.28278466590391
68.4588198223702,-31.37856783146866,225.73464998298846,-37.76560371718867
68.45881982237019,-57.38411244510711,-46.79015819951944,-65.60455408723847
68.45881982236963,-45.67374357974917,106.68359223482588,-40.974123695343366
68.4588198223703,-44.86515886465538,51.502287549826086,-48.332928285243646
68.45881982237036,-47.13286324989815,184.6307115311772,-44.92328814563206
68.45881982237032,-53.10181154458955,79.81242811701578,-28.096422842655823
68.45881982236975,-40.31754983837741,78.90489091886121,-45.53330002743425
68.4588198223707,-49.965357262521806,55.293527784067265,-48.1221103789842
68.45881982236965,-46.98258731285011,128.02590669024428,-46.7294819261774
68.45881982236999,-37.71556241569192,-39.33575356891643,-45.453789369551615
68.45881982236996,-38.10257994676615,25.08891637613786,-52.979360347708834
68.45881982237042,-41.50165475382328,141.99964456030503,-38.64063191770285
68.45881982237012,-41.65939413431854,-15.068548540913918,-56.76816232440848
68.45881982236999,-34.09605866360243,-42.10748122473774,-49.48011688616835
68.45881982236921,-58.89702509344269,-54.735288334573504,-75.48100807039864
68.45881982237026,-38.73284310710472,-63.339225675860455,-75.34831855646767
68.45881982236935,-34.321859911813725,184.50231753200717,-33.41690786231483
68.4588198223694,-45.986866888160826,84.43911271151482,-51.45510810242148
68.45881982236929,-27.550178804418312,55.11254034665356,-50.81938550706193
68.45881982237012,-31.457491266199856,264.6378258390494,-23.367756826689245
68.45881982236968,-39.457967782798995,264.49090200864487,-42.547558296574394
68.45881982237003,-42.961564735487556,101.4790336399495,-57.11980509096713
68.45881982236956,-49.15092336050188,75.6693431765837,-30.90531359388319
68.45881982237039,-58.67562975942246,179.04662531379242,-48.965075552177716
68.45881982236995,-39.36847142869142,439.0635577445912,-31.88958861882757
68.45881982236878,-57.20947958166752,823.379522482126,-21.597497666816047
68.45881982236996,-32.719575830025704,357.1210891347461,-36.586239600648526
68.45881982237036,-43.625035078615056,189.26895755119523,-25.03392791705339
68.45881982236921,-53.5858993386116,69.14847360239871,-46.01233790213828
68.45881982236988,-41.25065858284044,-5.647531995210519,-48.45921745265597
68.45881982236995,-45.090234269478735,182.7095492287726,-51.608782120163596
68.45881982237,-43.83000429494427,117.19604201125105,-40.396229474820736
68.45881982237039,-52.46711055732789,4.748058111222253,-58.669803092984374
68.4588198223699,-43.56689668967538,21.256266463647645,-42.62401476215638
68.45881982236972,-48.87451662925568,215.68081928377404,-31.059855514488465
68.4588198223699,-28.611628376801292,245.89619577150188,-42.66794761343557
68.45881982236992,-34.799170695116324,11.165038394095417,-50.295924942957406
68.45881982237016,-39.06712995909795,2.008870340404423,-58.85098268741138
68.45881982237019,-39.09190908728583,83.4127470596631,-48.15908122704589
68.45881982237032,-46.4196610495668,78.3431578413835,-35.075678903556216
68.45881982236968,-39.5707529386383,5.640215272415561,-42.35609650387524
68.45881982237032,-48.275684225556894,104.51938582441547,-38.934242390134855
68.45881982236956,-51.69673160590493,71.80863666454928,-62.893924344382015
68.45881982236952,-42.37148295353298,44.416888043512,-40.97244891437243
68.45881982237066,-28.977271093566415,-44.734218498946674,-50.51521913065453
68.45881982237086,-36.530002278618845,314.4222871160733,-37.58119637389284
68.45881982237023,-61.46062805402703,-31.26468990653306,-52.939806832355686
68.45881982236912,-50.83366913005012,339.73555575575904,-41.523656737863845
68.45881982236996,-44.30349322070769,15.467428418203188,-56.93535796707809
68.45881982236999,-42.216496640071036,-23.984438099019954,-59.5987640289916
68.45881982237059,-28.065050928367274,-8.90336851761121,-55.559931688801214
68.45881982237087,-49.60063616100373,189.87593473492333,-31.14736941350603
68.45881982236963,-38.38453196171459,0.19678554450182073,-53.34879463861193
68.45881982236904,-47.23478447794096,-1.6718596987034262,-67.54193474537996
68.45881982237042,-48.141227273887786,-0.19564386268670075,-45.16142516575241
68.45881982237,-45.07169174460435,44.85816525208253,-52.04409975230855
68.45881982236996,-46.610699724304204,2.6939887610309077,-48.525938820017025
68.45881982237046,-37.34864344909457,79.38622183819916,-41.54946835997811
68.45881982236952,-34.546663440040746,-46.59562558294661,-58.43775547288376
68.45881982236912,-58.27865493586993,-22.860004707846393,-65.64258479186036
68.45881982236915,-36.22486913932664,46.133388945735554,-36.33540600037828
68.45881982237012,-31.815770774258024,307.64031847493385,-40.66018247909325
68.45881982236999,-41.68047694164094,240.3735061144655,-56.19876235454673
68.45881982236952,-35.06484697900352,43.25544513675192,-39.01517793668287
68.45881982236908,-42.38823156168002,48.2995814331241,-41.92270575326985
68.4588198223697,-43.80430463947626,35.8082255502588,-44.40080345391719
68.45881982236959,-46.88790114020583,107.14167603338609,-40.54563373511972
68.45881982236988,-38.122204966677344,88.96342997676277,-42.01051574223522
68.45881982237023,-34.00101578578403,75.67937980106198,-56.831283301817884
68.45881982236975,-44.077434423540794,-59.688320134096664,-79.91783034321868
68.45881982237032,-50.860291815796984,-19.6645213984143,-57.89829533804096
68.4588198223697,-42.815991994511215,17.202155792029817,-56.69730545707263
68.4588198223692,-40.55396464002604,144.25666053574014,-54.666109532246644
68.45881982236949,-49.747202144102,241.29003035141298,-23.59752189259646
68.45881982236925,-43.03014846481283,249.51738350853753,-32.718338291832794
68.4588198223702,-40.94500851417043,87.9423568817781,-39.57444473994818
68.4588198223699,-42.2795280683431,91.53588461892583,-36.14167711041786
68.45881982236916,-56.09170221589193,46.45689044935808,-45.87040209180794
68.45881982237019,-31.498928918720026,101.98888376254934,-35.421870988924
68.45881982236925,-34.374826906846955,215.09204789656908,-47.92492318242274
68.45881982237007,-33.445823924779106,-56.19515452637389,-61.99354769177532
68.45881982237015,-24.878544252172652,404.68134426943374,-23.71255479222193
68.45881982237007,-48.85264249323934,-66.40723432936826,-80.99093437566454
68.45881982236943,-47.61846622140359,108.36175578727287,-40.38067237449145
68.45881982236983,-45.10132541290899,172.4086624796668,-37.03538293666087
68.45881982237019,-52.30911430498103,-27.611856647004018,-61.944974959675555
68.4588198223692,-35.86726916080838,3.415923453422187,-47.11494892401393
68.45881982236979,-42.81069736263594,249.86046483844558,-44.456490185397925
68.45881982237042,-34.38528717592592,91.12219755760019,-40.63287979615523
68.45881982237006,-42.36265544066864,28.828997937528467,-34.955351932758695
68.45881982237047,-46.98354170027228,248.55340059686557,-46.634420147924004
68.45881982237087,-35.102722093644026,49.62578755506137,-46.53367194120914
68.45881982237015,-39.41512930933998,133.3820349007376,-34.607199413699455
68.45881982236912,-33.62919332513293,468.35997920773116,-28.1430793127917
68.45881982237081,-34.789534888955984,397.65290236828463,-38.5298547127818
68.45881982236959,-55.07666500452595,-23.53346292069618,-49.873442372683805
68.45881982236949,-28.476014977859197,86.23048311958259,-33.408022399422144
68.45881982237046,-56.485214513766316,65.69111686787667,-46.09662067636887
68.45881982236996,-49.67030691312879,73.9142514990117,-48.976338812803775
68.45881982236894,-36.867701612423645,74.9868039411091,-36.73254047992638
68.45881982237012,-41.04119216478467,-63.14443847861892,-71.66080355227196
68.45881982237015,-36.97779838735335,-13.356493400006276,-53.87032949010187
68.45881982237007,-41.52393222383783,84.24997088088571,-33.477627744685535
68.45881982237034,-53.75591854486842,122.88585223568451,-33.91626531613928
68.45881982236965,-38.823326947263034,87.46345506800775,-52.361941269014764
68.45881982236983,-36.36361367846662,28.676070496755777,-46.32482807435589
68.45881982236983,-25.892960386220132,32.55125188762773,-48.20154539986636
68.4588198223701,-37.026193228471094,232.30534991185837,-52.88866264029019
68.45881982236979,-47.3292590058491,29.67932521076577,-52.37030036466837
68.45881982237003,-30.923371166759583,218.41424799096782,-38.52933052364068
68.4588198223702,-47.7874655378047,205.38772564743618,-26.681439914880634
68.4588198223699,-44.546491776373244,-59.064503815427585,-65.12051965948761
68.45881982236992,-36.529669995985955,89.1436681540547,-40.49445097836086
68.45881982237015,-50.822858089867,38.119290968693754,-39.87804181923254
68.4588198223699,-46.939576732475466,-69.43105254633176,-79.4926765618307
68.45881982237003,-44.82623743930143,318.0387182330558,-27.330826223738836
68.45881982237051,-45.31024833861097,123.58984501019083,-29.53660508607917
68.45881982237,-36.49441988934776,-67.65246313052259,-77.06375882584729
68.45881982236979,-40.22272878327582,-13.71347672022094,-72.1538651176955
68.45881982236948,-37.49708177077362,155.90634559274963,-36.79711124299999
68.45881982237042,-33.97631688013028,44.61572364063742,-55.48912515062372
68.45881982237071,-35.37396614659727,133.06067264332793,-33.66587660887534
68.45881982237042,-53.64066981475942,271.49177285336907,-35.51924770774205
68.45881982236963,-32.97819791010232,78.70613245869144,-45.400126894614935
68.45881982236928,-38.82963637949508,516.5145832254191,-31.92836093819227
68.45881982237036,-36.74031830528758,232.78834400626224,-28.5555877317363
68.45881982237007,-49.99311279953413,29.337356303614847,-64.77511553331152
68.4588198223696,-45.67653301712051,229.49407584036015,-30.20634945049978
68.45881982236996,-36.74028867122422,48.03734357801663,-39.93586025258746
68.45881982236939,-59.62679958416048,84.89296866805078,-37.06276617555885
68.4588198223699,-38.92560317728558,303.9319731641555,-35.15313773689617
68.45881982236972,-46.21571334165587,82.21868036799465,-64.03506289297655
68.45881982236939,-53.383461071275384,-53.95787139083892,-68.74744802802739
68.45881982236975,-52.32825987698391,80.71787082014312,-30.404505320435472
68.45881982236968,-44.322045877968094,804.316545377165,-26.781968625382625
68.45881982237016,-36.904883772278474,343.198390484009,-37.83567082927879
68.45881982236996,-44.59290191497225,-0.16838560792100665,-54.38760963284848
68.45881982237016,-51.928642343883766,928.4640517695203,-37.557489485540096
68.45881982236959,-59.058943225830774,231.78623436501792,-52.07920376293165
68.45881982237039,-45.64068122278159,190.45802066413393,-32.04665299086188
68.4588198223705,-41.57437890254444,234.99996517730554,-28.71493891859176
68.4588198223703,-45.82459570108901,18.955387261398183,-41.748217421878245
68.45881982237015,-47.58536231077469,62.398852451845265,-43.288465274484466
68.45881982236979,-42.82096822572245,-26.43872279274564,-55.47176823412926
68.45881982237051,-40.50762824212308,118.6418895875374,-35.07593055167373
68.45881982237034,-28.801240146828132,-24.090703558907055,-65.19916356189988
68.4588198223702,-52.72936337114547,230.0362893896021,-29.915857978847903
68.45881982236956,-36.52944964499669,44.90120931459278,-34.06047998014159
68.4588198223697,-38.56145858093561,463.038114924107,-33.53659251117088
68.45881982236995,-39.177338227388844,-33.68344608818317,-74.02371994635672
68.45881982237026,-52.70200975714386,-44.362587067661366,-66.18900009977229
68.45881982237027,-28.337405290106865,408.7680895045226,-31.35203093822566
68.45881982236959,-41.312022350048906,47.31582244259938,-43.00861907608263
68.45881982236975,-36.71542569080608,104.04886957738154,-36.63642819987227
68.45881982236976,-37.823085454613434,108.75632355202298,-46.65780659085053
68.45881982236956,-40.55132634057258,9.082527594067091,-44.876606615031946
68.4588198223699,-50.95378070724218,-20.275503020799245,-53.3022878010061
68.45881982236924,-41.168146200033206,201.3964871072122,-53.63023151441714
68.45881982236995,-37.868223059972664,-0.24638608352645086,-59.010944309092295
68.4588198223702,-45.75424215175795,100.2835397323619,-39.27569264702052
68.45881982237034,-36.04140260114027,50.23639089022662,-47.027149281865924
68.45881982236992,-35.710099963677855,193.14462376795962,-30.268759900840635
68.45881982237007,-41.86507341805875,-64.29811706007862,-68.08125316889073
68.45881982236979,-36.384794483859054,112.0824227382184,-37.54713138808612
68.45881982237006,-49.26087659840653,-0.015627214793456634,-52.22213026792786
68.4588198223703,-53.953049142679376,253.1904020941899,-32.178057045248785
68.45881982236975,-37.24396494074153,197.6063195732812,-36.44406298517232
68.45881982237067,-41.98032290139761,-7.612174727177812,-65.67089664277411
68.45881982236939,-38.481617409114385,120.86044926705908,-36.01876809902523
68.45881982237051,-50.35635389024655,152.55129812652717,-33.44188979646161
68.4588198223702,-41.46143084808125,-27.068658342333862,-58.047498576177446
68.45881982237,-28.30609393295218,276.4184696653113,-26.866278154295397
68.45881982236965,-45.85296984140077,108.49295282515827,-32.44103827386914
68.4588198223699,-41.041121873335925,69.50261864313805,-43.17681990200586
68.45881982237016,-34.64310151870676,56.41948824024712,-51.05295026939456
68.45881982237012,-37.638905322760564,37.38069258689431,-45.113751519321866
68.45881982237016,-55.906145610111956,18.895002949530372,-56.77294650337493
68.45881982237012,-32.7517076561208,14.904782635258806,-49.0722255659097
68.45881982236955,-47.5257804191866,201.47791774053846,-28.45181046059384
68.45881982236932,-52.823231553829395,-41.259234932405185,-66.14015823975194
68.45881982236955,-58.89233763312094,-55.61674272597412,-65.07600270251976
68.45881982237016,-53.51740492596227,-3.0454947680225497,-46.87683322620223
68.45881982237036,-41.70966564111763,-35.4524656348207,-70.49915105183777
68.45881982236995,-41.17126003509611,340.31452208808224,-41.06653060350081
68.45881982236986,-43.828642469088166,38.82516737427342,-41.64337640649477
68.4588198223701,-40.035415012219765,105.82671515321951,-31.780377940850503
68.45881982236992,-38.07935323668114,17.24498146273532,-56.48204424771179
68.45881982236925,-34.89319067700164,-21.264540523262674,-51.43350108453271
68.45881982237012,-44.682551278589166,81.66897161255228,-30.539027278328568
68.45881982237054,-48.81482551713058,124.70673523895242,-40.51673025102155
68.45881982237026,-37.28303764926027,184.09863002395696,-40.362567614667846
68.45881982236999,-53.766505387979514,-47.32185418850728,-63.92723589582252
68.4588198223699,-43.49222891584096,163.96075115433945,-39.80776017899775
68.45881982237023,-53.00229597169548,79.64776771140333,-37.82555627774562
68.45881982236939,-48.53357781444792,-37.39347368134413,-65.7612870133615
68.45881982236921,-43.82329028108873,373.6602347934673,-37.59385227471268
68.4588198223701,-62.30486981553624,-28.49175151414015,-63.88914559301872
68.45881982236996,-32.63957511385597,237.25944198350138,-32.67350840936325
68.4588198223698,-49.05977360535182,41.9021307006596,-56.726347234294884
68.45881982237059,-38.17891390146949,97.53049270268437,-37.80420962130542
68.45881982237039,-52.50594473245215,121.29381196849933,-46.75125965615939
68.45881982237039,-28.6750357480675,174.20738440303106,-48.12918732801602
68.4588198223699,-46.01970928946123,136.3551962875137,-41.01421242220443
68.4588198223705,-39.68280865090077,31.164408470890216,-42.53183839040274
68.45881982237074,-34.237352183764415,13.67965372982971,-43.33540828837329
68.4588198223703,-44.138181378335574,65.19120952821278,-46.27136212417074
68.45881982236988,-59.34561401012356,13.373841709899214,-49.83297643337983
68.45881982237007,-31.698586832205798,63.23214207763825,-35.86872942144149
68.4588198223697,-49.90414546458919,136.25702028449234,-38.010767852467275
68.45881982237047,-45.73257368023086,169.7274629735211,-27.236625292983874
68.45881982236968,-36.88308566498314,410.80390430615097,-36.36686074467828
68.45881982236979,-37.67011941786962,-33.30796398929065,-67.56005825790209
68.45881982237003,-44.106773394202115,105.16957284437294,-29.211754455359973
68.4588198223697,-50.25265655924345,49.49740989555309,-53.690883338709995
68.45881982236999,-35.35547180412628,225.37828834590852,-27.851909409445774
68.45881982236986,-51.248003714040436,-2.066326397942453,-66.87915793189522
68.45881982237023,-36.03724213174757,309.1399713266462,-20.575153542867884
68.45881982236992,-37.1254335028319,111.6420787236763,-43.52083151638355
68.4588198223702,-42.55375938076943,103.36953766806207,-38.17230631721398
68.4588198223699,-39.45579676838105,199.1572974757682,-29.180437265858227
68.45881982236968,-42.713121303084534,52.2054935519737,-37.65396318327831
68.45881982237023,-39.94139548724822,4.622845368466888,-44.31372620557754
68.45881982237032,-54.79257868897931,106.91478017826755,-30.70943446117176
68.45881982236925,-39.89363744834327,113.88998907085744,-41.11249463620547
68.45881982237027,-44.49920884620242,92.80464142465243,-33.666033475091496
68.45881982237061,-29.073240810586675,43.703872081667505,-43.18156028825435
68.45881982236968,-55.44780471561972,147.64627802529907,-41.886863920951626
68.45881982236932,-42.18119014454468,69.8858023732225,-36.12282264989004
68.45881982236996,-27.163891674862704,61.41778205836561,-44.113783979257406
68.45881982237046,-35.53800045470108,116.38810273982476,-47.40172074541126
68.45881982236943,-33.764870203424834,378.9550782562379,-32.03398028960527
68.45881982236986,-46.090915104797716,161.33547830207107,-42.63053753517476
68.45881982237019,-65.17656623887407,25.873074749031556,-63.92661414467479
68.45881982237023,-49.04432643596143,189.96646030567993,-30.551597071818648
68.45881982237046,-49.819252924690325,18.443844278460688,-54.06790555853521
68.45881982236983,-39.52934837163282,77.29117969153964,-64.71968806046401
68.45881982236943,-43.8260965301202,233.73214392885592,-38.32606679552543
68.45881982236956,-43.24309720253363,102.49006809254566,-29.677754142493907
68.45881982237054,-30.96359826233519,185.75577891572865,-37.82167170518087
68.45881982236874,-44.37415210518165,47.62424906169704,-50.78402887060266
68.45881982237036,-34.73219284413581,184.7762161020162,-25.25999604095821
68.45881982236988,-48.07114578636631,109.06083715243354,-52.49856010561164
68.45881982236945,-56.62178683480621,186.5646127864501,-31.11921889071899
68.45881982236975,-42.4174054344635,109.00572039675072,-53.259665766258536
68.45881982236983,-37.07154223940705,-1.9489848950362543,-43.67816494387793
68.45881982236925,-37.539188441111136,-51.333549794852004,-75.03764293689008
68.4588198223703,-43.727165007513676,1104.5168063081273,-27.06747521125752
68.45881982236975,-45.10111418969317,179.1699064000237,-43.922450240127674
68.4588198223701,-53.715725633262764,16.783308775947205,-49.63135252832376
68.45881982237019,-37.14154960197836,182.50396803780816,-42.87906360679455
68.45881982236952,-43.00377700111191,293.8732235496397,-36.644251888537084
68.45881982237007,-44.30759548968746,63.54126563739815,-42.16187566686287
68.45881982237046,-51.90686212900708,-27.78984919006332,-50.04992038960021
68.45881982236948,-47.14052544845983,-32.93540059819544,-59.67682663513458
68.45881982237027,-36.71325192503849,149.2828920761292,-33.79510736303085
68.45881982236986,-50.84759548069382,-57.637813367127556,-60.23780417211134
68.45881982236968,-50.85048412617215,15.089071658085086,-56.45530967630437
68.45881982237061,-36.7897989462522,77.0273796418459,-44.24064745225876
68.45881982236976,-30.04222767018686,695.4294490371891,-36.135481445373365
68.45881982236988,-44.08003361402729,0.30264676752007613,-37.70067544016927
68.45881982236988,-37.806750610982846,46.00130512589347,-32.0083716002508
68.45881982237036,-43.694556040829404,164.92139410664177,-35.72458513566904
68.45881982237006,-30.710180368496786,-2.311662298455852,-44.63181741895216
68.45881982236986,-52.25802175768071,-4.386049735755481,-51.05760912300754
68.45881982237023,-49.92187232045725,-0.4360745328699789,-41.37653711735082
68.45881982237007,-59.4331525155902,10.396419084016095,-34.28493118989117
68.45881982236959,-30.122497063977207,172.79959002033527,-39.68403149342314
68.4588198223692,-29.882270980146043,-31.34895159499439,-68.004967484918
68.45881982237,-55.894160184378485,-0.7082028275782526,-45.90977169729137
68.45881982236983,-38.324295079321814,702.0068583963892,-25.773207755642
68.45881982237034,-52.234703757241085,-54.27968291347762,-59.389276354073516
68.45881982236959,-47.754275823783196,76.98714459482905,-47.67679338945582
68.45881982236912,-29.91463540690833,571.6099807254262,-35.08715468408998
68.45881982237042,-41.94258627431729,54.5479457386431,-39.093428723642056
68.45881982236952,-43.64110943570174,156.60931559071653,-33.12958685928377
68.45881982236916,-53.46210447099088,-29.490680276548087,-56.23337440947957
68.45881982237036,-38.3052306923727,102.41094857906319,-39.972420483722274
68.45881982237012,-41.6529910735128,99.56492318450643,-43.97677197564486
68.45881982237051,-35.97055200908007,-21.284409646465917,-52.17833141923516
68.45881982237006,-45.77053137631426,272.11516190613577,-39.219098302290035
68.45881982237016,-38.42322738223153,189.85554368372476,-26.65894946239242
68.45881982237036,-56.09319210609088,314.10542755562653,-41.61415132915971
68.45881982237007,-39.547912455298786,191.011964811219,-52.74641410611976
68.45881982237034,-36.904219461137956,228.1730434903274,-40.999596269318886
68.45881982236959,-30.743739354037704,-52.237603148870804,-69.37871889141887
68.4588198223709,-45.805817718520046,306.2366465543545,-29.960198111394998
68.45881982236979,-39.25132270829469,75.2312823016382,-48.19888475459961
68.45881982236948,-39.26064806282855,4.482226056825445,-34.87951488382062
68.45881982237,-35.757424288682216,191.64780085644293,-43.417685900273014
68.4588198223701,-50.518171838341445,-46.71704775695215,-68.92444478481796
68.45881982236939,-47.77766788461935,-26.83053015878203,-53.235204544224835
68.45881982237003,-32.365133721690285,111.95735593696918,-52.2502154370799
68.45881982237006,-45.29994105423775,-34.474024287389874,-67.0433753056621
68.45881982236956,-36.25662940276854,98.30286605147603,-32.92639244505657
68.45881982236995,-46.262608652461914,88.07302004340212,-38.219551576323404
68.45881982236968,-36.3773834067296,520.4705285929643,-27.543002203229282
68.45881982236988,-49.89060546424944,-8.998269010573622,-51.56369316279845
68.45881982236996,-33.40926763942197,151.81016137531063,-34.15676636767812
68.4588198223703,-42.0600621191885,243.63116883341976,-40.49390449288096
68.45881982237066,-56.622763798640996,114.92655341749258,-38.95447381965885
68.45881982237003,-38.06342482284671,-62.58596818210131,-79.35328730502411
68.45881982236995,-40.69777808716061,15.647102808375646,-40.4510440976518
68.45881982237019,-48.994020034474374,330.42958670139404,-25.48789228943662
68.45881982236995,-40.36702815917145,41.37222654975794,-56.47046937747003
68.45881982236995,-51.40803703039079,-16.203764220911975,-55.449074441508
68.45881982237043,-50.909914191886365,23.367094122477795,-46.53896918971451
68.45881982236894,-36.76861965168013,71.24241789789767,-43.208099032234195
68.45881982236968,-54.75805055335303,121.12915064669293,-48.96672340354028
68.45881982237007,-37.49193547934942,-29.16766008984303,-37.99856636333351
68.4588198223697,-41.45430411998109,143.2058319472739,-53.20366444267679
68.45881982236972,-51.38070681946727,130.70385645965877,-40.64820720008304
68.45881982236992,-38.95896660970515,95.37340172520514,-31.03642108738075
68.45881982236948,-49.93281742959213,529.3763488062198,-26.36562638712735
68.45881982236965,-53.687638500412724,42.94763202994834,-48.89768033523466
68.45881982237036,-30.65492087785723,63.46984645619131,-51.91437132086727
68.45881982236925,-45.69985743072004,169.31749648069544,-33.63465394914823
68.45881982237046,-42.919330609365645,228.84031192943817,-33.14086991275339
68.45881982237006,-41.906642883392465,29.891230971452497,-45.15717101766828
68.45881982237006,-41.2548937993399,61.56388326880282,-42.05692176328192
68.45881982236992,-36.13202445768605,13.891992037679168,-54.11521213816934
68.45881982236999,-50.48881239877427,49.24569339839875,-33.3915664378558
68.45881982237054,-32.29842916642044,429.2912488928007,-40.14962229443291
68.45881982237023,-34.517943107244655,-54.47119638683154,-72.77217784029392
68.45881982237007,-57.90358279098313,251.05252643451252,-29.806034862167618
68.45881982236963,-44.14730665228649,54.26700768846126,-45.19844225663616
68.45881982236983,-50.80995043436989,169.75612454152835,-40.40672179518694
68.4588198223699,-39.90213344813698,113.84485713410277,-51.41705906252532
68.45881982236908,-31.726001034449936,118.5192936376176,-36.42755899276114
68.45881982236956,-33.402733334102294,-17.9545262574336,-55.74327469591046
68.45881982237042,-42.228781647377865,20.67712579505432,-54.37226430479638
68.45881982236975,-44.983448387892864,-47.59252629995068,-61.59333539802755
68.4588198223698,-60.94592719004033,502.4415467385061,-22.446140435330697
68.45881982237047,-50.04763584707057,78.72042754007626,-38.966284512676076
68.45881982236986,-48.44647085229202,1.2759262546688799,-54.11104093304975
68.45881982236996,-36.91451090539043,-33.439220572074156,-67.5280643553481
68.45881982236975,-34.42504141385193,297.85013260604927,-25.269321571672464
68.4588198223702,-53.423846488803875,-35.95348255241553,-63.70670315410126
68.4588198223699,-40.77380907014189,140.68748040391594,-43.081685420869206
68.4588198223703,-49.4169034849053,122.85050935726854,-45.235389805293
68.45881982236945,-47.51827032331424,26.125237035588643,-33.777594634716266
68.45881982237057,-31.634583089289414,-6.530073142057436,-54.363030598558936
68.45881982236975,-45.96472973106147,138.93807093301524,-51.73126871618487
68.45881982237015,-46.379126353751445,158.94608799669206,-30.75040658871242
68.4588198223701,-40.647552907690496,21.7478441090347,-60.844438667578885
68.45881982237003,-36.807803119426374,194.948113884283,-26.765984677069266
68.4588198223698,-32.73985146990632,0.8867416234070502,-44.275479893851035
68.45881982237006,-59.70587960641234,-16.22856940527705,-56.23134194345665
68.45881982236948,-31.86985313927061,18.708026268811516,-44.47166573258984
68.45881982236996,-48.220007097948766,87.16146962696232,-33.16944924864978
68.45881982237046,-56.55993905994622,16.817428009253522,-38.44853362153329
68.4588198223701,-39.39745253718224,1.6561051316936526,-41.33050071271146
68.45881982236959,-45.65505230310672,255.128607145079,-53.59824327593314
68.45881982237043,-27.58588427494112,162.84321229365642,-39.99959309777053
68.4588198223699,-40.56202903799318,38.0934117469909,-55.55978903096427
68.45881982236952,-37.986475672559315,77.743410899494,-46.68246387289301
68.45881982237036,-38.18952407382458,85.98335195833582,-31.72855260057428
68.45881982237019,-52.512372817574196,9.670904607126761,-52.777661486061625
68.4588198223698,-47.420537996290356,107.39668538951493,-35.57230158805359
68.45881982236956,-56.405754459197986,21.396516000271927,-60.686948990364776
68.4588198223699,-45.659619412783606,182.64421314434526,-43.6986728821013
68.45881982237007,-37.89733781346792,252.01449001218518,-38.27971031409908
68.45881982237036,-32.09985227623565,-32.84127111215952,-57.63711946405793
68.45881982236979,-40.12378599009793,253.7065950886722,-45.35462059010038
68.45881982237036,-39.565959676792,224.48797876273895,-24.546068756587204
68.45881982236935,-42.7778629203722,-14.135562074024266,-48.65870008904011
68.45881982236999,-44.686189676284314,46.11157385179916,-39.5546547172552
68.45881982236996,-46.4148556223744,108.460143958738,-36.02552264171288
68.45881982236872,-34.16850916141099,175.02682499057926,-37.5597420595786
68.45881982237071,-39.62490304745141,1114.3842479602627,-23.676969976205896
68.45881982236945,-34.22643509724105,140.6754503483381,-33.6328860324015
68.45881982236986,-48.35091688717359,60.35322411648782,-36.47999852530898
68.45881982236999,-44.98724320026442,209.89159597996294,-34.09855347578026
68.45881982237039,-31.43361444012751,129.69712157484196,-32.89564945279001
68.45881982236988,-46.48004915519676,-51.006280245415894,-60.88241817352389
68.45881982236928,-53.66529422169266,120.45514601312934,-29.089263136062414
68.45881982236943,-40.63377269650478,-23.463684292496733,-56.928449491906605
68.45881982236939,-47.639232455626825,7.952044004100878,-50.491331820202554
68.4588198223697,-43.191028144211806,102.61576661066987,-35.42735484403433
68.45881982236924,-43.729379596597916,65.73607938470893,-35.27293636274216
68.45881982236996,-43.522178657168,7.181905689271839,-46.7280033394095
68.45881982236963,-37.21116080748589,67.0899371503407,-36.94918750655308
68.45881982237036,-33.980506485465675,116.27536466995623,-43.8132386385735
68.45881982237,-47.845035390087695,53.917781725148586,-36.397823001533766
68.45881982236897,-52.28975899967018,40.580352214697335,-51.98130935165006
68.45881982237063,-41.39101732258379,342.3756266779751,-31.7277729881583
68.45881982237015,-41.287171936042014,224.1096732465175,-27.466999053638265
68.45881982237026,-44.00323143205146,88.05252340926202,-38.62755132959048
68.4588198223702,-38.41894152625718,12.172565391526625,-45.724042618643914
68.45881982237006,-46.84200200462679,104.08900724851983,-52.290023786434745
68.45881982236976,-40.25796581003427,26.720949328316035,-59.03216572555188
68.45881982236983,-38.902163945542455,347.3769770853311,-35.02019074167412
68.45881982236935,-36.765641021875474,116.20220902228913,-36.7208552489956
68.45881982237012,-51.68657379074884,36.06762838353688,-37.17131280532484
68.45881982236965,-45.389677173915,166.87498685037613,-38.59150540375092
68.45881982237046,-36.111480930881555,-44.070337823268524,-62.0459809448878
68.45881982236976,-34.4976686411548,259.0761208232872,-32.70354078040455
68.45881982236976,-36.48655928089022,157.82010335402344,-31.487417690636732
68.45881982237006,-31.1911084417677,5.715216509031085,-46.30865948144063
68.45881982236949,-42.81368020254411,99.59580350586381,-42.45045543222946
68.45881982236975,-70.58827225516515,-62.25061806876644,-73.49757774029212
68.45881982237012,-39.22074490703945,74.33016818989695,-38.05871512783602
68.45881982236945,-39.6650740814754,119.27580762744734,-54.882079896114256
68.45881982236979,-37.998891694237635,137.53639242279863,-30.19359066998385
68.45881982237019,-47.39275670284127,375.7647281861278,-38.708075408514595
68.45881982236963,-34.73784497472248,11.299839986283455,-62.39801883091095
68.45881982236956,-38.85835519631215,-4.349302006552125,-57.5130483899584
68.45881982236924,-42.077286610765775,109.11364613898664,-34.281436610911086
68.45881982236976,-37.43542606044758,85.50848416967631,-42.28545074220538
68.4588198223702,-44.3648411665691,54.21942260935191,-50.260984402064764
68.45881982236952,-64.69462907682477,77.81992493748602,-47.26455582178317
68.4588198223702,-47.75297839538739,-48.287800259668124,-48.83005992125741
68.45881982237012,-53.3201592883096,138.0972540004306,-43.41557587023455
68.45881982237034,-31.653861469029433,73.58721007026494,-36.22032788740982
68.45881982236988,-37.74055280776763,69.22488111221854,-38.91549075081685
68.4588198223699,-38.19384961183735,51.09699517123436,-47.65792003512173
68.45881982236959,-48.51720890198692,128.2419374049823,-69.12270440972475
68.45881982237019,-46.35857857806557,17.23802297428856,-40.498688792688554
68.4588198223701,-49.137168108053764,685.5335479820933,-31.002199724591506
68.45881982237066,-53.72975067082637,178.35590595332005,-32.77297412058395
68.45881982237023,-39.278503575486326,126.83661313666033,-35.09200375064877
68.45881982237051,-42.59309490997841,216.68142311356092,-44.29668525634142
68.45881982237032,-42.353182520307,339.56427780882217,-25.593707521175823
68.45881982237026,-34.39713064858487,25.37049982088151,-59.40535664440463
68.45881982237042,-38.48278058530281,96.65184162506549,-50.04083465584599
68.45881982237034,-44.823591759647265,132.01987880510595,-63.905025674191215
68.45881982236959,-37.27314709478868,71.20272837993423,-50.3399635375728
68.45881982237026,-43.24189551660118,-61.69320331839019,-73.78550680155107
68.45881982237071,-38.606573861898596,124.00154541065645,-47.95649703651688
68.4588198223697,-43.05527464908374,180.633478165152,-41.91086637653579
68.45881982236995,-47.40175770097655,-25.425229124146753,-51.30667888323648
68.45881982236972,-45.614063716351204,-21.88067549838394,-64.92942200462248
68.4588198223697,-37.4651351323853,268.03771505590805,-21.533799164858813
68.4588198223697,-43.66632393951292,155.47544871809436,-28.858501864783857
68.45881982236992,-44.150162887072334,376.4715814672613,-32.61305398136509
68.45881982237067,-43.2094853416335,85.99445593871103,-53.12299344743341
68.45881982237006,-54.36089984736776,151.22299373108885,-34.18548052595156
68.45881982236979,-36.26844603530777,63.26343329265058,-55.348870660719165
68.45881982236943,-61.272254124822524,40.50346830782476,-49.73904602183051
68.45881982236948,-43.975121398617446,311.3027200329724,-35.21447126716899
68.45881982236972,-40.52112110686079,56.40743598914648,-50.92339844009829
68.45881982236956,-26.80819135563002,82.57065900273612,-58.940298748271466
68.45881982236995,-40.80456761258651,-22.322668009272416,-65.59689382210885
68.45881982237026,-40.890643629280966,11.578606601729025,-46.39513070748815
68.45881982237036,-50.321309115162805,97.83852311553021,-37.165278826545965
68.45881982236959,-34.96168170084749,140.72596211512268,-30.118917277732592
68.45881982237034,-57.66668355248318,-0.5796666597955968,-57.57997533932135
68.45881982236988,-45.94968711036642,4.334421218163342,-38.25419209744223
68.45881982237032,-46.54186002494439,-45.9176397698997,-56.65073184573994
68.4588198223697,-46.45166371017013,19.2495574354707,-37.943100727791986
68.45881982236986,-27.648037306811446,142.8679460000996,-40.6062486736031
68.45881982237007,-52.30474604359825,121.77017286377536,-45.80678199097908
68.45881982236959,-51.256460600168616,8.702284443610298,-58.984615977482925
68.45881982237059,-51.00281328340499,8.805682164631733,-57.084968271471226
68.45881982236988,-39.19936513841144,272.5421527049975,-45.32032691316593
68.45881982237012,-40.84697756243466,57.4099844676875,-40.74477430081897
68.45881982236975,-38.71617596603316,510.47303947369755,-42.66575560164229
68.4588198223699,-59.692012560584054,110.85892184221518,-39.227163825062725
68.45881982236936,-56.39245291333701,-0.8847629599267548,-54.488447189439746
68.4588198223701,-49.536392668702156,-26.810716731777806,-64.61448275560255
68.45881982237066,-45.93459563098741,19.079303632998435,-64.54720229530983
68.45881982237046,-47.68965705738402,104.7654989726873,-32.89052006939568
68.45881982236988,-53.17090441129705,205.65654857066784,-36.006615544709305
68.45881982237023,-42.98190611533368,55.1142246015188,-64.70261732108523
68.45881982237023,-44.70876229664612,273.8881130621197,-34.461187550956026
68.45881982236988,-47.18672244063049,131.8577559724292,-23.82632274018913
68.45881982237016,-37.579742872995666,-54.749735248298336,-64.38708942144802
68.45881982236963,-35.697854806187564,28.89658067154737,-38.22730114513184
68.4588198223697,-37.02347391698949,1214.1317120483618,-27.398070936548912
68.4588198223699,-47.066576903255054,232.60678624510933,-37.24188309204478
68.4588198223699,-58.72268302449507,37.6302872349132,-45.85402775584881
68.45881982236983,-43.91835390505339,-38.27462157292426,-59.51196955249385
68.45881982237027,-36.82576971056831,11.417081074210111,-40.053804097987985
68.45881982236943,-24.630626766292007,284.7114559409395,-43.21943195143736
68.45881982236968,-37.889221579989126,22.46108510697573,-54.458238519709376
68.45881982236995,-50.494939299207765,315.39684376545904,-48.2563431690497
68.45881982236995,-37.20789741365793,7.337573826428478,-45.428689258131925
68.45881982236945,-51.58562047972507,368.78190593244346,-30.990637274587595
68.45881982236979,-36.81649777554025,44.520992571659626,-43.636854857995445
68.45881982237006,-38.988178000875266,6.799519310859958,-36.06018786612225
68.45881982236976,-58.295464688810206,140.66181796623704,-40.67100379704147
68.4588198223703,-44.56764610214153,13.639122929968583,-51.96473856717927
68.45881982237007,-40.48830992125101,-57.43748906020004,-74.31066796337669
68.45881982236999,-38.53621020177873,71.97588914354758,-50.7600096109899
68.45881982237026,-42.46271737021476,13.55784240993161,-45.61176938127961
68.45881982237043,-34.85480941614184,-2.3534613058081244,-52.718123352415034
68.4588198223694,-44.48224740897716,9.238770281303976,-57.34691236484939
68.45881982236963,-37.28509390573801,203.5494722549858,-22.396955998198777
68.45881982236972,-43.18307642419431,22.237038848952118,-50.537260858832056
68.45881982237042,-42.0708451244753,81.66992112280047,-34.6507933298922
68.45881982236995,-44.51128369726525,326.1124369163655,-31.729420181660483
68.45881982236956,-35.943379104870424,-7.194136171617583,-57.31754689868628
68.45881982236995,-48.341210673044245,-41.74473819564807,-64.08270255249684
68.45881982236992,-41.692338608001286,512.0341010549655,-31.0575798613538
68.45881982236936,-38.75631793302251,142.72881216967792,-35.036504880552634
68.45881982237012,-40.912870877677356,269.2185712454978,-26.1354784014854
68.45881982236948,-58.1701900943522,-28.981392702651977,-50.16688109478511
68.45881982237006,-37.826146008871106,158.94861207263506,-32.71306446395279
68.45881982236975,-40.054215087623454,418.63787874083454,-29.996012198404443
68.45881982236988,-55.50876100474452,355.2854043398832,-23.456328914463864
68.4588198223698,-36.34264150615193,193.26389052592958,-27.67788051159118
68.45881982237015,-40.55442677530804,18.552329477111627,-58.304005078920994
68.45881982236952,-58.19012055351358,63.55950938674641,-39.870583480992806
68.45881982236999,-47.591768470518105,37.23037860854161,-38.90501862957976
68.4588198223705,-33.23896506202051,51.01924585984319,-32.69097311092708
68.45881982237039,-41.53081221936041,-36.80550564532725,-49.95349035872254
68.4588198223699,-35.771555856215244,62.12715897827161,-28.226261190102687
68.45881982237003,-55.9736862860381,0.36977416651544637,-53.691017776585625
68.45881982236999,-41.97192716017538,108.0680575300669,-42.86422032317579
68.45881982236952,-44.87347248586856,204.97463459598202,-25.00484449610876
68.45881982237032,-48.80059512466237,125.64456746964194,-32.046263264136655
68.45881982236983,-35.788350357343354,38.2381262264168,-52.741147805808176
68.45881982237042,-37.58019256103279,43.73356552951451,-53.57958896134409
68.45881982237015,-44.10900406646496,48.653691672976976,-47.07140077754023
68.4588198223701,-34.19347253548474,393.9159210147654,-32.45874357852322
68.45881982236968,-41.50593357209171,19.59662122054011,-38.58484058608261
68.4588198223698,-48.36541936192924,159.5813526097341,-37.09534326036433
68.45881982236986,-46.504892766623826,29.851422078246404,-62.2986434537356
68.45881982236959,-34.19018436435037,460.5578447857231,-22.473205786645877
68.4588198223698,-51.05066692357184,-41.46394978864895,-60.03803698673293
68.45881982236983,-59.37350635252241,95.8241993000901,-41.10513062954364
68.45881982236939,-39.121449830004615,123.99164731544951,-29.83550564811226
68.45881982236976,-46.24072923376661,44.546721485493926,-47.2560865637196
68.45881982237003,-37.18182688644227,98.80502752005515,-45.59493197820963
68.45881982237039,-43.02236906670402,-7.690239742095772,-48.97287406011706
68.45881982236983,-54.003028168049774,42.69058752062895,-41.02167678919785
68.45881982236924,-50.265843889621095,87.32326154225719,-45.100434608283535
68.45881982236943,-41.63355941492347,-20.71525308485822,-57.22864388209092
68.4588198223698,-52.13459324446721,259.121244924208,-25.15096701608529
68.4588198223697,-55.42832817002443,105.77186886275243,-37.279358763684236
68.45881982236948,-47.26902436012945,136.33979042847125,-32.03308410926401
68.45881982237006,-36.44082044301783,-9.044604573013803,-42.35244946579988
68.45881982236959,-36.32814823183368,60.565618242852004,-26.56744668394062
68.45881982236965,-38.47606447288274,78.3136592013294,-37.74025141419286
68.45881982236995,-44.44838304167031,184.40815377789264,-38.52489801363526
68.45881982236975,-32.40357158195369,74.16895881377921,-44.22637025354682
68.45881982236996,-50.199369453255606,157.90007825889543,-28.34296345480962
68.45881982236992,-52.58052594982312,5.3541488247186075,-50.66736258702753
68.45881982236988,-52.94381424549941,253.31548920141552,-29.636923055269847
68.45881982237015,-45.57651690565293,363.12222074540557,-36.376378581450666
68.45881982236916,-51.205283590439876,270.16468999817783,-31.627654731492825
68.45881982236959,-43.24096202926269,460.3953099812353,-28.18237072735269
68.45881982236999,-35.51527567352997,73.54501820556453,-47.83967689355054
68.45881982236972,-39.620331249549736,93.54943116264296,-49.13131001103406
68.45881982236943,-52.77805597159595,-6.856983708706899,-57.03750951250425
68.4588198223697,-41.617874338164874,-25.223245090150826,-59.18233205214898
68.45881982237015,-33.036591821858295,4.146952101135959,-50.96193633567259
68.45881982237087,-33.08749224630974,-3.5842572611671564,-46.616458759653604
68.45881982236959,-37.43524605132327,47.013624949012645,-36.190197092633994
68.45881982237034,-40.78246570692441,-2.806012156901394,-45.77181180650566
68.4588198223705,-38.49621996393915,173.11149928625574,-35.1493815008596
68.45881982237047,-36.815177128917085,68.43097085460275,-50.46921509795281
68.4588198223705,-55.133755150665785,73.8496623921617,-42.68069902607038
68.45881982237036,-37.27886612134736,102.82724800488717,-34.47272517915846
68.45881982236999,-51.81114959451092,100.0102448820178,-62.575171859048126
68.45881982236955,-51.59065375827067,221.3624972642912,-24.32410637609761
68.45881982236995,-38.248981384059874,116.02383017389668,-40.76270687010528
68.45881982236986,-47.90452226779552,172.85353070466226,-35.15781644431771
68.4588198223697,-39.83325455815972,-20.228529449428713,-58.12897187956345
68.45881982236945,-31.03077835512741,-8.778522201531569,-64.74488872910695
68.45881982237081,-38.84496331982361,-46.61347130130298,-65.51933921420749
68.45881982236959,-33.79606479498888,32.17571481581998,-36.16940668925792
68.45881982236968,-43.8075843991384,-5.1096284725774765,-54.719664244235574
68.45881982237047,-43.48347019366957,-9.731841650883922,-45.07420389790063
68.45881982236986,-58.422239443117604,1.9113147141582854,-50.53715061171861
68.45881982236992,-42.164860569157725,25.42692432337472,-44.27573264175438
68.45881982237026,-35.85667367130358,144.11526836780112,-35.24192705953736
68.45881982237007,-41.000257643284456,55.21216924512693,-34.460176289879016
68.45881982237032,-45.68465199407951,39.36444950288332,-54.333688059237474
68.45881982236932,-37.365942259150366,61.19488864325764,-52.18359766273948
68.45881982236955,-34.34968417395441,-21.23879500985598,-57.07924256107165
68.45881982236988,-41.770845089865915,131.23100843227581,-47.870792821522855
68.45881982236972,-39.700372043465514,0.19266678849978458,-63.168780362894964
68.45881982236968,-33.88599177395286,81.19208575086145,-61.56423320150457
68.4588198223703,-32.699242818202066,-4.8860874770852,-63.842088404480414
68.45881982236976,-29.36410521564904,-2.31558158398234,-43.92925596818107
68.45881982237061,-38.45409492592148,27.98191153402445,-44.94999396692522
68.45881982236935,-38.62771121472234,56.35788638915429,-45.28963271811545
68.4588198223702,-48.32434746051973,25.3703777403256,-42.75422189025735
68.4588198223694,-49.9992677103233,218.82928389525281,-29.714287193684708
68.45881982236979,-41.83834069322804,70.19282660617827,-43.8061504042896
68.45881982237015,-32.904090639508134,-24.33176242004239,-58.46658155294797
68.45881982236975,-51.58451182194401,262.37225725766683,-27.879995128436942
68.4588198223696,-53.47203641698432,48.573175929105105,-54.90250846059899
68.45881982236992,-30.935128890744412,159.10966702406606,-32.8393816597609
68.45881982236968,-48.785548089137386,296.7385935343414,-40.56526992116007
68.4588198223702,-49.68956322510918,-5.711318157598122,-50.1370142526426
68.45881982237026,-33.91997599851726,9.887998838536948,-45.361685947364535
68.4588198223698,-37.08589790044841,5.383499500555566,-52.1550252035856
68.45881982236959,-41.833123527824625,38.45928730243708,-41.067850471059856
68.45881982236979,-31.070727339439486,114.17924289401978,-44.51840013445219
68.45881982236948,-42.699957024705384,10.027071417221055,-60.67809723340047
68.4588198223702,-58.99889673067818,314.5071906603189,-40.498069422499825
68.45881982236936,-45.127090787566274,-74.57381018627704,-75.7485373985746
68.45881982237,-43.474883041031376,46.209238756879344,-57.920028405910195
68.45881982237003,-46.26903154207469,6.843153407968372,-47.87541817762926
68.45881982237,-37.941335816478926,17.691738163930527,-61.88162209339433
68.45881982237006,-48.22379554935373,105.98506209329499,-28.983132764528964
68.45881982236975,-37.6699777530512,362.0264790443108,-25.94669689055278
68.45881982236965,-41.26571764521382,3.704481031803075,-51.69271191219336
68.45881982237006,-39.83139005726461,20.87506975116391,-58.804793947311836
68.45881982236915,-48.947430651475976,-45.609305265660836,-67.93021364460806
68.45881982236986,-33.53925344452024,147.11397095352714,-37.91538196669648
68.45881982237006,-34.74348147862582,112.28767577482319,-28.797688895532925
68.45881982237015,-39.22233977086217,59.31076038584775,-33.615364302244664
68.45881982236968,-52.239168697314994,206.95542854941866,-32.56202895009211
68.45881982236986,-31.869399698183308,-48.182875149812475,-70.65804906169781
68.45881982236959,-40.318977944254975,54.255500953027315,-44.490122672209445
68.45881982237016,-38.13116453749075,3.2379621525238322,-60.75401365354631
68.45881982237026,-42.39780901649778,66.86974817573147,-34.316817262670305
68.45881982237032,-46.14283842279882,142.4576920996135,-29.598121652100527
68.4588198223703,-35.81429678021918,140.60946638195958,-44.0209787850822
68.45881982236968,-38.83404614959396,-4.350726811352934,-67.0513000402195
68.45881982237034,-44.6486054480817,-9.660270479547595,-43.596572017895326
68.45881982236952,-35.10783490896658,63.84795136913382,-54.971244058950575
68.45881982236959,-37.07549964072967,354.6141733907297,-38.53342563462729
68.45881982236986,-47.596338219320764,149.94497363902966,-39.6671854388927
68.45881982236995,-43.47441744684101,39.85681791399942,-50.256060638090325
68.45881982237019,-54.19290540335566,44.01112290661984,-37.59531678269706
68.45881982236986,-43.31524756599219,51.54035755994188,-38.23508315015448
68.45881982236956,-49.209613783639796,-50.00829323660355,-71.18484306605394
68.45881982236983,-47.44560914634045,69.96271360804917,-48.68509654973459
68.45881982236963,-72.53764177906396,63.408772801872445,-56.01728370085895
68.45881982236928,-38.202747181501174,-4.561096160786593,-50.133041047384495
68.45881982236965,-32.14551263259076,85.32213521048516,-35.32342107394633
68.45881982236992,-48.796448806758185,55.91949520394759,-67.74475811128265
68.45881982236928,-49.74611296512943,-23.676802597485302,-68.77240068875612
68.45881982237015,-34.02152389150507,97.67023214899086,-43.071492859884266
68.45881982236972,-55.92204907365673,-46.92056846963004,-59.00945357580576
68.45881982236965,-50.7752236994202,52.71879994861952,-33.68672396480938
68.45881982237046,-39.22558106943769,-29.1083211818847,-63.08548008645272
68.45881982236975,-60.244389005239505,106.42891710922501,-42.25466578938356
68.45881982236968,-30.00328374404325,181.5432705242512,-44.28147424818923
68.45881982237027,-40.90790331627705,-25.098249139056207,-47.916081684476595
68.45881982237026,-34.57528384785946,209.93360523498993,-41.10526227119633
68.45881982237061,-39.912986464703145,71.1866790245814,-38.52455316425518
68.4588198223702,-39.48185758433077,-11.741044292860014,-41.97573389534524
68.45881982237043,-46.410839112944835,122.45138570267686,-48.8988996246885
68.4588198223694,-39.4091249141252,65.4040158127426,-38.10893190465035
68.45881982237019,-40.55230639344857,333.8782150130293,-43.881050788890086
68.45881982237026,-44.52705641386628,-17.591433631825204,-54.576415214993645
68.45881982236968,-30.609803215048448,53.53164281756544,-49.17174260510215
68.45881982236936,-45.45419954999582,27.46796665706579,-64.04253311329713
68.45881982236992,-41.618582299300236,172.5510171999387,-35.108828704014094
68.45881982237026,-42.76475481328424,111.62700303478555,-36.344407613890304
68.45881982236968,-38.30246686700745,92.84637968688791,-22.592427688346707
68.45881982236995,-45.89433007431406,-48.24809270746713,-65.64358147681027
68.45881982237012,-57.83231986302795,96.26301263650652,-37.42806462014325
68.45881982237077,-41.2107455742349,394.116401455722,-42.52338836299744
68.45881982236955,-44.757367890253065,11.88873014039693,-62.88393854488139
68.45881982237007,-40.41909697357622,-8.703997872899516,-41.16764869279279
68.45881982237077,-40.91289721127307,-22.61452243628628,-70.13402780776946
68.45881982236936,-52.81033557949962,148.61943696294034,-35.26380803488873
68.45881982237043,-47.022030012779084,28.467501185228716,-65.27366602813348
68.45881982237023,-45.60914310641445,50.51744991137568,-31.33350447187967
68.45881982236976,-42.16768251124342,-30.649505211712825,-63.36426795524326
68.45881982237032,-37.62611129689366,84.5747744911728,-39.526007096489224
68.45881982237007,-66.54286463146697,138.76924142326962,-39.71979307124619
68.45881982236929,-36.831295195505284,219.7023265110432,-41.895312696312224
68.45881982236995,-35.33207734123985,25.921795166656693,-61.97374558321689
68.45881982237007,-48.69805885763454,195.60508053258744,-31.762064440673278
68.4588198223698,-41.25019598275678,78.62330505574428,-44.410788594269825
68.45881982236996,-38.6373940277578,-9.215922646364994,-49.32185302508243
68.45881982237026,-39.5291573786546,4.5812448697246655,-53.85936733652223
68.4588198223699,-30.65446891351894,264.3548118486575,-31.83065652720254
68.45881982236995,-51.27476932566768,-63.79511228707631,-71.9671478426951
68.45881982236965,-36.6657574817728,-33.0981577431262,-59.47689609608747
68.45881982237094,-32.51707500394605,-32.01518889994948,-53.77589964931162
68.45881982236948,-52.84438464861688,76.41002136888804,-65.98020014321125
68.4588198223702,-37.22084531795483,138.0696417145821,-32.109373901071855
68.45881982237019,-49.97064796708403,-24.790034322609877,-62.19435963904194
68.45881982236999,-64.00689456862368,4.844139499184874,-53.04508733575679
68.4588198223703,-54.43676147343028,-0.43781581166503214,-37.51100029724649
68.4588198223702,-39.88052856895118,-35.42048136845043,-49.244730947638615
68.45881982236963,-36.86423705393366,292.3667256662598,-34.47696407897338
68.4588198223701,-39.14794627391689,-55.32724901367922,-74.87291319182118
68.45881982236972,-50.15388248740098,193.90580980235436,-45.52954591853009
68.4588198223694,-31.938754243383105,150.7058593170263,-28.084220662956895
68.45881982236983,-48.606181728924426,110.78442231788026,-33.22622824387081
68.4588198223699,-53.33877464505862,-24.228986812404386,-47.34584238420309
68.45881982237066,-52.36039426943129,186.69293727592597,-31.165652658541422
68.45881982236952,-45.918240198235274,54.728132257052664,-42.88693640707682
68.45881982237039,-60.109984092472814,31.659218707931515,-57.6624535567998
68.45881982237007,-54.93025519882797,339.10339320843985,-23.031126455471973
68.45881982236988,-44.285736939007336,4.2264982589044875,-36.7899343498301
68.45881982236976,-33.95213507576521,-58.55031028910741,-72.25072512931425
68.4588198223701,-40.290211289696074,547.7038522836964,-26.178252843780314
68.45881982236965,-37.53372409595849,509.40548043654263,-22.604582866518918
68.45881982236932,-36.62990806546086,409.39126591200034,-36.27433767971389
68.45881982237032,-28.89672643378742,46.81003704564788,-47.06430032004184
68.45881982237012,-43.29583804560537,57.92329733176098,-39.13263747874849
68.4588198223696,-49.25950218497942,2.036904215043811,-34.87825320918241
68.45881982236976,-34.88658511888262,182.12894006513758,-28.522383941930784
68.45881982237023,-43.625020816207204,45.57504999518345,-37.69177373459824
68.45881982236995,-47.74814727201392,115.8253720659844,-36.85297677240019
68.45881982236995,-38.95332419430137,48.58588781457846,-40.22056069690687
68.4588198223691,-36.636343595875246,255.10562324346733,-28.1781971158389
68.45881982237019,-37.631346673749924,196.6865959132975,-27.707433292895768
68.45881982236965,-49.82154949822193,407.7443522596029,-41.10583228045258
68.45881982237023,-42.83287179751778,47.01784686775383,-51.281090294539936
68.45881982237039,-47.20737433967256,28.637165741727767,-40.69309479392299
68.45881982236936,-43.73022861679608,-6.544432618568708,-55.16462050518144
68.4588198223696,-42.76611975833181,-3.8083353814272636,-64.91126452097976
68.4588198223702,-40.683003063397706,174.27527525041393,-36.11237371640198
68.4588198223696,-37.296444714554454,257.88450196150336,-39.68772717329463
68.45881982237007,-41.76146314940008,15.678250247265723,-49.25177121121082
68.45881982237091,-33.75455604381348,14.939180697513589,-35.52397050649543
68.45881982236945,-55.206192715247425,-11.842763417014812,-37.21290683218044
68.45881982236963,-45.168295431810215,9.206216162301551,-45.37674778757355
68.45881982236988,-39.97259014158938,38.605875755744165,-43.41713226455547
68.4588198223702,-49.837750099646314,472.94646670245976,-23.772160331532433
68.45881982236986,-39.70644414347127,76.99954176434618,-40.43822745861139
68.45881982236952,-38.264601617070404,90.75279045185331,-36.97635686766398
68.4588198223699,-43.38648598022918,-18.924326427211135,-63.836682134546805
68.45881982236972,-35.0338259017295,64.78275923954668,-52.780867371027405
68.45881982236995,-44.4950573622758,86.87708389019274,-46.74924649408224
68.45881982237042,-38.027701330709476,50.43853203911628,-48.72413065403077
68.45881982237019,-30.37949629492599,110.60154962975321,-28.812416264439978
68.45881982237034,-52.86872915705987,68.3960524948036,-45.3931334741908
68.45881982236976,-39.33904969434108,52.40777313135789,-37.22544875089374
68.45881982237066,-67.35034601328381,18.137888409067937,-53.568828561890655
68.45881982237039,-51.108971663349834,104.09368118072226,-32.35989409924378
68.45881982236995,-39.423297796025345,433.31933784208695,-29.208134398700402
68.45881982237034,-58.391021945490465,203.34766245442094,-31.99450950197583
68.45881982236999,-34.219432482462445,266.41490743395104,-53.894922954765256
68.4588198223698,-31.283706360865803,-20.314724099552773,-44.717732960817955
68.45881982236897,-29.5913239001502,20.319169195550234,-53.9558315091218
68.45881982237026,-53.88492246294909,-24.626100542490693,-41.603147045432756
68.45881982237007,-39.28701262682163,323.9207286100471,-23.256614693406018
68.45881982236956,-34.76620546244822,-51.71556282912578,-67.51569922205492
68.45881982237016,-47.94894835540896,-34.41137445069634,-49.12521208766929
68.45881982236965,-42.70176735823104,4.640935651753808,-52.95543609344151
68.45881982237027,-59.77097415003529,-1.8726174396447304,-46.85975035952108
68.45881982236945,-42.51561340010408,24.50612315246019,-54.7018097077605
68.45881982237007,-60.42611229095893,174.6104314332711,-43.767196901214554
68.45881982236955,-52.14680462833541,-46.294866328316566,-61.15305148211589
68.45881982236952,-33.362523968290105,141.301743624987,-43.530998751098004
68.45881982237019,-49.09901440971971,247.49794336573453,-34.52963017197624
68.45881982236949,-50.579672368589065,121.56597112734894,-34.04925433967074
68.45881982237023,-39.71449765980984,155.708017381916,-28.430587542654372
68.45881982237026,-42.14975551779776,-5.370532741050715,-51.91944647945954
68.45881982237016,-34.43945785457241,45.516527526429144,-32.30151487475077
68.45881982236965,-30.772771933221943,30.926463903085775,-56.70927827547474
68.45881982236943,-31.780233046436024,-6.536202397401114,-44.70694799740087
68.45881982236992,-41.5935241297138,52.93816059343286,-65.34501874356047
68.45881982236912,-33.37929850160422,-11.130284588706708,-63.94652097583562
68.45881982236972,-37.31694494015998,399.8246278917943,-30.195266866624227
68.45881982236988,-46.83968543183826,812.68236176694,-25.487098554386336
68.45881982237,-33.99508617750012,-15.229682730341843,-45.67475135608855
68.45881982236948,-42.02643466756779,83.7399398703219,-42.36784604493011
68.45881982236999,-41.34013643362648,25.059173871245655,-28.366021709358492
68.45881982237032,-30.317620386186338,77.63297703097021,-53.06943443814708
68.45881982236986,-35.66367099982068,268.3967514548899,-31.2123726806249
68.45881982236949,-36.04847728367948,241.39932793103043,-36.58838361603593
68.45881982236986,-29.738197655503196,90.15289406696252,-47.2576329723034
68.45881982236928,-58.89316089583434,135.35334370525192,-29.548093889466188
68.4588198223699,-45.639370399838974,164.69717550349978,-31.157320850453196
68.45881982236949,-45.16288335614005,21.59703831212285,-48.13134866226165
68.45881982236912,-43.77278300568865,35.99603449921458,-64.47042235930263
68.4588198223699,-46.97627300017584,-5.605523951929903,-63.20243067426554
68.45881982236983,-33.529081231837466,46.5039263701158,-46.07910869735956
68.45881982236955,-46.55897419511563,53.02942968316371,-43.79349773476407
68.45881982236943,-38.19562474828131,85.29215767733848,-45.518476736107615
68.45881982236972,-46.3356681243106,103.75259661129901,-33.809416507748644
68.45881982237015,-53.74069463026983,5.125022091970233,-35.72020797830868
68.45881982236988,-39.0309654946671,249.75732743371339,-42.62443375810774
68.45881982236979,-35.99045081694124,69.14480234508945,-30.367574561990672
68.45881982236959,-46.41128939518667,-19.077772599428812,-62.877040264382565
68.45881982236965,-42.191060116408806,88.83874335201692,-43.46650141915529
68.45881982236949,-46.52027249003977,129.77918721320378,-27.706233867839625
68.45881982237007,-40.029444503114235,49.126889900721935,-52.043143782237465
68.45881982237071,-48.08832539192406,70.1230032192257,-40.74937121763848
68.45881982237019,-38.70255508943604,150.3953309870663,-39.13816674868295
68.4588198223701,-35.181213882050535,31.194438405593306,-50.153387796952146
68.45881982237051,-36.13978076525518,33.664046272666305,-35.13997471362931
68.45881982236986,-45.03042229812163,134.89188025971376,-29.111199592340608
68.45881982237007,-39.98722170668402,-27.132800119864818,-49.17084822490546
68.4588198223707,-63.07882774216377,105.69346813594942,-58.15307159595085
68.45881982237061,-57.75996836553621,-4.559501757995377,-49.190058443915184
68.45881982237,-39.42625902886502,246.92778210603117,-30.030201610057482
68.45881982237019,-65.74574268347679,25.074343584446446,-42.664196453027884
68.4588198223705,-33.9874546347997,-3.381604992387277,-43.59960131562764
68.45881982236948,-26.110346164421273,83.63194974860394,-50.4030307200867
68.45881982236988,-45.795890944290655,-19.727886175101272,-56.10940338757695
68.45881982237003,-57.73624393467385,121.85820566421998,-41.221555803996104
68.45881982236995,-39.764710790989675,64.10860938664047,-41.52742009505507
68.45881982237012,-31.227613626248317,3.823363052606177,-58.332471484274684
68.4588198223703,-33.296705615550096,34.814104324735595,-45.477023998331404
68.45881982236939,-34.88607217817259,50.00710707017648,-56.63919115490296
68.4588198223702,-51.544110549113434,-41.3225975653153,-64.83725964717478
68.45881982236975,-30.93204964729418,453.54854233396145,-24.33613020549198
68.45881982237007,-42.305601374791465,-37.351514280429164,-63.031669213804165
68.45881982236935,-41.89990904723454,-15.872389141311249,-42.43032606009981
68.4588198223701,-48.12345811478248,190.2734371200123,-41.219827738266126
68.45881982237003,-32.512122196401016,-50.38402915183342,-72.17086688877676
68.45881982236943,-47.597884073062524,104.10771037179755,-35.06531448748705
68.45881982237051,-50.13101731511702,119.21609071788279,-37.2043726202847
68.45881982236959,-46.857061029127124,94.88575384817204,-39.331223139550445
68.4588198223703,-35.075235127528245,145.74710160486717,-33.21874851439798
68.45881982236943,-35.902547847628696,56.18707720540679,-33.02396990038575
68.45881982236952,-38.388931334294654,-24.459288386802612,-53.8068066826318
68.45881982236999,-49.17376569965866,17.336475730651713,-48.78011439547713
68.4588198223697,-50.00836071210796,136.70147828079305,-31.88524790968843
68.45881982237034,-39.22565700937667,102.22259419481495,-37.742679369936496
68.45881982237051,-31.095998195160256,-22.584058320300393,-47.44794917047786
68.4588198223703,-37.259122387758616,610.2720183081894,-26.142578148794893
68.45881982237023,-52.75024117569165,148.51796220090557,-34.86065131463461
68.45881982237051,-56.81250554096779,155.015063499456,-43.738783232342
68.45881982237057,-49.18000399645885,5.615241399874904,-44.02568862146629
68.45881982237039,-46.988056565124516,83.33888622639773,-36.28797821800857
68.45881982236965,-43.15336729205897,3.0047322563691248,-51.403379203418744
68.4588198223702,-40.166826240167886,-61.4211365272452,-67.44711486818395
68.45881982237059,-52.42859374696038,-32.86536414961614,-63.70190626505795
68.45881982236988,-50.50454522859387,94.76946486060183,-38.95999689040006
68.4588198223702,-62.48421940302249,45.32045783437577,-40.05724531732528
68.45881982236988,-33.510537560365975,345.72613516182224,-43.333276551882804
68.4588198223698,-51.94984563456704,96.16205518398702,-36.032127988249044
68.45881982237,-37.4946560298005,-9.767258117496102,-64.76368241733552
68.45881982236925,-31.07079746362542,-48.57636206900311,-66.04839583071038
68.4588198223709,-35.09241633481951,358.37994899666876,-33.26668058819179
68.45881982237027,-56.799721108510596,-32.70930932026593,-60.567337542155045
68.45881982236979,-43.56910613871199,40.930753040986104,-43.23741304342851
68.45881982237078,-47.42510657890791,538.1110345751238,-27.93568378292648
68.45881982236999,-57.7886807231198,37.411252899932435,-52.46306608207468
68.45881982236935,-51.123448368362354,84.56331947257858,-54.25281324865255
68.45881982236996,-48.247929053479076,-37.86933427893151,-63.846218787232054
68.45881982237034,-43.01337782277142,333.88181690533384,-32.928196815441765
68.45881982236999,-43.891164165460616,119.41407688606209,-38.0342977001907
68.45881982237012,-37.487453540549076,85.3846339536525,-41.09866299414422
68.45881982237016,-42.04662790153375,-24.33968898995681,-57.03676672775677
68.4588198223698,-34.79357552304304,108.39073288902865,-34.62571628003334
68.45881982237026,-37.162300384029415,13.510025493349453,-38.73480208032769
68.45881982237006,-33.57514524063251,16.837431386339553,-58.256615578877934
68.45881982236988,-47.45868268246609,528.5620283362483,-38.2764994774295
68.45881982236959,-50.75988043329945,164.70219846040277,-36.02412160551594
68.45881982236908,-42.27324854524126,121.02940736041164,-59.82598217278464
68.4588198223698,-52.56441817878921,-57.93568203052435,-73.34493899367658
68.45881982236956,-34.15388805727636,-45.49992071839335,-68.90959285003017
68.45881982237006,-40.35013377738841,98.59031527019526,-46.803990425477494
68.45881982237027,-47.00939736094018,-17.25831329748092,-51.06986878649364
68.45881982236956,-43.35690643986428,-1.258877292363958,-64.58551418477954
68.45881982237016,-43.42094525817958,2.5861447606739585,-48.96874001214581
68.45881982236916,-54.53466388173342,-5.394082047565396,-54.27554938117072
68.45881982237032,-38.01328220791865,9.031246265455529,-51.94918647779305
68.45881982237006,-34.613288218347506,182.70134406234183,-38.22888175316827
68.45881982236988,-39.55116775405582,38.41241190469824,-37.878614303924195
68.45881982236943,-37.77772862461411,41.495108124876914,-36.21745681512697
68.45881982237046,-45.282360737108164,-51.74779014186106,-65.34760365386245
68.45881982236983,-37.37610728220505,73.91625459234032,-34.18337930127653
68.45881982236975,-54.71703151700855,156.26780387990146,-40.45110245700761
68.45881982237032,-35.98380182512651,10.790547268447547,-38.36311084186372
68.45881982237015,-43.39118782716961,-2.853025464445258,-46.65167378320738
68.45881982236955,-37.460263497513594,-34.69236351737622,-55.9206021035602
68.45881982237057,-39.545285876029936,-39.4472525010882,-59.452819521193526
68.4588198223705,-54.13834371610311,62.31631449332302,-40.48832786902354
68.45881982236956,-47.933541413148816,-61.48934375450976,-79.29481046768994
68.45881982237019,-40.04484320698791,99.38030326722844,-40.144780337344045
68.45881982236959,-35.39282926751598,163.9393236309622,-42.63647368745189
68.45881982236956,-63.32412761935573,195.45931421210537,-36.56925048464315
68.45881982236963,-41.07550310509425,193.60905427327478,-42.588588275925396
68.45881982236992,-38.876950065861415,81.2819662683579,-47.880677353663536
68.45881982237016,-35.77847217947453,90.49365002061656,-41.68210515820356
68.45881982236995,-36.03680596717881,150.90187947645495,-41.17582055974206
68.4588198223701,-43.76976083119417,-41.12821700405283,-51.493687192758784
68.45881982237007,-41.165480733804024,84.14603068895468,-47.05056229327352
68.45881982237036,-47.15551110172276,312.265576462383,-36.22692508994631
68.45881982237034,-43.41280180613247,74.8782808745178,-38.63806462057858
68.45881982237066,-49.91287139250815,1.949685007320312,-48.27195903100914
68.45881982237032,-46.982499263912736,409.0268601630658,-28.474284577270982
68.45881982236949,-52.62894943954966,90.47659495387828,-49.97321828499518
68.45881982236956,-35.6794533175976,89.61164919921396,-30.847513175750628
68.45881982236928,-41.42052656982125,-10.533787834639307,-52.068924420238574
68.45881982236939,-43.70525114872748,-16.229533066555124,-56.283729095964155
68.4588198223699,-30.18805305382559,217.24598836133978,-32.97997767352388
68.45881982236975,-52.14300844273624,74.91857481115642,-29.46864445528732
68.45881982236988,-38.51368191565949,-61.983037530488886,-72.34434011940304
68.45881982237,-43.28968542088484,1622.4900464361306,-29.142945071758763
68.45881982237007,-39.260269292424724,305.25270599519774,-34.14473553867834
68.45881982236935,-55.86282220994192,505.0860837989767,-24.535040748285976
68.4588198223705,-38.029130356594244,42.03902144130076,-44.078002033695164
68.45881982236988,-35.94074076975855,129.9546702546176,-40.73260075966692
68.4588198223698,-30.219738282085483,30.38613460544206,-59.684496748700674
68.45881982236999,-38.02139724086951,123.33597540782021,-36.46925668831855
68.4588198223703,-33.62004648075728,22.564694063570467,-38.64839422471037
68.4588198223705,-31.518780151142156,20.49653332860086,-39.18203387372666
68.45881982236943,-42.59782449154776,648.2572812950405,-25.56736450658089
68.45881982236988,-43.768215265891044,61.92106080500397,-44.16936549066328
68.45881982236979,-41.32812203328482,74.24346691386529,-37.56478706725371
68.45881982236983,-36.18748570401091,123.27429025274954,-33.46007312684714
68.4588198223694,-42.50048324512584,53.141487180581024,-42.84838136592985
68.4588198223702,-41.932003245587566,588.5910737937589,-30.439792037465686
68.45881982237074,-42.677741718155424,175.48186257786153,-30.733381096675515
68.4588198223701,-38.354759604143226,35.121685965523184,-43.84485479558884
68.45881982237006,-47.33703133576519,5.9424323532301315,-51.86807655615748
68.45881982236935,-32.264424401678525,61.89498993988589,-44.67050394698343
68.4588198223703,-34.19804322836713,164.7604616129903,-44.06119374539309
68.45881982236968,-49.72955933359865,39.11175869542451,-37.74854795950814
68.45881982236932,-41.3314051501885,81.39279189707575,-37.78873087712582
68.45881982236929,-47.62551496725157,-21.20122551183036,-59.84676336417816
68.4588198223699,-46.96795638449615,321.4431006030611,-44.43479583074903
68.45881982237015,-51.937069645048794,28.235157291154866,-45.26092510128017
68.45881982236976,-38.41334731732098,144.78916006277865,-44.3293258645014
68.45881982237007,-55.71788135154739,143.3943783149596,-48.44750406915407
68.45881982236943,-34.000253005347616,35.24486532621785,-48.15754600734451
68.45881982236908,-43.9990215536018,88.16186211772241,-39.30856301897235
68.45881982236996,-40.19389954051877,59.77918549901568,-29.345536706437613
68.45881982236972,-50.899114024408746,295.13876337487477,-46.4465620221756
68.45881982236996,-37.72012803985051,4.771733857994387,-69.49161564345111
68.45881982237016,-45.307078030913864,-33.087110213505056,-62.324851531092726
68.45881982237034,-42.56929705195391,207.6699038232758,-35.57467712513799
68.45881982236988,-49.10816544879489,-9.897424892582995,-41.35065267902173
68.45881982237015,-35.60942654965267,-22.30893664923066,-62.40592659737618
68.4588198223698,-45.42274340129494,768.6541460363591,-41.97229147146447
68.45881982236996,-28.24663698660297,-6.573719591737803,-55.3049982656969
68.45881982237015,-60.422579238751204,121.62501480914662,-34.19363397601237
68.45881982237015,-48.212789320471586,459.6011154215298,-30.566068355976594
68.45881982236972,-42.85800186436224,141.92378857429208,-34.27523855783209
68.4588198223697,-29.283664240696982,52.2296093462143,-50.2935592720643
68.45881982236986,-40.41900692086195,35.82370617263895,-37.26079482683205
68.45881982237027,-47.96268985337358,-30.846470464954123,-52.27164172336849
68.45881982236963,-47.73341818469004,209.41321107521054,-31.094266750008526
68.45881982236988,-50.254582530484214,218.11745545114906,-51.016450818333404
68.45881982237023,-32.07529192370363,454.1165853713842,-22.48436043363694
68.45881982237012,-42.48407962477392,187.7021097684835,-33.35729779246278
68.45881982236999,-44.131882524522425,-22.225963690296346,-42.00047401981731
68.45881982237006,-40.22608739574161,-10.539884135936028,-60.237309912614556
68.45881982236956,-35.49798908037219,192.23991210675524,-40.39027844708666
68.45881982236986,-44.93565258292536,60.44950816902785,-38.90672156785531
68.4588198223697,-39.15827517999433,-14.705146919458967,-60.109530776882856
68.4588198223698,-41.00020859952234,-49.55785315417213,-76.30892116928345
68.45881982236929,-38.24547353324436,57.44614837576223,-32.17746860056254
68.45881982236965,-44.37452250023996,20.864899618349565,-48.42226316900886
68.45881982237015,-34.978724798887306,154.8687841070947,-34.550128107084355
68.45881982237003,-56.690458971416135,110.9181748489192,-48.9661415931513
68.45881982237006,-57.79641134196364,309.7692746523303,-33.886218289945035
68.45881982237023,-42.879227418308076,107.10673387192612,-41.968946206399835
68.45881982236975,-40.91587385522596,145.24860939958577,-42.74717992918099
68.45881982237071,-30.262856550436613,176.33322122749414,-32.25924489789508
68.45881982236972,-45.74674072555456,72.86132188095726,-34.21076643686231
68.4588198223699,-42.288221078788126,107.09536196944765,-48.24392276871523
68.4588198223698,-40.013538598324125,266.831676677384,-20.99116739630229
68.45881982236925,-37.26206775861927,160.4319397818549,-46.865503745817726
68.45881982237012,-48.86701633493195,-18.78382520462821,-54.59740522506006
68.45881982237032,-37.4362126940776,7.525442068757493,-61.48426301454275
68.45881982236975,-36.860835566632474,213.43140718917772,-46.40155258676457
68.45881982237003,-40.59646804350574,180.3070022959821,-36.02793331404166
68.45881982236976,-35.28109375263813,-3.24868947760788,-64.32882827370241
68.45881982237012,-35.33124405112217,125.93528710284491,-41.83923061870679
68.45881982236996,-32.25773719288222,165.82656881220612,-33.96381511667066
68.45881982237036,-39.84412486101543,198.3587877123818,-45.809278875334435
68.45881982236986,-45.21819327081575,88.55732179393212,-43.79561700522162
68.45881982237003,-63.288154253449434,563.7315388761511,-23.609282720135283
68.45881982237012,-40.54288683670049,291.0800956418704,-24.29951777148246
68.45881982237012,-48.297004886104624,60.23238303796701,-52.65811019375788
68.45881982237016,-41.01092250226562,33.829453998200854,-51.27717591915732
68.45881982236943,-53.74046120738818,-7.03384684548457,-50.44075179146876
68.45881982237061,-41.160462559268105,132.22225782875677,-40.55606315393806
68.4588198223691,-45.243418221159104,186.29639571433634,-27.52664034580349
68.45881982236952,-56.76534482643487,157.43437604892284,-34.10552728743064
68.45881982236976,-41.29251079204044,232.54486849153366,-29.396985100832808
68.4588198223701,-42.8308565989536,-5.062586458956508,-62.877356832095266
68.45881982236936,-25.073118081752867,-3.266702332971494,-48.458737861577795
68.45881982237063,-43.876548722765605,-32.58868934964059,-49.44909212969095
68.4588198223698,-47.92011894380027,56.62158718923131,-46.86795722297209
68.45881982236952,-43.317378228843964,461.0647682287582,-32.07071383230639
68.45881982237078,-52.59946315492676,95.79256737922984,-33.908288875949296
68.45881982237,-44.385254384386776,348.5546260861902,-29.603926199192532
68.4588198223701,-47.11756839766773,181.40235923010079,-34.1218814100121
68.4588198223697,-48.90731999699655,31.236283692496535,-38.43306185872927
68.45881982237016,-37.95295348094273,150.13291359149216,-42.17524306298095
68.45881982236999,-41.43163116689112,91.06466047682783,-51.166316823629764
68.45881982236983,-29.31646513709102,503.951073330956,-34.18396445084076
68.45881982237039,-55.19704066291866,-26.085208403010196,-66.09818249812065
68.45881982236976,-44.26094410517706,75.80047486957919,-27.403745466371255
68.4588198223699,-36.985459886025716,-10.10657757545167,-55.540181941889564
68.45881982237027,-29.723181963795874,118.9627283467467,-32.079849922120054
68.45881982236983,-43.25683903535496,147.89342526962676,-28.39988437581199
68.45881982236921,-37.68118635816635,-15.074035398899067,-49.31121946162119
68.45881982237019,-54.266500011443576,77.40778679872982,-36.628197529170194
68.4588198223696,-37.21859274210138,-9.706278618035347,-65.30749379854203
68.45881982237,-51.60735314649485,-47.24445542304605,-80.41231921845583
68.45881982236972,-28.40628759073868,-51.343962699920276,-60.00102757942313
68.45881982237027,-39.833182635057895,613.0588615120771,-32.67102568520133
68.45881982236999,-35.036197956496764,165.81933890201955,-45.69742812912595
68.45881982237016,-31.200489709985234,-1.3815373512726992,-60.175090582673576
68.45881982236945,-52.73427644158206,-21.112138253376468,-41.98716479966066
68.45881982236956,-44.079257418246506,144.10348718602415,-36.028468391802534
68.45881982236979,-32.46886481825197,-14.862508266458596,-55.73671277218251
68.45881982236948,-41.179122281416234,116.13406711703882,-34.82881852178848
68.45881982236986,-50.192590800991695,-25.845039040855212,-64.45824732435902
68.45881982237015,-31.506906039682793,293.65923707802364,-25.506966155478583
68.45881982236972,-43.06780623085943,200.54505459789772,-42.66912386712946
68.45881982236935,-40.17547698320432,-13.410216907917484,-59.73046225043611
68.45881982236995,-48.92903684292792,-52.643200621930596,-62.63463942834826
68.45881982237006,-51.33997163028653,123.67640205146407,-32.137775102600386
68.45881982236986,-42.66699046497531,327.5977269466826,-36.13260044908861
68.45881982237067,-59.252069326723614,475.8696959200601,-28.473486413655124
68.4588198223699,-39.1035825483504,80.98774535209078,-54.28814502876467
68.45881982236975,-31.373909907366947,476.64766182499426,-25.379383848080195
68.45881982237066,-53.5919083225048,62.55189503066389,-37.53151977922589
68.45881982236983,-49.28786434143109,18.077378605666738,-46.12092401607404
68.45881982236924,-43.56401614202221,-62.07500938385009,-74.54338307835715
68.4588198223703,-40.62514472613729,555.5308069731711,-21.677650617164545
68.45881982236995,-34.729535464578106,-51.08512666819629,-61.394184707961855
68.45881982236955,-44.91516131552369,109.18464715426958,-40.74797191125471
68.45881982236992,-32.63166789175573,287.7691854450341,-27.592637557713406
68.45881982237007,-46.586110257200865,-11.432726843966945,-50.51700771969657
68.45881982236992,-52.06909760023996,2.873032809070253,-51.46883801595583
68.45881982236979,-39.192166539128706,81.34177911910163,-47.82640662657967
68.45881982237016,-44.232356680351806,62.85291758326217,-44.04892948992099
68.45881982237081,-38.03907849880679,215.49575962783902,-30.178910635995692
68.45881982236956,-44.49473124354443,77.49956522933701,-36.01141449437666
68.4588198223705,-43.620708334503696,-51.487154417119726,-55.40740799632958
68.45881982236904,-41.894381457340444,75.13474671883218,-39.90206149237632
68.4588198223696,-42.3164814080265,-29.312063056026005,-58.207611478671595
68.45881982236945,-54.166060079869226,207.2633307678941,-36.93009753367797
68.45881982236996,-30.23039655429204,11.302343442441142,-63.136744195469774
68.4588198223696,-49.607960831100094,80.30500914124981,-45.90721482384497
68.45881982236916,-38.75950363397751,26.188419378448646,-41.16167854156541
68.45881982236945,-38.22437841443877,127.55564298955147,-37.683808710316015
68.45881982236932,-34.27841435235016,-16.087446111809655,-67.66733583260005
68.45881982237034,-37.016421423473965,-43.21416077243639,-66.34884607664968
68.45881982236972,-33.108971115269746,152.26768361471824,-53.75447681573109
68.45881982237026,-54.39401105576928,127.46882834562716,-43.10469065303525
68.4588198223698,-37.69760657467963,95.01322456399306,-44.71816997326354
68.45881982237034,-36.61127675410041,882.3280399297024,-26.149957288254832
68.45881982236952,-44.677865830497545,281.7732151357259,-58.01932638532974
68.45881982237006,-39.05520660861518,105.80649633995343,-49.645187889662644
68.45881982236948,-46.643117914060696,62.83158454752837,-37.77187870460137
68.45881982237027,-32.34698523366421,171.34021209929915,-42.36583641750773
68.4588198223689,-50.46519197591481,2.8574026490002957,-60.9888597324373
68.45881982236972,-38.02174134869277,2.735326440143071,-68.07166750512495
68.4588198223696,-47.50742624050689,-56.13161881239328,-56.13702862805914
68.45881982237006,-36.033221969975074,50.17286417835574,-43.56107682343344
68.45881982236959,-31.720476946560716,341.9385663009014,-29.156271593909967
68.45881982236999,-42.80421953453198,11.197226677726025,-48.78004228469449
68.45881982236972,-44.881452572438754,79.22391007901022,-26.78040333929077
68.45881982236988,-55.0349025389818,-5.596703475788778,-63.319803997726744
68.4588198223696,-30.600864256385428,0.9213230774591352,-66.47065775891858
68.45881982236929,-50.77728204464673,111.99262105375465,-34.08887537840326
68.45881982237,-42.050989534212235,237.98713470063055,-27.52701551222628
68.45881982236955,-50.6460158410507,51.055053530872364,-44.382162843783476
68.45881982236959,-41.65997581240668,-52.45115662594446,-76.1913040540426
68.45881982237039,-47.282635630952704,190.04508052394223,-41.831356597717395
68.45881982236995,-40.8735801953351,20.30824315404296,-41.25827354628962
68.45881982237003,-52.4073172748608,169.79849110572025,-37.69093864017768
68.45881982236928,-48.37225037853074,-3.277338293128673,-54.89798248835438
68.4588198223698,-39.978865923370876,48.852213030229976,-34.54057169510564
68.45881982236972,-52.37275485884134,43.6731486763861,-57.1613113030629
68.45881982236952,-27.646234241501688,66.41161088871948,-46.03573232341237
68.45881982237036,-39.59278094646962,-40.20344747029219,-53.35316257634632
68.45881982236955,-38.254379475102255,64.44119926415885,-37.45559062712085
68.4588198223703,-50.181784076324746,261.63331081913,-39.74341106100756
68.45881982237026,-36.50424742812096,-0.7685323274250422,-41.680071708754205
68.45881982237034,-34.808371060799956,92.0174773395795,-55.53002576866135
68.45881982237036,-41.07970212896272,-14.40784925176748,-44.635614943873904
68.45881982236945,-35.474276738460965,357.79705821080603,-30.149918135776545
68.45881982236975,-53.53467704895007,188.34021077324542,-41.71576962576643
68.45881982237012,-56.6021219719762,623.8269997038817,-25.680489098025838
68.45881982236928,-30.94692176387136,280.0809796660838,-35.629397432190146
68.4588198223696,-39.83197248708915,85.07798984192118,-53.73798736448594
68.45881982236936,-45.36098836944713,195.1660943685698,-46.1923685302796
68.45881982237016,-37.82205374682,105.44041516220864,-38.23161628354212
68.45881982237003,-40.123282526431616,50.60448739080394,-53.714053481671755
68.45881982236959,-51.16138594305697,22.59759383139166,-41.31856132568458
68.4588198223699,-38.88143372273877,85.33733480838133,-38.37268132069638
68.45881982237027,-41.289547602575325,99.61291380909793,-37.86018730144588
68.4588198223696,-46.53162644321854,116.60259690236975,-39.76592192427012
68.45881982236949,-37.548939714804256,400.4428300385124,-23.255334300948583
68.4588198223699,-39.724906095692994,-55.789143887561956,-73.12513925083411
68.45881982237015,-33.81035590639371,95.02310277941666,-44.757820932257694
68.4588198223697,-40.019623318023,-33.837443408671994,-73.65891228875124
68.45881982237027,-47.89871485656489,121.2708520185565,-32.73864241114588
68.45881982237039,-46.99876460455934,130.41838414103813,-31.34784587975853
68.45881982236999,-33.9857410611955,71.18867989472524,-45.103740956957374
68.45881982237007,-37.609301032979594,73.08723882376373,-47.530740176750754
68.45881982236995,-42.926691984079945,142.14646271118676,-34.242386015930705
68.45881982236959,-42.165774372564215,37.066798822051126,-62.421951604844175
68.4588198223701,-44.128962462674124,18.721839333211744,-56.43935056745513
68.45881982237036,-49.27471833677559,36.84351141057016,-55.65522406106217
68.45881982237006,-34.62340149683938,8.28125113011553,-46.86365485391644
68.45881982237057,-46.142215276482524,476.70505879087807,-25.009931350938242
68.45881982236983,-51.76237874063969,109.96229355934415,-31.956598378554133
68.45881982236943,-42.67807346999193,77.94729615989795,-40.82480906864503
68.45881982236975,-45.69625459670106,-22.758705264526412,-50.913523990974994
68.45881982236995,-45.24434212618594,53.84031510692717,-35.159608256642436
68.45881982236972,-35.500079947719534,240.27378996891522,-43.252641600141175
68.45881982236928,-39.26506100639061,45.76436298230951,-69.55726569202405
68.45881982236943,-48.290488601867445,227.47597974614004,-35.809269057507144
68.45881982237107,-36.60138653685255,111.6360060556593,-37.8729630358412
68.45881982236943,-32.6445089478107,1.0319383253040826,-37.74582145915419
68.45881982236983,-36.63129510884742,34.997486322943125,-50.37946003600625
68.45881982237,-43.696075868066075,106.48867951391287,-23.61193365862593
68.4588198223698,-58.722381975308394,323.7997225607966,-30.510999651912318
68.45881982237003,-45.32286242078551,-28.236026303909647,-75.09625608729101
68.45881982236955,-39.32358018350275,-21.35101934789798,-54.19803935825016
68.45881982237051,-43.06844582637982,120.6829873494204,-29.72413838808492
68.45881982236979,-43.61920967671118,26.416823899422614,-48.81158052321277
68.45881982237019,-46.96602045732763,-25.78152157251076,-53.872110857239186
68.45881982237016,-45.40482866259289,102.12894863826602,-41.1561468008081
68.45881982236968,-47.61750301855824,-32.788116339386164,-50.782683940610475
68.45881982237,-40.14189392109405,288.7173665462346,-40.20791294324001
68.45881982236956,-28.452028651788787,26.167508143153917,-46.35375028209051
68.45881982236972,-41.89223291016587,-34.999283466259016,-61.772559719191314
68.45881982237078,-47.893358854848834,182.92916370685464,-49.21402028979923
68.45881982237036,-34.713937711063444,-39.40890807096985,-46.837464018441075
68.45881982236975,-33.83615154662552,-21.68329643339367,-69.80421124050632
68.4588198223698,-42.54842071266346,-48.16892191927493,-66.1113801209417
68.45881982237032,-44.85694902547852,123.81907679458291,-35.040005671842756
68.45881982237023,-39.49078431395073,86.6997269351524,-34.48425103900442
68.45881982236979,-33.27828468386904,195.52219465915917,-50.294523018737934
68.45881982237015,-40.243342376137356,-10.815412602528074,-53.57504426096238
68.45881982237016,-34.26314607298616,134.79587058467533,-38.52037681676707
68.45881982237032,-28.35083314921093,92.11625790447518,-36.65980452559715
68.45881982236915,-38.31180081450833,94.87166640385223,-44.48534868857317
68.45881982237034,-34.63340190592012,179.28976415014918,-47.5277152791268
68.45881982237007,-40.86003119167573,49.86607396249969,-49.13164755905126
68.45881982236885,-51.775539785829395,298.8880160412911,-50.79869636428609
68.45881982236929,-54.87652458555126,323.25144909489165,-28.51327395440193
68.45881982237,-48.8483311976982,-5.647934596297932,-50.038829017609224
68.4588198223701,-46.24363033534258,119.06599007761129,-43.23117487275474
68.45881982236996,-42.60789705429199,82.22658585793823,-33.19916354579805
68.45881982237019,-29.618859313310097,59.693289357157255,-44.78893193739205
68.4588198223702,-50.85772083928764,713.7613818016541,-32.228636451037694
68.45881982236935,-40.02520333339302,-19.83396996168275,-52.145529159565754
68.45881982236972,-44.67060879740913,247.63196343727012,-30.276973740194755
68.45881982237034,-61.59071495803954,127.30671771772694,-39.14361592348198
68.45881982237036,-41.11692343629776,287.79921812221875,-43.48495515976404
68.45881982237006,-46.36730189820473,13.719117649791702,-55.133965148426846
68.45881982236988,-40.03970618655801,98.84415596364396,-52.24414735693568
68.4588198223696,-45.54136268629983,47.32027801158527,-53.04311669778906
68.45881982237043,-49.969064878237255,-3.9491550662920427,-50.63140477769477
68.45881982237003,-30.02465745153261,-7.362302824175848,-51.792908844976424
68.45881982236983,-42.01135229079158,195.90576602852946,-42.78168698149953
68.4588198223701,-37.19959899455417,48.45164761407972,-38.31227318382731
68.45881982236854,-41.71788005194682,188.14655073919786,-34.67135136988404
68.45881982237023,-45.10450138229459,63.659511012415514,-45.30631416828268
68.45881982236968,-37.45483244530371,607.8089645092432,-33.66291608914413
68.45881982237003,-50.907848932378094,46.732385687999376,-48.06347110132787
68.45881982237026,-54.18473094716278,290.39356685043896,-31.94760973515123
68.4588198223702,-46.66019108611666,163.34407363620883,-32.161451506291286
68.45881982237012,-41.79151599702955,56.26193298631206,-54.36513918465691
68.45881982236972,-32.85615586313082,101.23926786021116,-41.3534270518367
68.45881982236999,-29.973039603357464,60.28407869014332,-36.353514709625635
68.45881982237019,-41.60097865208764,-11.367328177283287,-54.02279534638112
68.4588198223699,-46.602251946337304,4.926061915503133,-49.50968394453198
68.45881982236996,-24.13719896234612,71.27279482846838,-37.5394438071024
68.45881982237047,-39.44221079423074,139.2765527269654,-37.90657050627878
68.45881982236956,-34.598852578771485,72.76038414526178,-31.36405432848184
68.45881982237007,-48.33998929120017,111.53938460954542,-37.00493290881478
68.45881982236988,-44.6542022767346,665.4163047164885,-38.59235702794768
68.45881982236968,-38.654862427968716,124.95037556206819,-55.28039916343393
68.45881982237012,-31.37102152773944,56.97197693897744,-56.715166698031226
68.45881982236952,-34.69492646919326,25.09726914174277,-38.553731441294325
68.45881982236968,-41.88263541170606,-38.03970776443724,-61.747272207691694
68.45881982236995,-37.84344570722714,190.36296536672745,-28.64075936373467
68.45881982236988,-49.62476560061514,25.51798038850044,-46.122414273226674
68.4588198223698,-38.152903745712244,-2.1137904022737297,-45.82831212035627
68.45881982236976,-31.844694304753073,35.85816419420913,-51.71962389127109
68.45881982237006,-37.01102397629727,-43.034069933656525,-49.15385947938393
68.45881982237034,-44.70233412604567,257.6428605226614,-26.054974248198437
68.45881982236988,-46.18408154590274,271.34926387203495,-28.78736198991464
68.45881982236999,-38.041870694893944,-2.4963334931085157,-48.122761165924224
68.45881982236996,-45.4881672260527,95.99645468365003,-29.362016128702884
68.4588198223703,-33.238807309065606,168.45269442948702,-40.64167600652294
68.4588198223709,-52.72622631034456,322.580423352797,-38.925598181591695
68.4588198223696,-42.210197445507845,331.8379742070814,-32.34720841489687
68.45881982236992,-52.703853114425314,766.470574460984,-23.53828023594162
68.45881982237012,-52.59542083688338,-12.396603314700538,-58.34073291253894
68.45881982237012,-43.21132442259179,111.8444232956167,-44.32795234182283
68.4588198223694,-33.15666281089593,165.24413223415198,-38.675028466669225
68.45881982236968,-28.753465409749513,-49.0033195558755,-69.50712455984984
68.45881982236988,-42.88850574654931,29.197214936319504,-53.83917464975143
68.45881982237039,-39.97531437196458,61.173690103028065,-63.196586441270306
68.45881982236979,-44.22374046860432,87.98907467676018,-33.8502096798209
68.45881982236948,-34.33646913533007,121.89556218362907,-40.15087147846843
68.45881982237012,-54.38427595908367,1.8041640934624237,-67.41956864217016
68.45881982237036,-43.68483507213734,0.032306275266935636,-58.10425604186581
68.45881982236992,-43.99648855936461,39.606071280167775,-39.903614430915
68.45881982236996,-36.95376398169658,15.077743699595425,-60.19931715391357
68.45881982237023,-38.22799919283252,-36.78788465025142,-59.8326391988983
68.45881982237046,-53.889695282306626,70.69647942632544,-42.54578330243166
68.45881982237043,-57.702007713746674,38.13756572948772,-54.56295948651996
68.45881982237077,-45.90104265217965,135.69403541740917,-32.32023559408815
68.45881982236905,-46.01682168237301,30.799279072835063,-52.42255262903994
68.45881982236983,-34.814870438886345,101.7941844888437,-32.60077811839752
68.45881982237026,-42.79523830265052,88.17979953231998,-39.07683076892715
68.45881982237036,-32.494204409935804,173.24244893215788,-23.236670890467494
68.45881982237006,-43.30383560350165,-12.494980918815868,-57.21153312467491
68.45881982236986,-39.88212952588057,51.87287171932296,-44.07154595784214
68.45881982237007,-35.95579723143313,100.36326718742305,-34.59915677026692
68.45881982237012,-48.40558400649129,-8.492805999045538,-53.97080806518543
68.45881982236952,-42.494270035239076,62.53892311947708,-60.67273381738107
68.45881982237027,-44.793288801030684,188.72299038859651,-45.910218971010075
68.45881982237034,-43.732287753414475,-38.96896267692356,-70.37815377362516
68.458819822369,-40.642079412129874,191.32798619565133,-42.249078310886965
68.45881982237019,-32.70569519557595,34.387623056901326,-39.7841836543183
68.4588198223699,-56.16177473882864,295.76939510338127,-35.65914744586295
68.45881982236956,-27.398385903380206,163.27397873390956,-60.39303794019095
68.4588198223696,-54.13248124499237,44.72265366526853,-66.96745660121891
68.45881982236972,-43.53298913145066,178.4861382760186,-34.16169977839007
68.4588198223702,-36.498217398885934,48.10391919636865,-56.2535382009266
68.45881982237051,-29.810640463610095,88.3556360750735,-47.82471569513665
68.45881982236999,-48.226669366399754,167.7457051500431,-43.5815827579261
68.45881982237003,-54.11739568830225,132.22279446117176,-49.956213316218424
68.45881982236949,-52.6186021493398,-5.271994078764419,-57.99066340572787
68.45881982236959,-38.40213354274739,112.47390994665105,-33.264295656826526
68.45881982237054,-53.52771483991942,2.6399660556992055,-41.12906136532919
68.45881982237046,-40.966403148342465,76.35079003637537,-31.80061752704293
68.4588198223697,-47.09156452907647,42.60700686364181,-63.701039268022264
68.45881982237027,-36.92598579804166,157.49301510892226,-32.32584805973353
68.45881982237042,-51.611161687375684,58.533123605082515,-47.755456222317875
68.45881982236884,-44.35625630343994,37.199333397847155,-31.368016597160164
68.45881982236943,-33.60654455564174,93.56391665493629,-37.05844984889526
68.45881982236956,-49.778101134770466,37.13216954234318,-44.67000253067164
68.45881982236952,-42.713288268633974,241.46753755718186,-35.63799202136242
68.45881982236992,-46.03264267360368,99.28554343625049,-47.44259448240602
68.45881982236965,-32.53444005596763,131.38172802474463,-42.28640763155321
68.45881982236965,-42.24421232655927,82.90437012479678,-34.72141971861728
68.45881982237003,-51.49761962215074,93.26210278090086,-54.371194985729986
68.45881982236963,-40.61392610612786,314.2925975662356,-32.505230782369885
68.45881982236983,-50.94185834190028,58.61170378595162,-40.86330054126341
68.45881982236995,-29.966226100829687,265.6271932947678,-32.44000427576958
68.45881982237034,-43.04616322226769,101.2668651011778,-36.64752486383889
68.45881982236999,-49.6576329945986,82.06720645752831,-48.12962798394269
68.45881982236992,-40.545138996975794,221.70968149003733,-30.337222325292245
68.45881982236949,-50.09477585913879,303.9062516658624,-33.54077331064204
68.45881982236952,-49.42245363823405,167.40286905567768,-48.831989225546415
68.45881982237032,-44.39351460861927,-9.597543367682205,-49.20653928579305
68.45881982237003,-51.46490762514302,-2.994956751576172,-31.55619120531202
68.4588198223701,-39.59767648722396,-34.20131310412301,-57.846722028821176
68.45881982236945,-36.40283920453052,76.72583859513861,-35.56315146006398
68.45881982236986,-42.952109491732074,57.23131074066741,-29.622279415044627
68.4588198223703,-34.85087037221065,6.033189431806685,-43.67753453101362
68.45881982237012,-37.70819139100096,87.14425809645836,-39.324269065573915
68.45881982236976,-29.423636689383603,90.2642080025661,-41.19476649589559
68.45881982236968,-36.36243867298054,23.02728364657163,-33.39119905661254
68.4588198223699,-38.59186216469455,174.6148780909536,-44.66340801718987
68.45881982237,-34.343783274547434,28.77718477792779,-47.62292585264613
68.45881982236905,-38.097719010532714,8.190311418561592,-50.98791587089087
68.45881982236949,-57.305445690792524,203.62399621346992,-33.74573360171295
68.4588198223699,-39.37230774551256,87.49705786904917,-46.219526143790446
68.45881982236995,-61.91047908760156,162.84026541188453,-29.745886178925176
68.45881982236924,-54.11330078012801,286.65334634487067,-29.056468837412417
68.4588198223696,-37.1953056388346,47.29735377868196,-41.31667524001708
68.45881982236921,-34.51815743539146,367.1943306197104,-38.46752898040913
68.45881982236986,-47.24497219252009,153.15276821857452,-41.79811814492791
68.4588198223701,-32.33321464920523,-6.7693580928052555,-46.31975700253984
68.4588198223699,-40.795259594378116,652.2697552825024,-33.97121900050142
68.45881982236986,-44.4893871729141,179.94476219116643,-31.56919851495258
68.45881982236948,-39.07665495004539,66.33133946470282,-56.696677434558374
68.45881982237,-38.69741414547392,89.21228047196448,-45.61033545136964
68.45881982236965,-41.004535809134104,-0.11976806306308596,-61.24190676677785
68.45881982237023,-33.35330950677429,38.649850942769135,-39.5457485139332
68.45881982236949,-42.71176469715171,63.99139263744695,-50.044469534523195
68.45881982236916,-29.645078398643566,33.61877378809916,-59.200385999354225
68.4588198223707,-47.11037850130627,99.82030706076186,-27.429628702253062
68.4588198223701,-49.63969416683657,335.2941611006963,-31.709223594523404
68.45881982237054,-41.29866873912729,137.16582682251192,-31.76435928282515
68.45881982236999,-34.06831257415759,79.34089473744478,-39.37748207765714
68.4588198223705,-31.370500326102967,135.7796034396438,-30.33283209623202
68.4588198223697,-35.40395661331931,79.96947496874056,-35.6546532684137
68.45881982236968,-42.64055938565642,16.82163293585157,-58.43230710198532
68.45881982237051,-35.9066138055389,52.125860686506556,-45.413825452994786
68.45881982237043,-45.92297759401307,246.2522459079646,-36.99051753045898
68.45881982237034,-36.9777136091325,-4.781648096949686,-51.43044578271672
68.45881982236952,-40.34532350786625,67.19007115969,-35.61010255855393
68.45881982236983,-44.918028692247425,70.49085952362002,-35.15728979906242
68.45881982236948,-52.65822530081805,106.54932109116797,-43.67746905361225
68.45881982237,-45.286147990762295,61.85992531463496,-53.180311040548055
68.4588198223701,-51.45992821421872,124.70100438895848,-29.9994188078334
68.45881982236986,-35.851753463407,149.58939529110222,-36.91886428658376
68.45881982236908,-36.37949255481845,-3.860345676979071,-34.38536087338936
68.45881982236972,-52.27862559330446,394.64612076781026,-40.59969889381107
68.4588198223696,-44.46181025238533,164.0817938416634,-40.07229336825109
68.45881982236983,-46.0700735827913,197.39855055196887,-32.05772519040732
68.45881982236956,-54.78390611413303,54.123870075698946,-45.32836099693765
68.45881982236965,-58.13860917046914,18.95057319241893,-59.631856266357296
68.45881982237042,-48.93592625124551,71.30425041389915,-49.004619702735766
68.45881982237016,-41.4492167292427,25.673758810942648,-51.61495735636308
68.45881982236999,-50.70225389722507,59.71744213258561,-29.47702656952549
68.45881982236963,-49.174218751321796,135.39305945125776,-29.41852652498962
68.45881982237026,-33.80481886867342,-27.23814076611194,-44.50093145770945
68.45881982237,-36.419641332259886,143.3419577968202,-37.30085962299562
68.45881982237036,-44.327672299718245,-20.970902066608932,-59.25724643615666
68.45881982237019,-34.02016178022434,-0.5211346473847911,-70.07832777309989
68.45881982236986,-49.846534545023914,-1.3131767752559975,-38.50563079778754
68.45881982237007,-55.0089296854116,24.792336869961673,-45.13685216401171
68.45881982236979,-27.297800004482763,182.52345135819027,-29.05714066529844
68.4588198223701,-44.90406848487935,94.575543842485,-48.847394491034244
68.45881982236976,-39.94986932664807,325.24908395715755,-31.508477276435087
68.45881982237081,-31.89364267946434,-4.942078571675257,-40.23434896971979
68.45881982236965,-51.53493611190954,30.666871178171352,-46.764516803797775
68.45881982237,-37.22791181442471,162.31555707537407,-33.869953880096226
68.45881982236952,-44.33981668719085,208.48580584008482,-40.825716768890395
68.45881982236995,-35.10806152244727,-22.51688512326473,-51.30295395518698
68.45881982237036,-36.08115504070783,12.047391688657116,-42.005161987740244
68.45881982237023,-33.04919115009173,46.102161082705884,-42.05677800035195
68.4588198223697,-61.17305968183524,23.10323261016176,-41.04503087416681
68.45881982236995,-42.48093031259253,7.5622738357085995,-38.01683026349251
68.45881982237027,-39.85500343195271,72.61103319165207,-38.791259833584554
68.45881982236996,-46.26742527857343,22.147207679385204,-42.805659895679824
68.45881982237032,-50.78557432605948,7.670333088564929,-53.45722448129602
68.45881982237006,-41.01100566340514,-54.2901347842592,-63.57799207016455
68.4588198223703,-29.478138042326574,-67.30582185903913,-81.17931806370788
68.45881982236996,-36.286349728111624,105.86798425545281,-41.69423661435492
68.45881982237059,-38.98227569861058,117.94085655513764,-42.511392038361876
68.45881982236968,-40.28794142229568,214.69219197425443,-26.382863626611986
68.45881982236975,-55.1217405715237,19.893657385209075,-46.06710165238004
68.45881982237034,-37.81382654037764,-9.10851207314768,-55.17070202495684
68.45881982236975,-37.67495857806601,130.63357086627718,-49.5869151695409
68.4588198223707,-43.49071953809758,95.24141153980028,-36.88077862462408
68.4588198223699,-60.12622003654175,61.42339912597103,-51.83072026786657
68.45881982236975,-32.208247526365376,736.9910667646432,-36.7295119399508
68.45881982236976,-34.625941798454676,-21.968241569774328,-51.313948766466
68.45881982237032,-44.157924974880494,163.6199763399514,-52.22208892776716
68.45881982237039,-50.760302249000844,-15.27746774771498,-46.24721676287148
68.45881982236932,-31.506626773374002,-19.817728986963303,-66.63264880146633
68.45881982237036,-41.53336825827705,667.4157481942191,-28.293176794549403
68.45881982236952,-41.94193738152649,129.65562237520442,-34.505595476181384
68.45881982236932,-36.40752180664827,-45.21166177444417,-62.82402040254371
68.45881982237023,-47.020394565938695,164.5398599182527,-32.70399040453717
68.45881982237063,-31.44064546522286,167.7921408170388,-30.491132221757688
68.45881982237057,-45.024880416750456,93.92794552163319,-37.68863352369719
68.45881982237012,-58.106169907214166,-39.977966974930844,-50.962868722865
68.45881982236894,-39.11229062620848,230.79578366903678,-37.04517372051076
68.45881982237026,-29.010260998556248,53.58825942297201,-38.21575530573384
68.45881982237083,-39.45848748751178,63.98623046953651,-48.970001531008876
68.45881982237,-36.13570261300231,59.36554219704018,-47.691026963990964
68.45881982236959,-34.87031845180118,36.32220552052188,-52.3178096298605
68.458819822369,-53.92946619366532,528.1226824409753,-29.740640368011462
68.45881982236888,-45.31966311882747,98.4116015563187,-33.75454126459315
68.45881982236972,-59.88835377087377,318.27130237080087,-30.998118465179758
68.45881982236963,-48.49840236639847,-24.34185400572455,-57.38899654052515
68.45881982236924,-45.562959208801544,48.338919956436555,-59.721240098035786
68.45881982236936,-47.11444790258932,12.054004827701581,-45.503861057771175
68.45881982236963,-38.64211780091389,66.13061611789723,-42.768387588391974
68.45881982236976,-37.60491055593369,-4.873117773546076,-49.214767349512655
68.45881982236995,-38.742107374802856,88.65160622620462,-37.69337081808067
68.4588198223699,-35.51969789079201,244.3724552227391,-35.043161668255365
68.45881982236986,-34.29109781007199,60.06776432460521,-42.08496261029453
68.4588198223692,-47.253207779707736,-9.709534811678788,-47.47102561643095
68.4588198223694,-31.09044297244481,50.86446216680067,-48.47784366806855
68.45881982236972,-46.23648499830705,199.52503515351913,-28.402445411785028
68.45881982236949,-36.38238842302438,289.6616833974574,-29.881612281900715
68.45881982236986,-30.30063698838147,-50.38130358293127,-65.80224752389934
68.45881982236965,-55.67063100725734,-46.19749275015907,-55.09832105950403
68.45881982236979,-44.457242936331184,132.04706388690983,-32.347901117417045
68.45881982237,-37.627643928475194,124.82661311731546,-40.380944342382605
68.45881982236983,-43.341645167717346,-62.913010738177746,-66.91501737762371
68.45881982237067,-49.20596295758921,4.228199372290553,-47.68508859630528
68.45881982236956,-35.37229404822545,-48.01348871289088,-56.1774449244333
68.45881982236872,-43.505285293733266,43.10747068224548,-45.24425326027934
68.4588198223698,-50.53635673905133,38.244901767154914,-33.59617712867061
68.45881982236983,-57.93180538301983,-26.82684430533836,-60.0909843554184
68.45881982236925,-44.199636789166576,89.34237540991126,-33.40923465222738
68.45881982236976,-36.48752105705738,299.157250783712,-32.353146827297884
68.45881982236955,-51.071154078867245,188.52553658668296,-36.7582153357741
68.45881982236952,-40.317440748978896,392.5310024785636,-32.844262892282394
68.45881982236963,-34.1854598608,76.51211423683866,-32.00124625926598
68.45881982236975,-46.33699557689962,59.21876846136001,-37.17252305516598
68.45881982236979,-47.922601160584335,295.2871788584527,-35.308825136781664
68.45881982236983,-31.760104523913125,-47.80824960177876,-69.2175407018927
68.45881982236956,-38.431460863647835,78.63713713787439,-59.133788626833294
68.45881982236988,-44.09176912610272,367.0481738475777,-36.1952725034493
68.45881982237006,-40.620529744584,0.3012743694348119,-40.71261843224774
68.4588198223703,-41.97641795328894,-57.26615936569117,-74.05332266172202
68.45881982236979,-41.63489947976531,-34.46495321799154,-62.700515441335284
68.45881982236972,-33.802410056656676,238.91220420562624,-46.694018137230174
68.4588198223697,-32.88325013477642,75.7737773381691,-31.23911927766898
68.45881982236992,-40.036549975309796,-47.03950112460973,-56.9982492763058
68.45881982236949,-31.691549492546933,141.90043959571958,-34.5404355692642
68.45881982236979,-54.333215792535825,135.3297879471104,-30.175322805104322
68.45881982236943,-59.3542428255105,166.70120556550216,-35.79650851696103
68.45881982236952,-40.79779676499593,22.2367882908689,-45.42879342491638
68.45881982237034,-48.21785015647298,6.902746023980355,-60.28261182376431
68.45881982237016,-52.24064519756102,89.89250263478506,-49.48020076547957
68.45881982236956,-45.484333303206185,-30.948894101754366,-62.62406867449768
68.45881982237015,-51.962315574970305,229.76221408898328,-43.128687300815315
68.45881982236925,-35.27440096088903,127.06950265002929,-57.095934054649945
68.45881982236992,-60.06747128197824,543.5195320442671,-36.10454737778554
68.45881982237032,-28.96887251307184,25.449395373050578,-59.36339460406293
68.45881982236948,-29.639406616492735,30.25213266480431,-45.951191469954765
68.45881982236996,-32.64220609815932,316.5635749053689,-35.85251990078062
68.45881982237042,-53.023740625838876,69.23139751838234,-38.383525550189546
68.45881982236995,-33.46707835397369,180.22947741295948,-40.68234393977954
68.45881982236916,-49.403480496946464,-35.50002267697615,-44.943004862071575
68.45881982236983,-30.658672059597226,126.4998938232289,-33.58008940656554
68.45881982236956,-52.208027128105904,-58.93575745718643,-68.4246018658839
68.45881982236908,-46.46860517862531,-37.398464760585995,-60.0627506846567
68.45881982237023,-30.96490396543071,23.17965349359552,-39.13514724739374
68.45881982237007,-37.550119788214474,139.69037197892354,-40.63720901218907
68.45881982236888,-51.552349802430754,346.4837776341969,-35.44431375633671
68.45881982237012,-33.66519562348955,122.61900812941242,-52.37750169563057
68.45881982237012,-36.83775887228868,372.4137981880961,-27.026018317045274
68.45881982236996,-51.73646995525223,3.96672151673354,-39.711872890404656
68.4588198223703,-36.03500917753338,138.5733576101838,-43.15691027592143
68.45881982236963,-28.99433367812336,92.81637425104208,-28.116888865463718
68.4588198223698,-54.6946845760199,-16.674684411619868,-60.628808767804124
68.45881982236983,-45.18761596562765,76.1241264201613,-59.007406077578835
68.45881982236936,-32.51259667018258,300.8529838941685,-41.44762020777099
68.45881982237019,-31.386252198635578,234.20400686379895,-43.7829990655729
68.4588198223699,-45.27251825858517,12.770539300967876,-50.74811676241009
68.45881982236948,-33.26714405749731,265.4787573163769,-30.99580725362161
68.45881982237019,-47.27927128868586,327.744439581423,-29.68710992736271
68.45881982237003,-42.106897525940546,132.23690133304652,-32.057095967783745
68.45881982236996,-40.53931797659012,51.40128127503889,-47.771553660823706
68.45881982236995,-40.47979162882458,163.35584634666867,-34.437543647848315
68.4588198223697,-47.82814336183036,5.819716347503667,-55.37400137160085
68.45881982237046,-44.907161318930974,228.46712573391153,-43.219564568666144
68.45881982237003,-42.84096168480384,-44.990161282285634,-62.78240350843013
68.45881982237036,-51.90947406730635,-67.89841743492005,-71.61353502840258
68.4588198223696,-44.288302358343145,248.40853722605547,-36.155243892477486
68.45881982236955,-32.46531448538171,-28.98664868222729,-60.68132251905519
68.45881982236948,-63.85060877937644,125.92611347407545,-48.75949207180537
68.45881982236945,-41.56089456274593,9.591847731465709,-46.53377433582141
68.45881982237032,-51.097875365682434,96.61434478326005,-53.45430555851851
68.4588198223701,-41.78724090167745,160.57156550281388,-40.01372055099812
68.45881982237023,-30.721161101700567,24.20040651362516,-47.96942123874499
68.45881982237054,-44.66339533532515,59.29874791689218,-46.56128229218414
68.4588198223702,-35.29022755895001,269.71822182287366,-32.6419910833234
68.45881982237063,-41.391695335305954,98.90603090257626,-33.782877660196654
68.45881982236908,-29.63169781528604,-21.26785206190163,-53.28151920423798
68.45881982237,-32.89184278908719,176.02572189840222,-33.40304306898911
68.45881982236999,-52.08756740566525,130.09271160254042,-48.424900241462424
68.45881982236976,-44.256393352383704,104.438076431141,-30.68103514802982
68.45881982236996,-40.86562116848677,5.996263084819087,-47.04215580348523
68.45881982236952,-58.89871812385169,-0.000448710573808242,-49.00020027492936
68.45881982237015,-40.79379706155258,135.18078499911076,-33.78316915391092
68.45881982236949,-48.625478379158736,21.829614813397136,-48.09760415555735
68.45881982236949,-38.96759980484341,-52.46567421867088,-75.28203993754295
68.45881982236999,-38.62046657156125,381.60839371013,-49.13840862900094
68.45881982236929,-41.46715089908163,-8.413539224455057,-43.31954128737123
68.4588198223694,-39.20596866020316,208.44222074576743,-52.45440540188133
68.45881982236983,-29.03568864948898,35.87073412971655,-47.93954552737372
68.4588198223703,-32.491985627709276,536.9674588649654,-45.809525481446364
68.4588198223698,-38.66739122663433,38.920899916765286,-47.866334558431454
68.45881982236956,-42.46574130437152,-53.43234460650857,-65.21677525306588
68.45881982236935,-46.063977288846644,210.96793156429996,-32.88774639763137
68.45881982236949,-45.94304403653358,23.500765938332655,-39.41701475327254
68.4588198223702,-45.80650624027112,213.0214049402853,-35.61682272499331
68.45881982236986,-46.14921929992003,330.5634671919513,-38.29915699697632
68.45881982236986,-51.80162629768669,135.55489291195687,-42.736624693174555
68.45881982236952,-35.953994103430766,198.04892971400804,-34.98657009367703
68.45881982237051,-36.27879543412635,-39.39541433753916,-53.47524686260308
68.45881982237,-40.85915550252307,212.03752417693514,-35.8180640181604
68.4588198223697,-29.5438776836212,130.49722293355597,-21.68727249306165
68.45881982236965,-32.06266371564514,128.0502841489807,-44.70406669919347
68.45881982236936,-43.599908578714,53.34011364357325,-33.50816315139604
68.45881982236959,-40.517307180948514,22.160097189879302,-47.65887022476202
68.45881982236986,-33.1627506609431,82.0111884084553,-47.644099191268005
68.45881982237034,-44.47001573953352,26.127272019220783,-50.40767121708649
68.45881982236979,-31.392726823010598,-21.727071757848236,-57.255087651231975
68.45881982237103,-34.709918973243056,309.4723523338391,-41.24655530368501
68.45881982237054,-28.53972300456511,69.58134827524276,-52.08837742813475
68.45881982236965,-53.31159597784021,259.31903923317583,-34.95337878567231
68.45881982237036,-31.351576504273805,294.92998522709695,-39.552915928722584
68.45881982236936,-57.72378993205092,-25.23726157198638,-56.41758901601083
68.4588198223699,-33.99492139616982,166.52633530903412,-36.21588884769395
68.45881982237003,-48.321039211807594,14.627637041659458,-43.56902103505611
68.45881982237026,-29.148516977200746,-2.780093444297971,-47.237819853463016
68.45881982236939,-50.31422097872296,179.4942464041843,-31.20186395585758
68.45881982236955,-58.25389880940821,65.19644228536559,-43.86072667330138
68.4588198223698,-47.86568944037942,94.71361261911157,-36.57250026729113
68.45881982236999,-49.036414395945506,69.2063861198365,-33.09006075104417
68.45881982236956,-48.43622305129662,108.04332445082264,-43.41955539531968
68.45881982237015,-40.26130643491879,4.150473199957583,-51.40037598647328
68.45881982237023,-47.93840327400427,101.4485739274563,-39.61955973045259
68.45881982236972,-53.98282476266569,182.33421529850511,-42.26191699582923
68.45881982236915,-56.279469364857725,-23.166020540408873,-59.85371710896026
68.4588198223701,-53.19211726643955,9.456320503737015,-49.68057617028441
68.4588198223698,-39.73748057751483,55.751422303562556,-47.515239165834956
68.45881982236992,-36.52664002358671,90.17948615518208,-34.82053569868441
68.45881982236986,-32.11499821810566,99.3208194609432,-45.98378036538946
68.45881982237032,-29.433786622005886,116.02663043837391,-40.9573261545042
68.45881982237016,-46.05306773769494,194.02352978059176,-27.85649714345304
68.4588198223697,-49.506510362575376,197.82823233734098,-30.54587072486761
68.45881982236983,-40.92433688577531,157.6249516160385,-30.35553288581603
68.45881982236988,-36.42428847122192,-18.30361945174024,-46.68934145810106
68.45881982237061,-39.670023743401536,91.98248092685245,-57.206189712626475
68.45881982237042,-41.94180767264404,234.9463441670363,-29.172832297002394
68.4588198223699,-40.476568852899256,-67.82228371846205,-81.78194979811249
68.4588198223694,-36.68785330474793,164.2029872648447,-37.33571731262266
68.45881982237007,-40.406952784223414,183.42201181346235,-39.094143130734324
68.4588198223705,-36.20825099336001,147.0439989470676,-43.66725902481184
68.45881982236921,-38.02056328624735,63.29346454695377,-52.34788435047544
68.45881982236948,-53.53315248458694,-15.653673366957388,-55.670261190332695
68.45881982237023,-38.82010410472382,19.316181513751385,-54.509590590407484
68.45881982236986,-45.40911286459942,206.9447806656946,-36.42820063439296
68.45881982237039,-38.695727482286735,32.02573863079634,-39.3015097165465
68.45881982237006,-43.074905114220044,27.50339688998087,-45.8139344579205
68.4588198223696,-42.95300444305295,-8.418263493957722,-70.09688604622262
68.45881982236972,-47.59105199810673,-35.697945206121204,-63.82714352533192
68.45881982236955,-39.28664236385552,167.20750348243564,-36.990259205180976
68.45881982236959,-47.17197802627221,80.97892824743813,-37.88106335632209
68.45881982237,-28.785712219391424,83.34006164608714,-33.7121103640217
68.45881982236885,-43.42411268032234,271.8833212826156,-45.01775934022139
68.4588198223692,-49.08219440116466,5.427453359851664,-45.603066816568294
68.45881982236915,-36.572149590540526,82.16654758302376,-37.425937522581876
68.45881982236965,-40.89559302225466,-32.66830868076822,-54.39888717078283
68.45881982236972,-34.05637337909374,63.53484478533387,-63.96174387713296
68.4588198223705,-50.76340029744926,301.4193505866904,-33.29005864873429
68.45881982237003,-33.5947238545279,-33.920522810006105,-75.29799845951463
68.45881982236975,-42.82338599570718,-37.884431252993025,-57.24024527671696
68.45881982236932,-49.346656605460694,-21.006876899294635,-55.48456018379788
68.45881982236955,-35.9322019396575,22.446706851424246,-33.470987966744815
68.45881982237015,-52.258509197342306,133.80497916252523,-45.28998540241107
68.45881982237047,-43.68524146505916,-24.431476556060538,-49.25844414841832
68.45881982236968,-32.84224233458865,49.8571762968705,-29.842866519654454
68.45881982237019,-47.53316291078694,-3.453002039979347,-42.971845730780814
68.45881982237034,-27.744410076033187,53.17152686235931,-41.89637998763435
68.4588198223696,-36.24755565832838,41.606496336467245,-29.99022172904263
68.45881982237054,-37.28495297062801,38.109412825178524,-27.462445019561965
68.45881982237023,-51.968826440685255,6.106187978270006,-59.997546312678466
68.45881982237026,-46.36940608469261,-4.897958984731687,-51.83478786036997
68.45881982237057,-36.116611372955695,725.7062974532365,-21.570110714178526
68.45881982237059,-43.10689423779911,-7.1273779562118005,-42.10173608348129
68.45881982237063,-39.51392997692381,65.45786893766983,-46.105143309640674
68.45881982236986,-46.395724851415906,-18.596557540462932,-66.79094274462749
68.4588198223699,-42.88392290359116,66.57776855847533,-52.45538107821537
68.45881982237023,-43.52239987279026,-24.332239968379177,-61.624587133700444
68.45881982236996,-57.168647443671006,131.09940482652465,-27.971898329483192
68.4588198223699,-43.56063458031622,15.073464229603006,-49.0411970412203
68.45881982237067,-41.741523006889295,646.6710633050955,-37.34703590963555
68.45881982236979,-29.1186573844443,148.63424424280745,-27.91774390703522
68.45881982237023,-47.90375500410523,141.79251176953431,-45.07653246618071
68.45881982236921,-49.276616876164034,145.95603082968108,-41.99486051861092
68.45881982236999,-53.359436864022754,15.317529265645424,-63.60394605364177
68.45881982236986,-41.54454395267033,-1.1991984500292263,-52.34804476188649
68.45881982236945,-48.94187125200784,-6.828629250278406,-55.72439807942986
68.45881982237027,-50.39624312546278,264.2943443653349,-46.139440875698156
68.45881982237063,-40.67511065193008,15.683974205653639,-38.35100944318894
68.45881982237019,-41.464471106865034,252.84986355924235,-43.077165366616235
68.45881982237023,-35.926878067475464,-16.98848190460368,-52.23761562268048
68.4588198223696,-29.68491122956981,0.7969699325609536,-65.84869958959972
68.4588198223698,-50.2076394254461,82.65636609899565,-43.80782815446995
68.45881982236999,-37.2909342103548,-36.0666064393357,-45.13248312739185
68.4588198223699,-48.60279508067153,10.708346694824499,-53.07042400114695
68.45881982236975,-50.84165580519069,63.78898375135884,-30.166735460938188
68.45881982236979,-43.4226160028674,136.51679707143632,-40.252448362255755
68.45881982236936,-51.68784227616867,283.8892808589611,-39.79549206868596
68.45881982236979,-35.00107140415656,115.97343247689551,-42.18162882453827
68.4588198223698,-45.8492155891577,190.16898551740599,-31.482162411164904
68.45881982237032,-57.67015170957235,454.91939366907894,-26.25477313971407
68.4588198223698,-31.63170331973666,179.24163710102556,-45.86225645879636
68.4588198223701,-39.06792734987228,-2.2835454493916885,-34.65016221473304
68.45881982237012,-42.90091469160636,54.683045525033826,-40.76899056924772
68.4588198223698,-38.44939373051896,-49.0166533570916,-71.7559195978515
68.45881982237015,-35.45883914109448,36.692098319184964,-60.778014120895676
68.4588198223698,-35.278530317038346,349.3988415201677,-25.02316658271092
68.4588198223702,-42.70806608811682,90.6664945286727,-47.600086201739856
68.45881982236979,-43.78549299566428,1.3868240932948028,-34.16426059687292
68.4588198223698,-53.73854263678561,16.463118313155434,-50.90704199525907
68.45881982237023,-45.13019268362014,21.959574747489885,-52.60441886204161
68.45881982237012,-40.2535229498496,286.0285311136835,-31.89676931429325
68.45881982236956,-45.23081315592917,-60.54973498777792,-68.40803624994429
68.45881982236988,-38.97445650034502,-7.152185965828095,-42.04970181055062
68.45881982236965,-36.85077269370364,55.86902070442172,-38.673918008845
68.45881982237012,-46.8809647396344,47.480712711055226,-38.73140134247279
68.45881982236999,-37.42467954467698,107.01121911692888,-28.42053840343852
68.45881982237015,-37.121413094618795,-34.96294999778667,-67.37000777154401
68.45881982236952,-45.38762462974758,622.9822374681364,-27.887288427543954
68.45881982236983,-43.276618802914825,267.5281644658756,-35.75632978092963
68.45881982236925,-52.1226435565566,42.87465133706077,-46.8200046251903
68.45881982236945,-52.43216094001853,118.8958957742742,-31.04966349775946
68.45881982236948,-49.92368066459382,-28.653945809711324,-46.888132456763174
68.45881982236979,-33.42017760458382,133.16404419959431,-37.547827342592754
68.45881982237003,-51.745261047635694,-62.20737154784537,-77.11552924823512
68.45881982237027,-48.64884565512472,44.87316692976293,-38.576433391003285
68.45881982236956,-51.49883627415128,264.0524471892055,-43.177031362866515
68.45881982236939,-37.41867628434659,100.28211763585504,-48.077177861008224
68.45881982237012,-38.965909166895074,5.3525515184463135,-56.81168785769266
68.45881982237,-44.673875930975846,47.13239109529965,-39.14823115395348
68.45881982237015,-54.429803214600604,8.012668881582009,-44.171531977352174
68.45881982237012,-44.28394236104651,-28.606446142555708,-44.369643115858025
68.4588198223696,-51.92019968331083,315.26845701272504,-26.28595645374765
68.45881982237019,-44.92301557695091,149.15925767668966,-29.690427074175496
68.45881982236983,-48.092886393882594,-55.04066657033727,-73.93558632371406
68.45881982237032,-50.58710852318351,93.36169254268223,-30.528036086097398
68.4588198223703,-62.43632248129689,-13.95693110669296,-55.16534224514036
68.45881982237054,-55.5724056260251,14.71265104188786,-54.994882470973906
68.45881982236955,-48.785508593045634,222.00885105785963,-36.52159108937491
68.45881982237015,-35.71327233335756,80.17961167884174,-38.981022381649076
68.45881982236988,-53.5585575299692,121.34452111432488,-40.960253251806456
68.45881982237003,-38.42801516701858,-54.21205285459598,-67.77991092970422
68.45881982236972,-56.07528604156725,487.3273182601661,-25.657414639654142
68.45881982237,-49.66529245212033,72.75193501254226,-27.00206391354911
68.45881982236955,-34.469755898070595,-25.89165470414978,-53.10105658309725
68.4588198223703,-43.18215188650015,80.99466253729892,-36.11561022326322
68.45881982236979,-38.95687521523159,-18.753269480396884,-61.334342659651185
68.45881982236988,-45.64462756477885,187.95078954165598,-40.60204064355527
68.45881982237057,-29.51756161565876,82.34012697166453,-49.742676657534446
68.45881982236916,-36.79980522773736,53.73283737960772,-51.05621979918009
68.45881982236916,-35.50229014662918,176.9459589678826,-34.10411643724122
68.45881982236939,-37.31216214253833,24.613112157711868,-47.321585009356816
68.45881982237063,-62.587894057333315,153.19568008092216,-57.25088899268731
68.4588198223697,-53.13794412599366,187.5863428997141,-37.45231530741277
68.45881982236955,-41.19404658338568,83.59833526097835,-63.90593597888235
68.45881982236992,-41.56476489430562,634.0269420336849,-33.51831575530829
68.45881982237027,-38.162229311775086,-7.030107290597831,-63.81240773886261
68.4588198223702,-53.70940926039314,244.06950815352224,-29.220576344655193
68.4588198223701,-54.0187988002053,332.17566342446094,-47.72429850804539
68.4588198223699,-37.427418081765275,1.6452256151807898,-42.83843343313204
68.4588198223696,-34.44141921045232,113.52754966739967,-62.12197496746747
68.45881982237003,-36.64154443214025,144.54804228482766,-41.816974120014436
68.4588198223699,-35.53949483850711,933.1093814651026,-22.415735682849004
68.4588198223699,-41.90203817666196,146.98279043625698,-37.69787240284844
68.45881982237019,-49.77143474995106,13.261071428769045,-43.93798705618542
68.45881982236935,-41.65688610296829,88.85338171277633,-47.35693918707038
68.45881982236965,-36.086318211290646,244.16562425372598,-30.033854835187988
68.45881982237026,-42.190466464575316,16.671341414084107,-59.527713023632536
68.45881982236988,-46.53552023374424,104.44634278542671,-48.4025046539879
68.45881982236952,-46.04566204732073,-24.261157238313025,-51.02572093093569
68.45881982236999,-34.776194062377606,124.82963455060907,-38.12123202157265
68.45881982236936,-28.09180767026499,402.7935302900262,-22.402641168209993
68.4588198223696,-47.24460786779119,556.0009619461151,-30.23371794804326
68.4588198223696,-32.718916899412584,216.48393430132433,-34.54764179410827
68.45881982236972,-33.65155585993095,199.2369094094182,-25.133915765509396
68.45881982236935,-46.55208183752217,45.40898007369729,-36.78869911952809
68.45881982236996,-53.89121653853173,96.2807499267165,-32.771744747840195
68.4588198223702,-47.276611260620896,212.6304171997135,-50.943107224931694
68.45881982236988,-36.265055320276474,-17.48362069956697,-55.93116954483377
68.4588198223694,-36.9292752910953,0.8837528043805332,-51.161276616071085
68.45881982237003,-30.50403990677951,105.05120535511661,-31.861233722713813
68.45881982236915,-52.41278956624116,237.2312435687157,-34.31720085888106
68.4588198223699,-54.46005382317761,52.77971285083003,-50.511680088993515
68.45881982236955,-39.98973939056528,-12.03636765954359,-43.95002563995166
68.45881982236972,-26.161648713341968,161.77786364017774,-40.5348106579669
68.45881982236965,-59.35986928121446,72.85806742134045,-43.09827167220377
68.45881982236979,-45.295211736180995,-26.663715618997507,-57.16119661699612
68.45881982237034,-48.03704816878195,-1.073963260544597,-47.454894469815834
68.4588198223698,-31.708624883974835,86.38531278654837,-42.76414889305742
68.45881982236979,-49.40482954711165,44.85982304865139,-50.384239812697686
68.45881982236995,-30.430508005501842,24.687500154151422,-49.94524147613847
68.45881982236988,-41.86615764212706,-65.95643856874976,-83.6527443708453
68.4588198223694,-52.2901642698185,16.530444131292942,-45.38620873806547
68.45881982237026,-51.206967766691555,102.08679679525554,-47.15685330549023
68.45881982237034,-48.288870516512475,561.4391878169104,-30.69547107752818
68.45881982236996,-43.40870283536018,82.56843980369987,-32.63627313673042
68.4588198223699,-40.18481109129106,-22.886322469368746,-57.32196179267868
68.45881982237012,-56.68310441394695,32.5315436912601,-40.34126723983916
68.45881982236948,-66.57038986137684,112.45766154250462,-43.84509415142458
68.45881982236988,-47.96120494935734,18.183014780889085,-31.85897549586819
68.45881982236956,-54.56967771985208,208.84617834973085,-37.608140594692195
68.45881982237012,-42.419563649931824,49.172975927943895,-46.18259695728098
68.45881982237023,-50.34565187998923,21.378079364227975,-33.22917033723108
68.45881982237006,-42.384392010031306,107.2328086735526,-39.47897420697816
68.45881982236915,-39.7663676098984,27.42016904272402,-33.62148509983663
68.45881982237012,-50.24049262720275,410.5986756718377,-42.30590536305067
68.45881982236992,-31.9334914326418,46.024236454266365,-33.13062179767814
68.45881982237007,-50.55695691990313,316.91805954046686,-29.442601944924384
68.45881982236972,-53.28698723969409,48.73188324244096,-40.85408870010093
68.45881982237,-41.67045027799967,200.4444915439172,-27.080269960814363
68.45881982236986,-56.75883533189303,55.16757887280976,-58.89588508574739
68.45881982236996,-40.38503776650537,-8.53572819665349,-56.75110032004804
68.45881982236986,-56.820373191160236,-43.41616132179731,-57.7615527730893
68.45881982236999,-36.79608284241531,5.385872474761988,-56.47047316030302
68.45881982236972,-38.27983859661705,38.37513681148732,-53.840635071145925
68.45881982237003,-62.00456721323238,181.81835674071937,-41.282877361565774
68.45881982236972,-43.837813991348874,10.483849779680444,-63.524228643080164
68.45881982237043,-43.50047662637822,3.193458815631689,-68.74704821804052
68.45881982237027,-35.9231016251494,51.65321472951818,-47.931213790938024
68.45881982236986,-36.55963024046716,343.7221375553201,-35.961229243619066
68.45881982236995,-46.93629668140174,1.316098019040357,-36.77576007302814
68.45881982237007,-33.67448000617021,-1.6457403517180502,-46.07354213653198
68.45881982236963,-57.928980753618276,99.43078313455376,-36.88513132994231
68.45881982236959,-34.32825806797041,31.63294649015045,-45.25537426662935
68.45881982236959,-28.925853562337302,37.84993816532427,-44.763348719322984
68.45881982237019,-53.365088435582045,55.94930314044455,-45.797774777814716
68.45881982237032,-41.35904600132265,172.62869198591542,-32.548101303652444
68.45881982236988,-25.93771125246419,308.37777011495655,-34.1255241770985
68.4588198223698,-47.337798848484965,-11.742949421990023,-40.706209877957235
68.45881982236995,-48.23078682721207,-15.198296663975652,-69.37100732614118
68.45881982236986,-54.60501043296154,-40.35266154296194,-67.71137954143765
68.45881982237,-45.94281424371774,70.471228348316,-38.59929772496963
68.4588198223705,-34.17285056409508,64.97675524690409,-59.74745251183826
68.45881982237042,-43.493674483257216,58.125864541151074,-46.84678485812632
68.4588198223699,-52.045778861327705,-25.66009500158579,-56.26202710987363
68.45881982236996,-52.01589167786522,137.43152491630667,-33.28816438416773
68.45881982237066,-45.81195726790108,5.851072802172719,-52.7095889763997
68.4588198223705,-39.42782669588036,116.54930656558307,-50.98292132347402
68.45881982236975,-42.1210683137262,312.6680183136143,-40.882743725325184
68.45881982237034,-37.466557352874574,93.21277580458754,-37.74717858232557
68.45881982237006,-53.11842974376504,154.99590705720564,-27.715120526368985
68.45881982236935,-52.640659516552944,19.077391521396024,-56.30372848121033
68.45881982236963,-40.69039177881724,90.87528359875611,-42.83020074005531
68.45881982237023,-47.95889541989117,111.78703751462092,-40.27084024698816
68.4588198223699,-50.19339279105483,110.38720032734571,-51.64522383333959
68.45881982237059,-39.46773420482883,26.737764718441138,-60.403676535796926
68.45881982237006,-47.27291412792978,130.1575357073081,-43.63701160500142
68.4588198223698,-38.26766350758029,-54.36799130671909,-58.75253901469082
68.45881982236986,-54.15965309057897,7.179372229833358,-45.61950236875786
68.45881982237034,-42.2212757976021,127.35205371081912,-52.401776610633654
68.45881982236935,-29.15465220639445,-6.929896181988438,-45.71780225378003
68.45881982237015,-48.30001585841568,195.11015752555318,-38.6043801525127
68.45881982236915,-38.50022505527239,203.76873740547725,-51.06904083332709
68.4588198223699,-53.85838208127118,-4.113863295665809,-54.31268799825211
68.45881982236925,-45.037368743732685,137.39373512819077,-37.350461356891785
68.45881982237019,-49.052605885620416,258.6757345092316,-29.825327969055728
68.45881982236925,-49.37652676259967,183.20561101172785,-28.720957935150835
68.4588198223709,-42.547204800310176,33.00832294277567,-46.71703305430378
68.45881982236986,-50.70261968360749,-15.585414054101399,-54.482113419830426
68.45881982237059,-38.897282787611466,-19.4522135023102,-55.69750680111532
68.45881982237003,-36.11565896621784,-43.18289426501306,-77.08303654067838
68.45881982237019,-50.11729864549361,114.4981944825882,-43.63476175957401
68.45881982236988,-30.79842534426731,2.1064636006351334,-66.87028777745773
68.45881982236995,-40.05194392159379,10.372852637237283,-61.339581648519
68.45881982236988,-44.22588523681682,83.59436620659177,-39.19342021568123
68.4588198223703,-39.41789149135414,95.67999201497915,-31.08053101804148
68.4588198223697,-45.71947908251852,160.27375964179046,-33.693868052036734
68.45881982237059,-42.4129263611852,64.6967909002405,-39.60300581018588
68.4588198223698,-43.53415462730387,-44.40464830543965,-61.18742893335146
68.45881982236988,-49.39703917431132,-31.91071441788058,-61.81255804913421
68.45881982237032,-45.206904094424,99.45444039287335,-38.33483000331884
68.45881982237015,-46.64430827383812,361.18761493453536,-25.37495087895185
68.45881982236976,-23.905455098590288,143.93827441628525,-42.18652926132387
68.45881982236948,-43.225679522944915,-6.0546228324424245,-42.869108869019826
68.45881982236976,-53.685946544515225,102.87839494876093,-41.012203636055055
68.45881982236979,-40.90234573520257,44.254319618598025,-51.66929425224821
68.45881982236948,-56.29951376115913,60.184908874936326,-47.87236599067949
68.45881982236948,-47.162128453044815,30.24594557144189,-39.48159107175297
68.45881982237034,-36.085955215508825,367.3409231597792,-25.58635563838361
68.45881982237015,-44.0201778147673,128.56094444182992,-34.36618408907205
68.45881982236979,-39.64752963024688,7.37099795482441,-46.174946875311065
68.45881982237012,-58.26776386494477,209.93838378028698,-36.93862769635861
68.45881982237015,-40.6326618040746,-49.52894876170222,-74.55212891424294
68.45881982236928,-50.24040342336363,60.55323175165037,-38.38653322392106
68.45881982236963,-39.5950433365163,40.713812211495906,-48.51511728396333
68.45881982236925,-51.895655868614554,1.8300977268870255,-59.09696143588257
68.45881982236952,-43.10503962953926,735.2976474704013,-30.458726331590746
68.45881982237063,-47.84536624672475,13.220996521654094,-37.66811524029823
68.45881982236952,-41.38804391452392,-19.810831973803666,-58.14124942827128
68.4588198223692,-45.09376710859122,61.92841670598739,-45.653578943026474
68.45881982237046,-41.02233565718586,161.09104997807248,-47.66311653604108
68.45881982237006,-45.46484131233519,109.81903253346808,-36.54198494066403
68.4588198223697,-38.862341833838535,132.59421493994958,-43.06501463303376
68.4588198223701,-45.26291108148934,149.82120480136598,-32.402651770112676
68.45881982236965,-39.06193211796087,87.34477238383822,-39.353987253892974
68.45881982237023,-49.138775207936035,103.11934584188637,-42.9743208516657
68.45881982237026,-35.48317455776706,144.0590097098721,-37.467618263790705
68.45881982237003,-43.817782773090165,72.2148506554622,-46.26993033178807
68.4588198223697,-38.87479518166521,-13.43164960422195,-41.84513060941969
68.45881982236975,-41.93537647490038,76.83064241570818,-51.81136184068873
68.45881982236921,-40.96651234479136,0.9910570179644695,-36.46044706078821
68.4588198223699,-42.69632268721162,-26.899228293054644,-69.10213185304461
68.45881982237015,-37.48775656675408,36.31203868203441,-50.91508144527317
68.45881982236992,-42.81670340335294,-17.803491506879567,-46.7488475854829
68.45881982236945,-36.044585654235284,69.76794340409178,-50.04708911403717
68.45881982237023,-50.042972895476765,162.61370585563662,-43.24221318406932
68.45881982237057,-42.0727016299574,109.93215573429937,-38.59171002214676
68.45881982236912,-43.71844725665907,102.9490338106851,-50.70938529958238
68.45881982236955,-45.7414199020533,-33.79402705372026,-47.87508273267521
68.45881982237054,-34.7617632490546,53.99131340065182,-35.585733830981304
68.45881982237051,-43.10626798074374,80.2108275269439,-52.7467403107161
68.45881982236948,-38.84348429975213,109.20256896945565,-37.667991389430576
68.45881982236948,-40.019927099344265,194.6393045470073,-39.43187694700141
68.45881982236992,-42.44967841419145,26.304914840447346,-47.02500742951556
68.4588198223694,-39.290954576592284,128.03965537582246,-27.87624494146953
68.4588198223701,-41.90641149972123,129.1233026846353,-38.000684933156805
68.45881982237006,-60.617461319916835,181.39434226015388,-39.816883226937684
68.45881982236979,-32.30907886285274,3.649507907975913,-53.349357028655085
68.4588198223699,-35.61307761481206,175.04181636806263,-37.07562975958102
68.45881982236963,-32.686194881638386,158.17592158224844,-37.39460896626963
68.45881982236988,-39.87206930772661,18.648786978261377,-50.7848639636317
68.45881982236988,-50.75069675588507,157.02666345309012,-32.62789846681581
68.4588198223694,-31.696682735184723,25.414392909501803,-41.68019384792922
68.45881982236986,-42.837006329593486,128.6386907343212,-54.32391077685894
68.4588198223703,-31.193171693373333,280.1456263691436,-37.15965791511688
68.45881982236983,-37.45534652148479,197.99971870018243,-25.03310942007051
68.45881982237,-32.8176171857828,179.68542382623664,-32.80088847345781
68.45881982236956,-54.610225300626716,203.60363391226733,-37.954093019081625
68.4588198223694,-46.90389004129627,223.7941258035678,-29.41367185991144
68.4588198223696,-32.98773782385819,141.44832304415925,-35.85395004935157
68.45881982236936,-42.53261570331085,100.0679357420335,-49.530743366366025
68.4588198223698,-41.66063079205428,-28.553609978125426,-53.10430120615548
68.45881982237026,-36.6467003099241,428.15115857756075,-43.02178262588699
68.45881982237007,-54.05992588334286,253.21914061772603,-31.066401020741363
68.4588198223698,-38.07981046260078,-6.579062757544351,-57.01002790801686
68.45881982236988,-48.19410298503819,157.55874550410738,-29.709260361200084
68.4588198223691,-41.89373852589379,40.82126239339705,-26.498310805411553
68.45881982236952,-34.564717439265145,62.55896692667271,-30.136356759404226
68.45881982237,-41.52650095855811,117.80197800287868,-49.296334088724855
68.45881982236999,-39.63266795930206,-31.5086147118836,-57.48645800694019
68.45881982237032,-62.78081617501117,108.272142643846,-52.92378017907318
68.45881982236955,-47.53462630775335,60.160042738231525,-28.86812929107798
68.4588198223697,-54.50281756630921,89.36391661576037,-37.867950661044816
68.45881982237007,-38.79860854050814,118.80629685478743,-44.62823664676374
68.45881982237042,-51.01501954816289,99.34411481452297,-42.51355757868824
68.45881982236975,-39.71153623055822,-19.773960195723784,-48.90349128083569
68.45881982237007,-36.77411069778922,250.53675191805996,-36.3796118055792
68.4588198223699,-52.586569523527395,64.45144658625526,-41.50916860544136
68.45881982236992,-34.77079390398049,-9.698557155981312,-56.01410185850915
68.45881982236979,-52.586031202899285,228.37085652767746,-33.97790644629577
68.45881982237057,-53.861306697549736,58.189619508775614,-36.156930629486894
68.45881982236925,-45.40269724884966,28.19277575316037,-44.97594120322734
68.45881982237087,-44.24087517028207,110.82293875254506,-42.11000576780752
68.45881982236986,-53.07155054085164,146.37775571899613,-37.215866317703814
68.4588198223702,-55.964364010668,61.448223917671484,-30.128861987974453
68.45881982237026,-37.31912873200061,117.64360235871125,-37.2334975265463
68.4588198223699,-43.38798160802693,114.2953464923122,-32.7054648735189
68.45881982237007,-47.79187251678274,23.000482280829495,-46.17391716338396
68.45881982236972,-37.24745618920823,43.733877683411905,-57.45133517504788
68.45881982236956,-43.93388609654405,70.22366405300946,-41.47064982801012
68.45881982237003,-39.13823934285238,77.00138946628915,-57.07193474882288
68.45881982237057,-47.89550056545791,34.240620638900054,-41.00477249435905
68.45881982236986,-31.63326249074643,73.66028310427775,-49.72045911637929
68.45881982236959,-52.2118748490725,53.74283424368787,-41.29919622807323
68.4588198223701,-44.781184056918455,160.3023105467436,-30.91450016082371
68.45881982236955,-51.95637333931016,84.72121253699856,-44.23803766274398
68.45881982237006,-36.888634557676866,46.67804805075877,-47.220543793814414
68.45881982237047,-57.302035481040846,59.61146966280382,-46.03915763840904
68.45881982237007,-33.90492470543302,275.66843760206064,-24.04712535192248
68.45881982236988,-61.516602965435816,127.4872660762921,-43.53405559423502
68.45881982236915,-41.95526097060359,334.76981210831536,-25.90541361293993
68.45881982237039,-52.59768686476195,148.67571040823924,-29.8624611317303
68.45881982236988,-53.5438201784096,69.00631189088813,-36.23325651302439
68.45881982236995,-34.63156777055606,84.54617577162813,-41.58486393268627
68.45881982236999,-49.58433703597316,199.29073587290353,-35.63193426453427
68.45881982237023,-35.37562101267062,-37.856399519098495,-49.13917274679738
68.4588198223701,-27.760134904614286,87.39333798320348,-39.751850411773106
68.45881982236979,-34.45512387304218,86.3796264188419,-33.7752168959808
68.45881982236992,-36.07341886268769,13.372542437362188,-59.425631215545515
68.45881982236992,-41.2126753923033,43.08750232791769,-38.2876651978433
68.45881982237007,-41.94223425065105,73.12983827313491,-34.18847653041526
68.45881982236921,-48.928586586677255,41.407176231144405,-32.11205896157517
68.45881982236936,-50.15655091876001,65.90189577189076,-37.16197882806904
68.45881982237027,-42.018264685817066,37.01886326403763,-42.18950820934197
68.4588198223699,-53.684194172293395,119.34744024950503,-39.47702800690455
68.45881982237012,-37.7755704882678,61.713540481453435,-30.578323388233287
68.45881982237007,-54.28935584411618,-65.12024872290019,-81.38077871231863
68.45881982237,-45.75811109714947,-5.042934073409389,-50.91721416622542
68.45881982237012,-45.6403169011758,31.330728044091515,-36.90110358644252
68.45881982237023,-49.4259180163494,137.1172446581259,-43.84923904799389
68.45881982236924,-40.90598228063516,-16.32495757715877,-61.68860392324815
68.45881982236999,-51.481469567641334,336.6101701628581,-27.76899827777939
68.45881982236979,-58.597617907763656,121.14472989525997,-34.92759611183707
68.45881982237016,-45.06568662728654,99.71579512390318,-42.660118809316984
68.4588198223696,-43.804513822869104,-10.193648660263099,-48.366672469203294
68.45881982237043,-42.72226668667217,431.66758686986213,-32.18827403804316
68.4588198223694,-43.079151265306656,57.57107781764867,-45.43399907096061
68.45881982236965,-38.45340227126074,68.47339330118952,-55.95307301213482
68.45881982237054,-48.753452594702786,120.882322073557,-34.24705410412064
68.4588198223697,-35.87446751243712,229.08459439004366,-32.49837231863765
68.45881982236968,-38.617818671445434,140.35894249386814,-29.621412958379057
68.45881982236929,-45.978750015626645,92.32582191466751,-45.4395266091522
68.45881982236952,-39.72314190169281,194.80451482021707,-40.90060319567483
68.45881982237046,-46.01973971510741,96.93528998939946,-48.077754867581646
68.45881982236959,-37.33717541026,20.556138469433783,-36.82548728868661
68.45881982236988,-42.22051959814416,-26.62179231206214,-62.428985504990784
68.45881982236988,-38.63567956644888,-41.45787082036002,-74.16487638691649
68.45881982237015,-43.54972561288836,67.61706779734757,-48.90118062086093
68.45881982237007,-34.30324029566868,99.60120645728932,-53.71626896416943
68.45881982237007,-47.69446798238158,189.40600116151046,-26.749406293748624
68.45881982237012,-45.46869431033696,83.88078167082247,-38.08913827812629
68.45881982236955,-41.86356254624549,-25.73996698637375,-59.5041550863608
68.45881982236979,-42.467323475661146,0.18427282072628337,-38.66284271271086
68.45881982236949,-32.76789890325749,-7.647961979041041,-53.0901014693991
68.45881982236948,-42.067641326924765,13.367177327747438,-60.54383786533558
68.45881982236999,-34.29948439404748,131.40212954074158,-46.76477848567736
68.45881982236963,-41.151384464115935,-16.875025782614962,-53.000974000417436
68.45881982237091,-33.785906296829616,482.51684908467416,-33.32194061462713
68.4588198223711,-36.990474718948064,109.54566389368318,-47.558526079513086
68.45881982237016,-40.9486087589639,305.67639494014253,-35.20115403972965
68.45881982237061,-37.0245015237826,329.1523997976423,-30.815872684640134
68.45881982236986,-46.52252572001553,91.20647887678362,-36.631182051104275
68.45881982237003,-40.73917511711358,152.2116001290588,-34.569715194902365
68.45881982236959,-35.09514232448765,116.73406222968774,-48.94783908466429
68.45881982236995,-36.02977531050623,-37.52224824798871,-68.24611541032625
68.45881982236956,-44.8717837220984,217.35962501252638,-45.68461817008117
68.4588198223702,-26.483954739701964,57.93456502531775,-39.86584262569829
68.45881982236972,-29.870118819218906,114.53289895633559,-44.70230990643843
68.45881982237047,-43.47317977809695,-44.36778791264345,-62.8850863638216
68.45881982237003,-38.536562505396574,211.9329853069288,-44.633028504191195
68.45881982236995,-41.394896073173605,-39.779876456379704,-62.50664637901412
68.4588198223699,-51.641455198393075,278.72868555917626,-26.93545659293324
68.45881982236915,-56.55820882139875,24.45005588054885,-56.07438351810383
68.45881982236992,-38.494960157847856,-4.002089417481325,-33.10127214891092
68.45881982237019,-50.45807036766357,86.89381118659323,-56.363616590149334
68.45881982236999,-37.25596021621143,194.59680827085276,-30.274561768110686
68.4588198223696,-37.656828723201016,14.76185037632758,-49.4617270410463
68.45881982237,-33.979902392625874,3.1685612350006442,-46.401143176260554
68.45881982236948,-40.04054590663863,23.896493498409164,-59.61944628177622
68.45881982236959,-45.54901437651432,57.84188604411988,-40.37376315931832
68.45881982237,-39.92748849628054,-42.34569984387693,-58.31267692089032
68.45881982237016,-54.840261065573316,-2.6717470137933463,-41.37278642534989
68.4588198223698,-41.386145917365965,0.11299024946722636,-45.4287383470547
68.45881982237003,-43.15255953551299,133.03025524856062,-38.680865075938584
68.45881982237067,-33.8993709240718,-6.887474053900511,-62.46836234571476
68.45881982236948,-50.709585119219746,96.44463531851626,-37.74056298656588
68.45881982236963,-31.91702020265469,44.38544885917406,-39.58442340898783
68.45881982237066,-51.18806695724467,182.23786254931943,-36.943209244409694
68.45881982236995,-56.61941661246183,262.3045664946692,-42.90561836981416
68.45881982237043,-37.79208779812531,4.272451883064998,-55.19734976995622
68.45881982237007,-38.954542692692584,67.13128025300668,-47.89308830686833
68.45881982237012,-40.32285923928212,191.76035651441507,-27.973789531665194
68.45881982237036,-48.19313763776132,253.63472297463812,-30.98296710401098
68.45881982237027,-26.083387999536477,495.2771377055661,-22.06180658234358
68.4588198223697,-34.50259308753243,116.06438847712526,-45.950197871005884
68.45881982237,-47.02817055725036,-11.461341840766714,-63.25569697326275
68.45881982237019,-29.9387723770812,379.39903006689013,-33.1213594167064
68.4588198223702,-56.03164846804489,-7.523425330562416,-61.41985561140284
68.4588198223701,-35.405437162715394,62.013355202786855,-48.255382357612845
68.45881982236932,-63.776520002059755,70.40750628500436,-35.03486205271153
68.45881982236976,-35.98359038443976,92.16806080831785,-40.53190023352414
68.45881982236995,-42.67969023283402,117.286480230538,-39.51481325305753
68.45881982237003,-59.5009617224536,126.69087872449482,-50.23239862880229
68.45881982236975,-43.30222999583084,137.84685167684984,-31.82957821564529
68.45881982237036,-39.52495545575731,58.504467895272306,-39.71014773802022
68.45881982237026,-46.44661194340605,168.8144052563702,-31.065661048000102
68.4588198223696,-43.22016405270528,-31.4152888332492,-51.24156616634541
68.45881982237042,-49.94808284525095,107.86348777519912,-51.169594014795194
68.45881982236965,-39.39772539025713,17.80184221583905,-33.775409449167206
68.4588198223702,-35.091472300584705,134.87598684543195,-37.70704047390376
68.4588198223702,-37.48726096933272,249.195579397401,-27.442416295040463
68.45881982236972,-47.34805413584369,49.35232098336908,-42.22599950831195
68.45881982236972,-36.54628392818295,-39.12078515926372,-63.542208960929834
68.45881982237043,-47.63846415572671,78.56270062392676,-41.94969402511328
68.45881982236986,-30.247713137120513,2.2865129957554187,-53.48009376383005
68.45881982236996,-41.70920294928266,270.45945715857096,-33.8651699048803
68.45881982236992,-42.723178229654955,151.19695783881792,-34.05365008353047
68.45881982236976,-32.53720471618144,21.982428524244412,-50.11121179821991
68.4588198223696,-34.565759375145,-13.10747672795738,-62.509291056865
68.45881982236939,-39.13989977470374,-2.442556385516337,-63.68977415461281
68.45881982236939,-62.52156063395668,7.487697685368033,-34.518100184468196
68.45881982236965,-56.88063987372286,69.08718239809674,-32.80846796642562
68.45881982236952,-40.47870654326397,-19.92278662890381,-53.77340246993383
68.4588198223698,-46.05654094942609,150.14732643494727,-35.25351415690518
68.45881982236972,-40.79930097584866,357.5441529077997,-21.66469598315095
68.45881982237026,-58.350998881686365,87.84666235926959,-48.24074968362109
68.4588198223699,-40.44831013107747,67.41280785471046,-41.32949779956896
68.45881982236936,-43.997294013976706,139.676089328272,-42.714216257235485
68.45881982237003,-51.07089964934226,5.5880301663250975,-54.22666894933317
68.4588198223689,-46.410705750714776,-43.962414967513276,-52.88041455692958
68.4588198223703,-35.82056592113284,226.1749391183209,-26.82054025996542
68.4588198223703,-51.06634617541902,1.6403139874486161,-57.61972689319295
68.45881982236999,-63.093466235986774,98.23198655450149,-31.980112887939917
68.45881982236976,-35.218325415911366,322.9236895882606,-34.700126460547644
68.45881982237032,-47.74377895950721,125.44546284876836,-26.868804716285155
68.45881982236963,-38.13733261413302,3.209668421028744,-55.31524166746786
68.45881982237015,-44.237482910016524,29.346172356470547,-48.42480977484897
68.4588198223697,-48.302776525039526,44.69794845275348,-43.34172049428013
68.45881982236929,-62.26440424978019,72.33533030528834,-42.39507530286141
68.4588198223701,-37.81335609846198,19.53099007892769,-38.32722751887204
68.45881982236956,-50.2822911103796,88.88711322393294,-51.76006646903295
68.45881982236921,-51.22582342215778,153.64045795598366,-43.134182727605705
68.45881982237012,-40.303213491004556,168.66681479995003,-51.385712658789686
68.45881982236988,-38.52208728617246,402.64145961143873,-34.11197226096269
68.45881982237003,-36.9115254705888,9.496826010915061,-54.19027643955599
68.45881982237034,-51.04787174789731,65.95119912721144,-37.489845074975
68.45881982237032,-57.03825281774479,393.11971019576646,-31.67797309177218
68.45881982236932,-43.51680378653482,106.94550234743186,-43.24887719342585
68.45881982237051,-33.16910933464653,242.12113131254736,-41.50337417352533
68.45881982236949,-41.11969886107486,89.76375355990798,-52.762671723409284
68.4588198223701,-46.917699059120366,-37.215166101731675,-61.37605938949973
68.45881982236976,-42.72763625548882,181.03852517132765,-43.26777372059498
68.45881982236952,-35.76356288493297,-43.85922854670291,-54.734253421871124
68.45881982236955,-49.18672606502621,10.080063757138324,-48.37128104520718
68.45881982236936,-52.80014805906421,316.1636912945067,-35.06279284255789
68.45881982237019,-42.80896589258365,251.09013103436055,-33.06445519459202
68.45881982236996,-49.428733120138304,176.75881386660873,-36.03367195173709
68.45881982236928,-27.158094241007568,39.51414985153823,-45.79577227455513
68.45881982236965,-46.113563822810086,126.58044977768314,-42.088897924423286
68.45881982237026,-52.13472568410387,11.072869020619835,-51.73414267548364
68.45881982237,-43.0967180726578,108.62070578446912,-54.49179438891806
68.45881982237054,-41.39355856653981,161.36317068498394,-40.44301415259625
68.45881982236959,-50.5968358246113,-23.52973343287279,-49.96329006444768
68.4588198223696,-33.88443847385098,237.23497841375166,-28.82055568709745
68.45881982236972,-32.62154232050507,3.323914486781754,-47.069552906329825
68.45881982237032,-54.18066598320242,99.4588476903374,-33.15072077815861
68.4588198223698,-29.04818686736007,143.39057592421707,-32.202592978809164
68.45881982236968,-48.55534631638997,66.04690853114128,-36.29139558419984
68.45881982237027,-42.199498957402504,34.067911757742266,-43.70099599262224
68.45881982236996,-57.76805139576353,94.1686362448631,-38.5161315826281
68.45881982236999,-42.02885564039348,317.15372941918633,-28.916040786584375
68.45881982236996,-30.423656298285408,151.73027243549058,-33.48192876583009
68.4588198223699,-39.91780488714376,42.96394786863122,-38.851146747763146
68.45881982236968,-30.431567543943714,-71.16473793380584,-80.72171256987112
68.45881982236956,-37.11846077731822,150.3513958898388,-32.927265390058395
68.45881982236983,-48.68956787338611,-21.387037606056204,-60.03363069245391
68.45881982237012,-49.94839003103676,42.079253371035044,-36.76331570822996
68.4588198223698,-49.55953144052819,227.45914943983996,-41.0571860902456
68.45881982236965,-38.51042689950638,41.16346236165733,-57.63969359068282
68.45881982237036,-33.73329880363664,142.85645340582076,-39.22325304144334
68.45881982236999,-44.591942582543055,49.480114277183304,-37.16367645549401
68.45881982236963,-30.17615693769339,168.49990855500275,-29.459936041465962
68.4588198223699,-56.65025723856114,124.34129117150276,-38.88973330607758
68.45881982236983,-47.692666865709256,279.1786058957524,-35.68684577456074
68.45881982237027,-35.06218058049942,54.57037483635465,-58.14095797705923
68.45881982236995,-27.374821305828835,-6.089332944698711,-59.804016142910086
68.45881982237051,-48.742255763151746,191.045297784057,-37.79052253170333
68.4588198223699,-49.59769255685023,-1.1676275617066412,-45.3986179612464
68.45881982237061,-47.95767620864345,-27.23212992243288,-66.08023116782087
68.45881982236992,-54.0155937624115,27.870270242242,-52.75096882026714
68.45881982236996,-58.21915819191097,46.220944807386985,-42.326327038088564
68.45881982237006,-38.28445103284247,44.363422084584194,-51.85026665746475
68.45881982236952,-47.01072271136682,-10.903354835214973,-48.89055616171589
68.45881982237003,-46.794079473886455,130.37772830795012,-43.78819058477976
68.45881982237026,-41.05861651218154,272.9075962550363,-30.493533122939866
68.45881982236988,-46.084959977240494,-53.08333275910141,-55.66475389563562
68.45881982236943,-47.06663348289764,60.44626579096148,-44.546916899884195
68.45881982236999,-24.878853753717202,66.34975925654504,-37.331413320913356
68.45881982236999,-38.897702866634276,649.2887121236054,-47.12114242170734
68.45881982237032,-39.49403259007307,54.810017031021395,-45.01413805603094
68.45881982236983,-51.95687179499491,-24.476076377433376,-51.15117747931276
68.45881982237012,-41.06177911501314,685.6141188662538,-29.719370010826516
68.45881982236979,-62.72201915000749,-55.74498795023355,-65.6513482732274
68.45881982236952,-27.84353896915154,64.18029082585026,-29.012394114038496
68.4588198223703,-51.26849050677145,180.43909437796066,-29.9304217596308
68.4588198223699,-44.069885221143004,602.5491599534129,-34.99443041013731
68.45881982237059,-28.591749182555947,-1.6483207638859576,-61.85768361480755
68.45881982237036,-58.1180580504891,58.17436113013883,-51.65339103519455
68.45881982237046,-51.12960651804952,182.11004273435503,-34.251215403464876
68.45881982236929,-44.766419822161886,256.8098064599162,-36.59571873572143
68.45881982236976,-28.1473665250927,5.519137711830124,-45.798992525104964
68.45881982237015,-35.987188097931735,73.5354381301385,-41.883280348882515
68.45881982237007,-45.69436330352063,47.546235106406364,-42.26811993901853
68.4588198223699,-49.80933034076912,52.76952008998976,-40.4896716319886
68.45881982236996,-40.49685833458637,119.12652229134109,-32.819401995798025
68.45881982236992,-39.44443536191151,63.57649007726509,-50.40753460843517
68.45881982236996,-35.96787394563671,-0.37614637492393577,-36.30447709616826
68.45881982237007,-43.254948813920436,201.388313310837,-43.882497742410735
68.45881982237061,-38.46511743858753,123.3219420628056,-39.84528746119423
68.45881982236979,-28.7683004768726,369.545964231622,-28.75548552784516
68.45881982237015,-44.2403492987073,-32.032614944267394,-48.493701742733485
68.45881982236999,-34.904779369439545,391.10327711930626,-42.41455254415028
68.45881982236928,-42.52788316024516,-7.057063331695357,-39.70573167389308
68.45881982236988,-50.14542159654533,-35.75776937681591,-63.18955179039977
68.45881982236952,-34.52753547906868,248.70307206580156,-33.34123468612093
68.45881982236999,-41.34007904891735,138.28490854322587,-34.83665180277811
68.45881982236955,-46.586853970159595,11.245504404427397,-43.49149370447839
68.4588198223696,-56.81557567348553,322.8550887849958,-24.663433869589703
68.45881982236952,-44.590550317265475,-14.305555185269048,-62.289796054803624
68.45881982237023,-50.770920583072474,-60.145256192814166,-71.09198797198053
68.4588198223698,-42.33639148436854,79.47858347539005,-38.88699476483857
68.45881982237046,-39.842589792354154,175.79110313508974,-50.17488560279626
68.45881982236935,-41.813351265846336,177.155968436774,-39.0058670876322
68.45881982236983,-45.49360607817105,19.03891627077885,-32.41006167177498
68.45881982237036,-45.14784394543552,69.93620752615364,-44.290821752760124
68.45881982237034,-48.36606021226486,-25.03655611431116,-62.409131889923984
68.4588198223701,-44.80744644648126,187.11443484165864,-29.948750591529627
68.45881982237042,-44.09562839630657,105.61018355012726,-34.81663328309313
68.45881982236956,-32.57287118567655,162.4378363145268,-38.587337139454256
68.45881982236975,-43.91055733858755,181.54455328138656,-28.070122767170258
68.4588198223703,-34.19259149657747,242.24179704556641,-26.918643991989256
68.45881982236952,-43.23796917432527,33.47150044564267,-47.07450019628475
68.45881982237027,-40.04125222279655,202.5958201571106,-33.52461906506198
68.45881982236988,-45.04989216834795,100.43878701713594,-53.88537162976152
68.4588198223698,-49.901101657254365,191.9235511103311,-24.845203054518493
68.45881982236928,-36.359950283745036,7.580435528202667,-60.664164494082144
68.4588198223698,-43.40610428519035,-52.93229875768128,-65.3560772820301
68.45881982236995,-37.89078042125213,43.72996174417079,-36.181089629674815
68.45881982236901,-35.3006319945485,-43.314187519798445,-73.13295085940001
68.45881982237,-45.13307575204624,-55.97317085209651,-75.71934569283924
68.45881982236999,-43.44708707739245,8.393902821763554,-47.787295682327745
68.4588198223696,-51.730670565749314,-3.032181164846781,-62.41669309204283
68.4588198223701,-37.68205079150261,215.66675528832383,-26.989117032403144
68.45881982237032,-43.00949106177647,-56.308682678165766,-66.4992726276454
68.45881982237006,-54.148285410260975,-1.4684477039706323,-37.05560173500032
68.45881982237027,-43.164636930751556,225.2034479505641,-37.99202307337005
68.4588198223691,-49.67122725793273,208.56768147640005,-26.371728445502065
68.45881982236999,-33.25323090926218,156.05321846946595,-33.941036863832494
68.4588198223697,-39.50805601018841,191.29562351866673,-54.17967133934541
68.45881982236901,-47.588740306366816,-55.11637697171603,-81.71692467390889
68.45881982236952,-39.770372711802224,-19.784392723972523,-55.193473257116786
68.45881982236979,-35.73715908059788,120.53244507099406,-49.474573993229264
68.45881982237016,-43.12822262269464,85.40770480469394,-45.25699990585198
68.45881982236996,-42.83197807468164,-50.80065218140838,-61.055547035383206
68.45881982236972,-44.01177119361823,169.43849820885544,-42.33025906620568
68.45881982237057,-32.71568024322996,165.8508133205555,-31.30596783462626
68.45881982236988,-31.3775316044686,32.71232023836335,-48.31517107984338
68.45881982236992,-32.7345369069697,-7.614330576834427,-44.15218957096663
68.45881982237015,-37.34373580626299,92.82420606029027,-37.82230316721385
68.45881982237054,-29.866593506544035,253.14276985098635,-49.97822497272131
68.45881982236968,-51.64474744805325,129.2999760820885,-35.28715545102452
68.45881982236979,-43.02287715593332,-16.509114677964387,-68.30716008719581
68.4588198223699,-48.98324166486648,234.77991216147208,-55.171821696133605
68.45881982237042,-43.716214391927075,-12.336697359562498,-55.117293136026355
68.45881982236943,-41.96391776926518,182.29896454717712,-31.902443140563985
68.4588198223703,-41.110315790874466,62.58485947908314,-44.54857882727873
68.45881982236983,-33.41801782246251,77.38911007355127,-31.71118297091461
68.45881982237012,-60.28465780960175,136.90046810782707,-45.598422901803545
68.45881982237016,-45.61750560950287,-45.348839529091165,-67.58056495543634
68.45881982236975,-44.08186823922302,20.60706600709978,-48.72251996193923
68.45881982236925,-47.689788165841804,56.60507114139301,-43.77051421574939
68.45881982237016,-33.09787124033038,102.65770004813564,-41.002211252521214
68.4588198223694,-36.80340613126876,54.28318654373796,-52.28948482552397
68.4588198223707,-45.625189492216556,420.5921956432254,-34.63909513097294
68.45881982237023,-32.85173074140931,4.652571627215485,-42.90960933062392
68.4588198223699,-49.30077989297804,5.361342034135208,-58.31210576394763
68.4588198223702,-31.665637435415217,-10.200730962137605,-58.499792004586816
68.45881982236995,-43.53307580158945,88.40730952627935,-28.970547642920973
68.45881982237012,-26.23391736498163,143.2395992270321,-49.13867422455625
68.45881982237015,-70.47346337878527,51.76677283345133,-40.15220319790258
68.45881982237043,-48.80647460773717,-51.43367961735398,-71.52514569863686
68.45881982236968,-46.88490900780787,59.656270355465814,-46.057554101164925
68.45881982236979,-33.167784413824656,161.2020453893411,-28.958265384563198
68.45881982236992,-33.8121412943295,170.90338311903616,-33.78978047393688
68.45881982237026,-46.152741716726794,19.346806501849812,-46.99074313819098
68.45881982236968,-40.331815698938456,107.5798928540241,-27.702915023803765
68.45881982236995,-43.83843464950341,67.75415101188511,-36.93680436509752
68.45881982237003,-47.845910236524226,-66.83653022383305,-70.44977848308373
68.45881982236921,-34.500853189512114,258.75524329299935,-36.20923557401853
68.4588198223691,-35.995530014126565,118.10618785504916,-42.161833270113355
68.45881982237054,-61.19880657783554,126.22883203375217,-45.887567570743016
68.45881982237083,-38.83999007363291,176.02727098348393,-32.178338618612315
68.45881982236996,-42.73359987506129,53.776498127270855,-51.24931447033067
68.45881982237003,-56.31912375954473,135.91303118061683,-48.40216745972346
68.45881982237034,-46.637105123789254,-55.916328337076315,-60.508264494671884
68.45881982237003,-32.90671919246038,132.74630057260185,-50.71135913238909
68.45881982237012,-53.105380830561884,-12.885459702446212,-56.49915253303145
68.45881982236975,-44.50776461698963,101.11502056333515,-48.716004793056825
68.45881982236959,-43.31741353725517,359.3958219107055,-31.493254094591695
68.45881982236983,-38.9870569673193,-20.793146414788676,-60.22153927885676
68.4588198223699,-27.841623317157104,-56.894979274138315,-62.18550246554953
68.45881982237032,-32.19978070944066,112.40826741468481,-38.67082588805546
68.45881982236878,-46.53278445024082,-21.028423043438295,-65.3200890462164
68.45881982236976,-43.0891022568663,339.3086753947881,-43.49564000827348
68.45881982237026,-45.075229568053075,-27.13573722628535,-56.02611132865687
68.45881982236992,-40.664219091474266,-7.37234226131831,-61.823339033518856
68.4588198223703,-34.08488160067682,66.30853339181901,-43.25570298954845
68.45881982236948,-44.47842501943035,-17.412756215681966,-62.237406916184824
68.45881982236983,-33.90574385586669,528.52103649882,-32.82331630208159
68.45881982236999,-37.46697361459109,134.89420321234985,-52.38220286845083
68.45881982236975,-56.679709392463366,143.4032019494182,-39.62124999934854
68.45881982236976,-33.74191300070735,32.5459029511767,-48.55602335782697
68.45881982237054,-32.7135570126231,53.745037118773986,-38.51589961934678
68.45881982237027,-46.592685846355465,212.5455107203447,-26.915407937679525
68.45881982236975,-30.883121878214137,62.86262253508117,-42.38943256689417
68.45881982236995,-42.31385707238109,86.12763249619502,-42.30513383469307
68.45881982237032,-34.78963153072795,1.5104390962287662,-52.54762405103024
68.4588198223698,-31.875816711790705,-15.408643334263372,-39.12804412272959
68.45881982236963,-43.44941031883322,-35.99669619580701,-55.333358414449506
68.4588198223698,-62.28658553941058,155.64173981834304,-33.18270473588106
68.45881982236972,-28.92490850282178,-2.096186985771753,-50.489457514795035
68.45881982237042,-36.135887848489325,71.46695859958292,-39.258310906473305
68.45881982236949,-34.77847719707021,69.30335613586081,-39.96314264583594
68.45881982237015,-57.91261989694066,-33.432644189525554,-62.80081172925276
68.45881982236956,-41.85767492033644,830.522933947353,-22.989370168446687
68.45881982237034,-58.44779342773303,90.32486903155925,-46.7156298758869
68.4588198223692,-43.85652962332642,690.9552348036948,-33.81588444188186
68.45881982236929,-57.80144270948485,126.19902652373098,-37.79176176807982
68.4588198223696,-55.647680280972665,-23.402841884557347,-53.56995212709411
68.45881982236959,-36.19066325141424,-1.0090457950495901,-45.51210733107296
68.45881982237032,-55.11099543004906,30.452046062117265,-56.83028048379404
68.45881982236936,-31.861401892057607,136.00805895674785,-31.938319293996344
68.45881982236992,-35.7542696407257,602.7350717851623,-33.96461953501767
68.45881982236945,-39.40755706978033,131.540599952894,-29.062775646756446
68.4588198223696,-52.46984225571967,18.17935202468044,-54.68114141241402
68.45881982237003,-41.15028255760939,111.09009896034978,-38.33284428935111
68.45881982237043,-38.67676911910064,-24.559939047084,-47.04547526627749
68.45881982236976,-35.0254249861138,67.2647717373891,-46.742752571402235
68.4588198223707,-47.10837512864875,144.61537630862927,-27.89125786037715
68.4588198223696,-48.24863257271984,5.943786759581582,-60.16724348088513
68.45881982237007,-47.628562232754255,-2.0094124607527797,-49.47300140054971
68.45881982236945,-44.57314834994606,96.53079192650162,-30.8359477584538
68.45881982237077,-51.34525724287787,153.90720390596314,-47.24614670186017
68.45881982236956,-46.788534442148986,381.3895024613035,-31.28545870067635
68.4588198223699,-54.54659708281165,8.43279868724045,-43.36776557800428
68.45881982236939,-54.53945279660809,102.19326784524566,-43.51802448621388
68.45881982236986,-45.29646211187788,59.580834539053676,-40.27679457243178
68.45881982236999,-39.703353890488955,-51.77842782654085,-71.88548973508522
68.45881982236992,-36.16622776826709,77.6885979628853,-48.74899308627316
68.45881982237043,-36.46744680938936,215.7004966543479,-36.64912535179619
68.4588198223697,-31.35802088279298,80.434847824086,-47.85409176113801
68.45881982236929,-45.56369630236189,303.2579200651215,-54.22559286780512
68.45881982236963,-44.8073853858544,-1.3433012125644739,-54.34481552876919
68.45881982236959,-54.27450169760591,506.5137388545801,-28.229630454414345
68.45881982237036,-37.42775454781893,20.82430232242021,-47.726888511505386
68.45881982236945,-38.94403976502295,-9.10206142818566,-36.30689133993189
68.45881982236996,-38.399799853905606,73.48480710493244,-31.289732974036767
68.45881982236999,-42.23709765634962,-13.561790393111062,-53.6684102769823
68.45881982237006,-35.35540293823042,-18.89445114793681,-45.652588411727116
68.45881982236952,-56.30833354845277,685.5009310631052,-31.45179861480517
68.45881982236955,-33.28519177527316,11.15840800571959,-53.7778994687858
68.45881982237032,-50.24408706885652,30.64925435224113,-41.21061948402418
68.45881982237023,-54.231043360786266,-11.185368472854861,-56.39744355338585
68.4588198223696,-38.223351185495844,182.72319633301436,-52.85104179766746
68.45881982236988,-50.817928171352186,-11.07182460151609,-50.08376843106866
68.45881982236983,-43.472109536539094,200.59638410778183,-37.84395166536966
68.45881982237,-43.67452056193278,88.75493941116342,-43.391805916594414
68.45881982237007,-33.36876414238274,110.15140431437626,-38.72658632824141
68.4588198223701,-56.93861191575175,31.669089153839124,-43.8198426473429
68.45881982236965,-43.896815852910265,132.3863356067399,-43.159623139282864
68.4588198223701,-62.312845002697046,485.3368644034366,-24.880184820710028
68.45881982236943,-50.681133037655755,97.38374416054079,-43.73379829205567
68.45881982237051,-40.503941574974924,35.79917118696221,-52.9433274884447
68.4588198223696,-40.69872633970084,113.2973684514114,-54.7996873011182
68.45881982236968,-38.67405625323149,27.364541543872157,-55.75816421344237
68.4588198223696,-53.00613659591751,-17.13531636161475,-46.07776486363922
68.45881982236945,-36.06838944008035,107.17587321502026,-39.338640207086705
68.45881982236992,-43.537958243299876,36.993284342321296,-53.099889972863565
68.4588198223701,-45.3969280960123,186.20739820139192,-38.63975320793125
68.45881982236975,-37.647043636315615,117.28641862935012,-27.954325410350222
68.45881982237007,-42.56043295781051,140.6971924478417,-38.74897633998088
68.45881982236894,-32.893674893104496,29.6909345718265,-61.635723588010016
68.45881982237015,-36.86617237984938,65.94213229347483,-38.33128929570273
68.4588198223699,-41.651095847201816,114.4237669836622,-40.27895419553049
68.45881982236945,-53.73876295883772,142.74321867892525,-38.36661670074067
68.45881982237039,-47.850730125984406,49.116539693704,-36.33641685025905
68.45881982236935,-28.06729276712404,-29.598700118501686,-47.2725018768708
68.45881982236965,-39.522472367303585,29.557188697902358,-49.378498160630066
68.45881982236999,-35.71997333603163,152.22142026602606,-46.053319557961416
68.45881982236949,-47.362439705295564,3.5635898314302805,-50.87105848455711
68.4588198223697,-36.04498790284401,359.606236770007,-27.907909561574595
68.45881982236952,-45.728561285136436,-61.21089334706251,-71.7608556497002
68.45881982236912,-32.96050678062341,22.06554372099845,-48.926521271040144
68.45881982236904,-39.85346747832812,-65.21292026654211,-84.83480841510088
68.45881982237007,-39.36712510570376,-36.033666495873476,-68.45603146905188
68.45881982237026,-51.9631286302762,88.52474967241012,-32.9631423887288
68.45881982236955,-48.12539352473437,-17.655771828486078,-53.92898468749882
68.45881982236949,-43.12014696563359,84.50793823668403,-42.93909710105316
68.45881982236976,-54.48253158953613,74.2873994710064,-46.51500234310748
68.4588198223701,-33.06068835121416,72.48767091735648,-55.69088382404175
68.45881982237016,-37.46547647632787,30.243172802112927,-54.24553815890958
68.45881982236897,-34.958078839910364,78.96057329550088,-48.583698030472114
68.45881982237042,-40.14106221398954,27.670747628352487,-42.09359223132106
68.45881982237007,-44.88248563387924,113.27447513316646,-39.800467127002456
68.45881982236929,-41.8773734819149,69.64545072810186,-42.17066197410394
68.45881982237066,-48.76084310146687,-30.521706072744003,-62.7977707527493
68.45881982236924,-33.203258784874556,371.8565054584415,-34.382187002012884
68.45881982236904,-32.844705257824344,-5.717182558526068,-45.90388032441199
68.45881982236959,-63.14034395148946,-29.215147360623096,-58.284162794399755
68.4588198223696,-33.773926010853486,53.50626149373012,-42.89534618395422
68.45881982236936,-55.03416210633218,-56.37739774369618,-64.38946964414455
68.45881982236979,-43.558794199283334,2.0693803310748216,-41.34135754412141
68.45881982236928,-43.29870022257612,159.55678828923382,-41.156185434981964
68.45881982236945,-36.40697633358617,63.287027853659495,-41.40362425407073
68.45881982236955,-37.644595726586914,77.99620798188127,-38.69041714676635
68.45881982237042,-42.15005986589484,189.07891195487446,-30.034843530887645
68.45881982237026,-52.90057426127988,-37.054676593897575,-55.83544103841663
68.45881982237039,-39.390151671477994,71.26345416927322,-43.9468662068705
68.45881982236986,-53.69759275042725,22.197065966000906,-65.16182183280733
68.45881982237012,-65.4490206305727,-75.99463805595892,-76.77745535192433
68.45881982236999,-48.49458898573291,437.06570873998453,-27.074227272543816
68.4588198223701,-38.639197471905085,-14.883866259710265,-76.25657052896987
68.45881982236956,-61.10300790670331,-58.87251927985664,-71.27095828378958
68.45881982236959,-39.335233761681955,242.6909501282862,-33.47080255535323
68.45881982237015,-32.27414222144297,46.257189999796154,-35.61417990953761
68.45881982236995,-40.53959720018969,-33.32451557209283,-65.67278877407455
68.45881982237034,-44.73222674804962,166.62897023904998,-35.19870614190739
68.45881982236963,-42.02935443977385,115.44576343851504,-37.700323160025306
68.45881982236929,-35.52761685506292,78.49529108486908,-38.42788516675589
68.45881982237006,-32.99120135150957,-36.834489588375874,-57.65204148234182
68.45881982237061,-46.0785317722972,422.8362120543436,-35.81088206768867
68.4588198223702,-36.97001427578708,84.8587504033927,-50.401921239373216
68.45881982236992,-41.94700674626423,105.07435833711844,-34.93391443581223
68.45881982236959,-33.09359015368947,100.3686281065134,-59.79359089689087
68.4588198223702,-45.62221037999017,98.2690555252439,-43.03587093403854
68.45881982236999,-49.51486678944119,202.08976405571005,-30.01508734120645
68.4588198223699,-44.21362632614794,79.15051887594382,-53.61767280237518
68.4588198223701,-40.84225297819911,14.45846721976074,-44.748536080724364
68.45881982236972,-68.62671889858242,132.565109417964,-47.49881928356502
68.45881982237015,-33.17482966153471,103.41757537864073,-42.83311351028524
68.4588198223698,-49.822689621990726,12.725455508126625,-48.79179178500132
68.45881982236983,-43.676984610070505,-24.97107613791343,-54.773216480611644
68.45881982236948,-42.51933984181768,16.321359009026494,-36.88637413520901
68.4588198223703,-53.44680121820231,599.9405481873174,-31.843301627940978
68.45881982236945,-43.43602274456001,71.55384677987344,-34.357100618401844
68.4588198223694,-54.00869811016531,296.83604145692874,-29.388723136614438
68.45881982236975,-41.796466606257475,115.19479327081443,-35.30603471057265
68.45881982236976,-46.87717892635154,166.62602260553678,-44.214664126505056
68.45881982237003,-33.34040867511394,51.582373037810704,-68.55801340383641
68.45881982237023,-38.07868344190739,85.4637788337768,-54.39559586712115
68.45881982237019,-49.9352646207603,80.67256345607532,-51.541546868385325
68.45881982236952,-41.568292068154186,120.0987394784883,-42.093751739034225
68.45881982237034,-36.89838475715192,144.05963212513356,-39.06582167838371
68.45881982236925,-40.93153425096331,38.02821285228728,-47.68222365994112
68.45881982236949,-58.557688147590746,-59.41924342433256,-67.73298379774513
68.45881982237036,-46.23952108076058,41.98539682538281,-46.19756781049181
68.45881982237007,-47.71057827439563,46.081579281827835,-28.29341902588458
68.45881982236955,-29.995609703762415,-18.66738306275507,-62.88134239134351
68.45881982237032,-29.858222319418115,92.87317765702234,-45.40125998003279
68.45881982236968,-47.87904535293951,37.57800088031906,-39.02869626610257
68.4588198223692,-49.243751590317785,3.2976848475684495,-53.701402517373296
68.45881982237042,-38.22826494913375,62.754796040509135,-36.541339000816656
68.45881982236939,-40.8057071022645,123.82661335559648,-36.267050980360146
68.4588198223697,-43.64152900339554,150.3566977557743,-50.63597888043554
68.45881982237007,-39.18231165164663,16.54582771745121,-33.873195396138264
68.45881982237016,-30.634639646515836,453.66797918489505,-44.79975229755419
68.45881982237061,-32.50472063803416,34.8008490651994,-30.70699447333135
68.45881982236976,-51.44704877737431,238.64684964379924,-43.29603811014442
68.45881982236988,-55.51304684794003,120.04059557319002,-42.5689446799107
68.45881982236928,-38.5506739887388,9.837365921544938,-45.68084026081485
68.45881982237012,-40.286637103315414,89.75542850054777,-26.029168407759386
68.45881982236986,-43.54088398659772,104.82792009243234,-47.566738719105736
68.45881982237097,-45.10661437228875,186.98365359571417,-36.9406642504817
68.45881982236968,-41.84746725421269,187.67679528201836,-56.32795406779796
68.45881982236955,-57.63314796432739,81.38727791703704,-41.63440614368983
68.45881982236959,-43.178512897425406,82.72108668231786,-39.04420426387273
68.45881982237006,-49.26696137734575,79.34555143733365,-49.597452805044725
68.4588198223703,-35.89613093194781,-9.206059657468257,-53.41052003112821
68.4588198223697,-33.15662883960214,-28.050984010428692,-53.72097943314913
68.4588198223696,-38.328393248436484,13.390675555987208,-38.57610506999794
68.4588198223702,-41.5283714695719,-62.6241056632382,-80.07212076723384
68.45881982237061,-39.85200262569539,-39.52146742407202,-51.88493871107438
68.45881982236975,-45.75217006022241,125.11695093928452,-44.58151246651047
68.45881982236935,-48.95679140825185,195.0992940870913,-29.680931131076537
68.45881982237026,-32.70642723244853,81.36899704567662,-48.473441538041776
68.45881982236959,-38.02249222390894,13.59835365387665,-43.07886840206932
68.45881982237015,-40.83358554849986,-30.889059492946224,-61.235092467282726
68.45881982236959,-43.574369657587944,358.00494799079894,-37.0600357915977
68.45881982237015,-29.047170798370804,109.01140869362477,-34.545276958389756
68.45881982237015,-33.838992647552224,198.36212662881417,-37.37676896719454
68.45881982237047,-33.82413855978202,104.50269286767089,-38.5343490144803
68.45881982236915,-44.696131176095,22.223177397864347,-46.09070048165002
68.45881982236972,-51.67002538394178,23.069984794285613,-52.68998492174154
68.45881982237043,-38.945891928663876,-47.35114508291141,-74.7173886328045
68.45881982236975,-27.735280696601773,315.76398921512003,-32.10430647650887
68.45881982236963,-42.98863441161173,-23.828028728760977,-52.81394925751699
68.4588198223698,-44.17806858145187,34.995517408742046,-31.38945635582503
68.45881982236983,-48.34854292202735,-6.461342453888507,-46.45388711116524
68.4588198223701,-30.656061621449204,100.33497903557374,-48.6787239469988
68.45881982237016,-33.83698170302895,-9.29839222371809,-60.70793532009733
68.45881982236986,-34.95953978557294,-32.1167978678087,-44.75866050644357
68.45881982236959,-60.87796383523646,86.69226810817874,-30.40434374104016
68.4588198223701,-38.95865196760969,16.572369388617993,-53.27801122239391
68.45881982237019,-37.21670345031723,30.113287377142626,-59.53223446603238
68.45881982237059,-41.39923800900275,198.73155875130902,-34.295233754950296
68.45881982236952,-38.73208656200789,96.24515847462693,-38.5172707792098
68.45881982236943,-29.626724913284054,85.85908608799791,-43.039972889101705
68.45881982236995,-38.88481349055732,-13.255752513511098,-64.88855869541804
68.4588198223696,-30.709274691135725,-7.094659078518806,-61.297489946344896
68.45881982236995,-55.912278958440076,634.6079053270894,-26.32857376864036
68.45881982236968,-53.002375842149085,118.75160116384632,-45.30776022737742
68.45881982236986,-46.8541719530145,14.894233897177633,-39.45443637431292
68.45881982236979,-43.60023500885153,232.16732352477635,-45.70725618497667
68.4588198223702,-38.133847072502626,225.1630782913689,-49.3418401849979
68.45881982236943,-46.99077482191274,-4.330122129720582,-38.55726434276533
68.45881982236975,-39.317683504868064,33.01006436216625,-34.28737152330291
68.45881982237006,-35.386892275803895,204.46130560545996,-32.842913740986326
68.45881982236915,-38.23593834069192,109.41911700659439,-45.505235328522396
68.45881982237019,-46.32783669553234,154.14794878587657,-33.548303026714585
68.45881982237023,-41.69135194338563,-36.243258286262616,-66.91509772390748
68.45881982236975,-48.91348563686604,1.7632800613047062,-37.868961455403586
68.45881982236979,-43.28546345649221,25.62541676023764,-56.99956955437895
68.4588198223699,-44.31798321397436,105.4448834310271,-33.95181435701924
68.45881982236956,-59.39552179497303,85.72845518447608,-34.97445142093728
68.4588198223701,-49.02051131671781,57.92687772641361,-42.90147930771607
68.45881982237007,-31.69819221879091,-54.933333709517726,-59.14018733442976
68.45881982236908,-55.07167681993482,-16.52378962673614,-44.53660802408264
68.45881982236976,-61.64889115766514,-47.13884319833177,-54.6186787813735
68.45881982236979,-32.228408322830674,24.66717869246122,-48.728463052120205
68.45881982237039,-43.70969473521349,256.78202063137843,-28.751773137554824
68.45881982236948,-44.079004236515985,36.861031326549565,-39.14669139712704
68.45881982237012,-38.11395072257976,-6.42025427254449,-43.351359542614034
68.4588198223698,-48.5729159012009,-17.375045908226372,-74.41879279129337
68.45881982237054,-45.56443104935707,43.927712806781585,-34.05306001836605
68.45881982236988,-35.76697391210658,82.36707830634286,-53.80150552301601
68.4588198223697,-46.093530220994204,-29.170766919138092,-60.45449561005955
68.45881982236943,-38.74144882764667,-14.490067955427666,-55.55356405542548
68.45881982236976,-46.4135585668352,33.44586471061377,-47.02768209746545
68.4588198223701,-50.641249339118,267.85665136443396,-41.479299798822765
68.45881982236975,-52.912760930538404,63.32161882295091,-37.41484338137977
68.45881982236945,-35.69946146365456,-18.69107659733451,-56.59168672385273
68.45881982236963,-33.63670739411177,158.72283092666035,-35.62319480537236
68.45881982236912,-40.41238466864936,277.6661917630489,-30.666688644872586
68.45881982236956,-30.894454617162246,-7.245977300957051,-44.82215741075824
68.45881982237019,-53.21376389083383,131.78644454061916,-31.91120329199627
68.45881982237003,-45.2757528274776,146.07545985171785,-41.81235478212475
68.4588198223691,-43.86343582952917,18.695946956048324,-38.791607463891175
68.45881982236912,-41.488043733211455,73.60652706089044,-55.01558124234308
68.45881982237027,-46.33549566063958,94.549572335877,-43.22947737344127
68.4588198223703,-59.71768024708535,-20.79879559984883,-49.622236702243875
68.45881982236968,-34.532030768840094,347.5483765890912,-32.32400600060152
68.45881982236943,-41.77043435033888,443.3281842172314,-22.864818599858406
68.45881982236975,-39.57204211642612,507.5341041742111,-30.41841974503693
68.45881982236972,-28.65251499070198,-33.571057881534486,-61.79452333362803
68.45881982236945,-36.53818122215819,40.77988851979555,-33.95559389694902
68.4588198223702,-35.19454793782557,50.94617262388983,-42.89392301778497
68.45881982236935,-30.72286121755734,205.27036792807013,-43.07053663078597
68.45881982237063,-33.9048424740408,46.9423973652531,-44.707159353383894
68.4588198223698,-36.510477723475745,43.00106731639228,-38.502825177836165
68.45881982237007,-42.7953828606641,124.32060845656578,-35.85191467138231
68.45881982236959,-44.161991164785455,177.9073870162284,-30.323725313670955
68.45881982237023,-35.87224221131164,8.58663697360791,-42.94830500706891
68.45881982237015,-45.85256978292966,40.582139856488155,-40.8792814536457
68.45881982237019,-40.23628372920414,110.88242338266956,-31.70352483536337
68.45881982237007,-40.52300154833674,-42.68144230242012,-59.756355410635756
68.45881982236972,-39.5089391089291,34.06024777916172,-51.692523239333795
68.45881982236948,-55.123941047371794,287.48051420109414,-29.70205019199852
68.45881982236983,-43.53981244544379,90.15163723667025,-42.278724042498325
68.45881982236979,-42.7954174855765,76.4830172447709,-45.6472045573851
68.45881982236949,-35.229594126079874,84.70913299627686,-31.27100045411909
68.45881982237003,-34.48494674376419,-38.95379074964266,-68.88517139426611
68.45881982236999,-28.740013118193808,14.429248595884792,-36.528487881908646
68.45881982236995,-40.119205769056656,21.151138946258776,-54.1562710742207
68.45881982236943,-43.31494031986457,141.34715096327687,-54.23875497228363
68.45881982237007,-48.99902217505206,109.64067906909713,-37.998694220320964
68.45881982237007,-48.27577548207278,106.38146552314387,-38.31411696236112
68.45881982236996,-72.42776191987669,430.88425631253176,-31.299371337899085
68.45881982237067,-40.16205505097313,152.86688310730062,-46.4688948409735
68.45881982236948,-48.06275287263412,6.228704352503844,-49.377575205923996
68.45881982236959,-36.46379235167324,118.07235397916855,-42.20374746015859
68.45881982237015,-43.10481398349246,104.13507875753058,-45.16659057216518
68.45881982237026,-44.161864049935794,158.81077179818038,-37.1900353312558
68.45881982236929,-34.66375392467047,62.27537106889578,-48.75221796404323
68.45881982237006,-38.042839815331554,-31.821615866193532,-58.17098292541794
68.45881982236943,-31.272843903488955,75.47993593012701,-39.16917029764353
68.45881982236965,-44.52826968398649,-0.9259021397326372,-43.1738523739553
68.45881982236939,-34.020003860881495,315.0162202946663,-37.48402489758378
68.45881982236979,-45.73891921371395,338.17350699378824,-24.08503388883192
68.45881982236952,-61.136651584736754,114.78108616833084,-41.726781632624025
68.45881982236979,-31.306613365322946,60.153830242258756,-37.7803268800983
68.4588198223698,-48.70294531012678,91.69999945653788,-36.36006794654946
68.45881982236929,-46.7027253395352,-17.437464618008256,-48.8462870854285
68.4588198223698,-36.0692890230553,19.2429635727555,-33.14234132689061
68.45881982237086,-31.047083624554116,-29.174062509574362,-52.94893909533138
68.45881982236939,-42.9921661850612,248.45704006509703,-47.50711755445886
68.45881982236988,-40.5900434787998,24.87097295206553,-58.764181010699026
68.45881982237015,-38.6548144299862,95.63823969147536,-46.56231433780849
68.45881982237,-40.80034275263527,-40.256577319434015,-54.4788617788373
68.45881982237012,-49.48376404638359,95.91858854444833,-46.52313245999961
68.45881982236955,-48.24877468048724,1379.106601307703,-27.004231528556755
68.45881982236945,-43.342396223058266,185.64479600423192,-34.08265981425244
68.4588198223694,-39.160579906676254,51.36742186454133,-49.35764754897291
68.45881982236999,-53.123378883471005,11.306648536063136,-35.054728633052
68.45881982237057,-30.81266709471184,32.190785464722296,-40.97407692629258
68.45881982237007,-53.21988105381929,27.4199984968855,-47.30454383386752
68.4588198223696,-32.6324105625446,161.85169422437494,-52.62681207828075
68.45881982236979,-33.579104809134606,106.19772589936983,-47.61125185849837
68.45881982236929,-57.37172545805901,64.7548421363505,-35.44204564200793
68.45881982237034,-39.16322497964219,15.090980955849442,-37.93024159908644
68.45881982236936,-39.05464182333683,257.64923358773166,-34.836774173220675
68.45881982236963,-38.77442112407802,-12.152039230889255,-54.59953197272057
68.45881982236999,-55.49153695357527,34.757037236591096,-50.19774430196673
68.4588198223698,-39.85282253360798,175.70816345594218,-33.06336729911112
68.45881982237063,-29.052248035108953,382.28737492864406,-49.63265129082297
68.45881982236983,-47.07159415248484,69.15246543489717,-48.551916364484214
68.4588198223697,-39.887312822013556,77.60424309668788,-32.690256512007075
68.45881982237054,-53.55742379888508,195.48688675862334,-36.10865777010979
68.45881982236986,-33.257885595781204,139.9109195009285,-41.278859432969625
68.45881982237083,-52.67902572988361,3.7890027579299934,-49.03926142822904
68.4588198223698,-41.599254144489684,237.0531949979509,-35.830460711931366
68.45881982237012,-48.151332914468995,2.4944108384304275,-53.05788187387357
68.45881982236932,-40.522854059877375,23.898306341986284,-45.104744980094544
68.45881982236999,-41.38911380245469,19.721345609330655,-40.38042946701837
68.4588198223703,-46.38147383228151,181.26430230426428,-44.175427682246834
68.45881982237059,-44.99147944315127,66.72618136181944,-34.301833213946466
68.45881982237,-50.388957249153776,515.0439702258604,-29.682654331180526
68.4588198223702,-47.49158791965128,136.01933131339555,-38.43593051807282
68.4588198223699,-38.16054684902821,-18.1982880199278,-55.16419774470496
68.45881982236983,-44.69432521796015,-37.6613453206154,-47.753997476751294
68.45881982236945,-41.04396950635474,199.70728257047122,-45.33764190285697
68.4588198223698,-40.93030317195826,-10.184363996261613,-54.177851707644905
68.4588198223698,-41.18354849102674,20.662618236907846,-37.52082389418413
68.45881982237066,-34.013541333586005,-32.359140975897525,-54.079022082800954
68.45881982237007,-46.387388179375286,319.84388322893295,-36.369291952513
68.45881982237023,-58.18627499692855,49.28718721239655,-36.688837261629814
68.4588198223694,-41.0995134876943,17.167847201207564,-51.88479403363897
68.4588198223699,-51.94185509271072,144.7216386972857,-30.210571770114104
68.45881982236924,-36.0560068661466,147.0102054618645,-41.456776232010895
68.45881982236972,-46.01372644255477,97.06186462927369,-37.1470608853029
68.45881982237012,-37.64637171827291,0.8021117145021295,-58.51401397189674
68.45881982237006,-44.34703562594083,-41.330623430080834,-60.52317000833989
68.45881982236983,-37.8732820770027,254.44579434856257,-26.748227128518522
68.45881982236986,-51.36521501257173,-33.91375925173975,-65.87739463265234
68.45881982236999,-63.30529167350245,157.4087079244845,-53.09185214161387
68.45881982237015,-44.15767577526917,249.2919323574241,-29.677028944226112
68.45881982236988,-39.774311372526526,290.24858871595774,-27.304758432466127
68.45881982237006,-53.254002435867505,53.07440304105611,-52.629376088077315
68.45881982236945,-35.20183741753398,-11.877503194591721,-53.58928063445849
68.45881982237077,-45.63057198790954,97.21160338216295,-27.838928805824025
68.45881982236932,-34.629938033547916,152.89499977791797,-40.65761106502167
68.45881982237067,-28.95378119940174,-12.448701131989404,-46.69918950662102
68.45881982236968,-36.21722132095029,320.44182369882105,-37.53857421478788
68.45881982236986,-48.76848192857952,31.412350703868007,-54.44176098687032
68.45881982236996,-40.189523192225366,19.386368068926064,-41.199637511168476
68.4588198223696,-39.79122466843952,564.2551396372927,-29.397980850790628
68.45881982237016,-33.0369401223106,114.8090975621435,-35.09334390598431
68.45881982236959,-47.619045630183244,28.683566935668914,-35.58518266645548
68.4588198223701,-42.79007870898332,58.01720793282994,-53.05076245719474
68.45881982237007,-38.01100900256785,8.675018041406911,-45.92381321074659
68.45881982237042,-45.30303820625963,221.66163341000907,-26.693822937636604
68.4588198223697,-32.681765215207434,77.94364570591803,-38.52815676278075
68.45881982236999,-37.73933935061824,-31.834581010660013,-70.1456386649589
68.4588198223703,-33.43783039614101,2.038292430760702,-39.231115245414
68.45881982237032,-36.499413815301004,93.10088218413186,-44.21382789149331
68.45881982237036,-41.774431231654376,-26.925021389750114,-73.90328899402974
68.45881982236924,-43.64874133695038,99.92822309969414,-48.362014574046285
68.45881982237003,-46.440665886969946,-29.293568444816852,-53.46480032148624
68.4588198223701,-50.720534237460235,118.33448979752914,-36.98624554662234
68.4588198223699,-32.94287845763992,-10.595317652142144,-63.31674125581064
68.45881982237006,-29.00409163190173,99.80089951294431,-36.613798172212185
68.45881982237042,-65.60556641990787,351.03934907217564,-28.283291709905946
68.45881982237019,-46.14024830560166,91.33382327880311,-39.17207229844514
68.4588198223701,-32.45364852755216,18.29103086705526,-45.18337495720418
68.4588198223698,-46.52252375777225,101.95493225967978,-44.20943161399657
68.45881982236948,-57.37369271801354,70.6332514574093,-45.09826443265362
68.45881982236948,-52.12935590517138,729.0255887673776,-22.583361703625492
68.45881982237,-41.24868780797897,129.10621666664014,-33.87515271795366
68.45881982237016,-48.70738876185682,180.9807598857013,-30.617336169093
68.45881982237016,-52.66422819569845,-18.795049755046055,-48.197837370758364
68.45881982237,-47.76658398161233,64.6359475224752,-39.25266452644153
68.4588198223701,-41.266243766015144,46.278201786491316,-57.71788939785614
68.45881982237019,-38.45050865263089,9.77622913719134,-51.885924765707216
68.45881982237016,-36.2042068548252,9.530678645992019,-55.83290620695195
68.45881982237015,-38.74846658592522,-58.29121378343485,-72.92363724645283
68.45881982236948,-40.655059024046636,158.34007137109705,-42.4844953508437
68.45881982236988,-37.00069421235188,-40.23168583849033,-74.30134408314912
68.45881982237057,-52.62047273189765,55.52703230378826,-42.824893468041516
68.45881982237071,-46.80442232076468,116.39301678523775,-34.66856144338316
68.45881982236986,-34.75684033515149,16.80869096262516,-60.41782581136662
68.4588198223696,-36.394747617231296,7.566245894569357,-47.08459307807033
68.45881982236929,-44.86318891405215,-6.15508530744976,-60.5766987316816
68.45881982237036,-40.012027792017314,263.97110082876634,-27.48790507376938
68.45881982237019,-43.60462078078932,10.800085452484565,-44.032082789785164
68.4588198223698,-34.417442530444156,85.7237434267748,-57.9483938284448
68.45881982237,-44.28650776673706,82.42645975411327,-38.15757302952656
68.45881982236996,-41.60359548950916,-24.746055647408916,-56.78709016639133
68.45881982236972,-33.657187072668115,453.2785204797763,-36.02085574380687
68.45881982237032,-40.48317810828447,16.507908416635274,-41.055828128717785
68.45881982237007,-38.32040809024163,298.7142652373522,-31.200408483407283
68.45881982237016,-30.245439784333893,265.0736819990351,-41.06626460599022
68.45881982237034,-43.08785137889537,99.64610770188173,-37.875275993053506
68.45881982237034,-46.7175651965912,189.44123493043028,-32.534082994369676
68.45881982236952,-44.38017320884181,106.49556335671573,-52.135837167733754
68.45881982237034,-37.706262917348866,32.3195060015373,-46.619094071866144
68.45881982236924,-34.74690218720898,130.15398020201832,-49.33918937087307
68.45881982236905,-41.9898268770067,-18.724184474578177,-53.64583052187424
68.45881982237097,-54.935253808415915,214.41575602628328,-34.800995846423824
68.45881982236925,-36.22911708330507,35.453545213386086,-46.11658362050959
68.45881982237,-48.10844624227244,-61.408584628779806,-81.03862258950927
68.45881982236988,-48.834958478792664,73.03522428895121,-37.52050857147851
68.4588198223699,-42.84304248518747,17.404393489287486,-53.60618292935102
68.45881982236979,-37.81900919344176,-6.236119454600308,-35.668361472771416
68.45881982237026,-47.50536889783103,650.9547904720446,-30.594338286274603
68.45881982236956,-51.808511154378714,105.90816200975249,-33.00056898346715
68.4588198223702,-37.4757766069701,41.97958187836166,-43.685525619520604
68.45881982236948,-37.07107314016137,89.78188545293328,-41.81833627253969
68.45881982236979,-44.05799479155039,43.3099908957969,-46.8066395928027
68.45881982236999,-42.09847173361207,214.07878338011082,-23.02078255863014
68.45881982236979,-51.99715266603726,16.564232231683064,-34.31774280132053
68.45881982236943,-29.66746567717884,175.16764153301372,-42.57927582876684
68.45881982237032,-59.93708140489831,34.85661779303815,-50.14034850618667
68.45881982236975,-46.67416959809007,153.8454095051858,-43.52539701889765
68.45881982237039,-47.80952690754026,284.7040374127502,-24.104701602075018
68.45881982236952,-33.964333913391066,-1.7697570418404696,-36.917244418682394
68.4588198223701,-51.39142255916319,31.07876829825813,-49.817542281191976
68.45881982236952,-29.99350325344802,605.2763338688729,-27.402530640819656
68.45881982237012,-33.266710124392375,86.83107980122699,-48.263963731152515
68.45881982236992,-40.55204963100773,107.58050910284113,-40.20188068524858
68.458819822369,-46.63933053930693,-13.07759091484112,-63.020997589872806
68.45881982237039,-31.042089161163656,92.47802560236799,-47.704841655434095
68.45881982236963,-29.071937224271103,-58.90308785198499,-70.75618426486301
68.45881982236972,-32.70523820180106,148.77267001578377,-29.21969039002783
68.45881982237003,-38.99799341641121,12.335644841286841,-39.199008247977886
68.4588198223709,-43.88676173789413,171.03375917518505,-30.655719354415258
68.45881982236952,-38.68714412025708,253.27490396011103,-32.98858550488867
68.45881982236992,-52.948106672731534,328.4787041320139,-23.872546711442677
68.45881982236972,-66.317536315186,30.136563393890924,-44.457327815939706
68.4588198223705,-41.55288410014947,-6.086616191734661,-58.77635454383929
68.45881982236992,-41.508118863603706,-10.601480768190896,-38.70671009917683
68.45881982237039,-34.40490310466219,-52.6339525956381,-61.35939586601491
68.45881982236956,-48.576230154229435,174.0317514082128,-32.09443310364751
68.45881982236996,-32.75785077973911,673.3003813251211,-30.977633674752948
68.45881982236996,-63.114810003690366,401.33118316716354,-24.348234517405942
68.45881982237059,-48.380064028844636,3.1956448764297596,-44.12250254428427
68.45881982236986,-51.50359804326388,16.48163716285309,-54.28182759070577
68.45881982236995,-48.10263062284368,195.8367014334338,-27.16710143616118
68.45881982236939,-40.322794827568146,-6.322818062491587,-50.35835060203031
68.45881982236963,-39.09140847595647,128.1295797729725,-51.52794820182296
68.45881982236996,-38.43599259060119,17.195732729793978,-67.40260495768963
68.45881982236959,-38.66875531551808,-18.73782281361096,-55.99865582434482
68.45881982237034,-47.20290803721225,479.45285755586656,-38.10202738924362
68.45881982237039,-55.67384315814028,155.2531841809763,-37.81463408228925
68.4588198223696,-38.08294377007072,39.66491052848169,-42.20496773576339
68.45881982236915,-35.709104359423506,183.46016432244178,-42.04478709951543
68.45881982236992,-57.86782432215731,22.869652264096075,-44.132105814106815
68.45881982237012,-49.23523333758262,-29.51577629289589,-61.698483307657284
68.45881982236972,-52.777279166666744,126.56351244442345,-58.86399206931592
68.45881982237032,-58.7090043165297,125.3549702591298,-52.3238113281296
68.45881982236992,-33.345656955962056,336.7203345131668,-34.67052679098943
68.45881982236928,-39.63206805699846,22.620112382070822,-47.89985653563694
68.45881982236988,-35.85448484295456,157.92733573296093,-44.98376035713777
68.45881982236976,-36.46446797010233,42.443446217979485,-41.78700305938614
68.45881982236996,-40.83917683201229,104.17199811398757,-36.97889449439934
68.4588198223698,-37.015757128205394,-15.871162300647201,-56.732300985657226
68.45881982236932,-49.66041771958386,69.50743463947944,-34.43244957360484
68.45881982236986,-47.475085630255556,129.05444228379594,-65.80180675923212
68.45881982236916,-48.90676969113763,127.92435662048436,-43.72679308152559
68.45881982237043,-42.69093399275034,198.62544365633858,-27.34019609509727
68.45881982237,-48.64376111015447,132.22929957296944,-45.5777855863216
68.45881982236975,-56.29720650516925,62.56547682445037,-32.955605647646635
68.4588198223699,-60.83715244403998,214.5025958546321,-31.86219353320503
68.45881982237027,-40.1682639389736,-15.386603381123754,-36.82558778402378
68.45881982237003,-54.939175440479396,125.27812571438592,-47.57741661983198
68.45881982236935,-54.04837968131583,249.18908555798237,-44.0245150425266
68.45881982237039,-62.58960865714411,-17.904222704923246,-54.72319916670939
68.45881982236983,-44.414106805088046,-27.730659260518554,-52.85757142426741
68.45881982236955,-44.3759600399109,9.130969769029296,-48.89406737275069
68.45881982236979,-34.17674586669297,99.09937442485348,-37.813141145860975
68.45881982236908,-55.112618388308064,162.83447504452693,-38.661793985631185
68.45881982236992,-39.192091920430926,40.366940890302814,-53.57356126722998
68.45881982236988,-65.24644220555507,35.149988806583686,-49.98596832675951
68.45881982236968,-53.78270651985012,-18.119504946876873,-62.76477565564694
68.4588198223696,-55.41539528529276,-5.936395850667209,-51.56637495194509
68.45881982236955,-37.565265404041526,-8.636603338145443,-54.01051297456827
68.45881982236979,-41.61427125682954,86.6833719980987,-38.09197606480368
68.45881982236999,-39.72899517960654,1412.7495367016995,-19.293218465830563
68.45881982236924,-37.69666579535348,291.83801959887876,-34.49526265148474
68.45881982236968,-48.22774605167625,34.09560500844921,-44.11138268448709
68.45881982237047,-39.246356856958585,-13.720176386154392,-45.66845919737187
68.45881982236932,-35.382864006062874,290.28110829334264,-29.82914247234887
68.45881982236956,-37.65467852152161,84.26035867755421,-38.954680996347676
68.45881982237007,-48.79416827702067,-79.76089640840976,-86.98997408566908
68.45881982236996,-50.284494675324964,45.89929061425724,-34.29033772891374
68.45881982237,-40.6463470420079,2.0366682370767553,-54.70717161725423
68.45881982237042,-53.322089179465195,151.0258333390489,-40.66131986382264
68.45881982236995,-36.76790118597013,31.253753674394357,-39.4782680614748
68.4588198223703,-41.016593413742655,465.6715884530927,-34.60380272821185
68.45881982236949,-40.86891939030976,-34.14445763580396,-63.23470139981151
68.45881982237034,-49.656559269489634,45.067322992613846,-44.95918513263012
68.45881982237012,-36.64690144701819,-3.3373555294573864,-54.50805875698477
68.4588198223699,-37.660378194551825,-76.1174186188168,-77.6146860152014
68.45881982236965,-34.38038153670454,190.040772783785,-32.72121450560122
68.45881982237003,-38.3815942856253,1018.5925742455797,-27.160365741823
68.4588198223699,-39.11611161557303,93.63738693164099,-40.700264753982985
68.45881982237054,-39.745335920314794,558.7153956356643,-28.34503184611029
68.45881982236935,-40.128144608622996,22.419027974985205,-47.70908552325109
68.45881982236995,-54.92904455577524,154.07486186552865,-36.71974344018929
68.45881982236959,-43.40326432974974,155.2219605552286,-28.868294744856826
68.45881982236983,-35.95108182654202,131.02444545775654,-25.423669028046813
68.45881982237034,-25.77534902183727,-23.22440650254405,-47.11529721450849
68.45881982236995,-47.559017931038674,157.23741814463904,-30.26544126245253
68.45881982237003,-34.45517153486085,125.36511103617349,-52.99790693164459
68.45881982236912,-57.23089885511803,0.41097424817539974,-61.476606934390155
68.45881982237015,-49.41483397457988,1.432463973901621,-42.03775866778901
68.4588198223697,-51.339288690837456,53.98025398002802,-35.84044446277924
68.45881982236897,-46.7857788680728,18.16582081985283,-44.55471696037295
68.45881982236975,-41.91268007672604,22.15334391432391,-42.865559841920906
68.45881982237019,-47.86432805557376,1.5314738940318096,-41.72006567722608
68.4588198223705,-37.8406911307972,-22.521905839451474,-65.92138765844308
68.45881982237054,-50.275451261883866,84.79289267515774,-38.57180550994502
68.45881982237003,-43.41497185600215,-3.1517111299098732,-41.815521435093586
68.45881982236976,-43.00281356871631,-18.619794849590942,-57.45955459794947
68.45881982237083,-43.18563793962418,-13.91979645886564,-55.63098045184785
68.45881982237006,-54.283165425455195,854.3254439764868,-31.544006999862738
68.45881982236986,-34.84851610175457,19.673233856614146,-49.03623585014738
68.4588198223696,-50.45742180833206,14.833434890484586,-44.45152702551107
68.45881982236963,-36.5144591009402,364.5285477175591,-26.89332397122787
68.45881982236976,-36.61004036445037,203.70648250801443,-41.65261500540494
68.45881982236952,-37.64661970263957,24.53018116507788,-54.957764855225875
68.45881982237046,-47.76395921288392,134.5913311042038,-33.47754722242634
68.45881982237006,-49.085943003981136,49.43599980108671,-58.52351177956192
68.45881982236976,-35.08332925561183,0.42566847582230505,-34.419414769240284
68.45881982237034,-44.880099722694354,-18.478651288660906,-62.39090338265518
68.45881982236976,-35.78064546868154,71.66309982831265,-50.38797614529496
68.4588198223698,-33.4797872971616,26.333506994192724,-39.75803389392307
68.4588198223703,-56.91813443805627,-35.30460008335752,-51.63513210334263
68.45881982236995,-39.53028950150716,82.61187342419606,-36.6383669011742
68.45881982236928,-37.57388416318673,98.80774943774313,-51.41100662673064
68.4588198223701,-45.84973869646488,311.9855531672167,-54.480410346539685
68.45881982236986,-45.6091748746708,28.197991314193025,-46.46969809504766
68.45881982236935,-42.54922424805403,49.71795021341838,-46.47833915171666
68.45881982236932,-33.26355262001276,154.5251646172812,-56.13267492820706
68.4588198223702,-54.17715192892831,-13.65025038670179,-42.66782688641426
68.45881982237,-44.56459250973025,8.540449926548321,-44.993165719430905
68.45881982236983,-32.71662053835113,602.982623918441,-34.947458951239405
68.45881982237036,-46.53365237012414,90.21619664407537,-40.407846080748456
68.45881982236894,-45.90406937600849,190.69957054546367,-34.557560506044624
68.45881982237007,-46.24643018829779,14.49975753512518,-43.94895672459772
68.45881982237036,-58.836526679118386,14.692773929251434,-51.529739986156365
68.45881982236959,-37.57988016567258,-43.5242771016894,-55.42130591019912
68.4588198223698,-44.84461403327133,112.4908773610203,-44.91142713441434
68.45881982236972,-49.50488508311669,194.97908504830735,-35.21747096658402
68.45881982237006,-41.126775382006365,165.98895974678865,-38.58867635901214
68.45881982237,-54.49904028209518,9.930065143695476,-64.18250840470076
68.45881982237003,-58.973418762146636,274.7165418409236,-30.870083215885025
68.45881982236972,-34.69090625464486,109.66199668125216,-42.110797526928565
68.45881982237027,-40.33414205586975,177.16593684294077,-33.991509722547775
68.45881982237016,-35.34205121753418,80.28810454854771,-39.38225090332125
68.45881982237091,-41.04711004496681,218.11445972836546,-31.886230732799113
68.45881982237003,-37.8260024279353,-28.98136681160659,-60.02612512777551
68.45881982236963,-57.2412498620391,58.980970211962514,-34.58874709024629
68.4588198223701,-39.556921916150856,59.00973362586448,-59.925325351283696
68.4588198223692,-46.29692590305359,304.60018258773226,-28.858158922661246
68.45881982236999,-37.5674412677014,80.71281692154942,-37.512986331403944
68.45881982236945,-44.33948597982611,89.82424136669084,-56.459741303528
68.45881982236908,-44.287035444963095,30.525090610293205,-36.7296110423115
68.45881982236949,-40.81242499526655,48.70538674673901,-47.38392131404138
68.45881982237043,-39.615896062579615,4.675143548340266,-40.66064428307418
68.45881982236995,-50.84360454092316,224.45207394003117,-31.554063918567763
68.45881982237032,-49.46958115966584,108.50989880683564,-54.73001143567958
68.45881982236979,-36.23638856136553,38.595921625488174,-46.03900405614009
68.45881982236986,-45.4171301157328,-9.254744732837283,-58.21350162342156
68.45881982236956,-45.291661409956276,-30.601510681389342,-54.627039418733084
68.45881982237042,-38.9191031210769,172.588889544786,-36.76293001899461
68.45881982237027,-40.05848471907455,61.04734908706719,-38.21190434082201
68.45881982236999,-39.051699451151,43.740871769153955,-40.37937686728769
68.4588198223701,-50.791058028465464,9.455496751287562,-65.19246459787755
68.45881982237016,-43.85720683043368,421.0685273963299,-35.132999726865755
68.45881982236948,-35.18048022272156,210.04749011704237,-47.933342607210136
68.45881982237012,-41.792774825700874,60.66676134640938,-39.62279742350498
68.45881982236963,-40.438853267327545,-4.090225100020262,-65.7981303827964
68.45881982237006,-36.00534020468352,53.58590669400023,-42.248197803345114
68.45881982236996,-51.965397437287585,146.42290397768255,-47.59913416790188
68.45881982236935,-40.71819144855073,53.779462235221295,-54.9433676970073
68.45881982236955,-43.403623822194206,66.35359682245958,-36.37205101222466
68.45881982237081,-51.94531516191159,194.03219106697773,-49.749562167301754
68.45881982236936,-60.41630209554083,180.06583591713508,-36.129531484752185
68.45881982236975,-40.53326949317958,-42.869009663078906,-71.31703485486062
68.45881982237016,-55.20689769057243,-18.394337059763146,-43.82011372846462
68.45881982237,-36.4862096250903,121.74067092323786,-29.59477732289959
68.45881982237006,-43.2797478681331,25.551011699297543,-60.947630136784234
68.45881982236983,-40.6000163554811,171.73671071022625,-31.28883030559274
68.45881982237027,-35.384337939588036,121.86962650389752,-40.98293243864426
68.45881982237051,-43.1096481903231,10.406863649969878,-56.39465331199435
68.45881982236999,-40.74665963339748,74.81337185501546,-32.305511384812725
68.4588198223709,-35.58245905192502,10.781732974163738,-34.28271228283409
68.45881982236912,-39.23117856866646,35.62670443836635,-56.33031186498305
68.45881982236959,-36.005466447753484,11.988426121245244,-43.09059296469422
68.4588198223699,-34.40564007813563,-33.45704840126802,-53.05889803997291
68.45881982237032,-53.085020333657916,566.411165661837,-29.81924937558401
68.45881982236916,-62.533155535524834,319.61242159687197,-26.098837409536767
68.45881982236943,-42.21529245741319,33.572703228575975,-42.98761582159051
68.45881982236986,-39.113793838960795,16.131893306736945,-53.85761578090005
68.45881982236943,-52.75202377894832,208.42943808450593,-30.75050693716429
68.4588198223701,-29.24451693175829,-57.258468935455234,-60.196927452398064
68.45881982236952,-65.29254687749916,93.1031666325766,-34.95352996389188
68.45881982236968,-46.387557443329186,89.96686463234396,-45.10014260189384
68.4588198223697,-57.814663858609464,210.7293658446832,-37.02249708939704
68.45881982236979,-44.06118912547271,38.984481085687996,-35.182452084325355
68.45881982237019,-58.97094556658482,256.9401248770206,-36.64317878073719
68.45881982237043,-45.27977268745611,43.44034936244492,-49.54223557189364
68.45881982237,-53.09668383485299,194.95165352744627,-34.88216778859372
68.45881982236975,-35.89012789576056,44.09578440850943,-41.31884058996592
68.45881982236949,-44.71074846706913,48.715341178633984,-42.059167297049825
68.45881982237039,-42.006467497212526,20.821286565668906,-43.33509401915164
68.4588198223701,-39.2402075457076,-6.176625758353039,-49.36139562437242
68.45881982237026,-31.751051381217422,120.65104965166586,-40.94216715710336
68.4588198223699,-43.329980529986955,137.40839083735833,-35.59741937373681
68.45881982236983,-44.887500045870496,132.35568326713712,-33.227155878499474
68.4588198223697,-46.20975397317281,508.24387552087546,-23.52846191690109
68.4588198223698,-34.30064011614243,520.293982414668,-28.867163980054013
68.45881982237036,-45.51393841025744,-31.913141629204244,-69.04594329035929
68.45881982236975,-41.60826776982386,52.45128536807566,-56.0764310455519
68.45881982236972,-49.010063038923946,103.3065858847618,-34.87361488451941
68.45881982236939,-54.81744415471835,79.17272185984648,-31.154602952406197
68.45881982236949,-38.511753718679785,159.35129978797096,-48.60306651686221
68.45881982237036,-35.95684077985182,136.87774187954847,-30.173124125738937
68.45881982236975,-42.98102221534232,-50.77109911765998,-58.07742324747949
68.45881982237019,-58.752196203533245,-23.32257172247211,-63.810758561663505
68.45881982237023,-43.55277698380851,-17.208735947159603,-50.67172313125094
68.45881982236972,-44.719503690624464,272.05259630560766,-26.324261554916518
68.45881982237047,-56.76029783656371,94.92978612754281,-36.66399284513736
68.4588198223705,-33.88684933743694,-18.492472647013624,-63.08696306116662
68.45881982236979,-29.21610419626156,15.880573429406075,-49.554360463493666
68.45881982236955,-30.299814918105493,-34.856494666825675,-51.5008791534459
68.45881982237059,-26.926106177610908,-47.52861791458989,-60.47657574297347
68.45881982237,-34.877756915176775,251.07728498300136,-40.54886258276075
68.4588198223705,-53.97506797318585,77.71440259160107,-35.20853281279342
68.45881982237051,-41.16109561339864,29.602147764110278,-44.948180559124864
68.45881982236988,-40.64094086280825,554.1961201439376,-25.741918062450754
68.45881982236939,-41.89208163659106,16.406349422220522,-53.68173585845242
68.45881982236968,-36.033860876780246,-12.410435216801318,-66.28896794873785
68.45881982236992,-38.51511412621834,246.0267865367549,-45.05060424177994
68.45881982237006,-39.538427559813705,59.20029577072723,-56.37685039344051
68.4588198223699,-32.34363004387543,7.445667594160299,-45.38623797728587
68.45881982237,-33.80454997812817,88.02821233243536,-35.270166393319
68.45881982237016,-39.27152547502796,167.32633649940044,-35.42478380270655
68.45881982236986,-37.940020342498556,7.937448933878599,-36.04970752572556
68.45881982237036,-37.08998099081205,323.2714437036666,-20.333731846734903
68.45881982236988,-42.433071579139636,467.9509467975652,-28.35107603897238
68.45881982237,-51.79249565505217,1.4346101321776494,-47.373153250700724
68.45881982236905,-41.16917824871182,251.26739120784006,-29.000639729445822
68.45881982236965,-29.168269156160775,20.8389176588474,-43.043086183508414
68.45881982237047,-39.93078000327187,175.60658338182137,-56.24775408611444
68.45881982236943,-32.760215817340374,275.64864113325564,-30.802152273192075
68.45881982237027,-32.09051912083435,466.51312172781905,-27.58479919005322
68.4588198223698,-47.570577212160536,169.1614996198278,-33.837925610997445
68.45881982236912,-41.58911539889934,146.76641030144899,-53.38696806336651
68.45881982236996,-49.685657232201144,7.326994790219299,-34.26019124986347
68.45881982237,-43.9098734750908,-46.13003227858162,-59.39214360754599
68.45881982236983,-42.6273555378037,21.22274094176091,-61.56343111724381
68.45881982236996,-49.856482423784364,82.51873377216157,-34.678026234984635
68.45881982237039,-50.44800645201857,-35.86051285755596,-51.729256280866224
68.45881982237006,-50.56321605134404,29.834715674312573,-33.58137054353602
68.45881982236992,-53.08538098282325,116.75656602084543,-40.42694382536224
68.45881982236955,-37.14561408510875,-50.607045898392144,-53.34193599062178
68.45881982237026,-42.26113001510725,39.45629117831042,-35.75974656623298
68.45881982236996,-43.61411788547931,227.40483704729817,-31.749999081029067
68.45881982236983,-47.08259291420235,-33.89185316661778,-53.14779779328467
68.45881982236975,-41.57064477769805,21.745612278068283,-47.50131133126976
68.45881982236916,-57.69278576515935,61.081939556777634,-36.72610085527875
68.4588198223699,-48.291282601741806,146.2330389224702,-48.899884147830385
68.45881982237054,-37.040103003367165,236.77393565851025,-37.373395099229214
68.45881982236975,-40.57602367831744,720.5304558606191,-31.621182212144426
68.45881982236979,-54.26374609917966,124.6339963882872,-29.60115452638451
68.45881982237036,-29.48920510372195,21.140806586066564,-45.041585833873675
68.45881982236972,-45.13007802568217,-18.032428857496296,-67.10972352085636
68.45881982237006,-39.76716570408749,601.4405942246009,-30.89619962730771
68.45881982236996,-36.27280300440881,327.08603658268373,-33.82459676251597
68.45881982236986,-43.875877657830486,20.30636636732883,-39.74235464482096
68.45881982237042,-35.181289503767886,83.83420349285184,-40.2680984740159
68.45881982237,-43.0126274727331,154.45546083507895,-42.30475595822942
68.45881982237,-56.602650723877964,78.47204145853838,-37.4245429399623
68.45881982236959,-41.464544014418614,10.457188785827064,-56.04844844854506
68.45881982237086,-28.06044368416245,518.7636265385281,-37.99020218361066
68.4588198223694,-53.91728577036219,-41.510389810047386,-49.743427279483555
68.4588198223696,-27.15549193879019,5.005260756024477,-56.645837029592315
68.4588198223694,-50.89780720638601,63.88722862722831,-45.13049591281219
68.45881982237042,-47.70788051112566,86.79314898994568,-49.528694239072166
68.45881982236975,-31.695253941653334,133.69442535869803,-33.79173603296576
68.45881982236992,-40.065454401594444,87.8030147465087,-35.33135031168545
68.45881982236948,-39.70254404577259,720.0146450996951,-23.43036617094054
68.4588198223699,-45.64439428817254,144.82550061832526,-33.624094595562426
68.45881982236955,-40.977386079811,373.1122487297575,-38.91632043391303
68.4588198223705,-26.704105626475304,327.56286726052286,-38.45332450400368
68.45881982237007,-50.026291465898495,3.787743508417729,-41.0783670516568
68.45881982236976,-46.65281952877434,-35.37207144388117,-68.25452170470861
68.4588198223703,-36.3162887663507,12.807414105930292,-44.4325891945346
68.45881982236925,-40.21292436382795,208.0310664157905,-51.8297458523271
68.45881982237083,-33.55026911206252,546.9501689987267,-39.42031732443638
68.4588198223701,-41.05650911649615,-4.089984620290188,-37.41342291203134
68.45881982237003,-42.05199500023426,-46.81641219614946,-56.98768087216528
68.4588198223702,-41.192153010109735,-61.483260785489094,-76.99084902847882
68.45881982237032,-41.84014872447717,-13.175027419381479,-63.079328916257396
68.45881982236979,-48.29722682305179,70.12199749232629,-50.892214019185126
68.45881982236929,-38.41798196535105,-25.541104594791076,-55.1009651856891
68.45881982236975,-34.717157345926765,619.1103628892421,-27.891785216926035
68.45881982236976,-44.44990483245043,38.17060559718415,-55.975124351575424
68.4588198223705,-50.54078364809917,183.33573107229785,-26.679920101925703
68.45881982236935,-29.201087487728095,-23.479127581260528,-47.06083489667946
68.4588198223698,-47.8335935979955,239.3899042408136,-27.839361030695862
68.45881982237012,-44.49179360679874,-13.988617724654585,-50.74650510800396
68.45881982237006,-34.01563719621302,73.11399866438487,-46.81236362217187
68.4588198223696,-53.74380753999719,182.16959690999897,-34.53664806547421
68.45881982236965,-36.59597508812716,190.67479607167422,-25.77525302090342
68.45881982236968,-54.33716832082703,504.1780651730859,-29.883180919365383
68.45881982237036,-36.88748313576078,110.8350334317303,-45.034171743807036
68.45881982236996,-39.97714832555859,450.01801482001974,-36.998156282527084
68.45881982237046,-29.3012270503612,14.803461689377828,-48.35126517017372
68.45881982236929,-43.24906392462894,92.4097899443452,-39.54136735925293
68.45881982236965,-33.27452331162999,50.68973452162076,-47.38546962182313
68.45881982236986,-36.42803073741677,57.73310341992208,-39.92469403870152
68.45881982236988,-45.38623220097164,115.7085630918298,-34.124489965562766
68.45881982237007,-44.525653771341936,114.95972166535849,-57.01811734333005
68.45881982236955,-35.04300031298193,52.71487696567143,-54.20949358667971
68.45881982236956,-46.08747886379183,95.86556970489772,-43.90317516665523
68.45881982237032,-54.86370945225507,146.5252176750532,-31.477012005533766
68.45881982236936,-36.03289798614819,-49.915008844920216,-72.83372782888623
68.45881982236932,-38.331308114079846,-24.860434692033472,-41.71744629390361
68.45881982236983,-37.586106214540415,103.3807140190624,-25.59287036959148
68.45881982236972,-38.0208229882366,55.17328734109985,-51.12482207065654
68.45881982237059,-30.955724468835665,46.900753030348156,-52.41930056207633
68.45881982237006,-47.295771289217306,13.57680467762723,-57.86120042883687
68.4588198223694,-39.274036141291845,102.21353859789804,-46.0144597852743
68.45881982237012,-49.012920877731204,128.50549000415606,-45.764381850589956
68.45881982237027,-51.704694813697984,-58.719387437053115,-81.90211049605138
68.45881982237012,-38.512580146427176,35.90372706518987,-40.49323276408868
68.45881982236999,-39.09053287776769,-52.27711600501124,-66.4241735285217
68.45881982237051,-50.88594465136425,-44.02625056236775,-67.39212177241423
68.4588198223698,-45.85781237904866,360.67463617319436,-28.196191322037166
68.45881982236932,-49.65023090593923,336.43145097702626,-27.504890392587743
68.45881982237016,-35.86798545250861,-21.09753409211742,-63.893181223062534
68.45881982237016,-47.313845625876624,0.6876196053108519,-45.630307629429524
68.45881982237,-42.22704685700144,132.23082495370576,-42.69071827618163
68.4588198223698,-51.75937318325071,15.56038468193135,-58.55871746907493
68.45881982236972,-34.16281967543466,89.46936083891867,-46.09985703094082
68.4588198223691,-48.29460272755617,190.2990654273949,-30.936742601170096
68.45881982236992,-38.602785181110434,104.06900707248647,-48.28183917938398
68.45881982236959,-46.892415874369654,-3.0837371999708596,-40.66985251250493
68.45881982237,-35.88516331303572,-15.617920926432372,-54.39817881776722
68.45881982237012,-44.14399700393288,-42.633822327477354,-60.40939889331578
68.45881982236975,-46.82460179315003,21.785239285999182,-50.75073930872242
68.45881982237042,-48.095270782570964,39.714736861548474,-38.0646222664479
68.45881982236916,-40.33582172325399,-51.96961211726139,-62.74765096826972
68.4588198223691,-46.611041130117414,84.22925362872222,-57.573621299874965
68.45881982236915,-44.49297207185485,22.725879615284782,-52.80349780561412
68.45881982237027,-44.086987599261185,169.6792723320072,-33.37587253962755
68.45881982237047,-45.89746585720523,65.55441046306262,-40.58778499563774
68.45881982237046,-48.21778337462784,176.7084013531062,-32.436656658306404
68.45881982236999,-42.82752029120203,290.9187396524507,-31.77261656239272
68.45881982237042,-31.424746985390996,448.76219265859606,-30.885513807324806
68.45881982236996,-33.22521207039281,238.44106968243887,-30.76553658229344
68.45881982237042,-52.51249376053562,-25.146258972976497,-52.80956047644387
68.4588198223707,-42.62536089746416,-22.982093633736355,-65.74389778170506
68.45881982236948,-42.880494422074875,39.17163631646674,-43.9599173413606
68.45881982237003,-37.37400092408085,57.48309329277159,-43.82238579116704
68.45881982237047,-42.8352626140102,137.88359390934696,-34.37227612978803
68.45881982237016,-45.210779372536,122.77831911796167,-34.33317046018137
68.45881982236945,-52.876164201117945,-43.21994392404142,-67.17654329268119
68.45881982237043,-38.58141867090909,-14.13344749929083,-45.866348479093055
68.45881982236983,-41.588109879754995,2.7511793792871497,-58.3556765812153
68.45881982236945,-40.22880173975949,207.1901006002471,-37.57193902628783
68.45881982237032,-38.37306890531016,32.556709766921976,-42.22031023133921
68.45881982236999,-48.98606492492355,-54.03317222372998,-75.97992520077962
68.4588198223699,-51.41362851846695,-29.004608342176187,-53.108818895785625
68.45881982237042,-32.690558213322205,40.102891344372146,-37.30178752771669
68.45881982236979,-31.799857119064345,145.39889132325249,-35.20974998863298
68.45881982236948,-43.65579609781943,194.97578968923918,-34.91830087919141
68.45881982237016,-47.15533037755183,99.70509028521181,-27.40722245667804
68.45881982236963,-65.56706529090263,-12.917443936467421,-44.920645318784366
68.45881982237015,-39.92858545249979,51.74284137521621,-42.2329304245908
68.45881982237039,-50.354891179131,-24.728201078975655,-48.16880890117159
68.45881982237074,-33.92683489280239,29.845068415463572,-40.084657447310725
68.45881982236992,-40.97738486910715,8.27864697315941,-37.669669826995964
68.45881982236972,-42.89088675083508,51.45426113974854,-28.90373726052594
68.45881982237006,-45.859594575781415,504.42089091742383,-35.09731512142758
68.45881982236921,-43.825243248218094,86.68433013610945,-45.17836855110363
68.45881982237019,-36.94070161820889,108.94569340908112,-40.21975364879604
68.45881982236986,-45.270390914943825,100.69921206510783,-37.757942658020205
68.45881982237016,-39.06663550725711,48.653973122291404,-38.175851282402704
68.4588198223701,-37.852658703061124,484.52136186192297,-36.64932190102154
68.45881982237019,-32.99066992930689,31.393817238554476,-39.96271902963583
68.45881982237019,-40.125318280654845,69.18449777576781,-52.613692303340656
68.4588198223701,-45.018707396744404,167.1044279659493,-36.32322163651528
68.45881982236932,-55.866988346291336,348.3411336016901,-29.357383976841266
68.45881982236999,-32.207133580014215,159.98028696539194,-58.75189744333832
68.45881982236959,-39.664653188318155,179.286911325762,-42.45262099732563
68.4588198223702,-54.76328387414131,-9.465569678873232,-46.142360482495945
68.45881982236975,-40.19955551916403,236.81502411583497,-30.6840915571165
68.45881982237006,-44.001123332163715,207.3832341609552,-37.89751480344057
68.45881982236925,-41.20148924544898,-38.28067202810767,-63.8766400700071
68.45881982236999,-34.27489112731815,-36.945005118053906,-70.62733801435925
68.45881982236968,-34.506751639514896,45.96816015140035,-39.22439417652288
68.45881982237012,-34.99730418082938,26.334061231546112,-57.4399773526065
68.45881982237026,-37.93103304295147,6.016832531254623,-44.93116544543104
68.45881982236992,-40.91810897780975,-33.094904704515585,-50.47955022677342
68.45881982237034,-48.99901273621617,222.40696054659998,-34.9130152860154
68.4588198223698,-34.58879756723281,719.1780644882805,-24.735298005285234
68.45881982237012,-50.260162857186906,92.00162519025719,-49.35053638149826
68.4588198223701,-35.72715433473057,118.64746993615181,-36.17118577806855
68.45881982237019,-48.86606575912534,165.28592447513483,-31.55065096964137
68.45881982236995,-47.54499476035521,71.35661551564752,-32.99954966301607
68.45881982236976,-42.75066812193282,-37.380227137262736,-71.36862290536612
68.45881982236996,-52.00937714180962,26.597947041337466,-48.443384224126106
68.45881982236988,-56.81638888076661,243.75115944254233,-37.6548907185956
68.45881982237019,-36.16834046113123,0.1540242659200608,-41.65241839138057
68.45881982236921,-44.61746717229037,144.10634545996479,-34.93779486760265
68.45881982236999,-33.814299228224165,172.90095503807697,-22.638611564007405
68.45881982237061,-27.01916486557625,88.13416810737881,-42.51684129329869
68.45881982236986,-54.163187523698234,248.85964930278348,-38.70405772571564
68.45881982237019,-32.38270985738572,31.639896922167665,-49.316905824872634
68.4588198223694,-58.7436928848738,192.10055435694682,-45.283692871384716
68.45881982236979,-44.00347373694545,-29.59634457590984,-62.92864956171273
68.45881982236955,-53.29038055260712,-11.785319896592073,-49.68559956603724
68.45881982236925,-57.705065379752384,12.101586036212275,-53.1733694181644
68.45881982237003,-36.78187953687665,57.595714015449076,-41.86888049785852
68.45881982236949,-49.785660807301554,46.053965660299355,-35.566236734094005
68.45881982236976,-39.92212292357142,38.49910350019823,-65.9103897465979
68.45881982236956,-44.58502747133731,120.67503214118145,-47.789754267701724
68.45881982236988,-27.291216975056145,47.48323746652281,-40.427991490349534
68.45881982236921,-58.6737095945014,126.60179896393701,-40.65084571100438
68.45881982237007,-36.95919385983822,-6.593397454201244,-48.7123690469717
68.45881982237023,-34.77002068150934,95.59083567686213,-38.75321775223088
68.45881982236986,-39.162096682395976,110.99816317297572,-38.930253548460115
68.45881982237036,-37.48909958513686,329.5661862939691,-49.776805468186794
68.45881982237043,-40.65072174913751,170.12417065178624,-35.578623547282916
68.45881982236972,-31.186284132464536,115.7916152226262,-30.763842709333744
68.45881982236959,-39.95169841401118,267.4223951426129,-28.207841068401883
68.45881982237043,-52.04255611508304,0.4292218384626345,-39.399663612231784
68.45881982236904,-40.004252085259516,362.4363591136273,-28.39832000976331
68.45881982237026,-39.30884611885257,180.50165354889302,-33.19810026692546
68.45881982236959,-47.577219013766324,130.69747093492583,-43.75075193649246
68.45881982236928,-46.0390603641916,90.58348744555755,-53.08399279486535
68.45881982237059,-44.406506191133644,20.544798031645662,-47.260585498196065
68.45881982236968,-32.99988360985626,83.87149000385325,-35.73734097857169
68.45881982236968,-48.96088960378941,22.511920746916083,-47.50186167293342
68.45881982237026,-46.47663183780495,34.17376022135963,-64.73261114106406
68.45881982236921,-28.24451031090597,57.19290524832326,-36.70579503673213
68.45881982237036,-52.77239413812864,326.5435359147481,-27.683379282910224
68.4588198223698,-37.57127499733588,-25.90573755481803,-40.66141266904357
68.45881982236976,-58.90182788549168,520.0707279393237,-36.13392306633564
68.45881982236959,-47.57247584473448,-8.284665206564835,-39.65147349255322
68.4588198223703,-45.0504153528736,134.0676105359534,-42.5269204769366
68.45881982236988,-52.9764861208769,-13.850415119993487,-45.4710285250619
68.45881982236963,-36.749224345149266,123.89781918102818,-35.27631016131838
68.45881982236999,-45.642950426439455,24.194536568605727,-54.4892037067432
68.45881982236959,-45.18175588521247,-4.418426541106502,-43.24561179861429
68.45881982237027,-43.682897982959865,38.55947217806999,-42.69941164427554
68.45881982237003,-42.35744190048663,-10.782475936712665,-37.75371429890577
68.45881982237,-52.744269124249065,-43.67337001400375,-60.87941836115191
68.45881982236992,-45.01409373363754,316.75621305363677,-27.84377421932458
68.4588198223696,-56.740745303189385,143.2017718599105,-37.59359816092262
68.45881982236999,-56.98386340424566,-28.635210370192866,-51.0997197246916
68.4588198223699,-44.00429242855534,37.581345250537,-45.4002143092359
68.45881982237012,-46.04692098172733,395.7823671161385,-34.65115128855416
68.4588198223701,-33.46786893092286,301.3910002391962,-48.781071200541525
68.45881982236979,-36.46272655191667,86.06685037749335,-43.93180802721697
68.45881982236932,-54.248025703170775,2.1438649736440496,-46.56008257252828
68.45881982237007,-50.46417971467194,276.5411419726187,-39.78698658334518
68.45881982236995,-37.71969589767521,82.08942160321313,-39.006401384481016
68.4588198223701,-40.93705624534532,471.4076816278279,-42.822604385827255
68.45881982236956,-39.89774534429629,-13.405619010185122,-59.85947724479658
68.45881982236959,-36.373762129562024,41.420293468872394,-36.379760955581844
68.4588198223705,-42.70651261904352,318.57180399027794,-39.14261510089456
68.45881982236988,-52.639919441447304,73.5240924735254,-47.53447657653409
68.45881982237036,-31.90596370699288,12.696597437312128,-64.44275319762036
68.4588198223694,-51.02533832829567,41.28627395486024,-45.043142447448226
68.45881982236892,-51.20700464307615,-21.225570713039765,-69.424661890852
68.45881982236952,-32.71959360688229,80.63091918056679,-61.14236797119397
68.45881982236963,-44.77143354941653,-9.7389377675141,-48.020534780351824
68.45881982236965,-44.939925817462736,-51.836161857712106,-55.10966183673012
68.45881982236979,-41.61387223214459,63.211650669845575,-35.04931089535243
68.45881982236952,-39.2659171312675,20.31370682218143,-36.261882390373835
68.45881982237023,-54.15302587408404,206.16154120411835,-39.57445088437744
68.45881982236986,-34.337378406444245,26.596802745317838,-47.03410005299904
68.45881982237051,-46.69941281989546,-23.335637432036428,-56.79879687492354
68.45881982237034,-61.89859626426646,50.50463183017273,-68.07833735653163
68.45881982237027,-43.78923272544748,148.29115221411803,-29.96260878884374
68.45881982236929,-33.19709380532048,-48.892049050753464,-66.74247996903092
68.45881982237015,-46.12486694554947,232.34046887892873,-31.28326984354931
68.45881982236979,-36.09697411526778,185.63668340183784,-35.4991235832444
68.45881982236999,-38.190616499566275,68.79712730880368,-43.841361283120236
68.45881982236972,-38.76488794102995,190.0799253112273,-31.898598327990445
68.45881982237158,-37.97215679782195,69.13710129754418,-53.545130832047946
68.45881982236965,-37.897376503216876,82.79752937852145,-38.22020191052613
68.45881982236952,-50.25395733220193,-22.608398461154867,-69.601897684455
68.45881982237006,-40.50069649249512,9.028977315301923,-40.57227319204997
68.45881982236988,-36.4451457675019,34.07284509232005,-63.10330872101223
68.45881982236996,-36.84532435493234,75.54095478282066,-36.3330166576027
68.45881982236986,-39.928778285241876,241.87741840099838,-34.443367543777036
68.4588198223698,-43.353675001526746,13.543667585445519,-38.938759516902365
68.45881982236949,-44.590971811151846,-5.95356606253743,-46.191686839578296
68.45881982237003,-37.89749648075333,45.452943779627965,-44.01861101437674
68.45881982237034,-52.809330981818235,74.14790794576862,-34.96047267230621
68.4588198223694,-38.77846968147591,323.38617393781055,-34.08291089354917
68.45881982236979,-50.2742041643508,85.6308305758261,-34.30875947869273
68.45881982237043,-48.237407520238015,-35.54353257439501,-50.50121533447191
68.45881982237081,-33.57160441539994,54.593058010496456,-36.82947516830317
68.45881982236965,-45.77210196418169,29.457757591300783,-50.843790439466915
68.45881982236932,-45.50393695821586,14.185488667191404,-41.09853420710703
68.45881982236986,-40.670609361401524,490.71068708201153,-34.358744788711434
68.45881982236948,-60.54013304434223,-4.130546953725355,-60.72068323133655
68.45881982236988,-50.851170924614166,27.324365620694778,-47.173746266879746
68.4588198223696,-43.80686041192134,142.54777766290064,-42.74730504579013
68.45881982237015,-38.036710210514826,147.7857243076349,-33.866629314207955
68.45881982236975,-46.92456572982846,43.38479914917173,-50.535925964125504
68.45881982236979,-48.68964140269176,46.24329493757158,-43.08881194493509
68.45881982237039,-46.56003828734618,10.38661585393017,-50.748261328878165
68.45881982237071,-47.34394344270784,29.06700267268507,-50.75577441209338
68.45881982237027,-55.206239338792784,-0.12793399991797294,-48.17350836720167
68.4588198223696,-39.740691427622174,-62.29682734737032,-67.88190601080657
68.458819822369,-52.00512001264133,66.89327648101468,-43.14929016424445
68.45881982237026,-43.992038449711465,-53.91347698536472,-64.17513633019276
68.45881982237043,-49.76466931774747,120.02264769924045,-33.31115039710883
68.45881982237019,-32.71284545634301,91.07198207442345,-32.74367688873541
68.45881982237023,-40.98780977653406,-64.41922693025661,-74.72011495795586
68.45881982236935,-52.19927279079184,11.3338594794961,-48.418453730633594
68.45881982237023,-45.72807756832241,52.45978989847464,-39.96690925993608
68.45881982236948,-40.35566664360437,103.31889023403878,-43.83911681101927
68.45881982237,-49.70578558194586,368.11195721194576,-34.36843687095954
68.45881982237016,-30.316329509152105,32.36301679246474,-46.75220081109941
68.4588198223705,-44.414270767472885,-28.40254095958661,-65.08605979671403
68.45881982236956,-55.86087993931259,261.78892385057674,-31.34428214126366
68.45881982237,-46.588865879698005,-11.515780943043607,-55.25456149238672
68.45881982236996,-49.907132157221,7.3205348833406125,-57.472254172503604
68.45881982236999,-49.72006615726852,-42.43228983220241,-66.52792877539349
68.45881982237006,-30.081526878830754,19.132482405424554,-38.62113317246505
68.45881982236963,-44.51086796675131,281.3503583440686,-41.07196122361193
68.45881982237063,-45.24224303951653,-13.259528211611027,-57.33156173059618
68.45881982237039,-43.027174486608175,161.88652018249186,-41.03427724517664
68.45881982237007,-53.60585486567162,84.6227562036096,-53.44217157075497
68.45881982236979,-56.01597610579212,25.222094708953293,-39.10289370695597
68.45881982236965,-55.435366211375715,110.1360006828287,-32.42728798505243
68.45881982236965,-37.47806130589453,50.2687827080661,-45.476157456418086
68.45881982236952,-31.570511912989474,97.81184012849758,-29.65585104360867
68.45881982236992,-48.29102522201026,-40.01515368348374,-66.46926134673686
68.45881982237114,-33.41636693104469,-32.160520511917724,-71.60605995551232
68.4588198223698,-35.376266750870045,205.09551227426965,-43.77928581843394
68.45881982237026,-44.000787048505195,-31.659552531516866,-53.24134955002702
68.45881982236945,-40.72737876009892,668.107529498864,-20.795550613396784
68.45881982237015,-39.921211787534105,160.41120759128614,-29.66633116234799
68.4588198223697,-38.00842139207363,-4.363482999853396,-60.86414126748534
68.4588198223702,-47.7177132843132,147.22397743639516,-51.50643531757777
68.45881982237036,-42.020880428344256,48.0471218923898,-37.909872706512196
68.45881982237027,-35.91722731270948,-35.55816505031524,-57.90467944662336
68.45881982237027,-51.7845586040506,-11.306442485420298,-48.168043502030024
68.45881982236965,-39.58906140665365,-1.3329172966399017,-62.63410699878802
68.4588198223701,-40.40054393423556,15.07300527337263,-49.668916443689135
68.45881982236901,-41.73729848324339,88.71031877780273,-33.62062269550052
68.45881982236935,-43.681718660642254,54.057652991627926,-43.066971812209246
68.45881982236945,-50.83787408230247,22.021058508180037,-52.43258795425266
68.45881982237051,-47.38482552436518,-49.79079002366831,-76.05329183832461
68.45881982237003,-46.63447669090348,67.74426180286035,-39.083231606279355
68.45881982236959,-37.648219213300614,132.4567891844815,-48.5658519333367
68.45881982237023,-45.22529243123835,127.28912761075372,-34.343739874652535
68.4588198223694,-45.75845649229129,-3.6795720287056133,-46.64316258805734
68.45881982237032,-30.583309600238596,66.00054753069837,-42.8786697266976
68.45881982236935,-38.37156188477008,244.44488182182732,-29.87565308614093
68.45881982236999,-58.29459887650905,-11.74401459797043,-65.69178055622149
68.45881982236976,-35.297149664431274,255.30542246031573,-35.97613066431047
68.45881982237026,-43.443792517662075,86.48672504340591,-42.03065088033938
68.45881982236983,-52.890761616803616,238.5048428296372,-43.122679490142616
68.45881982237006,-55.63256649482673,-28.929670455513147,-51.61870627941963
68.45881982236949,-34.516359120895665,182.2191247419354,-27.506226781929545
68.45881982237026,-32.87523224458373,57.48744469606688,-46.56630405332379
68.4588198223694,-46.542854090162024,-48.05071077880322,-57.89776035716745
68.45881982236986,-35.33590770802125,261.50260460290997,-31.65403597393991
68.45881982237003,-32.06350521525213,-11.62873437535561,-47.49565853694817
68.4588198223699,-38.7671871250306,166.6480673343257,-38.54218655483823
68.45881982237026,-60.24220004283276,231.03792474701663,-54.829629909004126
68.4588198223692,-35.968641759196004,14.703583196660652,-51.02259066115104
68.45881982236972,-27.933156137774652,24.095327140889644,-41.797750191766866
68.45881982237047,-51.69211295377143,172.87451768881988,-37.15382940500257
68.4588198223699,-39.968425159744726,-32.70869169982811,-67.44979482024588
68.45881982237023,-31.40757058851561,129.555937513913,-39.84213737065836
68.45881982236979,-57.15967238524963,-27.817869497631197,-50.147613810753874
68.45881982236992,-40.8294818739272,183.08964604124435,-31.557919604329022
68.45881982236986,-34.55436509541897,-60.075834288759886,-73.46989846069563
68.45881982236972,-47.75475436356208,102.71949874584774,-31.710841809188206
68.4588198223691,-62.96166947526673,139.56378565860498,-26.18170971258249
68.45881982236972,-53.257881825951415,47.185658099543495,-41.408235573419226
68.45881982237007,-35.30546720435531,139.98831277592421,-48.56028673339773
68.45881982237003,-31.586520860866372,-18.165530899708614,-48.45826951067216
68.45881982236988,-36.41356973403158,106.83284278022631,-46.69571647231911
68.45881982236924,-42.60276362285874,37.615390277665625,-41.21580272777573
68.45881982237003,-39.75370788518535,151.9639128678731,-31.732452413370638
68.4588198223696,-56.340749339888795,163.2019957684978,-32.955013840607194
68.45881982236983,-30.547037876006133,146.51706772096284,-42.06067691497337
68.45881982236999,-53.169962192676664,74.40057274919015,-52.9202539493957
68.45881982236939,-53.9487690887816,27.51784406741027,-42.02331304626218
68.45881982236948,-44.05788935146555,197.50665405611105,-28.019835593342002
68.45881982236905,-44.285308529536074,23.612308162089345,-57.01537609409571
68.45881982236939,-48.20541890301392,42.57424327911299,-55.32495630512631
68.45881982237006,-42.55171562571448,-27.12779412976085,-64.08017505364386
68.45881982236963,-31.877536654095696,527.7604560775259,-30.931091995310656
68.4588198223705,-28.703038600381937,195.00350397946283,-34.496973772970755
68.45881982236939,-60.25841964301275,82.8436273942394,-47.606926114450744
68.45881982237,-42.254072225485,19.452711969311064,-33.916100205669586
68.4588198223702,-33.803345974416324,-3.8640408637891532,-48.30116806184641
68.45881982236992,-51.0619716327557,-19.171933651798966,-62.18239831887517
68.4588198223705,-33.967528753656154,52.08627874095191,-41.143023056774716
68.45881982236995,-32.39765212330189,5.248882212226458,-36.86325997021611
68.45881982237012,-47.575335761814195,-52.39540221255218,-80.7230906992584
68.45881982236988,-32.39409298969511,110.19119831202767,-40.18065056621764
68.45881982237054,-46.8359234710037,52.40456334221655,-46.54414530881947
68.45881982236943,-38.550975441129,20.399522026299376,-42.723199374311704
68.45881982237016,-40.98481340976817,-3.6052000659257177,-50.66698725768961
68.45881982236986,-36.02525315998349,50.3549793256082,-40.801894621369684
68.45881982236965,-36.646610290795024,48.11674787835074,-39.89879162089153
68.45881982236959,-42.269449764361134,697.0223884948944,-39.534911222031
68.45881982237027,-39.430197555798465,146.58340752893548,-30.782941477215033
68.4588198223702,-44.268581952853516,84.69388751194838,-38.333228049729215
68.45881982236968,-41.85173473545738,46.698893875969524,-41.833522628895444
68.45881982236959,-57.32267064303809,-26.13108196760826,-57.174713575174806
68.45881982236945,-42.85452132635562,-33.366106285640505,-57.64066473145078
68.4588198223694,-42.52068496358133,227.8617729576265,-29.682640477523982
68.45881982236979,-50.591762838504664,114.20240645475212,-41.02576046340521
68.45881982237003,-56.263734413288155,220.26691161403568,-32.001437076111905
68.45881982236983,-61.11737930663084,930.3920499317908,-34.379693690084764
68.45881982236956,-53.32204395989451,-24.346103070872527,-44.550801440102305
68.45881982236968,-35.18692498809355,14.705740275399283,-71.96217623335602
68.45881982236968,-29.05197458386134,589.4867742204704,-35.44489811546335
68.4588198223696,-35.785738305936974,113.70913687527403,-32.99561099762823
68.45881982237063,-61.794262987824474,43.73504790853542,-36.22036428687952
68.45881982236996,-52.06597226653895,-2.2818816073356007,-43.86970744332086
68.45881982236992,-28.446839554204082,62.80272551227548,-35.511416186015424
68.45881982236988,-45.489337103842665,-42.13737401564758,-63.00806256838201
68.45881982237007,-62.482961649606274,-26.69888508900977,-57.77395590939529
68.45881982236959,-49.33308142750481,71.67576637384518,-27.471471461332275
68.4588198223701,-33.50921074365482,-20.146629546616957,-41.94653364500228
68.4588198223698,-61.83443806971677,22.281981363907132,-54.71814551459041
68.45881982237026,-58.54321310584972,-52.26102645890358,-57.86427237014317
68.45881982237016,-50.091954068022936,85.1076144119398,-56.44239312331371
68.45881982237026,-46.52815754795896,-42.36117746822724,-60.67140755888718
68.45881982236999,-51.195710781426065,786.6064467451388,-19.31472149799506
68.45881982237,-29.440046023076526,69.45151613284885,-37.70257947216149
68.4588198223697,-35.86138618091928,97.97215024237798,-50.129587206526594
68.45881982237,-39.29759304230613,82.34585405715174,-43.398412409109866
68.45881982237026,-61.42463108843099,6.25410859922233,-45.91682066248626
68.45881982236968,-31.512471155848154,-6.782050231512205,-50.905417908246456
68.45881982236959,-45.781877023631665,38.28685682269515,-56.47007375822333
68.4588198223696,-59.70141842884088,49.13395454086744,-37.69546300490052
68.45881982236956,-47.373703850215264,460.8460121311866,-24.105816511415302
68.45881982236983,-34.5874534859587,96.23058372401651,-40.87699920279265
68.4588198223699,-29.396624846243423,266.94011281814693,-51.286503924325956
68.45881982236995,-38.22071416704831,60.81796108508897,-45.033350225996685
68.45881982237016,-53.447754891220555,224.8574030299239,-26.557082734716097
68.45881982237006,-28.834490821344172,-12.83750690302442,-63.54878017437899
68.45881982237012,-42.68546140429306,41.448427069105435,-43.37933670033449
68.45881982236921,-47.51764409779863,63.190214931038625,-35.041476824494936
68.45881982237051,-43.59591674037739,-9.18748993080153,-55.77972682523822
68.45881982237042,-42.53702540968936,58.70439546864097,-50.63602578676139
68.45881982237026,-53.36995499278245,-77.25125597036892,-79.27434168043354
68.45881982236986,-41.634035105835366,238.9626756975102,-46.47362579804777
68.45881982236928,-42.73850338320278,207.15626815765717,-33.48802342818347
68.45881982237077,-41.20888659843281,14.715137315764327,-50.24547608937879
68.45881982236928,-39.03142931634416,193.96032054786394,-31.100054254642075
68.45881982237016,-53.16696208144784,543.4493990889396,-28.039897485706188
68.45881982237006,-42.95140990769437,256.81711488153496,-50.09330692278897
68.45881982237036,-41.85045385186326,98.36598803641148,-34.93735703487432
68.45881982237007,-57.80484667930117,842.4658669627265,-25.955483031159922
68.45881982236983,-55.779565894246375,15.289980569396278,-48.95121875866772
68.45881982236952,-28.993737180649003,47.923191476337344,-35.74245202137695
68.4588198223699,-41.14783717364545,109.9209301475164,-33.13720762042228
68.45881982237006,-42.14002938286382,-57.745440570521076,-65.1372358166117
68.4588198223698,-39.65440399268784,153.33495094924118,-33.728803260284515
68.45881982237015,-40.217308399714256,-37.470122925092085,-53.200974136839285
68.45881982237027,-43.30104845145984,28.98678891212423,-42.788519787720894
68.45881982236983,-46.94792293495953,15.576897438906311,-37.84973324575098
68.45881982237007,-46.21080496026594,13.816252308890054,-51.63756194788769
68.45881982237026,-30.783393181404428,230.31932233391936,-32.937413282951965
68.45881982236992,-30.228896938365267,314.66479737547627,-37.642913292250824
68.4588198223702,-39.50138392922403,158.00930845290404,-43.65173136354199
68.45881982237015,-53.15936821810779,-19.828200329985236,-39.372111910239404
68.45881982237026,-40.677325431694136,26.803038305928737,-56.59887284013559
68.45881982236979,-35.088955114449305,12.666685268551259,-43.52256673061488
68.45881982237027,-49.7445440348227,166.56828538485505,-31.141219451192015
68.45881982236983,-45.27414107420055,122.49097927024133,-25.72797178503434
68.45881982236949,-42.907850221577824,-28.7607678660042,-60.93517249731391
68.45881982236976,-34.569593835151466,-9.187269912801444,-66.8390951252399
68.45881982236916,-44.398774665967544,16.966818315312658,-36.35011085479681
68.45881982236988,-27.643808614872313,77.1588462274114,-40.46518996968658
68.4588198223705,-28.1227583109131,438.05711195433474,-27.67081384609309
68.45881982236995,-32.778461550384954,143.59282182621368,-34.6027677199393
68.45881982236986,-30.97281726203882,115.72500032807156,-34.82110171464377
68.4588198223702,-35.824458409563896,1.6151184198042623,-34.5479333622372
68.4588198223702,-51.24915845217347,-37.411614769205656,-53.93573616330792
68.4588198223701,-43.335085953492644,675.9361226769458,-37.24437945191905
68.45881982236996,-29.33427700531911,27.034526342080323,-45.426093233936946
68.45881982237012,-41.0698126835117,789.5948289699145,-21.222324013798023
68.45881982236965,-51.497924632155254,117.24192260140809,-29.575945574888742
68.45881982236983,-52.64929207071546,55.00478412111129,-43.60131683998759
68.45881982237054,-33.1727933064166,96.5451183703425,-45.13443093734226
68.45881982236972,-40.488590355145284,67.13857265412284,-35.504042518153135
68.45881982236952,-42.78775624282053,35.22633409922171,-46.53013130449251
68.45881982237019,-31.74831429133791,-38.75057804844001,-72.42098059780969
68.45881982237039,-48.65408209233178,-47.02866201792135,-70.08941107588328
68.4588198223696,-32.747072676498654,102.12144662362715,-41.21214234223094
68.45881982237059,-42.313989812558496,53.26469558813087,-40.89740998881183
68.45881982237042,-39.825210765345254,305.6099980257918,-18.360650941090274
68.45881982236968,-29.03353957276683,150.62151182599433,-46.71211888312035
68.45881982236955,-40.97051587084083,170.99473999154532,-51.62908007161195
68.4588198223703,-37.32943970307733,110.4530511221018,-35.92740006102344
68.45881982236939,-41.298532777492824,53.467124056441136,-40.374518252304895
68.45881982236976,-49.219537788494584,203.24307164552616,-32.79401048979314
68.45881982237012,-48.83201738286845,544.4689255109362,-34.11524321090482
68.45881982237039,-57.739242689150686,-46.35782507493662,-75.13619989621753
68.45881982237026,-44.73239823635223,200.68706335269567,-36.253141238066746
68.45881982237114,-45.754254024883636,118.66883799811312,-37.916556596364025
68.45881982237012,-44.69997491320656,85.61670054759468,-41.81231449160413
68.45881982237007,-37.114103386564054,26.02640885228713,-41.32767863850015
68.45881982236963,-34.3830983854423,300.79141331930873,-41.79034147184374
68.4588198223697,-42.57309946924725,72.49698468995192,-35.4728902336511
68.45881982236996,-48.267314241299,78.90678966464766,-48.485188707189565
68.45881982236955,-48.726855311116836,67.461223073385,-35.476461657390956
68.45881982236999,-36.14629452605358,59.315465164395235,-44.770070531659265
68.45881982237006,-35.024898109792154,85.67957901663739,-38.301518664139245
68.45881982237071,-40.78337234103052,62.30968473529808,-36.86108519098141
68.45881982236965,-43.49750413948217,496.2003279632867,-29.962080240350808
68.45881982237042,-39.4150842218887,152.97950929747753,-27.56585902611568
68.45881982236976,-57.253149666521544,23.114275631774905,-57.60861073281056
68.45881982236983,-54.76603425657598,-33.64442558375432,-50.5336443342322
68.45881982236956,-40.70126134573684,51.752383523896754,-44.62024592733091
68.45881982236976,-46.80145746275218,-20.604704484053727,-48.35551302558929
68.45881982236963,-48.37387542636316,31.33872547029921,-33.70850094781071
68.45881982236968,-34.16173564969925,135.91069489093766,-57.618788679355134
68.45881982236949,-53.14268873000042,111.41370613865762,-50.86623009069615
68.45881982237027,-45.78500441625011,197.0460284603896,-49.01911904850852
68.45881982237032,-34.780803784256975,180.96428806907375,-34.035349532188995
68.45881982236979,-30.872767709894077,260.24467233420523,-39.68231899354618
68.4588198223697,-49.8291423179751,-63.80096362306978,-70.3891168513521
68.45881982237015,-41.078483380467375,21.121102184087714,-54.1187118082122
68.45881982237016,-38.26789873659193,174.57389334649142,-37.336840676607366
68.45881982236976,-40.813202955178696,-8.07636308327635,-66.63230564593448
68.45881982236976,-36.34828648818409,167.4588979295795,-33.565928366387375
68.45881982236992,-49.4002313161637,42.9937484454777,-37.12014442698012
68.45881982237027,-49.639979098531875,-11.195419609273326,-38.00553146331852
68.45881982236995,-53.71714198459312,114.05504815885115,-41.411312815502555
68.4588198223696,-42.51362449530433,64.27087894518164,-39.761001072144865
68.45881982236986,-48.05285770480031,63.81846693748958,-29.682976469885546
68.45881982237015,-50.44686648530361,147.83155344241376,-33.49108785126768
68.4588198223694,-41.79445308686341,-25.905199095449028,-61.74250230183564
68.45881982236959,-45.08919352540853,117.43755573148329,-36.207121225376184
68.45881982236949,-42.96793590561769,22.976863362301515,-53.962392705086984
68.45881982237019,-40.773665547708596,15.771148572061723,-49.796938798906446
68.45881982236983,-32.67030321129939,6.370602096434452,-49.781543703476316
68.45881982237047,-43.85650007139471,1457.1099808695185,-41.55684761145096
68.45881982237023,-61.96017862032419,56.12571979082919,-46.49406424255852
68.45881982237027,-37.56022217240652,155.69638440548692,-27.756711629174468
68.45881982237067,-40.62402384528026,-27.26025989778741,-57.50949531775714
68.45881982236935,-36.131119156942994,48.815365996460656,-46.58663576421645
68.45881982236988,-45.47487694582154,1.782460817968401,-40.341894177538094
68.4588198223703,-36.246953062485154,239.9203011773554,-37.440290390096706
68.45881982237023,-45.971995688386,109.46923702486204,-45.92608619745246
68.45881982237006,-47.78492090405183,152.24337784834185,-56.14246768921953
68.45881982237016,-43.27554614562265,-6.270613449545815,-57.09334545771263
68.45881982236992,-35.67425086152794,168.94462426128953,-37.4237330435378
68.4588198223692,-54.05489832352537,255.03953299337203,-27.26265886914745
68.45881982237003,-54.335994042295674,331.18326439213234,-27.48456138254355
68.45881982237047,-47.07644641426102,5.032309749776975,-47.14948328293794
68.45881982237003,-49.4182613827005,147.15326298524764,-34.88363824909692
68.45881982236939,-41.87998235761178,69.17399843322625,-47.40221709802426
68.45881982237003,-44.79652029075872,55.19975294014547,-47.021499592641824
68.45881982237007,-38.35815816351917,142.4574941774406,-34.54609571391074
68.45881982236992,-36.49617278513646,47.43237861092009,-51.55915939136395
68.45881982236963,-47.795890849356795,231.06410018930706,-32.58535585874996
68.45881982236968,-37.54958357321713,100.75659940598088,-54.26236349816398
68.45881982237083,-40.291262064644584,69.2408954298236,-50.59139581432681
68.45881982237042,-40.73335307431892,8.472984577683395,-50.75022656875139
68.45881982237023,-39.984648517875165,-71.08584320428744,-80.15097883450831
68.45881982237057,-33.46284531989331,-24.94900757799927,-43.24608822584566
68.4588198223699,-38.99202814837127,-20.411466607169793,-50.06937369067926
68.45881982237034,-34.06511671992873,174.7132270987871,-46.448767240623404
68.4588198223697,-44.931443894135434,63.409636427244735,-37.50401729610059
68.45881982236945,-52.97269504009472,304.1191504362797,-32.8356620735094
68.45881982237015,-36.23876764399894,2.239841418013766,-64.89280077808066
68.45881982236945,-40.97684590606052,-72.96587165703305,-78.05372483594104
68.45881982236972,-38.85574627103377,-43.224368530829196,-51.39130915764449
68.45881982237003,-29.739579625382895,339.9464463197246,-24.1108273425212
68.45881982236986,-41.55088042547056,-5.109555751155471,-54.83940203527412
68.45881982237027,-38.25032645342693,22.239688704970217,-47.00636097790778
68.45881982237059,-38.52116060986517,243.66944224484288,-37.349594636909764
68.45881982237015,-32.43684961840607,23.352404186741936,-52.60077090618336
68.45881982236999,-47.10847757523313,-4.6514341200922455,-39.45889590641326
68.4588198223696,-62.654029487455176,113.49188396692358,-39.79983347649158
68.45881982237,-37.00656831330882,164.998063551032,-30.152300101633067
68.45881982237032,-62.26356456793567,-34.09877524270469,-61.837046398864906
68.45881982236986,-33.528959700314445,-5.548088995531108,-54.67109421550742
68.45881982237066,-42.4355542635835,1.788966621203092,-55.83212667382119
68.45881982236912,-45.18684736133428,-10.685275055681643,-61.42256964159096
68.45881982237036,-54.634702848579586,-27.773823557093646,-62.22154890593807
68.4588198223699,-53.148398552837946,55.07581606299892,-39.8938661756622
68.45881982237003,-51.07321521149779,121.25358753313948,-46.41347218225069
68.4588198223702,-46.055866235733234,231.8491789532586,-31.927789526976923
68.45881982237003,-50.60229969207229,222.62550652957898,-33.03686587412812
68.45881982237057,-50.614698327232986,-38.00727648805384,-66.70604271378284
68.45881982237101,-39.63121310287602,98.11264906563892,-56.472767502700314
68.4588198223699,-40.00736931195076,-34.57317870111485,-56.95033813270969
68.45881982236992,-45.58164443335699,-0.5261478993110247,-52.77565791070573
68.45881982237023,-37.18314049535508,11.549564240732657,-42.23628235081396
68.45881982236983,-36.317688134985296,-55.4859923597375,-78.69386904705043
68.45881982237003,-48.16157744451518,14.51639471911732,-56.64204437501883
68.45881982237039,-48.16513443105993,562.954067358179,-32.60785456959802
68.45881982236986,-44.53673814817382,91.6455280544703,-43.800621576486535
68.45881982236943,-35.584482916514496,421.7573201070989,-30.352358704553584
68.45881982236999,-46.880209752681964,78.3211885979981,-38.76838521770944
68.45881982237,-43.320925253530696,65.81179448753467,-52.11318823536707
68.45881982237034,-35.010246344808415,-8.82771227507414,-61.99468728596873
68.45881982237027,-54.34000064109266,13.441975332081446,-35.46380974756207
68.4588198223699,-36.30613856219844,96.54510398110922,-35.088024318414554
68.45881982236995,-42.27211410555468,140.72347768322348,-28.084523889479552
68.45881982236976,-40.553740238815614,-15.28367107885641,-54.37969734988515
68.4588198223702,-42.15528043138775,46.06793155554696,-50.41390352099203
68.45881982236996,-40.63378241169532,-13.558242436469115,-53.928463742682574
68.45881982236986,-41.98492602269391,185.73559110649109,-31.52885553416349
68.45881982236877,-48.82406464833925,3.8280531234957005,-48.75366354550127
68.45881982237063,-44.58111870156129,405.37675950529757,-31.777213382400493
68.45881982236979,-30.910360510288914,-15.388752480020818,-43.72314962343897
68.4588198223698,-40.56762160791341,120.10983997624471,-34.32251258575734
68.4588198223701,-33.80662002337185,299.61774720997914,-36.368734605347996
68.45881982236959,-43.75031972447483,-2.355964981897396,-57.78584309306435
68.45881982237034,-39.63001629892665,60.34696666224744,-33.386109365282465
68.45881982236955,-33.63965451970061,7.372219231209387,-54.9286094863465
68.45881982236968,-44.42331448720155,136.53585690145658,-26.438708931278388
68.45881982237023,-45.56762249141162,66.6101408968546,-34.46990570531461
68.45881982237003,-37.81150839567091,32.04678599840756,-48.899156331597915
68.4588198223702,-46.88292294667677,335.19368221422087,-37.25909674279043
68.4588198223702,-29.860782592389366,918.9213642240542,-22.83685740375744
68.45881982237015,-43.73909782140431,116.04977813310926,-35.45862318189096
68.45881982237012,-42.70447570071213,-12.714089799176875,-59.380375407346655
68.45881982236959,-31.285410629996747,-41.97258037581509,-62.211432629871354
68.4588198223699,-34.27359810090351,143.51835389453734,-32.914301726529395
68.45881982237016,-45.732136532623294,-55.35562904956473,-71.21554853392607
68.45881982236988,-45.39289368763046,-6.950924407594517,-40.32625118380362
68.45881982237,-59.710437928165604,52.70914148256001,-37.87233492069853
68.4588198223699,-31.411336532858957,-25.344373024220435,-63.25188758449918
68.4588198223707,-49.07937596054659,137.00247713302525,-36.00615250507092
68.45881982237015,-45.08400201244795,6.610414752485783,-48.19192186253004
68.45881982237006,-26.957470727319688,405.7501751577219,-35.95677291877034
68.45881982236986,-42.80156213303502,6.078015934929293,-52.776305631180676
68.45881982236986,-34.905140583531846,-2.6108324708377095,-38.19237153164141
68.45881982236995,-42.198252785563625,158.3234368068749,-30.00615003815611
68.4588198223702,-28.398919072160567,-12.122689167231593,-51.81788939401477
68.45881982237046,-36.298434408505145,21.235616228340536,-42.72021047433255
68.45881982237007,-42.08505578198677,197.10946735814173,-34.152053886382795
68.45881982237003,-40.40125633179327,94.14806447265305,-35.72877479322205
68.45881982237078,-38.47424240087677,258.0206024493168,-30.206271717256882
68.45881982237,-51.67440818782967,-16.828742419916487,-63.790384196846574
68.45881982237074,-46.024089362965604,62.03516852768518,-52.661199171260776
68.4588198223705,-31.220316594975706,460.00503596790435,-29.674100450957898
68.45881982236945,-53.86522890082919,114.19514712129808,-36.693794513808186
68.45881982236992,-36.62479361331046,-26.44271116916862,-60.63879437275064
68.45881982237019,-53.46269503585324,-4.589573707201133,-49.9619189209978
68.45881982236952,-31.68218743338509,142.2040487696774,-41.904396736958994
68.45881982237059,-41.98133211815897,70.39968079864514,-52.71517132492103
68.45881982237007,-42.469399652151886,132.73366986294442,-40.23356933089877
68.4588198223701,-29.264942918149796,120.28896699279903,-31.602652659458887
68.45881982237057,-59.811468625089326,770.5209977069895,-45.02368524115427
68.45881982236983,-35.92686427396687,440.89812365451036,-40.14080157413722
68.45881982236979,-51.14798071432596,750.3863941166508,-27.14226224102091
68.4588198223702,-39.376452614171484,-0.2269284119108539,-51.615722200809046
68.4588198223701,-44.2354909136583,19.864022931977598,-62.42773450310028
68.45881982236936,-42.29470910331828,274.2181415991332,-35.1061191539823
68.45881982236935,-39.60053080682881,-19.193953027904232,-43.16320712688706
68.45881982236972,-45.372094065239374,158.74171859572508,-32.67628392270561
68.4588198223698,-42.26819257354356,40.33669580169441,-61.36926612189012
68.4588198223697,-45.84245831123128,28.061380468708652,-49.02178054042325
68.45881982237,-62.98779471768279,93.80294749972265,-33.614829751505184
68.45881982237039,-47.992581141376235,-5.34005476902959,-51.53489198820411
68.45881982236955,-54.832750814997944,-24.820020520925958,-57.81879471358328
68.45881982236975,-48.10683263449832,-40.5406662820189,-55.91775592498275
68.45881982236979,-42.0408120986718,80.1926940754426,-44.300971217629424
68.45881982236959,-49.40776092348095,-5.372090227090531,-45.85477132327901
68.45881982236897,-37.027844188886846,36.38276438504502,-53.25731290303756
68.45881982236956,-50.98458045532619,105.26819388680701,-39.02158569795409
68.45881982237078,-43.5860219151619,-30.068098464881864,-68.04971418188252
68.45881982236959,-56.80292778069701,89.4661908843645,-52.85442132983411
68.45881982237034,-38.27878753934391,24.88235823614824,-45.89464927777643
68.45881982237012,-49.32359829652032,11.681965414385553,-44.15800793932348
68.45881982236936,-57.14334827183991,690.1407391843012,-30.630865406785045
68.45881982237078,-46.65237444279675,99.12948030434569,-41.124615688138924
68.45881982236963,-52.97762710734195,205.93937716162068,-28.72229328823199
68.45881982236996,-48.52929200672271,56.26489505427368,-50.774327734285194
68.45881982236952,-49.78303817867609,108.19604139867569,-54.85989679843959
68.45881982236956,-44.181854186073465,48.92234384932277,-42.2199115565872
68.45881982237003,-39.729729521838706,20.644708767283927,-38.33971655652998
68.45881982237066,-37.762556240293875,433.43165898986433,-23.952485492539978
68.45881982236968,-54.119470330800056,12.736785578852295,-49.985641777415815
68.45881982236963,-35.771094251443444,-23.03814024012052,-48.799757997876746
68.45881982236949,-36.6060894122236,54.52414599480846,-47.33304695932714
68.45881982236986,-60.6915379443427,209.74053925611463,-39.111065143357834
68.45881982237019,-54.46625608261368,421.60671665723595,-31.304079454201585
68.45881982236935,-43.40496317635365,109.34836615447661,-36.11711957968898
68.45881982237006,-42.47473787564139,775.4989177017052,-32.32978974408247
68.45881982236968,-55.77417547353354,-29.951580580500593,-55.87849945376069
68.45881982236924,-48.99240607328501,-55.9073908887729,-69.7241365694409
68.45881982236999,-61.33853358389254,257.80590021262475,-36.136704417946795
68.4588198223691,-55.138828538342686,-52.47713765011692,-65.5442514952452
68.45881982236912,-48.340503128287146,32.51115656415866,-42.15008181455878
68.45881982236975,-51.40608699132756,55.47387515113371,-44.994859081379914
68.45881982236995,-37.27009191716802,-31.10108281719951,-56.0005225048271
68.45881982236968,-41.24269435040527,35.492960203275594,-59.58803411002227
68.45881982236999,-38.90269292959447,337.6353789068942,-29.06898062605284
68.45881982236975,-44.244859669195414,310.74086468276573,-30.518401004914498
68.45881982236972,-46.35916176886259,51.705487590664376,-42.03596448570608
68.45881982237027,-43.24584014334116,143.91882378142307,-33.11909538990806
68.45881982236979,-38.713680793646176,117.35548204364346,-33.353434938185565
68.45881982236894,-39.452647473957356,1.9372438173113293,-41.281603736151084
68.45881982236965,-35.46003850106955,-41.15274935274672,-53.73398550815081
68.45881982236992,-51.90300543736599,-54.6490111893555,-70.98307000359216
68.45881982237006,-46.7390638550487,30.31478285168392,-48.58258012877108
68.45881982236945,-38.85909700245094,26.65340719357254,-58.32621953026127
68.45881982237071,-42.6115253705866,145.3796529837725,-45.59290639209338
68.45881982237012,-54.55878968331802,18.747176693596757,-42.94972725695926
68.45881982236979,-35.54507802715372,-46.256643507700964,-70.6650227165741
68.45881982236929,-33.5954818124525,31.496336487008957,-32.75435803910426
68.45881982236996,-56.80525512494046,10.264531244711982,-65.9527767312287
68.45881982237043,-46.18412008449238,52.08660638259251,-36.97648369696692
68.4588198223699,-58.29365693719344,163.57504665629756,-36.99020842124325
68.45881982236983,-36.59912362734951,132.0806041093054,-38.27569140902389
68.45881982237046,-37.78618256565952,62.9925115010592,-34.51365536472473
68.45881982237015,-56.1841734364456,16.275394937727093,-33.73398991105033
68.4588198223699,-41.245298667045006,175.92034081898916,-42.21632283086068
68.45881982237046,-35.29003636104818,-68.99257680935303,-82.46554282894361
68.45881982236939,-36.36917540693666,198.57381287590812,-28.966882582460507
68.45881982236965,-52.05557618445884,177.8568545927869,-29.37850017611282
68.45881982236992,-38.91429335355381,56.74790248214974,-38.672814709762406
68.45881982237027,-50.6862809195294,97.45825927438084,-35.98917037242525
68.45881982236932,-56.84605550045574,15.269513784102573,-33.98431432007934
68.45881982236999,-47.47521979623297,42.417580400715835,-35.95589129254675
68.45881982236932,-46.16332880983235,163.00141175904267,-33.00999569355876
68.45881982236949,-43.05506170317862,-39.49092508300084,-65.52492600712779
68.45881982236999,-34.46714658265532,146.16814444506235,-40.2572700211847
68.45881982236983,-41.209638573321996,78.29087751869852,-29.90442143570987
68.45881982237046,-38.24617882432564,14.070513653930327,-40.59581348752962
68.45881982236986,-54.11285152852025,27.683567352065495,-53.492897730609165
68.45881982237042,-51.8513300625036,71.88420746283278,-41.09988072926686
68.45881982236968,-46.88644829056267,301.0523858433778,-51.81739211429643
68.45881982237007,-30.571993525290676,54.68239870651155,-45.05061363776801
68.458819822369,-42.06617496408745,136.76400865151504,-50.282296881492194
68.45881982236935,-46.30788877181162,43.801080023321774,-68.4452649350369
68.4588198223696,-46.8189521920419,243.68666427006315,-25.64475669341141
68.45881982237057,-34.99686669123213,230.24276226097976,-37.51844322172973
68.45881982236976,-49.009537041904906,-61.72936816143944,-74.86675790351607
68.4588198223696,-44.74827227146322,131.12979387024302,-31.25453371032578
68.45881982236979,-47.57607578846841,117.91733722707822,-27.073600108010453
68.45881982237016,-49.536197606003775,-50.50933797903716,-68.87324191638633
68.45881982236976,-45.27900574985209,31.12926470900572,-48.986219676301424
68.45881982236996,-34.19541283444855,171.767182215443,-33.56409354818879
68.45881982236988,-45.8583196773329,218.68272328572823,-33.018658734573606
68.45881982237,-28.935623421589053,45.29957627357335,-56.854614666972395
68.45881982237012,-38.300279928921256,92.87221853340084,-28.807876189939876
68.45881982237027,-37.28074296637658,60.97716036732539,-36.59078798721852
68.4588198223697,-45.14199163982766,52.01391200092007,-35.001768829134875
68.45881982236988,-33.86890352293372,8.001853748152277,-43.57589629932278
68.45881982236932,-46.13000230572136,39.332354417139825,-43.34892144281095
68.4588198223698,-50.78153164149517,189.26434178924373,-32.24136172390347
68.45881982237,-50.930497678750065,310.85637965428276,-37.594433849165966
68.45881982236999,-57.91703179012243,279.91630296053455,-26.5614789980838
68.45881982236952,-38.89936239950163,63.517774337292046,-43.60333142975191
68.45881982236928,-35.33800500661305,-25.038364657218757,-61.25554247321975
68.45881982236986,-38.37757707060635,-1.1535780003792184,-65.38072822516608
68.45881982237023,-40.525360364804044,352.42850316639414,-35.153291313991566
68.45881982236988,-59.147282950767355,379.7059100396309,-28.421394429272695
68.45881982236952,-32.60822680118495,-6.048838813072033,-46.99974665545672
68.4588198223694,-45.73676506824531,616.3866413722037,-41.33002421450467
68.45881982236995,-34.402798078136,48.238303564728824,-37.74052016470828
68.45881982236939,-40.396957045456894,41.01879260443564,-47.501157954118575
68.45881982236979,-37.61590711361266,68.20918021140344,-36.30361698570831
68.45881982236952,-48.496688920154675,165.8080124995597,-58.26545421003628
68.45881982237061,-50.632707726572626,492.8074655936631,-29.367419846427
68.45881982236912,-47.49664614738809,103.60152780132256,-54.94294474147061
68.45881982236996,-41.80038432380982,238.94086429606395,-39.87173305112709
68.45881982237003,-30.693358934527115,134.9917842251847,-65.93996834623121
68.45881982236995,-30.823692455923947,151.40095352247025,-31.769484896906206
68.45881982237036,-37.00304997028834,12.899329490926936,-53.46255925984712
68.45881982236986,-38.60105622217061,-60.34002752747731,-65.06012302564861
68.45881982236988,-33.10921782617478,-58.19291930341481,-73.75137913067327
68.45881982236949,-33.28566678236265,692.9638309825026,-24.8342055394995
68.4588198223696,-42.77300663815908,27.210637861867415,-62.15200829274238
68.4588198223699,-57.54015912334012,103.79694529788162,-46.51776963586898
68.45881982237019,-61.89014483801054,134.038222157049,-35.368520699405096
68.45881982237015,-52.81586427464462,558.9892257033126,-30.373788856881177
68.45881982236992,-41.63850612179743,39.09535789810541,-52.782444076253796
68.45881982236972,-46.682330761207034,10.490582956648087,-47.28462441067154
68.45881982236956,-37.09664800158248,0.9700202680392511,-68.36635756126694
68.45881982236983,-38.853529049941905,224.68424178421583,-45.008676330047415
68.45881982236945,-33.388436575593914,419.9201193670639,-36.80247286840286
68.45881982236992,-37.106897762263394,103.22611017525477,-36.37735596504853
68.4588198223699,-26.549406781804297,-33.57150728811412,-58.616629425713505
68.45881982236983,-39.49750593624404,42.77405938877899,-35.76122892455065
68.45881982236955,-39.98755945302213,37.09603268768768,-34.41918572767361
68.45881982237054,-43.79962259145955,448.558920619428,-28.818386867550384
68.45881982236972,-41.744146146318705,263.304421990483,-37.7876055326928
68.45881982237006,-59.54988494669708,15.857717757504242,-42.80653856239168
68.45881982237027,-43.780635175171156,45.0855482165901,-42.95205280617916
68.45881982237026,-40.123185844548956,-34.09841819547,-56.71281962554298
68.45881982236999,-51.941421795069644,74.81824720310031,-48.46372584977031
68.45881982236968,-50.68929906285924,51.96099268726475,-39.49070326927892
68.45881982236945,-39.1215130655365,199.21237684169793,-36.68005546766791
68.45881982236988,-53.80337623165805,47.80340383079624,-50.65956180738473
68.45881982236936,-32.97884132483229,40.94784158267046,-39.94728352830415
68.45881982237042,-47.944144182569616,-9.558732347010979,-42.51600692328494
68.45881982236968,-65.72981840204343,444.6545718696975,-24.66909125067167
68.45881982236928,-35.04172210889524,287.90194646683045,-22.5537150067489
68.45881982236945,-51.688896271264916,85.84978867658049,-64.64611914639462
68.45881982236983,-35.15902832873723,59.59591240569018,-43.72375582932311
68.4588198223697,-32.48416591410448,184.67263533653275,-37.300308755716586
68.45881982236955,-34.576696414961546,-64.80094643278743,-68.73116041649057
68.45881982236995,-47.50172784851122,95.62244763155776,-39.54230754609183
68.45881982236915,-36.735940242299684,46.93533208070786,-39.3106500999148
68.45881982237036,-37.47466806415034,45.388501818415314,-60.37540937192667
68.45881982236936,-40.68850970390273,162.39044675788378,-29.04132757965826
68.4588198223691,-53.776985176057416,486.39417880591924,-25.694238778160095
68.45881982236968,-46.07396675063049,121.30865530723752,-39.58501591660146
68.45881982236976,-39.4216204044297,239.92222024571572,-36.09307755182234
68.45881982236972,-49.57872787723073,123.62534675807461,-28.056432807060162
68.45881982236948,-42.561994575303274,495.4020612000738,-48.93258744479417
68.4588198223698,-57.90965497642833,39.53842068204996,-58.80261609782259
68.45881982236928,-38.44968886077369,15.721020115025585,-44.67940260153872
68.45881982236959,-40.356938158912804,-16.74528317177616,-51.09559184196144
68.45881982237061,-31.094339284149207,-20.97150689117907,-62.06749198637751
68.45881982236948,-36.819334840117094,141.87631426054165,-37.06229732776194
68.45881982236999,-49.936066725140336,-42.65594906780934,-58.81772316441487
68.4588198223702,-34.969622201770264,29.932363850029997,-55.73869894510276
68.45881982237015,-37.89656851899467,262.14667860364455,-28.49271965633948
68.4588198223697,-24.9436640211117,137.98808440114962,-26.421610434247356
68.4588198223701,-43.05716004887772,213.46709721735547,-29.154482749368604
68.45881982237074,-36.980657618448106,70.46677755248152,-44.46132055949129
68.4588198223699,-33.10558332540137,78.04671761479247,-50.39393932756047
68.45881982237019,-43.61087794167339,12.689846127138482,-50.85170351263617
68.45881982236949,-55.17051257506095,377.2605576619238,-27.741519201346865
68.45881982237003,-44.679327754303735,133.57693793069382,-39.03751736581804
68.45881982237016,-37.26190112346194,309.3586893665045,-30.58530505190179
68.45881982236945,-56.48220546383502,106.3774720469461,-37.80678298546235
68.45881982237003,-45.56876264993179,126.57239682151271,-42.04143659210773
68.45881982237063,-41.51194728002918,-32.12403901137435,-64.71222281300268
68.45881982236968,-33.42380388387658,299.6449309894406,-32.99365771012299
68.45881982237023,-42.65090832221225,20.354206671164054,-46.87658034321822
68.45881982236999,-27.437261550001736,185.30516741171505,-32.50814942730508
68.45881982237006,-28.84657488828356,68.3916095018972,-33.4632960855845
68.45881982236996,-58.54790048976388,305.40494402442954,-30.124637293487112
68.4588198223702,-50.31073568628332,37.16425351048878,-39.16624181742956
68.45881982237015,-43.42502078580645,57.613413681866454,-46.86167116958213
68.45881982236986,-50.46256104343312,-3.1129806709259022,-71.3733538232115
68.4588198223707,-40.18357806382451,640.412189974351,-31.375240888804257
68.4588198223699,-41.288952788799904,-21.367818481115762,-54.727809500563104
68.45881982236995,-35.11463937993491,280.2157725186232,-34.36834249702056
68.45881982237003,-34.209189782872976,55.20326755253586,-45.37938073400277
68.45881982236976,-55.31904829986898,333.01541779951737,-45.597308001185496
68.45881982236999,-40.182796141398555,47.34730421106064,-37.24283211794197
68.45881982236874,-50.194991089380636,24.806074775417475,-30.086197188881748
68.45881982236986,-42.620785497098645,36.78234538039098,-39.548465519564445
68.45881982237003,-58.98753185545901,159.95474479708142,-31.987164558181135
68.45881982236959,-39.5590442968015,36.967103361707785,-40.8003885349154
68.45881982236945,-60.34642577327316,145.30060612777268,-38.73150926351926
68.45881982237006,-44.696408098132935,40.118624658274115,-36.71249125386714
68.45881982236972,-43.49090904954244,51.445111745649896,-38.72373426892539
68.45881982236968,-49.779741775478335,261.7432934127986,-32.76699327281872
68.45881982237083,-46.74998294164542,-18.391882291906402,-41.264856229742264
68.45881982237066,-36.86043160623856,137.9604494086715,-28.635808853264976
68.4588198223694,-27.887467743645157,948.6141517213471,-25.59256205815824
68.45881982237036,-54.724314893006806,132.33131667838654,-41.154601336036166
68.45881982236972,-65.10434026182463,7.916428543079235,-43.779853846616135
68.45881982237034,-31.977697521954298,267.9118884345149,-35.72069517583628
68.45881982236959,-35.613952111104275,-35.96284663848586,-64.56511888073557
68.45881982236963,-29.921000273142827,-2.9733949036062968,-44.54881189911849
68.45881982237012,-51.00436281783358,92.07350927634717,-33.83261390790283
68.45881982236955,-45.01197281891331,-18.073441184333895,-62.61160121770104
68.45881982237027,-41.18849359004976,172.80516424297366,-28.70560594060749
68.45881982237034,-32.322067409135826,124.9751741062855,-36.05158051334764
68.45881982236949,-30.018226732071263,258.30520543420243,-29.54139064300478
68.45881982236965,-34.52777549383897,22.793428493884484,-54.183338307962934
68.45881982236932,-42.189022213093196,126.2047896873995,-31.2589752323591
68.45881982236952,-47.8728832209442,406.54311661614855,-34.44516539880988
68.45881982236995,-43.48714899016578,137.38602344200558,-50.11392450899906
68.45881982237032,-59.26871726721529,20.026514798313077,-44.898444115291014
68.45881982237043,-24.088827186158568,177.03255476357978,-45.86739227426517
68.45881982236965,-32.016158444054824,-28.379335916528138,-59.51012640901696
68.45881982236972,-37.829334735836696,8.693374546932574,-37.86187967146897
68.45881982236988,-36.73436604303668,435.660947939284,-30.88964014703196
68.45881982236955,-33.142369961189154,25.039463925644377,-66.60214853097142
68.45881982236983,-37.70329080560614,-49.072099770099484,-67.24769110343689
68.45881982237,-36.13003230009184,6.420389960853123,-45.34879623347729
68.45881982236968,-48.124085420945086,-22.162091514783956,-54.28729385448374
68.45881982236959,-35.74584951630436,494.8236262792693,-35.292881543581245
68.45881982236999,-44.10244442121078,29.72990068445349,-39.565495534879304
68.45881982236905,-51.93237205979193,286.90097682888285,-33.51261768885574
68.45881982236908,-44.52402205103444,156.60581587310332,-33.142096565301536
68.45881982236929,-31.9984322634416,22.388305817585284,-49.60331730410885
68.4588198223696,-37.321159307157814,-33.035451294017705,-52.74685785547857
68.45881982236999,-51.19386032903195,64.1618027030246,-32.97316116774967
68.45881982237015,-30.82872262990426,202.12596059553448,-40.78367124909767
68.45881982237034,-36.65834387932011,528.6700294132429,-34.60680573427284
68.4588198223703,-38.421077009242936,-19.754724695893444,-65.57437907202012
68.45881982236972,-42.60041725763573,188.87209781382933,-33.21891185705487
68.45881982237,-41.36601089822772,253.64376079198047,-41.36866927592246
68.45881982236983,-42.99875151088095,373.3187861120207,-27.783817333551898
68.45881982236996,-48.770216996713124,169.69074251228,-40.205712596322925
68.4588198223699,-47.18583162129257,334.676554287263,-35.38986736684907
68.4588198223697,-52.33346691237857,-69.2277841914626,-74.69068187960129
68.45881982236959,-31.86026223864311,350.1933036118206,-53.6308246310623
68.4588198223696,-42.75138675530824,7.963452116270209,-53.93022001264376
68.4588198223696,-51.38358293595387,1.3863641944530603,-55.63672916149734
68.45881982236936,-29.53020558226872,61.220591793594046,-39.49461207416132
68.45881982236975,-50.39486852967047,105.63328233707932,-31.169786778322074
68.45881982236936,-45.98120159377326,22.76631996670595,-46.65713562782402
68.45881982236924,-49.31619405556047,352.5681718647518,-41.89413475321064
68.45881982236959,-52.835465926045,258.54169966922836,-35.333607056942206
68.45881982237016,-37.25667186402409,177.75626699144934,-53.81425969598694
68.45881982237007,-33.57038415017237,-3.4461798226036677,-42.789991293491425
68.45881982236949,-51.917785213581794,135.32189661127546,-31.643594845406263
68.45881982237006,-40.933720420884754,92.72625167886288,-30.27003716938571
68.4588198223701,-45.51065829957482,288.26096922612163,-31.071357731690707
68.45881982236929,-51.76174694118906,57.971648942814305,-44.540657846920716
68.45881982236975,-47.23800501150883,127.24277618728462,-30.2755927678963
68.45881982236979,-39.458697424992764,19.34270345826934,-46.92765725993569
68.45881982236976,-39.837403256916225,-16.67076992099278,-51.09123100992801
68.45881982236995,-38.12727243348313,267.565823578995,-34.225958329890695
68.45881982237012,-42.91775005608505,-37.11308315019741,-74.20102080383096
68.45881982236975,-47.226809803247136,-35.74503667283532,-67.26260458439526
68.45881982237039,-50.58702973944996,19.653940300242546,-58.75894026188841
68.4588198223697,-44.97903497696406,46.434720920445336,-41.33769091103947
68.45881982237007,-45.31412161059865,130.4540570413335,-35.617741098859376
68.45881982236968,-45.657407719335055,-18.10013911642956,-56.49074786808856
68.45881982237006,-46.40126063523628,80.0669974836777,-30.436807768310214
68.45881982237059,-50.14094678720834,198.83211800513862,-42.99639884496217
68.45881982236983,-41.9198685178369,-5.124954596851461,-50.83052585473753
68.45881982237043,-39.213033036012476,246.5248923593745,-31.50073207529115
68.4588198223705,-36.44678726048998,225.9046345894819,-32.117905764922895
68.45881982236945,-33.71278782047582,103.84821809042677,-44.680736153945475
68.4588198223694,-44.40759318594789,-25.15592590212128,-47.57959738590189
68.4588198223697,-36.851571910158434,-11.244942917973844,-35.02445792339377
68.45881982236992,-40.32201161860872,106.09291966111836,-56.473319655536656
68.45881982237015,-51.63627184073554,153.51603238214716,-35.70622807044472
68.45881982236952,-31.220214469755614,48.01489408138313,-32.79317735154203
68.45881982236988,-32.92079465509975,128.019515993056,-32.037716544374675
68.45881982236975,-37.891402021885646,57.225049256044194,-44.76608104329337
68.45881982237,-55.801006350137484,-7.65440364061678,-43.18718469645375
68.45881982236955,-36.438266788363094,227.4146201703438,-28.677729380382853
68.45881982236975,-53.4387202212591,35.91187163982929,-57.87676210830139
68.4588198223698,-58.50211217768899,118.9661576225014,-36.37836448087695
68.45881982237047,-39.93432096181656,-22.605015331232657,-58.5941266893388
68.45881982236965,-41.07799712909842,33.991671017453065,-49.64039040652888
68.45881982237012,-42.40683013320796,60.44328536238728,-45.924044836193936
68.45881982237012,-42.39347266693115,6.058419343576693,-65.44479955334683
68.45881982237023,-41.89799410472854,97.23127816119919,-33.562397278287406
68.45881982236945,-32.5775563938442,64.43434697253572,-37.75039226535459
68.45881982236963,-44.922774902332506,-17.032047809013594,-67.55095540506613
68.45881982237007,-38.44669868865467,-11.059480378238762,-59.739674173958335
68.45881982236905,-52.54028860292765,63.51564142681041,-58.72266511621008
68.45881982236979,-38.16965845725767,85.39654907973409,-44.447279467402055
68.45881982237015,-36.37272503354777,440.24073744707664,-43.11406012007472
68.45881982236979,-40.27175793842437,150.51122998914713,-33.68602369881973
68.45881982237059,-35.37350006542794,172.94147134752066,-35.48345114092103
68.45881982236976,-51.1752043393149,167.03311635593434,-40.31238948613613
68.45881982236959,-33.25842782186997,223.18730195899423,-29.286722872568916
68.45881982237007,-39.16575345826403,37.90741303289591,-35.421652468510224
68.45881982236975,-52.81108236804957,350.08782228223885,-28.881381648294337
68.45881982236915,-54.79360429172577,49.07062620667912,-52.85455210121746
68.45881982237023,-50.880905396468656,-10.457704452693871,-32.784580197240174
68.45881982236949,-46.39268252400775,91.29059041797332,-32.46892822775018
68.45881982237083,-36.41284277128216,102.4230007999623,-37.21761779561778
68.45881982237042,-39.59767947342614,109.34384815128708,-28.760750935369973
68.45881982237012,-50.99638199595206,555.2082954536023,-32.66475530624026
68.45881982236988,-42.564138271495835,54.728137750312825,-33.405867136097754
68.4588198223698,-38.36153272974248,628.3172144517599,-31.681329472461318
68.4588198223703,-58.6430829652399,-49.64321564797595,-71.09407550552508
68.45881982236916,-39.67590215834584,-38.46502226137613,-62.92132557019823
68.45881982237006,-44.26147322692078,97.90533501167833,-30.953134838872444
68.45881982236996,-39.02839029873022,0.7524951704783067,-52.531779970500914
68.4588198223697,-36.68589892369846,91.55293794842044,-48.04413807486513
68.4588198223703,-37.10340547219542,46.02881218290076,-37.11265355216625
68.45881982236945,-39.94172809354634,489.9455220119731,-30.493647318155116
68.45881982237006,-33.950437175115034,-45.76330217927429,-69.33353564528865
68.45881982237059,-43.490408448226624,-25.541535981666275,-53.95021690318532
68.45881982237006,-31.44388487291867,-37.11690184803624,-48.86403835508153
68.45881982237019,-53.97742796133191,-53.82115698660931,-59.83992120640585
68.45881982236928,-34.28436554071575,-68.73694119678136,-83.70044004229456
68.45881982237,-32.34091235323627,-9.88070094107184,-62.10057330152667
68.45881982236983,-50.032718637955774,6.562706096493187,-44.65890011293153
68.45881982236963,-58.689107539009925,111.11175538047955,-35.50853340037335
68.4588198223699,-47.83205944349817,107.64187073160501,-35.16880817376345
68.45881982236979,-37.18495483667367,-30.296128256875587,-56.855313286634335
68.45881982236965,-32.2838266208883,69.7980974045135,-56.562785676213736
68.45881982236986,-47.722644371463055,51.21914468090674,-53.02394443143443
68.45881982236975,-29.983259696801557,38.17250281092386,-44.70712253522695
68.45881982236949,-53.82356411682434,60.54202553881611,-61.65421844094343
68.45881982236936,-42.40991843484757,186.2559705000249,-37.34031157212144
68.45881982237042,-37.92031735284904,-50.58325112141719,-79.91395947996945
68.45881982236988,-49.16543822738056,97.79917556201774,-41.59324189863849
68.45881982236952,-47.09793553984809,-57.30547262872274,-64.93809679874349
68.4588198223698,-33.49162086474146,18.763292284954968,-40.55734019663944
68.45881982236996,-37.41206438671957,202.31683636384346,-29.09664967621498
68.45881982236983,-39.04009691565573,-0.4165540941000634,-44.55967449573331
68.45881982236921,-44.39898434189063,-4.908028225052363,-48.74818752418973
68.45881982236963,-30.18777584571093,-0.0744921970976753,-55.91347745249181
68.45881982237051,-44.78175916587518,133.85814342123658,-34.76064420920098
68.45881982236928,-48.9865619432852,-0.9276788697199834,-43.53064989058459
68.45881982236956,-44.14050396461572,-31.610881114471777,-51.14265357896699
68.45881982237019,-43.804568319504476,-50.812457880033335,-71.85350572552905
68.45881982237067,-51.01957991519479,21.75812929185583,-55.94995168667263
68.45881982236921,-39.42569136303512,74.33001723429942,-42.549918750687134
68.45881982237061,-42.84114566576308,-22.130283528562668,-44.41444937561787
68.45881982236955,-38.85594507610054,6.117223101028912,-41.522470145666844
68.4588198223709,-51.51681397993357,108.09084273752441,-30.58073434993558
68.45881982236983,-48.472566909456674,96.44898705561502,-54.81359132202483
68.45881982237023,-38.74668709130516,182.03894866654872,-34.027217841242106
68.45881982236959,-31.100748928797785,-22.835118531940502,-39.411032196676054
68.45881982237003,-51.818390244952205,19.932956016835025,-56.75415297368469
68.45881982237034,-36.57970453204319,96.39827597802851,-34.47161922247196
68.45881982236996,-28.6083662684819,45.15691889582387,-49.54585749180511
68.4588198223694,-35.161510607988646,164.42110225206977,-36.817283023298565
68.45881982237015,-55.45201454944034,12.056647548624522,-45.47054608276735
68.45881982236959,-45.950982194211456,25.050013336024968,-41.5137609816345
68.4588198223702,-33.25678271201616,-50.186860087108364,-58.90525109216471
68.4588198223699,-42.163028224936696,-2.591262632252367,-57.432224214295694
68.45881982236965,-49.52440607420713,115.09537698992682,-39.02382509981482
68.45881982236992,-39.06418159832599,-47.408707268553485,-67.71790560935086
68.45881982236925,-34.8856227525713,15.00958395717753,-43.899616149353115
68.45881982236932,-33.24210067248742,44.77665949585998,-39.954753790450084
68.45881982236925,-55.161252248299064,112.73220475106278,-33.79040206945667
68.45881982237,-45.64531613389741,1053.0387033298987,-26.16766283402361
68.45881982236968,-60.00654846371085,154.3831233002589,-33.14120863196247
68.45881982236975,-51.07540576748022,-32.778736438748105,-62.076357793904236
68.45881982237078,-52.49968022635449,238.50449784292192,-24.774983207875344
68.45881982236948,-27.815037105193575,45.413290080047595,-38.67227920264122
68.45881982237074,-42.41903171352338,228.0992515178447,-44.25882302104086
68.45881982236976,-46.14965928453262,279.44804235348346,-43.4308561760842
68.4588198223699,-42.140871560173274,581.7192544263276,-26.16884008704664
68.45881982237043,-50.55697777352853,375.89888947776046,-25.124123672835342
68.45881982237043,-36.93446844723074,184.54868805276138,-33.43265564018314
68.45881982236996,-29.55071803577133,153.22354391414686,-56.64769801673333
68.45881982236935,-47.56912560786781,-46.68213300245368,-64.73462353494087
68.4588198223701,-38.863928374610246,142.8182811550107,-34.79899241197898
68.45881982237027,-38.360363146766204,29.013379569743435,-31.503419146794243
68.45881982236975,-45.268158282944704,184.2961028908531,-48.31123984400739
68.45881982236999,-42.46909887328424,270.59485421732364,-29.854982917176955
68.45881982236952,-44.601063227077155,39.087412507866695,-48.136976751655936
68.45881982237047,-44.56389702622339,42.13484183453069,-56.44600682875121
68.4588198223702,-31.862381245703265,30.42549666711136,-39.673292376541646
68.45881982236929,-57.18826871034087,237.97576674577948,-26.57561670442408
68.45881982237003,-37.507532015021226,198.6150664725375,-30.78857744352197
68.458819822369,-40.8758855863904,160.14793777774875,-30.25305046300354
68.45881982237006,-39.01921678648951,188.83840364930157,-46.26130350192709
68.45881982237051,-54.94612850542369,50.48448575005402,-44.57043932221272
68.45881982236912,-46.6518208821624,8.712357726068621,-41.156729604647445
68.4588198223703,-57.853930992723065,-19.76754998220177,-56.76941188862719
68.45881982236988,-46.31475655004309,-11.794492165941461,-46.45833883858293
68.45881982236925,-33.50527304768233,147.51231268384734,-37.44119672770566
68.45881982236976,-40.49090162056389,66.52899051134015,-44.88295505504421
68.45881982237,-60.10014199668434,52.042245891251724,-44.09852958929781
68.45881982236948,-28.11740312413258,50.90202523487966,-34.63601446694919
68.45881982237015,-62.909849154880746,103.86946060957771,-29.462763266938374
68.45881982236959,-36.39124854573467,6.858993679529846,-42.25614124083008
68.4588198223697,-39.93629702708208,52.443289122607254,-42.02501520269261
68.4588198223696,-51.492379396386625,112.65799375783007,-35.84246121932138
68.45881982237003,-47.23954977808111,27.326248041713285,-43.198315593299576
68.45881982236932,-45.79769276100107,18.31596487765841,-54.300096143093604
68.45881982237078,-41.118565634962046,9.10263436362757,-56.68503930870401
68.45881982237019,-45.35907387317185,115.3285966554621,-32.7319139309992
68.45881982236988,-50.145487087641236,9.298622895685217,-39.94406665074281
68.45881982236988,-52.867042293894364,237.523671942526,-28.843245315325706
68.45881982237015,-39.64565645393673,298.5207922616982,-39.04221423993282
68.45881982236965,-45.55387031568196,52.74708682481637,-43.217113574251385
68.45881982236988,-46.6387263726589,2.8938756153707113,-40.62603739211023
68.45881982236936,-33.29708526090931,38.53021492992301,-52.2992000195883
68.45881982236995,-40.81374904880363,378.67482402538076,-23.3948812538344
68.4588198223698,-48.58212064414147,18.368365193237057,-47.049430149400706
68.45881982237007,-36.2243067013918,4.384372706952622,-46.85980001233988
68.45881982236963,-44.73608278565004,-3.455980429136496,-57.85932366184701
68.4588198223701,-37.10303890636808,-0.5401010674145001,-51.33484419507788
68.45881982237061,-37.155987610728545,216.21525593887574,-25.528363528598664
68.45881982237061,-36.15813112949476,4.315599293131234,-38.74937034955863
68.45881982236915,-40.79877205085442,78.48410410723443,-45.799813781517386
68.4588198223705,-33.82431966376982,20.32936317551539,-49.46964848444253
68.45881982237007,-48.73814589137273,-14.41747305961184,-60.49255595279096
68.45881982237016,-53.49179009708958,-7.587746213858004,-51.319209443689786
68.45881982237054,-36.90519965612407,-34.35603541230678,-67.10638670343336
68.45881982236979,-37.44024999385872,94.56162831801416,-35.02106047750188
68.45881982236945,-56.5775440955576,46.027425551800306,-43.017526922135886
68.4588198223698,-54.888837958560565,97.62378540436212,-32.81050776467151
68.45881982237034,-40.74934511888042,-22.669387945956455,-53.347470559388356
68.45881982236975,-40.353468254324774,96.25442131429863,-40.30456349771381
68.45881982237012,-36.06343615014244,17.322176979222558,-36.076390526800274
68.45881982237027,-38.91791763506641,224.63320071196415,-36.64365605437848
68.45881982236932,-43.07961779471293,179.43248556406647,-37.841890895448756
68.45881982236976,-27.352828401307306,88.49761046171562,-38.18530035951119
68.45881982237006,-50.29808113468464,-17.19571120945833,-67.71389143284088
68.45881982237012,-38.06254307661672,397.27474354951636,-41.79592278432239
68.45881982236972,-38.505724586436905,440.75903181980334,-32.850598046587244
68.45881982236983,-31.830173994638734,275.021443985505,-46.49098426308092
68.45881982237042,-33.81032455293103,167.0217881071216,-29.720728456777756
68.45881982237012,-44.25922868592153,105.85532097315635,-57.27598382910206
68.45881982237047,-42.062748572793595,226.01233981275004,-58.6311298327176
68.4588198223701,-44.24790007936842,97.61372648795903,-26.82863246431817
68.45881982236935,-55.29633883828276,136.73008986265955,-34.89291653127389
68.45881982236996,-54.90111272093445,164.3796453795749,-37.74624673626137
68.45881982237034,-39.51180689171336,-75.08725092564067,-79.13794103096615
68.4588198223694,-56.614763091627296,-26.404373981714755,-72.28572867492058
68.45881982237036,-46.31901363484451,-39.630702769812174,-59.93305744227152
68.45881982236975,-30.83514267251103,56.84268847876821,-49.50361491147424
68.45881982237063,-40.32691011323093,52.517787262306136,-35.615609031331786
68.45881982236988,-46.68804470099015,1.266379204999013,-51.58216508557405
68.45881982236924,-35.23009856170724,80.51686627797328,-38.177839288343954
68.45881982237042,-33.66064925288739,-33.98710896546328,-52.07977069791183
68.4588198223702,-35.774007444396574,-31.869091679819782,-65.32010873517726
68.45881982236972,-33.30877925405351,196.86093838516604,-34.01949296224601
68.4588198223697,-35.864984787701424,68.14801778230448,-47.779773313887084
68.45881982236892,-43.033448706150445,81.31022910937614,-44.34999567077899
68.45881982236972,-43.43113439816329,79.2285894454309,-47.66349021328039
68.45881982236983,-35.89865580972551,157.42109405587505,-41.63973874943515
68.45881982236975,-46.99087196116059,44.87591780085407,-59.230583731888856
68.45881982237039,-40.62744362760512,65.53613411079071,-41.787523967497556
68.45881982236976,-34.10234434253212,47.75225406329358,-46.19950305151911
68.45881982236988,-29.505764408816926,-0.5977074683193861,-65.2637961312285
68.4588198223701,-53.3787921861754,325.2765363938691,-27.64438015334514
68.4588198223699,-42.47097121524177,80.50745590334287,-36.15836656807835
68.45881982237059,-34.08149813042226,-37.117085591947955,-69.21659063201227
68.45881982236949,-50.18103108946356,17.812790285033998,-46.1050749131253
68.45881982237063,-64.08141505416789,138.0525342209321,-40.1543566625147
68.4588198223701,-40.62401887144392,21.28693465650453,-52.309916550729085
68.45881982236943,-39.81266384958939,66.88600239467775,-40.64969174176753
68.4588198223701,-54.95092318656975,218.7515859459329,-27.394047649619036
68.45881982236979,-46.51473800716482,56.84673082917975,-46.383354815274416
68.45881982236975,-31.104314207439675,236.75007017723976,-27.18438307960439
68.45881982237007,-44.316670488198696,373.97590000401175,-37.47889287653656
68.45881982236952,-41.4450660154453,-3.790766663602363,-55.16271974172366
68.45881982236979,-41.415019672553356,-24.621081965942192,-55.76189127682078
68.45881982237003,-42.16012060107808,393.9843113535577,-30.91465562851854
68.45881982237047,-43.396162196236396,29.199510975282973,-35.8500180360205
68.45881982236965,-33.426918339186976,30.01240425404099,-36.14929002941191
68.45881982236983,-54.08156140789381,138.4142402151142,-53.48397699720301
68.45881982237015,-57.998479776487265,31.181990002247527,-43.9368467330893
68.45881982237042,-44.87934343089791,12.232828967917175,-62.85624178190312
68.45881982236955,-36.972689096573,65.63744871978636,-62.087953175656274
68.4588198223698,-45.873064976627596,310.07817962776994,-32.946600572555404
68.45881982236976,-31.781652502853362,-16.966100864905087,-53.36799377264643
68.4588198223696,-41.02799646414182,338.6539811629463,-32.452005899024904
68.4588198223705,-48.89730520034903,70.39762183207895,-32.673990251565044
68.45881982236999,-38.78398757547157,89.24132116998658,-38.80660695218518
68.45881982236965,-29.146907680528955,396.0939588698284,-27.966942428210228
68.45881982236996,-57.61204457259302,-25.02372429663624,-64.23450001606116
68.45881982236999,-49.853557001196336,77.93811719129158,-45.41254141359968
68.4588198223699,-33.05483107158469,59.112685459063165,-34.94836227724502
68.45881982237107,-59.649933160599744,371.59797253263827,-32.57666790846023
68.45881982236904,-55.30781857188906,165.8832723030685,-40.146439815126115
68.45881982236943,-44.716448986734925,310.88206472676063,-30.88037319390584
68.45881982236935,-42.975099967787536,176.8502961682843,-28.792770468300876
68.45881982236929,-51.58536435456651,700.181437621734,-32.43169455249254
68.4588198223699,-36.818503249617194,59.6982899633435,-50.25329561286473
68.45881982236877,-47.64550571933582,15.659785464909648,-54.33861604947282
68.45881982236939,-31.940889317080877,22.83727173026666,-40.55359199559544
68.45881982237023,-38.808589076799905,-4.543191185207506,-57.29629281648771
68.4588198223703,-46.35102042468714,76.05951550720955,-46.61201868546221
68.4588198223694,-42.58159124893138,249.49236312137964,-29.736139600013402
68.45881982236901,-33.02186118005736,57.61145063948487,-41.793152205927484
68.45881982237003,-45.458263651278344,134.23977770488568,-35.719448721838376
68.45881982236955,-45.6892833542385,589.0629562400081,-29.434889499170104
68.45881982236995,-35.27171965540096,222.20176592083862,-42.52695829351926
68.45881982236916,-53.84082837665047,47.66393137089124,-55.52257640604397
68.45881982236986,-46.276145980818896,0.4523197866701745,-57.13542756370536
68.45881982237003,-57.680453305488,295.0165543099431,-31.7834179616298
68.45881982237,-40.85749374820223,356.8977973189383,-42.271521784031066
68.45881982236983,-46.771162224999955,11.333045795169138,-49.0427550193189
68.45881982237063,-37.80238309186055,-18.890047797169085,-61.06716163324922
68.45881982237063,-50.39921263187367,50.51387803339751,-49.661737285981054
68.45881982237039,-36.87948171699943,-5.620515432047113,-46.77009805720805
68.45881982236948,-35.51309070433837,-19.747864747986842,-44.969416692472784
68.4588198223701,-39.03885388227274,64.0792574766161,-45.42910765665733
68.45881982237036,-35.25198771355021,29.121984972037907,-46.87546552102422
68.45881982236976,-54.82782537326775,607.340297748346,-40.26540353743623
68.45881982237081,-47.57047292341377,292.51789605246944,-36.76967708840051
68.45881982237015,-40.06951016360245,156.02682067343454,-46.00172354815316
68.4588198223691,-44.5565002314158,-47.494607637471574,-64.696774751222
68.45881982237051,-50.580396532257325,42.211716264170995,-50.41222349398885
68.4588198223696,-36.2194301916278,129.70739957634768,-35.85172078687386
68.45881982237023,-53.264667348419984,148.61461125475427,-29.684538976317075
68.4588198223699,-53.906731359995185,-51.31186762487432,-75.68535362582439
68.45881982236968,-45.58007196122118,24.517424991424864,-52.22138966860837
68.45881982237036,-48.64971812660352,140.2320050483334,-43.5910669748547
68.45881982236932,-28.374391844481607,289.93514978829205,-47.9680913619988
68.45881982236983,-40.67879371771165,31.382158318848894,-43.17727484540966
68.45881982237023,-35.68523110734589,-34.88797052589413,-61.13678242363601
68.4588198223698,-41.702112431650505,155.22912538852088,-34.53335970153285
68.4588198223697,-32.089702056269864,76.3803811258933,-41.083511513231116
68.45881982236992,-49.42192055099833,269.2247801699964,-27.819738013684546
68.45881982237043,-61.487750796864596,121.60670434476755,-46.27192884004202
68.4588198223703,-30.443639601579477,284.61609780399294,-31.683750744404914
68.45881982237046,-45.032146041796594,83.98121703215831,-49.158775841593474
68.45881982236986,-56.73127243309264,56.28725003776827,-50.95560783471409
68.4588198223698,-48.46292531417491,127.47436563595657,-42.174789402534806
68.45881982236983,-30.990659379321272,73.735494483812,-43.867364265108385
68.45881982236979,-45.12402242529674,-45.94903211160798,-65.50399102306821
68.45881982236995,-39.89642165410155,-33.04262545633348,-56.47505841820417
68.45881982236965,-57.88357781793616,139.17607981734713,-42.77349863594895
68.4588198223699,-54.36817343125283,50.59336282208184,-43.43963850740127
68.45881982237026,-41.741640881583066,182.1872190132332,-50.45442451792288
68.45881982237019,-40.64962039597854,431.24434588801586,-48.66564439906548
68.45881982237,-36.84711294270884,-11.721452356998462,-43.56842548109011
68.45881982236939,-37.06040995337554,-7.748134993891831,-39.9253077602435
68.45881982236955,-30.498549439816703,213.31643499711834,-39.88059889287655
68.45881982236972,-38.302271119551236,63.74142620502789,-46.176995665085094
68.4588198223697,-43.95473445819419,-18.39293250194094,-59.64614114427449
68.45881982237039,-40.68603833255807,-30.61978324366098,-52.03707866440897
68.45881982237012,-37.27714624409079,-13.997030777146946,-60.22507540817761
68.45881982237003,-35.70283680695018,111.04455188480516,-46.89510332070797
68.45881982236972,-44.37530494963754,38.24706659423296,-45.99148584379652
68.45881982236955,-39.08156361421672,135.0395072224741,-36.670466556673716
68.45881982237,-50.57797598004869,109.42180958305951,-29.86969257430858
68.45881982236983,-59.933262321537306,50.5747970051732,-43.87722664850426
68.45881982236968,-36.78151315995311,88.34662933668926,-37.86394060723974
68.45881982236999,-27.68634013288288,191.46879474596275,-44.313595625968084
68.45881982237023,-47.180429391499814,37.48416044553573,-30.09818269065372
68.45881982237034,-43.11842161404046,138.0154855662476,-37.3646262547969
68.45881982236956,-53.98671253554026,-23.450824741806777,-41.39429756625368
68.45881982237036,-47.962335038426616,24.2169057959029,-52.96247629749582
68.45881982236995,-64.99413867160231,80.0385104145458,-40.358716326143316
68.4588198223707,-43.455992597185954,515.7280991349566,-38.05392053030332
68.45881982236959,-23.232454063221077,22.524099842918098,-40.72577331977452
68.45881982237007,-44.40065352003757,80.04226626709988,-46.323382919351786
68.45881982236932,-29.998527030046496,252.98311911127334,-30.10303971356566
68.45881982237071,-32.997290915641464,157.8715802617817,-29.787139487324367
68.45881982236939,-25.54217073345979,-21.50301711348793,-58.68585785944458
68.45881982237032,-44.30277894806435,150.06705962502033,-46.305600016601254
68.4588198223703,-34.34023703667186,162.7763894226686,-40.812552646208864
68.45881982236956,-31.761251901857424,9.625042071326707,-49.37348978466611
68.45881982237026,-42.71448712597981,1023.3389087695955,-22.932632930792117
68.45881982237039,-37.03361816257008,75.27740112510202,-43.412600174676896
68.45881982236925,-44.24993423328394,335.03735042540353,-31.717764372263446
68.45881982237015,-45.767301878443725,511.1880106664644,-35.514285458101014
68.45881982236986,-40.86001450294658,154.18413130019474,-39.55450251350185
68.45881982236956,-40.593352717356524,-18.864960950939015,-66.22676854624804
68.45881982236901,-63.608607487403155,17.779727878053443,-60.3829133420045
68.45881982237047,-50.170740008274315,6.8028345346262675,-50.97318442446671
68.4588198223703,-35.2082945646072,-11.477818042362864,-45.635541541255535
68.4588198223699,-51.38790027919122,216.20641027368933,-31.052367565327245
68.4588198223691,-41.08415415306077,31.023188758526675,-47.51725824244917
68.45881982236979,-45.196793357175416,388.7485774365622,-23.723949284279723
68.45881982236995,-48.49647346778354,119.92382771493868,-27.329722522260226
68.4588198223705,-38.841842212509434,86.43872922827227,-36.92786978405906
68.45881982236959,-26.252909873515982,36.21967145371603,-41.62511482559188
68.45881982236988,-41.525042881083365,60.09254099105834,-48.713632661039576
68.45881982236943,-42.80348314353828,38.84466844576981,-43.4516554436438
68.45881982236995,-49.28340665079832,27.621070046034447,-50.909784071245
68.45881982236968,-41.55972126872223,42.675898686010804,-48.99184405781495
68.45881982237006,-29.93417021723168,130.76441793117857,-47.110459313777284
68.45881982237016,-34.76497937755462,118.30221826671328,-44.245556980319144
68.45881982236975,-37.565563809172566,17.98024593029599,-42.39579133349318
68.45881982237051,-50.12050415675281,13.16835324928196,-46.98617261302961
68.45881982236972,-45.77480222076167,-14.109311391546997,-66.84031123912607
68.45881982236921,-40.749785807707696,57.09221469460572,-35.177941755134924
68.4588198223699,-38.25891641154716,1.849984944091232,-43.20363443666053
68.4588198223699,-57.620511331311675,179.7015869106782,-33.16115687069783
68.45881982236965,-40.576842674279455,-39.174597547783776,-57.59570354297193
68.45881982237077,-51.79918917928059,34.936510781591636,-50.34044165971486
68.4588198223696,-33.34343273101405,134.4586788002431,-47.96427691796345
68.45881982236983,-44.76897793616386,268.7830566129718,-33.22701335212025
68.45881982237042,-40.47199516986806,23.139118030922702,-38.63351650047597
68.45881982237046,-37.410333794454445,72.57225540901462,-34.52908729443372
68.45881982237023,-35.48074358070379,32.87909004081187,-42.67489722011181
68.45881982236983,-33.646973125148236,164.83554158553312,-36.33054153846792
68.45881982237032,-46.76096239505182,43.075226335785466,-49.51423546769126
68.4588198223696,-37.693052204134226,142.76199882832321,-39.83296280898221
68.4588198223705,-45.463734623287365,149.04403585959108,-33.434773734569
68.45881982237019,-57.11770677458199,-12.85174325296593,-60.30145860160307
68.45881982237012,-28.307298451739083,-35.347357962622695,-51.950024093757904
68.45881982237015,-55.36119176293636,74.97109036109637,-48.62396115265663
68.4588198223707,-48.374043840824534,46.23915863361814,-55.59341295353744
68.45881982237007,-44.09010261227786,-9.56830013526826,-60.59603597544305
68.45881982237027,-56.481011138686846,137.15954533767166,-29.686240611689207
68.45881982236965,-38.50360671918044,76.70390914204772,-50.28418781081794
68.4588198223702,-52.49871658556231,31.07223136009669,-34.75449504021615
68.4588198223696,-51.88527390326869,124.94242075923142,-32.16868298987251
68.45881982236925,-48.99130967413433,-29.59446389385799,-66.21246216542747
68.45881982236925,-54.71222407256595,39.214820070505255,-45.448999307909844
68.45881982236976,-52.19816667466512,170.6704814278801,-48.20538917240973
68.45881982236932,-44.5616953706938,21.995599309213997,-56.78902727770565
68.45881982236983,-48.09495676374765,85.4614820527517,-34.73526599009358
68.45881982236992,-49.953953013798326,82.01078682267283,-44.512947215764754
68.45881982237,-43.24196939182512,211.96240466581395,-22.81501917766513
68.45881982237063,-37.86947904715955,277.5934471093424,-40.4519837274822
68.4588198223697,-44.52599179338071,29.852782167337466,-41.912059831660656
68.4588198223701,-27.966001862397537,465.0980358682868,-20.780053788474383
68.45881982236956,-40.63615303291187,97.54379142732321,-52.622407397685514
68.45881982236924,-34.48466417553663,104.39726844457536,-29.38500369746173
68.45881982237032,-39.31425220815865,25.795724059320623,-39.06069781274412
68.45881982237063,-44.06354460766788,-12.652113732719805,-51.90305490826596
68.45881982236976,-41.65735632944168,36.94460948752511,-53.57729800344535
68.45881982236925,-49.435121651874304,-3.251674486997691,-40.44888559394039
68.458819822369,-48.4612691220843,-31.25322102568354,-55.58837409529029
68.45881982237063,-38.9199481696378,31.885336500160165,-47.4733906578102
68.45881982236959,-45.626650687909056,-36.62114563255783,-72.039713590982
68.45881982236995,-44.30179112903267,31.009023773464193,-58.158702175852305
68.45881982236976,-31.46548844012129,-8.758794765443223,-43.54179372499786
68.45881982236965,-35.66248060892248,4.127217309493347,-64.93056057748173
68.45881982237019,-46.68473400598452,172.95423918217807,-39.01014798335228
68.45881982236959,-55.866189088517714,9.991348769144203,-52.00250221004812
68.45881982237007,-37.27038406778248,155.01971377822184,-39.727819052764644
68.4588198223705,-65.82787302638191,283.3000772453887,-29.947761941386
68.45881982236999,-35.53859982536882,439.37898419207596,-26.652891474585893
68.45881982236986,-45.08874734415803,134.26301307545123,-27.28456666894402
68.4588198223696,-49.71241801491559,-14.983929759787173,-57.99386566663711
68.45881982236963,-51.35872177015628,141.591396000903,-32.498655360129824
68.4588198223698,-50.046343249154,27.663491451299784,-42.77808562877248
68.4588198223705,-67.93028150569063,24.43286660267674,-48.29237682188668
68.45881982237019,-54.55513416101183,-44.73205069174161,-69.22213574127818
68.45881982236968,-36.152502997555516,-38.98770796059284,-66.82325266619846
68.45881982237003,-57.71665257890775,161.6442430531311,-50.038206367925355
68.45881982236976,-32.59109466904111,56.99706351354597,-47.749447524904845
68.45881982236992,-36.70950454840386,-38.124835955286265,-66.2205379035827
68.45881982236959,-42.5118795116757,83.04385336270019,-30.63250863733481
68.45881982236945,-56.12576546045987,101.67021730217058,-45.941944396901555
68.45881982237006,-48.545995193695404,133.57988169998362,-38.48430779112355
68.45881982237023,-41.81597143290814,31.35696288780725,-53.416219923937724
68.45881982236929,-48.21490965557233,69.76418787408183,-50.09126702487681
68.45881982236999,-38.060639687360506,195.16869240069275,-36.40327797874193
68.45881982236995,-34.76935436466885,482.5262388079643,-30.917863715016168
68.45881982236949,-35.42817417301879,-25.621627312743023,-67.40809069684478
68.45881982237003,-39.997836006061206,-33.53475512444868,-46.43462466570815
68.45881982236988,-41.89608008503426,104.91834438552084,-33.64872639572199
68.45881982237015,-35.4313966127107,61.01611426739384,-47.07580571219061
68.45881982236952,-34.8750896091174,150.0699598300539,-36.568833114966004
68.45881982237057,-37.36930204804756,333.8104274466471,-49.666324018015885
68.4588198223699,-43.32415258320053,-13.613751196525802,-42.460506643723996
68.45881982237042,-44.12925848799553,103.33980205935349,-28.166914906896558
68.45881982237034,-35.62135626199602,327.1450334923499,-57.39412959367449
68.45881982237016,-45.29069428844571,86.31132782835833,-44.171863148549065
68.45881982236992,-43.132021806251466,39.22932141949078,-51.149250860041676
68.45881982237105,-38.23831028616286,39.87495903539866,-59.72962580847704
68.45881982236972,-35.14307606637151,50.69902593413724,-38.30726333026929
68.45881982237003,-50.16511535619954,-22.882094092791295,-47.090201545426055
68.45881982236965,-28.15440920167732,-8.404333661605001,-47.700415806251506
68.45881982237,-44.389761612720925,251.8496941324702,-42.311765013431454
68.45881982237051,-53.64929946933922,55.63744463415195,-44.673039407046154
68.45881982237083,-51.097541690282235,73.37275090895264,-38.42162267465679
68.45881982237034,-47.73394088574167,-20.648584238477685,-58.58031277218625
68.4588198223699,-36.83588231760911,26.54313456926227,-37.7341083641882
68.45881982236959,-47.53401087915425,98.18080089725679,-41.5739556212815
68.4588198223701,-41.79040666543131,-20.877513005154825,-57.01767338657171
68.45881982236949,-42.21224037882034,121.19501719506633,-33.795966774072795
68.45881982236975,-32.97854550948627,80.4177628876981,-32.69673586906451
68.45881982237016,-34.62533417634581,24.606266333550654,-38.44477278352413
68.45881982236986,-49.599654831088316,33.08824749846373,-37.92211210212966
68.45881982236992,-56.856057615426536,13.596321684723334,-46.125579068912096
68.45881982236968,-59.357109439547884,59.08754737100259,-43.49601210821595
68.45881982236945,-33.419801881373054,49.763175103202606,-45.01849022662646
68.45881982236952,-45.84591053497547,68.27382703628267,-52.36346305759953
68.4588198223701,-43.70462618655062,-9.676924020525867,-67.06585234534555
68.45881982236972,-41.663917316645424,23.958610834668104,-58.84384929808644
68.45881982237032,-47.866771555153086,383.0360952732579,-33.74682515293209
68.45881982236935,-51.95601963536891,9.660359430551658,-49.93682331864818
68.45881982236965,-42.774827353962564,43.100726329530595,-55.96114648224583
68.45881982236963,-69.5721336627624,134.45037404868913,-34.227908317802715
68.45881982236999,-34.89939162421308,102.02837700207014,-37.170948187282974
68.45881982236932,-38.150056256122035,-2.594405093041907,-64.5595959966043
68.45881982236996,-35.964383138340416,30.767685651964506,-34.62925741379984
68.45881982236995,-57.124628387777435,201.37117017895463,-47.48274172415559
68.45881982237006,-42.667230067164375,26.336696475204423,-38.87065149617425
68.45881982237026,-48.9827957816585,51.34468665480758,-47.51340452820649
68.45881982236968,-43.93080998367758,8.632235663360287,-38.937487492330526
68.45881982236972,-52.254927253290305,-7.247883250998366,-50.190417143295754
68.45881982236972,-39.52227051443188,23.481627544692873,-50.68683986256223
68.45881982236968,-40.46645962372497,-55.89980383097644,-64.07262976959099
68.45881982237078,-44.351805038119075,78.96088443033614,-58.161073882049564
68.45881982237027,-33.94315892485099,-56.67637743440608,-62.940973077909405
68.45881982236996,-32.87345515410106,167.8007700991873,-38.177209506778134
68.45881982236955,-32.47455125029985,-40.5232824887485,-61.93686128430651
68.4588198223699,-47.339756378611185,3.016909430532033,-56.41527685891914
68.45881982236983,-33.117455438188536,320.73121472020904,-35.954437164045295
68.4588198223698,-30.202777433301375,148.51037411484876,-55.12881672099061
68.45881982236959,-40.2419696820757,114.11442647745203,-30.010547630597806
68.4588198223696,-42.64115972638807,-63.911300525231994,-66.63008483526202
68.45881982237046,-35.91071695756247,46.524447821175904,-54.79598948185694
68.45881982236983,-40.00575051642474,115.50167722393043,-48.60482544146354
68.45881982236968,-50.7435878191663,5.738063228815604,-30.63247707584238
68.45881982236976,-34.30652829869752,31.349997447899703,-42.468191805051546
68.45881982236992,-39.571584887007916,67.54834736770117,-45.30163479689622
68.45881982237077,-31.404664957888617,-30.832547386744437,-53.38300770553166
68.45881982236956,-45.30157253734293,209.21089631930874,-35.0997688302204
68.45881982237042,-42.00895242941611,-3.2851908153447407,-56.032832669401564
68.45881982237032,-36.612282131871986,-66.14920872776236,-75.71583591422637
68.45881982236996,-46.55071558754348,-16.850950494087257,-53.426033414541095
68.45881982236995,-39.290216417936875,133.44109146704687,-55.95571026561178
68.4588198223694,-46.39267491839381,-46.216833419687575,-50.13112640322655
68.45881982237067,-50.10566718082406,52.35830786369044,-44.01801643362799
68.45881982236955,-57.27490419156504,-22.553631635493232,-49.11694100882736
68.45881982236952,-37.24943744985433,428.8204115302307,-31.454174488399687
68.45881982236996,-45.376439184543685,213.06197710989528,-25.235921813090368
68.45881982236916,-37.5022338690318,63.26229097744746,-50.67309320781619
68.45881982237077,-39.959997033844196,41.99076476931134,-35.193003316904466
68.45881982237019,-38.366796710960074,475.93940601360634,-23.599972466194487
68.45881982236968,-58.58089914414073,255.2363921276815,-29.236067485844018
68.45881982237015,-49.95883502253305,39.163024782684744,-62.77900926488371
68.45881982236983,-30.57629548578654,296.9459462024417,-36.487897663024846
68.45881982236965,-41.175236150580794,349.1620628905816,-32.13774343628503
68.45881982236929,-57.02412246558808,412.6245604955992,-33.30367385273886
68.4588198223696,-41.53553218757789,65.90696525504949,-52.439052833080545
68.45881982236995,-46.63213135529166,-1.7731443054210372,-61.772363742489354
68.45881982237,-33.166083589900275,69.82170113200472,-37.35471764233671
68.4588198223698,-44.0100695852741,-27.412850160126855,-59.6345781935962
68.45881982237034,-45.140543965567225,740.9866226247075,-36.14969877424179
68.45881982236928,-35.878562770640954,72.75867354778931,-44.33294466794708
68.45881982236968,-48.80409637100791,150.58873853003695,-41.68770545525378
68.45881982237003,-46.33881773963898,71.50188577809267,-38.89617582730508
68.45881982236995,-38.78456816443191,-39.14165606591746,-69.11121468187041
68.45881982236976,-40.901544535276024,111.18933218374778,-55.37009727779997
68.45881982236996,-52.138864461471535,10.640921262200486,-47.80781231945831
68.4588198223701,-46.43717875487956,329.2853516957706,-32.95704118014242
68.45881982236996,-35.25988551867123,781.5036130255637,-23.839939893147022
68.45881982237012,-28.110231573273182,134.33698351571462,-31.561234502296042
68.4588198223692,-33.30454868686674,43.11621787870328,-41.32954961547619
68.45881982236959,-46.674742511249576,125.0970684836978,-43.19673066693047
68.45881982237036,-27.791560544302353,53.77883759049378,-53.366465635074434
68.4588198223697,-49.03501086193649,109.22640878250776,-58.55048918830652
68.45881982237071,-40.74164537086475,-2.218190504679518,-42.79525374490814
68.45881982237007,-46.21103696093568,58.044409885016044,-35.07826794630071
68.45881982236952,-42.862035871042224,-14.521490321896724,-54.343244113351986
68.45881982236986,-39.385352834496224,-18.400424177159145,-57.813881941763825
68.45881982236979,-55.68992248770912,128.44597141662842,-38.93840034455349
68.45881982237026,-45.20529702602545,16.883576023879044,-56.946090778159956
68.45881982237016,-44.16922081419939,383.38560007190824,-32.013439485409926
68.4588198223697,-34.35577500827171,-16.963285315543885,-50.91249860714012
68.45881982236996,-49.28111511051553,-28.830853349404386,-51.55679167644821
68.45881982236915,-38.86865659557676,-22.46348524436406,-60.32306864566832
68.45881982237006,-37.38342951569382,547.4457483066336,-26.297040667853942
68.45881982237019,-25.6527162720414,16.088905470919812,-55.46611738615507
68.45881982236988,-40.49620334085425,69.30875374629353,-51.36124291575137
68.45881982236928,-33.7582239849298,242.33167960199245,-29.911198721767185
68.45881982236992,-38.462723785275166,270.35159827862515,-26.887893572246192
68.45881982236986,-40.179023518199976,176.08748951295294,-53.945760538881274
68.45881982236972,-31.282764019032804,51.2194968143183,-51.48910650625065
68.45881982237043,-57.49506351200229,62.59876375218572,-47.746822216131754
68.45881982236948,-40.793680604352915,210.06560389910342,-28.98479059569199
68.45881982237039,-31.58336604694415,-45.65694037871461,-69.4611068421432
68.4588198223697,-48.12005008156808,156.88428401577914,-29.792070212134114
68.45881982236996,-48.61208090138089,177.04000513538878,-26.737467217586573
68.45881982237046,-31.305534493759147,-7.081327151807093,-52.06205322860234
68.45881982236959,-32.22801502588947,119.26740552696069,-44.773145513605215
68.45881982237036,-46.67803349580274,62.39674633437926,-66.18547363223865
68.45881982237006,-49.712264089821154,320.2506535928464,-25.817918536148067
68.4588198223703,-42.34952750615313,157.26139848425368,-45.6698117461296
68.45881982236988,-49.205256241648655,682.9042913043044,-37.83944722424471
68.45881982237003,-37.690425364354276,87.39133731728543,-29.288899160221792
68.45881982237,-43.556946554771415,-48.16752884222302,-73.37328912109939
68.45881982236988,-49.207020317617236,147.54101963975575,-41.78396656971577
68.4588198223702,-34.02623087540575,124.57320621682184,-50.082476776790145
68.4588198223702,-42.835691055190416,10.071053381572481,-63.014811020914685
68.45881982237006,-49.526060178014696,2.0853780998994598,-39.09541286183249
68.45881982237006,-42.827608976445354,99.82455213929933,-40.91418409247204
68.45881982236972,-35.076686138746716,26.818782892778902,-44.80194777789932
68.45881982236948,-37.14405612997744,-22.344102746802296,-67.29285050294467
68.45881982236999,-42.18919718229173,305.94135880007326,-28.315233991098133
68.45881982236979,-40.878066281642845,144.8474532377087,-30.648512609430977
68.45881982236949,-36.75117121059426,417.79114264509917,-28.485749064808317
68.45881982236992,-51.685187694432024,340.3527144579848,-43.19588204470415
68.45881982236986,-52.62278868388746,294.16774379198375,-48.79310407072547
68.45881982236932,-44.216685570262904,-63.4557538133783,-71.78336898282166
68.45881982236992,-31.970360080697823,-18.73481839335287,-59.87324262538869
68.45881982236963,-45.918099429203906,39.73006161228603,-46.48973428050689
68.45881982237003,-47.30673114050645,33.37812297364202,-47.793377159724194
68.4588198223696,-51.28274306233479,45.572397432240265,-50.15576687584926
68.4588198223697,-36.46032337664163,9.41688544594783,-40.45712722448618
68.45881982236929,-42.666753512065505,101.11572521022273,-49.432927851713394
68.45881982237027,-28.264278476106174,118.68452702237526,-46.210996143906954
68.45881982236975,-37.58001301333162,51.315726091183535,-43.34222979952004
68.458819822369,-30.474436514588643,145.35806771999756,-43.66237070747342
68.4588198223697,-30.573273884257524,78.0116021015,-51.878406623399776
68.45881982236996,-53.8903477400684,68.30888096252468,-34.73993552687673
68.45881982236975,-53.82394437609154,158.68557402798817,-35.171701078367136
68.4588198223699,-39.735245121293325,18.40273797638561,-42.5602878298892
68.45881982237006,-28.629640644611353,50.6999460449437,-41.088852347183504
68.45881982237007,-44.023299266355,-12.194491773191295,-55.576538525254136
68.45881982237081,-43.69546102684476,-36.5941950819017,-52.934271681559444
68.45881982236959,-51.8382653669464,-25.013076759719144,-55.72882490971466
68.45881982237046,-45.45486658435188,-19.773195646622245,-46.48684061024636
68.4588198223699,-41.737395117437856,22.08893386272186,-39.34882219455581
68.4588198223703,-35.03321582492327,236.71420489635145,-40.69039464046641
68.45881982236996,-58.17688501088125,45.52619651900693,-57.34804138833054
68.45881982236936,-33.33564597409045,235.64811960497508,-30.502081595860165
68.45881982237015,-37.381614363370296,258.0262024205629,-28.622190776457558
68.45881982237034,-33.307793238416714,178.4729593834999,-26.88213046282496
68.45881982237046,-30.500399172063197,-59.29322301700801,-62.04809561596062
68.45881982237,-31.663302221339727,33.78360218348349,-37.31613972826153
68.45881982236983,-40.693268031944854,79.85348982600273,-34.01346302373125
68.45881982236986,-47.0618363641235,7.579346118861241,-31.067603852488645
68.45881982237,-51.27960458824015,121.32696236944858,-38.49904050632298
68.45881982237042,-37.00487928263485,-0.519910896874376,-47.92767607069229
68.45881982236949,-57.31175727411502,46.716031853038544,-49.86578120797378
68.45881982237032,-32.61388950710094,38.94973905288561,-39.25404604298814
68.45881982236949,-40.43740764349049,295.7712740922754,-38.0329079050479
68.45881982237015,-43.28976285762389,35.70267504763085,-56.96795638416372
68.4588198223697,-31.950999089913168,36.25763713888388,-53.96957275853074
68.45881982236963,-58.26705436990839,34.243633253980256,-54.676377444806946
68.4588198223701,-39.56439007916928,169.86832070580107,-32.37836446474185
68.45881982236995,-38.91723530740432,205.37841099936807,-32.44878999560831
68.45881982237006,-40.68548600614379,47.93021711869707,-51.65969718946934
68.4588198223705,-38.84482349592472,-35.88600908692767,-54.85324008712429
68.45881982236968,-52.30389482610667,139.81392585505935,-40.61571486253855
68.45881982237047,-42.5877387526715,110.45777963010966,-35.76455700816555
68.45881982236996,-43.15064936605849,10.239739112453371,-70.16824700485378
68.45881982236999,-54.14817071839539,125.49444884087366,-31.798491446017486
68.4588198223701,-41.47385805361721,-36.569738360838365,-47.45663529168526
68.45881982236988,-54.17516874728769,-7.459901561823323,-40.771353004866675
68.4588198223705,-50.301855611747904,-19.59270182849512,-61.428168061098006
68.45881982237039,-42.553099317713595,29.466837588864546,-38.855630154840334
68.45881982236965,-33.39708073094426,327.67604905152325,-29.02411447435188
68.4588198223694,-67.97310783948771,89.27939652592318,-61.72104957645691
68.45881982237019,-37.659586882770505,104.70841652522829,-39.62251717954124
68.45881982237,-52.12246614846454,-2.2506438504730775,-65.75968625860844
68.45881982237015,-55.58843462248522,240.16893909456857,-32.01337707160721
68.45881982236955,-35.92058739631002,48.40640811024952,-50.06975313181994
68.45881982236968,-43.414994313381975,211.2999753219726,-25.469343873544236
68.45881982236943,-39.317578676366395,25.460330609486114,-58.54901402850593
68.45881982237019,-27.77339262849914,15.255495787671759,-39.429384572575024
68.45881982237016,-39.50660169703215,226.13729122295018,-29.541300794143844
68.45881982236965,-47.998875108600316,175.76716744842628,-35.67684071238851
68.45881982236955,-52.04408555662151,54.62627291403073,-55.762435768091
68.45881982236995,-46.24238273350583,-22.821150815079548,-39.048001318326286
68.4588198223701,-51.835456483837206,204.87236863029642,-30.675728214029128
68.45881982236999,-39.38264924880175,50.99954390046284,-37.74416096393911
68.45881982236968,-48.55933671888793,331.4267851224132,-36.96109012157619
68.45881982236959,-48.17888717112766,345.70711492618,-38.75029753759798
68.45881982236975,-37.08673832205049,316.07032086912767,-33.730964777210794
68.45881982236939,-42.58143312685604,498.478619085275,-26.920382416110588
68.45881982236952,-41.93407484823486,416.9021234609895,-37.21046082211763
68.4588198223699,-37.33447840685854,-5.5531440666308445,-60.782951039381835
68.45881982237015,-37.64925813388731,-35.48073192846611,-66.50685362867033
68.45881982237015,-38.59339414630573,220.9339624978735,-36.94902538522673
68.45881982237003,-42.74428675835593,-71.54010154224947,-79.0715130048389
68.45881982237,-48.62422009046191,213.83633856683394,-29.76546172214024
68.45881982236996,-34.758053384727496,-24.061369813092316,-52.475879371264746
68.4588198223703,-27.678788348159454,-17.17660776546659,-64.47060381314688
68.45881982236943,-39.6483569556476,27.615069377668622,-47.17435295325954
68.45881982236988,-33.4668115807555,-27.323344433970863,-58.8450707844137
68.45881982237034,-36.872268873038024,137.75692883399807,-47.8789767573283
68.45881982236975,-25.145504699559808,58.92733632262226,-53.91343242802661
68.45881982236996,-51.033951409480096,-0.68878914209064,-32.355201930655575
68.45881982237039,-38.556117817595236,632.8317761288358,-34.97899007775458
68.45881982237032,-61.6947242013927,167.51325740915135,-34.19724421286821
68.45881982236996,-34.86556746304191,72.27776519175461,-37.07573198608396
68.45881982236963,-39.56284920997073,-39.24463160986185,-69.47252213073702
68.45881982237043,-58.182107713371934,67.92586540100449,-35.1470762604147
68.45881982237,-30.671664964195088,16.11427701112744,-35.10218415646204
68.45881982237006,-39.198381691828956,34.79169971222564,-61.11448174921939
68.45881982236996,-56.67801668251775,106.47314721005006,-47.822984747215614
68.45881982236992,-61.37402336603272,42.03166351772345,-32.13053561938738
68.4588198223699,-30.902474992352857,2.8811666409892744,-53.39421495142413
68.45881982237016,-36.87852642213362,-24.963659461536945,-58.66010213989424
68.45881982236952,-32.39905370223807,-52.225599032460224,-53.20723863887782
68.4588198223698,-53.08290003044229,58.55375068676023,-43.35611051675805
68.45881982237057,-34.54550328631465,97.37013702241582,-33.602839308594504
68.45881982237032,-47.954796088130614,-4.780177863911861,-42.25917718372697
68.45881982236999,-29.254956259689756,20.065466758003936,-45.22250102484647
68.4588198223697,-37.84700893693741,184.00550310994635,-44.18047261681822
68.45881982236924,-55.07202840528449,68.58124984062317,-53.58942932679391
68.45881982237016,-47.65290665720612,10.39568356016154,-39.61599208047167
68.4588198223698,-59.95418002860705,-8.437541428180662,-60.86069619687602
68.4588198223701,-50.21142293889628,192.60659518324812,-33.10735295144166
68.45881982236976,-42.87653854730172,271.0896540050651,-32.59952306416566
68.45881982237087,-43.164447896822686,234.36654840958576,-33.779837969933524
68.45881982237036,-44.16077831356377,78.55356499289476,-38.780323280350416
68.45881982237,-30.823054907306137,-24.132696000110563,-51.72761140541768
68.4588198223702,-35.095761105121916,74.38474629250457,-43.86530829797744
68.45881982236999,-34.54438475840483,121.27262436673769,-42.729631118897885
68.45881982237032,-34.74496493455471,-17.11316381912572,-54.58014388797585
68.45881982236936,-47.33501064346722,6.608517303081296,-45.71363229373091
68.45881982237043,-30.962676201127703,279.5491540672462,-30.746658922964443
68.4588198223698,-47.32664041127953,163.99478301642216,-33.70988724998234
68.45881982237027,-41.94956184163736,231.67579364343248,-41.55157907571354
68.45881982236975,-48.15414801642574,-21.851553064292652,-45.678964393309904
68.45881982237,-48.624199508284235,-9.051203730415214,-53.703113347804866
68.45881982236963,-52.55219157124278,417.98091128421424,-29.54982528796528
68.45881982236999,-44.22847946621774,-47.68563169694859,-69.79458609982355
68.45881982237003,-37.55827635322555,29.16074262802997,-34.80575325451248
68.45881982236952,-50.82583345195991,447.2115405144642,-28.181682412831087
68.45881982237042,-55.53506331051352,-48.87939863007211,-58.49455297288948
68.4588198223699,-48.98916162042539,179.23214541717834,-23.916416222261915
68.45881982236955,-49.94052961768205,437.5322077222708,-27.552491640218225
68.45881982237027,-33.382255167713815,346.785781434522,-28.63626530918062
68.45881982237012,-44.92477268476951,193.29886850949748,-28.30046711568984
68.45881982236995,-31.84496292104476,464.64758354414045,-19.307538689170023
68.45881982237027,-44.1467791889867,18.585233176447268,-40.17457260966651
68.4588198223697,-35.104829226682895,294.32472905931905,-29.546060939265907
68.45881982236986,-54.15186039279812,133.82140717270713,-36.852065910040764
68.4588198223699,-59.68331645987821,362.4366300359168,-28.8495353917802
68.4588198223697,-43.021829583367186,26.60654912467486,-41.21386462908283
68.45881982236992,-43.97687021167421,2.022806857796211,-35.86460656675578
68.45881982237027,-45.002300692149774,-29.54700169194223,-55.90851472867865
68.45881982237077,-46.108974489164666,109.68839020567098,-44.40241669154285
68.45881982236972,-41.37185983434842,55.50978439243644,-51.75378177051868
68.45881982237003,-47.98318116051517,18.296056866447906,-51.75173952065639
68.45881982236939,-51.56059789980766,5.646794972558156,-40.928722269286276
68.45881982237019,-51.922025020700794,232.31730103606546,-40.86313606132468
68.45881982236983,-51.679239428071,40.079484812605195,-31.416972133165633
68.45881982236956,-45.23900735797493,96.96813324079645,-53.067988277074505
68.4588198223694,-38.19678799566893,-27.18093636655651,-53.8094415170588
68.45881982237059,-42.06403043210677,127.35153262565468,-40.308625847389024
68.45881982237003,-43.79029322307456,31.551485438775728,-45.20255645779317
68.4588198223696,-40.8912084352276,-15.917510861269324,-62.6823275899115
68.45881982236885,-51.06864334763262,21.066299057071713,-58.93854242850558
68.45881982236925,-32.15509125275155,56.04462975971627,-51.739270255996516
68.45881982236963,-40.451442496466875,211.32752174642465,-33.61208650062907
68.45881982237003,-36.468341140983306,162.9515033708242,-34.750689665842614
68.45881982236963,-54.615323646863466,34.3178482919714,-44.318158931352144
68.45881982237061,-56.38565796530062,144.68634047489303,-60.906572324750364
68.45881982237007,-41.306064695959236,32.247854958566016,-56.32069282480552
68.45881982237016,-29.447492605101054,-34.07362794414147,-49.78183477197001
68.45881982237047,-47.19576960393734,369.341560281688,-41.3185398179142
68.45881982236968,-53.647686527925885,409.6611610690328,-29.00511977657485
68.45881982236963,-43.79010794983872,-33.100520513544815,-70.39173573394888
68.45881982236968,-38.75938403394075,-2.468156935243593,-53.89588176332851
68.45881982236959,-39.134787834217185,-29.188952031004057,-64.69322298789392
68.45881982236999,-45.14199468437206,57.84701409303097,-45.9329255067925
68.45881982237039,-38.68217136439438,201.95182358332633,-41.523801973602104
68.45881982236968,-34.96098781454613,50.68973588736223,-47.28413020621144
68.45881982237006,-48.74587881341784,18.801800668611833,-32.90665724545192
68.45881982237051,-42.903026565998495,84.73444145311935,-43.21147302082782
68.45881982236956,-51.71583716462382,79.47178337029442,-57.07006277525858
68.45881982237026,-42.837716409310424,444.02696080160473,-44.74487395862414
68.4588198223699,-44.589655114452576,422.9322270886092,-21.451717296669436
68.45881982236975,-50.26160402510007,-66.67249315223683,-73.65636323638182
68.45881982237006,-42.91887140240917,58.905337731520156,-27.541061028569047
68.45881982237036,-35.1537620264586,210.7035647570465,-30.459375919715313
68.4588198223699,-39.46933228889784,-6.643659266412627,-56.976023683386
68.45881982237015,-50.11711759608279,105.30965853085412,-35.626092948201425
68.45881982236992,-42.72466945696534,170.9539675894495,-33.015038517884165
68.45881982236928,-42.06225091119994,-35.234443891078826,-50.11584854623423
68.45881982237091,-45.89563191154576,89.43390533427684,-36.12736477476759
68.45881982236955,-37.98467644252567,185.16789881914337,-39.00224094250717
68.4588198223698,-33.12817440967791,-22.54614551613536,-55.01735366277659
68.45881982236932,-36.892419397347474,125.58905404558436,-58.888647666402335
68.45881982237019,-41.65649709133099,0.34878664952047167,-51.67871622490892
68.45881982236956,-35.78437878655024,30.237451934238702,-37.54862816335825
68.45881982236945,-34.75353204272034,39.73000801100106,-56.365670251723785
68.45881982237015,-47.17762361004766,47.106429522583305,-52.641298656211944
68.4588198223698,-34.00706158185899,-37.42907269480408,-72.11367491456535
68.4588198223699,-49.68603874458296,3.618888149498156,-59.32189604199599
68.45881982237003,-51.163187726837656,-11.75760581530404,-70.4486522389603
68.45881982236952,-36.155834242746224,21.686569289781367,-41.76877745549975
68.45881982237015,-39.72294872997908,118.62720252261552,-35.10182498949964
68.4588198223696,-32.933238862913306,191.7037983783027,-39.59663421580123
68.45881982236936,-36.506885589877946,-16.17726989392444,-58.68087253763817
68.45881982236986,-39.886147322493926,157.5203449600262,-44.925681122472696
68.45881982236952,-50.24270210035251,21.099753120209108,-39.2403396995049
68.45881982236956,-53.52029464074267,9.7303208084748,-42.692233720703754
68.45881982236979,-40.00754897836612,207.7584977700491,-25.55445198218922
68.45881982237016,-28.81655557750863,109.69201112669325,-36.15579829711953
68.4588198223702,-38.576913557422735,25.14891787067468,-40.288055688729706
68.45881982237,-37.8447505911946,-1.2483166948612512,-44.0574219734922
68.45881982236955,-43.13165190581035,142.84925467296338,-32.677834163123556
68.45881982236952,-39.54118542852532,54.31933949430003,-41.90065687953373
68.45881982236952,-31.066083015738688,129.0630808508417,-33.92302667035576
68.45881982237039,-43.70760797597241,135.00664401298903,-30.876841316646196
68.45881982237015,-41.32359840141009,341.59438044379453,-26.9523159771749
68.45881982237019,-57.39547906331002,64.83443809410991,-41.367613169725416
68.45881982236892,-57.743208333578934,25.1615318372564,-31.98720889078277
68.45881982236948,-54.430702374812,-4.166066800109891,-36.00139994018129
68.45881982236986,-42.86870544271692,438.70483707879924,-29.090038459346957
68.45881982237032,-39.09159635994771,-17.28977549513463,-49.15740206822119
68.4588198223703,-41.61018630160339,243.39099176741027,-28.66400863419649
68.45881982237016,-41.09378469730213,169.56096187660182,-55.295044227877746
68.45881982237034,-33.40205653998301,161.33611379956022,-38.12866720615221
68.45881982236968,-33.568113343306585,115.30438230377938,-45.02592294379567
68.45881982237054,-60.60970025803625,451.52542109095714,-33.42470890655959
68.45881982236904,-40.477350570460736,-10.076626577663362,-50.41086327078661
68.45881982237006,-38.74352921232463,123.29876748198099,-38.21068799043669
68.45881982236968,-54.93537296470622,55.28275241412406,-38.10455254191275
68.45881982236975,-35.05488360085075,21.41890312197363,-53.26572303114985
68.45881982236968,-42.83125520877884,152.22072388992132,-28.652334488153052
68.45881982236929,-43.61410892013311,44.5727404149151,-45.2309145587996
68.45881982237006,-30.841986234569873,180.90969240507553,-43.492865058456296
68.45881982237,-50.42992448662796,167.62568337412623,-34.95139688561248
68.45881982237034,-53.330718073286945,74.56925664710509,-42.9644291409375
68.45881982236968,-43.089990102141684,90.904263294363,-31.607465929607393
68.45881982236939,-47.62749175492801,128.86942240313485,-46.863178888547075
68.45881982237012,-44.51705945127412,39.061794000317526,-55.834115397405185
68.45881982237036,-51.76006845540335,-5.0839002696688285,-48.897260290389525
68.45881982236963,-48.85659312358172,35.898584031643146,-44.79469215806046
68.45881982236986,-54.849927810584695,1.4866394242026626,-39.671937159151184
68.4588198223702,-32.82402971741726,149.3423246107875,-40.627813896209865
68.45881982237003,-48.923443735594795,-59.4352208398071,-66.65505528423787
68.45881982236965,-46.54707861150579,105.2762287220701,-52.094533989336156
68.45881982236925,-34.98680097376753,-25.522038668112568,-58.084767179091344
68.45881982236952,-40.23787398375147,670.3127664366199,-23.66774174370714
68.45881982237047,-57.624789501815975,57.11472468508036,-42.808181225732014
68.45881982236939,-37.24870136237266,273.46375454440437,-35.42893077813075
68.4588198223705,-58.47999476811465,5.3600952775186395,-38.04189873108105
68.45881982236983,-44.74513017785695,50.05476377288937,-51.665621680548654
68.45881982236965,-43.82856537943894,60.45754557072733,-41.40405785509793
68.45881982236905,-42.16663385987756,64.27568401534272,-42.44381171137026
68.45881982237026,-45.17746335338643,-12.949055399209685,-42.814927807236934
68.45881982237042,-46.891121709496794,34.11421975480462,-42.964344040756174
68.4588198223699,-35.522474422337865,183.93019659395407,-31.445654827586043
68.4588198223707,-26.555320274915694,-19.973618101126377,-54.70590099418664
68.45881982237023,-60.17934703560487,-19.606484077352306,-62.48151567300704
68.45881982237006,-33.614815260364615,18.208180608277512,-46.506423176379144
68.45881982237091,-55.404046024383845,98.75264027642281,-40.981845543430225
68.45881982236975,-47.792093341920314,58.35980891308057,-48.30836589855734
68.45881982237003,-33.93970910157588,14.037389016399725,-55.99804375802331
68.45881982237007,-51.39422790882,130.79347295683266,-30.72754447201701
68.45881982236972,-60.476699107513554,16.81906075275097,-54.604132278055495
68.4588198223697,-38.652407562922505,18.131324924632185,-44.70899529689264
68.45881982236988,-42.62488933450831,-36.58530474012993,-56.83590551307836
68.45881982237006,-42.374461667223564,17.748817601198,-57.36430915690165
68.45881982237,-52.975191958694225,-8.507328384565604,-54.5587627482988
68.45881982237023,-34.87739135750866,70.5914973114048,-49.07910904830454
68.45881982236996,-42.51096980507951,117.30533163349008,-45.621868081535325
68.45881982237051,-43.11314282865679,-37.87238592000218,-72.34419451179312
68.45881982236979,-29.122698491011867,-57.839253979253726,-75.17755932030688
68.45881982236996,-56.21898863967461,10.566669210357627,-45.81807194734294
68.45881982237051,-42.0908376842261,173.87858548333236,-41.66277941157471
68.45881982236975,-49.360685341068574,4.387124242856966,-41.8148418816436
68.4588198223701,-38.981314804887276,78.88287173725277,-51.752913507647506
68.4588198223702,-49.73861202253376,11.97558160974943,-57.52728779507781
68.45881982237043,-45.443255831490404,55.2006797830427,-58.504132095081275
68.45881982237003,-48.97478987196365,184.38908201106062,-38.563420239269675
68.45881982237015,-52.12926519871315,467.7067917951769,-38.52065457870418
68.45881982236999,-44.24166021492966,87.51072657851961,-38.54608334238385
68.4588198223696,-45.291148445436235,285.06246985091923,-33.52506185447012
68.45881982236965,-49.145946674988664,22.139412045381167,-61.6266191106176
68.4588198223703,-55.46084172184549,124.67062217688319,-32.861783074789265
68.45881982236996,-38.488044661135625,319.14870041781523,-30.620637004229323
68.45881982237034,-49.42370488329226,136.38500453975618,-43.942377115110055
68.45881982237007,-54.33097666599544,55.38478372161142,-34.485990306723714
68.45881982236959,-37.11050391260932,305.5096860307971,-39.5532447166715
68.45881982236936,-41.309580799762024,28.968199394005634,-40.56900974365344
68.45881982236979,-53.3895932833224,5.5544211020703615,-47.345300576028116
68.45881982237036,-50.36598853335128,780.1141823529103,-35.06448682611033
68.45881982236988,-42.3151098418445,152.26428309390593,-40.88188288770426
68.45881982236968,-41.447753852988775,37.67232654491573,-47.529845561883135
68.45881982236996,-50.85086386046026,96.1538662820963,-30.37563757857844
68.458819822369,-44.868333905583704,377.65602760379267,-40.958542313872805
68.45881982236948,-38.545990639051055,8.60905465430033,-43.94228965254102
68.4588198223699,-47.44771201467599,-23.100306961079674,-60.95152052535331
68.45881982236965,-56.752500914583756,343.4988977335176,-29.566880668645922
68.4588198223696,-40.135575608684285,68.98073525601069,-33.159917554058694
68.45881982236995,-29.412280570253955,-12.531048932444289,-53.29991901601468
68.45881982237039,-40.9539316515017,-5.736320216495249,-59.93315679224178
68.45881982236965,-49.48264898669692,140.1595444748724,-28.023156489799618
68.45881982237051,-32.35809062747641,98.01212641260359,-56.20284728787917
68.4588198223699,-55.059229036614646,124.55458620876047,-54.62298466074991
68.45881982236992,-51.70055802223765,271.01730158264326,-29.577476026956383
68.45881982237036,-32.5377756978125,72.54382404093678,-33.78477499891852
68.45881982237036,-47.785748760340915,52.194989439723315,-43.85350137266143
68.4588198223701,-50.83712766222588,104.39145434509149,-48.23766163638701
68.45881982237071,-38.47766124230987,-11.957451624444303,-56.57089824312218
68.45881982236988,-52.47214649655405,99.26295994148524,-27.553384414299863
68.45881982236996,-50.556740768614986,116.32191783191135,-31.81917964436758
68.45881982236988,-58.388847814605136,66.48598356824888,-56.63376748596809
68.45881982237032,-53.41801593402036,271.57500130472016,-39.46401351847205
68.45881982237016,-36.25610651875808,268.32998534975866,-32.42961901959409
68.45881982236988,-48.97940249711916,81.15292627904714,-37.082095199005686
68.45881982237047,-38.645351353865685,-55.90165951572557,-58.06901811087612
68.45881982237059,-31.843907127734607,-27.641932527260394,-47.31514116943427
68.4588198223699,-31.453480328833837,145.55191157507167,-30.34973750392811
68.45881982236996,-38.33216118324344,28.96600445816826,-45.268874557692904
68.4588198223701,-29.511422024153,84.25033196716643,-41.617066849591076
68.45881982236892,-37.6416565103407,-22.274469947523656,-46.99363849868396
68.4588198223697,-38.28137025054974,-6.6966827629126975,-61.39240683555831
68.45881982237032,-42.30416940076845,80.05152511089513,-31.085456290077108
68.45881982237007,-37.21582159195788,-12.625403727439444,-40.67162521184085
68.45881982236986,-36.52170524781171,-10.528835879102283,-52.03580647698281
68.4588198223697,-40.329605480548324,27.901396905338483,-58.31481922010039
68.45881982237006,-61.526556730633764,247.99659170296528,-22.35619590144028
68.45881982237042,-34.61507613215892,128.8908237286503,-34.56641356283728
68.45881982237071,-48.743654427399505,23.330001045023362,-57.275346148397645
68.45881982236979,-42.96459874874443,101.45270335023069,-31.50047443049997
68.4588198223698,-44.15617815245104,-32.66929614209094,-64.0589469508242
68.45881982236948,-42.978757453421814,-8.01733689279045,-41.25589495499536
68.45881982236983,-58.33737200771362,157.51958815481112,-33.213850877810046
68.45881982237003,-56.27861054829072,-66.56264548890216,-78.98738255006
68.45881982237023,-40.33494660251192,124.25843044596317,-31.81295543936048
68.45881982237012,-45.13328849968088,-61.88124543330823,-76.48490781356394
68.45881982237027,-55.33606331212202,-18.85855265756734,-49.53200357834645
68.45881982236972,-41.064001362919164,91.69593792834927,-32.39471720204094
68.45881982236968,-53.875691960531526,76.05610230627437,-27.67931250731803
68.45881982237006,-45.045525509253416,17.569695282636168,-45.23953370785703
68.45881982237036,-52.29685122524079,41.57117202717762,-53.52232850604701
68.4588198223691,-42.79067881891231,-10.401377913913857,-43.460021617522635
68.45881982237006,-50.75387908442438,139.04981711937023,-44.52921781132931
68.45881982237023,-35.40079354334191,77.59350414582865,-47.20509379823803
68.45881982236986,-45.60795116800248,100.46668420725062,-36.12243456099351
68.45881982236979,-46.83761555020759,9.17977426057428,-62.08242721403945
68.45881982236979,-34.82982573423956,76.46223377470005,-32.17045972278706
68.45881982236976,-41.80526779969323,103.27877350600319,-46.8385823953954
68.45881982237032,-31.98060390479638,171.38476706210488,-42.67130177601102
68.45881982236996,-43.05672343268332,79.2189131192426,-36.08353361724732
68.45881982237071,-46.50040206369644,-32.530924738371645,-63.33136722124579
68.45881982236885,-40.563266284723156,131.53296088265392,-45.761297142706226
68.45881982236945,-39.93655736735394,-1.9909420584844018,-62.775628581092555
68.45881982237032,-40.82397504668284,265.72725944199465,-35.72399887325942
68.4588198223702,-40.84872822035138,28.717538521361654,-67.51700376070359
68.45881982236975,-51.068750326720156,76.93948406682803,-58.97010091239755
68.45881982236995,-29.6421744945504,410.59460525888153,-24.259957518445674
68.45881982237016,-34.54587300583653,257.1012580560785,-46.89331879188886
68.4588198223699,-55.73793504014439,13.783926429409687,-38.951074700374065
68.45881982237003,-45.4656331435295,58.33346571042195,-43.93779780927245
68.45881982236986,-33.842811557770624,-16.336954983183528,-59.858580276215534
68.45881982237063,-49.54538626181982,-8.182552549455613,-52.238676244765834
68.45881982236943,-52.027234629510666,112.65414302197017,-40.45495012996202
68.45881982237034,-63.64191837684354,280.7160385281714,-21.745296919509872
68.45881982237066,-46.50445183470967,115.76488418248059,-33.61624285758039
68.4588198223703,-35.81306516029943,75.22257791751503,-43.95291107927805
68.45881982237047,-34.925739686523436,139.6060997198306,-41.29173260403426
68.45881982236955,-35.99100955255875,12.68138475298266,-46.54478589833082
68.45881982237027,-49.02932838069197,128.31845819435418,-51.48191007877898
68.4588198223701,-51.992754644620284,186.84191120312366,-38.99333585280081
68.45881982236932,-44.76210319862635,166.69079196558368,-39.21563443306376
68.4588198223699,-38.92712139966403,141.80251588021355,-42.92758552550309
68.45881982236996,-30.949660838832727,172.49925887033945,-29.03222160102843
68.45881982237026,-41.121663565489605,414.43970466842285,-29.38955233269578
68.45881982236905,-59.42347852840037,-8.022275237787246,-63.0047849348665
68.45881982237039,-43.949037720216744,150.32252114180147,-33.591810387119914
68.45881982236963,-47.956718460237624,20.58115696281677,-48.14138395386396
68.45881982237039,-58.88426204386747,-4.41533488994904,-40.07027195805598
68.45881982236968,-33.633740699933966,210.14578526973332,-25.556364724560478
68.45881982236986,-53.357277629812806,143.4924975844816,-31.088539269204684
68.45881982237071,-47.31214133222746,62.93700270312039,-37.820037857926216
68.4588198223701,-59.48154119852263,168.2576175566671,-27.725501480365622
68.4588198223698,-33.396203490476005,156.594592421551,-43.46521600892995
68.45881982236983,-39.01269207065992,-17.002740000140527,-45.75684435725551
68.45881982237059,-36.685605751542425,363.48357808887897,-27.499187905451016
68.45881982236988,-31.92829800976448,5.4255916968392714,-64.38595123235271
68.45881982236979,-35.66940741071397,45.49368855309544,-55.531145797754576
68.45881982237039,-30.736386411148185,62.336744508903564,-36.515005175096825
68.45881982236928,-35.38674973004533,144.98445684165398,-39.07111696874219
68.45881982236892,-40.90360077995763,9.849531673819278,-45.88931482934293
68.45881982236983,-40.36140154549209,82.34991989236138,-34.46150907256475
68.45881982237051,-43.78154284777358,-13.680274118570601,-52.489539990872224
68.4588198223699,-42.86717129142372,52.67920172035423,-31.89258565254811
68.4588198223694,-41.045564412646485,5.393481416022228,-50.834100300187046
68.45881982236936,-41.53430995606252,20.10693806993813,-56.18981040058954
68.4588198223697,-49.6145259451333,-35.38501788808623,-61.20318687273373
68.45881982236959,-39.39496564346621,31.66414587064761,-46.054855553349284
68.45881982237042,-33.670738302226546,3.7518562967543634,-56.82072048142792
68.45881982236952,-37.70084836836357,160.48963531338055,-47.26551316475537
68.45881982236965,-45.42059918793918,97.44401869818245,-40.231712487643364
68.45881982237027,-40.93476231506955,-40.101352155930115,-56.841974334430475
68.45881982237016,-46.10852569291299,73.80522660160113,-38.68985280128566
68.45881982236986,-29.37971960123411,19.84061627856697,-31.156338298242638
68.45881982236988,-32.415509563812186,493.8791808529648,-28.778112117802447
68.45881982236945,-50.04014164162574,49.92360642778435,-40.32045292368313
68.45881982236983,-38.91869136428274,-30.13011137305347,-63.21488802166062
68.45881982237,-59.335484112536506,230.51061099860615,-41.885298518736015
68.4588198223701,-44.28528576763377,22.13265096225976,-50.99097876117782
68.45881982237015,-44.540505001852125,84.71734100628876,-44.81199366643322
68.4588198223698,-43.817598954411544,1.332606119521551,-46.53011566344618
68.45881982236963,-35.780203591835736,196.46552163035543,-34.90640126494996
68.45881982236988,-48.112952157799015,105.96406652330334,-37.76422456023991
68.45881982236955,-43.30506486972702,-31.2715023514315,-62.11369929790642
68.45881982236949,-28.846379500428544,342.2161663014036,-36.17561294463526
68.45881982237086,-33.51355375913169,71.98392557103543,-42.9410453882375
68.45881982236986,-52.327191753352785,39.6260822099513,-40.2479801944162
68.45881982236979,-36.035288292366744,197.8986601189852,-39.21333722179582
68.45881982237061,-48.796226835075316,54.134542551280916,-58.235490071305954
68.45881982236979,-41.451540262946594,50.363574462238006,-54.33861504147717
68.45881982237054,-45.12709067536564,-11.54042042449176,-48.33389322309405
68.45881982237015,-54.65170115332989,301.6225348147872,-23.463152428029854
68.45881982236915,-43.995385233451834,16.870404258388927,-60.80133935915425
68.45881982237042,-38.83614622083562,-10.599885204767535,-55.67419910504194
68.45881982236975,-47.42552037790876,2.4435561361758396,-71.09518326129087
68.45881982236897,-64.07210195564488,-22.41930433548052,-60.49094437852861
68.45881982237061,-37.15274757989056,21.74879452921168,-54.77235104579729
68.45881982237006,-44.55435067627642,89.28002865677371,-45.8391145444912
68.45881982236936,-52.37873815254681,7.150986893588884,-45.89111474058457
68.45881982236992,-43.41247529711525,-18.79738261185917,-57.339364940790475
68.45881982236983,-48.92420188460574,112.51674804409416,-38.33460348938692
68.45881982237007,-37.18443425546837,321.6915997940057,-30.936834180386064
68.45881982237006,-43.67998704414519,360.6945643214938,-35.05558044730316
68.45881982237039,-56.28263636458948,414.36154280808023,-44.2837364516661
68.45881982237003,-33.361836169819895,22.78190949703656,-43.32517395426832
68.45881982236921,-43.23452326532462,86.08020772912339,-29.24566265785087
68.45881982237016,-37.1185585567925,222.63018203929454,-50.252036596352134
68.45881982237016,-53.7091577373227,279.4695121958947,-31.91107456857132
68.45881982236949,-53.457724920660546,366.3225993233543,-37.645463803108804
68.45881982236988,-37.516069964698076,359.25625911885453,-35.92569735928933
68.45881982237026,-39.72508843070381,-58.4236840271803,-58.27627154118831
68.45881982236979,-50.39540192468899,218.1370768053815,-45.36615190102376
68.45881982236965,-40.27188704364062,31.555293605520873,-51.618621426140976
68.4588198223696,-58.59911353698677,53.929123099106825,-37.82161437872645
68.45881982236999,-30.833016589188468,9.230262434919467,-42.448181557629795
68.45881982236952,-48.886954459803945,-38.25859972560494,-53.36288408961043
68.45881982236992,-43.35591980931432,208.42558159505592,-33.78532206212521
68.45881982237006,-33.59409865767604,37.984067738954195,-47.9319052234023
68.45881982237047,-43.04524605557894,107.44968294343332,-34.39543538201666
68.45881982237006,-41.56117771303436,335.99848084172584,-35.2263293012972
68.45881982236928,-45.269594356194744,-35.31278780459528,-71.52037897476255
68.4588198223703,-43.12398675079208,-15.821042622155412,-56.176419678653765
68.45881982237012,-53.6252708384151,72.93959848773588,-47.92490901414755
68.45881982237032,-27.541160692701695,100.66486778487742,-41.29513167536602
68.45881982237012,-47.128489792726725,32.460935671173786,-51.206954313795194
68.45881982237006,-49.596207099267076,58.81433244239349,-41.63938117100028
68.45881982237007,-52.277239348519466,-12.056358108734422,-53.97397317564794
68.4588198223697,-57.87083430402446,184.2567440538696,-47.323151001960426
68.45881982236949,-49.235345544737854,153.87098556447563,-31.828053263834754
68.45881982237034,-29.649247645700825,80.92902822008683,-59.48826831211051
68.4588198223697,-54.19490436144603,176.10320579088864,-38.84867166900663
68.4588198223694,-41.04017681520505,133.78954077436472,-51.200834539620544
68.45881982236915,-51.629335102245854,188.03029805956157,-49.99194457082049
68.45881982236972,-31.118833319478867,103.683975000668,-54.73959585697579
68.4588198223703,-46.833472921725125,69.46899305026139,-34.04630981917354
68.45881982237043,-47.11418009934826,58.683371411718355,-36.28082386925813
68.45881982236979,-44.5853680332418,12.812720273509637,-35.97652903649434
68.45881982236877,-41.778552969785906,-13.220771045368062,-39.51399999954327
68.45881982236955,-40.96278671483105,91.13580549925817,-45.09543484675229
68.45881982236979,-47.30127291308038,195.3851329074776,-35.41976012630129
68.45881982236972,-46.291583391846544,17.628986347351393,-54.649847619444245
68.4588198223698,-45.10538635760069,93.25431765870648,-39.385107650244734
68.45881982236935,-44.985668691887916,315.6146914741849,-34.21733536141404
68.45881982236925,-40.215858370356095,-48.815766993768776,-62.865056397661526
68.45881982236952,-36.70157751631227,-0.53757930721271,-68.2864361225431
68.45881982236979,-44.60328983774087,147.35608349445718,-28.911496148519245
68.45881982236986,-39.96673832121873,34.797836944705864,-39.95704911248037
68.45881982236995,-59.03715736384019,-19.06232753478818,-66.32068925086563
68.45881982237012,-36.60238754478037,-6.0424165156718,-48.10872489013851
68.45881982236915,-33.422807387416576,44.33160035512027,-47.705848351335355
68.45881982237057,-36.808832181329976,97.77584772597147,-40.68628552419735
68.45881982237043,-55.41481319006413,244.40062330292966,-47.842527344670586
68.45881982236939,-40.34422181910823,261.31472157411497,-26.63216143031395
68.45881982237034,-31.904278764750483,-5.330077046686732,-54.89551524409604
68.45881982236963,-41.03840208002032,389.7793716201993,-32.19558698059121
68.4588198223692,-47.969411312211406,192.93982834719938,-38.15291082290441
68.45881982237042,-58.03064844442068,-14.170572133409687,-41.6528259060111
68.45881982236932,-41.39012396279882,361.94422378833514,-38.67098592451932
68.45881982237071,-45.99852266759385,-59.41397089122034,-70.57316517383978
68.45881982236948,-43.035633502405034,198.0931441158317,-45.86993067649259
68.45881982237071,-41.7673100886112,9.45013364067162,-40.367045782953625
68.45881982236949,-54.19839567669405,50.13150239345228,-47.25506586010994
68.45881982237012,-46.21312700126244,-13.760236999922137,-53.91673517855886
68.45881982236975,-59.79832193627964,27.10337342559479,-40.159066386895695
68.45881982236996,-30.600410571066572,-37.66007377677961,-57.37609129213577
68.45881982236999,-33.0324482324178,-30.567985650275276,-45.06539209225361
68.45881982237,-42.75520737020842,39.15111282899662,-30.6179135154652
68.4588198223702,-43.95419073152229,138.66168000933112,-31.028405659826184
68.45881982237032,-35.7027181637808,191.561855117146,-32.53304769613627
68.45881982236955,-58.38334010984815,79.4869705691705,-31.79247695693117
68.45881982236999,-49.0530414189839,166.17995834263604,-35.73656542778034
68.4588198223699,-27.80617021095346,5.683664492012941,-38.67759677990406
68.4588198223694,-37.79631982558595,169.519956546122,-45.69513269920268
68.4588198223699,-56.18798533503474,1.2750095518277549,-58.13403088668871
68.45881982236936,-36.0239580250778,176.16396953046686,-37.46977805153616
68.4588198223701,-40.74884902083385,-25.25751235818405,-68.6814015145875
68.45881982237,-49.67236481649924,182.46341365193408,-32.627367838440094
68.45881982237012,-48.5640746155366,434.6191354196806,-25.444719568205375
68.45881982237074,-33.0356043739263,120.78580922332964,-35.59841240227969
68.4588198223699,-55.29525559303205,106.2145683815328,-50.39982251798176
68.45881982237,-46.222727023341456,-51.540411813157164,-61.627531529619596
68.45881982236963,-36.5591344473562,-18.14710331068985,-53.61811334930666
68.4588198223699,-39.91741609043904,38.453749271756244,-45.55085427000526
68.45881982237039,-57.399537040266765,306.5709407311657,-33.05080840526824
68.45881982236932,-37.17471889508852,418.53832390055743,-31.290545002187432
68.45881982237015,-46.9605548604534,340.0161852415217,-29.99308336179183
68.4588198223697,-41.896427700886065,326.2045249257781,-34.43904356324224
68.45881982236959,-31.122409691827624,-29.074287494279815,-68.91062792309448
68.45881982237027,-38.05751961257435,535.7495581584465,-27.793347158671633
68.45881982237027,-52.011456812575595,-4.236222732655404,-51.79473565447077
68.45881982236897,-46.064628498103986,94.374182421915,-38.778378434802804
68.45881982237036,-36.55139467428289,8.003860685121222,-52.61801263145828
68.45881982236979,-52.40713958865367,178.71304067964863,-33.41299672270077
68.45881982236952,-33.27967102550533,32.02161329564221,-57.47029309814107
68.45881982237086,-35.787570770455716,35.23258328884562,-40.25934424106613
68.4588198223696,-29.19409387458073,27.24887014503805,-27.672421972487882
68.45881982237036,-45.624571417105095,12.416867387614117,-50.536672519367734
68.45881982237016,-33.98861549053229,127.06648116935656,-44.21204500557994
68.45881982237027,-42.932532409002434,444.46274966434174,-41.494682321895496
68.45881982236949,-42.94911267007896,294.39660207217963,-30.109216706959597
68.45881982236955,-42.114410010352834,322.47084512846476,-36.00431911807931
68.45881982237007,-40.191334206957464,175.7278975856968,-31.610160196956837
68.45881982236999,-41.548594140334686,51.49564315234083,-65.86574149472192
68.45881982236979,-45.406935649520655,73.89698662672592,-51.455376006981226
68.45881982236925,-41.78111570188582,7.376247630072985,-53.9835939581683
68.45881982237061,-45.50669400700556,113.70774863254671,-29.409317760700105
68.4588198223701,-46.555572354416306,418.01837117161836,-24.945049351252347
68.45881982236928,-42.14131937505239,330.1282171415468,-38.24668731354143
68.45881982236956,-34.78896285985073,-61.969724358443415,-70.73923666098388
68.45881982237057,-47.76721626420751,54.72137753883393,-42.735518156308515
68.45881982237019,-44.52143112799551,27.38336037790512,-46.6599455834115
68.45881982236956,-33.611846169943384,-40.4034506494771,-66.72601478857199
68.45881982236983,-32.96855268568416,54.79570993320708,-41.67578832455964
68.45881982237043,-48.86791409226346,30.281331882437314,-38.38762393194916
68.4588198223694,-35.35641045473539,9.899940620035741,-45.31372075321827
68.45881982236949,-43.900374883601664,8.396340670953428,-54.782485172792676
68.45881982237042,-43.05290145847803,54.84369242606875,-63.88444423431079
68.45881982237042,-46.562605906305265,-37.6473813714036,-60.06169785509421
68.4588198223698,-29.021495284268372,-29.540235139452143,-69.36392010169908
68.45881982236912,-45.984750110044835,484.756397555407,-32.82779206803333
68.45881982236968,-47.42974503756613,173.091068360007,-37.083096624578495
68.4588198223702,-53.23502707405612,405.14843688203064,-30.973980666279964
68.45881982236936,-36.20030813647597,36.00245560093409,-41.91941567927972
68.4588198223698,-38.82527911527121,35.77586270787558,-38.73462768584815
68.45881982236952,-41.47189272390312,27.043131265645126,-44.28426034570778
68.4588198223699,-51.12704337625993,32.70610333874981,-44.21558118410531
68.45881982237059,-59.93812999652617,-45.4871280594347,-56.947801323239865
68.4588198223696,-51.892407025336276,23.570233624319826,-51.547185703321844
68.4588198223694,-35.42071224254274,71.24974788576,-38.49578390084151
68.45881982236979,-41.538091166969885,39.37788541408867,-45.111245157785916
68.45881982237034,-47.63680733330165,30.466001494812602,-55.29464656269742
68.4588198223702,-51.387173007468945,95.8424399085449,-42.9107488179656
68.45881982236905,-57.579457305032044,17.178729555054773,-60.19539683641197
68.45881982237012,-42.02098133599146,26.72821720198757,-45.75846517529215
68.45881982236956,-36.145350989262894,265.34588700002894,-31.379697447364574
68.45881982236999,-58.44942970653939,467.55451416556326,-31.49684714288503
68.4588198223701,-37.774291147004725,-66.68074785879725,-76.0615919991954
68.45881982236995,-42.542780745203004,261.07183859516624,-28.568499568506212
68.45881982237026,-60.84414641298266,81.83603870450347,-39.38638429325088
68.45881982236999,-38.526187466257,50.22428080506198,-40.153015309355354
68.4588198223696,-36.610577888453456,0.41840270822390835,-63.49601084427461
68.45881982237019,-33.201782789105216,30.243732398017407,-34.16883919863775
68.4588198223696,-35.98978437378847,59.69666476127418,-55.30510655905081
68.4588198223698,-53.560675864563834,273.37382768477613,-24.995755039814437
68.45881982236983,-35.50544561873078,32.615216095022205,-47.113026908236435
68.4588198223696,-34.578050118604374,130.9117303406394,-47.898203518184786
68.45881982236979,-32.917814962072335,63.38325804327136,-47.12613491556318
68.45881982237032,-28.650665491760673,28.179420628789597,-41.446337826552615
68.45881982236955,-55.753731476410216,188.25420132720058,-33.869358894244094
68.45881982236975,-60.335888573267816,121.35843468475804,-28.907445287402076
68.45881982237019,-45.06820224865974,8.497302474775537,-40.0964806664687
68.45881982236959,-40.097796716928066,125.18081051823131,-42.40785130272285
68.4588198223697,-51.43004438188208,57.28414866198204,-39.8932047358894
68.45881982236943,-43.26171985072808,224.70060890625723,-28.17373153919196
68.45881982236945,-37.154098173665794,334.1979753190447,-35.531713054175164
68.45881982236963,-55.82407950262063,41.26974324485353,-38.33159032273519
68.45881982236935,-38.66377275789635,504.8592402873121,-28.798488328727668
68.45881982237015,-40.54152393276933,169.72773013763697,-41.85602745335936
68.45881982236986,-41.4021059448897,552.0466275884869,-28.098288280068097
68.45881982236935,-54.280583335938914,21.222526237053827,-38.902377274103316
68.45881982237032,-50.33606514738216,140.01421146948928,-32.65520548364581
68.45881982236925,-42.184016402248325,120.19878385915597,-44.801317492022854
68.45881982236935,-55.19464705305119,194.89778912006193,-33.12461911323892
68.45881982236959,-58.379850335353,22.372081838237868,-45.164490070920536
68.45881982236986,-36.94679063027976,189.3691163271277,-28.664986577226635
68.45881982237032,-39.83752948462502,75.42404878029194,-31.3007439914441
68.45881982236983,-39.65463935217024,101.35336960795152,-41.71240280234326
68.45881982237015,-43.719468530369696,-33.73641572749386,-50.361212278050346
68.45881982237026,-41.7168878207851,233.88072086250668,-31.27912971759531
68.45881982237003,-39.41155756756337,6.965436763509181,-44.46819067931382
68.45881982237006,-44.27927944539124,254.5875627632566,-20.68691241180155
68.45881982236995,-43.19181332296108,241.90158164180878,-35.00107124666141
68.45881982236968,-36.41232673800425,65.78490715081449,-38.62166960943058
68.45881982236963,-40.39734005392652,103.09017140453479,-50.79988802272561
68.45881982236939,-50.05001423436697,414.6193013448469,-35.89928030892913
68.45881982236995,-36.101413164742965,159.2711886531697,-25.231809944064732
68.45881982236996,-48.76563060458488,-1.572023151719426,-41.82711778326061
68.4588198223699,-39.4641325644132,216.4013920064079,-42.16687524439854
68.45881982237016,-54.25039750179281,33.65014140815392,-41.70797878361472
68.45881982236968,-40.088003998795116,13.13190984526942,-55.50693643903109
68.45881982236894,-53.28068393192971,167.62637085584237,-57.36013663134932
68.45881982237015,-53.88861559640912,-53.77400249946629,-63.64361183604477
68.45881982237003,-44.87860451541147,65.99403486256499,-30.17328342086555
68.45881982237043,-52.20719157143691,-43.03914531826073,-58.792524582368756
68.45881982237081,-31.85097779677266,109.77281108650674,-41.51138397102538
68.45881982237015,-39.28493345050905,17.509915574971924,-34.277468854501066
68.4588198223701,-41.96823427167152,156.24536751231096,-35.84965367964206
68.45881982236963,-36.56542075847038,113.80904204459247,-39.546768290465906
68.45881982236972,-48.52108467997509,-46.29505303621018,-69.6654239775979
68.45881982237023,-49.86536685279583,73.81636632770822,-37.68380064273884
68.45881982237027,-35.359619146991896,7.295855334935819,-46.23339491376598
68.45881982237059,-30.18371076846004,-43.07309323427639,-67.48019841515172
68.4588198223701,-60.47480495623785,181.2538023768713,-32.45381322875248
68.45881982236983,-36.07287185525575,372.6889543612311,-21.188501907260015
68.45881982237051,-40.45695620782188,144.92227676935659,-29.390529237434528
68.45881982236945,-52.85072788474531,-17.448208369329333,-63.52753639547871
68.45881982236992,-42.03524154609806,-32.20984659713076,-53.298504077216315
68.45881982237012,-41.39946419778073,-18.963339812711,-67.34810980959487
68.45881982236935,-45.53934810301368,202.05439448884644,-34.3504589072178
68.45881982236999,-26.954869616772214,76.66858824000225,-45.747282951452206
68.45881982236999,-36.758355672550344,177.23015523187252,-33.028557401150614
68.4588198223702,-50.04118526761244,-25.887991411979616,-72.17257890009608
68.45881982237007,-36.923311515603594,-58.92310029673771,-60.78489879862621
68.45881982236976,-42.63630123620295,608.1038636732194,-37.87474544558806
68.45881982236935,-59.198346913828445,142.86729168984334,-50.13471477423535
68.45881982236983,-43.8071652036273,31.559814902940087,-36.68207206407131
68.45881982236996,-31.550722196656743,141.34483931549298,-38.62003400804439
68.45881982237,-35.297355795895314,404.56186934846005,-20.450778938880198
68.45881982237016,-37.136680367104525,188.2264854622075,-59.67055195424585
68.45881982236959,-38.92084168185238,63.56890637912156,-36.77859499339468
68.45881982237019,-31.068193528052333,-7.590673777355983,-45.42274263091321
68.45881982237057,-43.95234077490101,803.3402653064284,-31.625450083219064
68.45881982237023,-48.773610860423645,270.7481321624721,-32.133607969247024
68.45881982237026,-40.05931158811962,-42.37098318777859,-59.33191057178331
68.45881982236952,-47.165602511283055,381.7779419777932,-25.82674459675459
68.45881982237015,-49.182842560830906,-2.4980731004771717,-64.45133314130419
68.45881982237019,-58.05470696793168,26.524233222705675,-37.69498023256279
68.45881982237059,-57.87843556818881,60.20268630607817,-45.11322487625387
68.4588198223698,-53.2720767004953,64.41572591244014,-35.813312196449054
68.45881982236992,-44.23932982313836,186.20213382036434,-41.80224081849917
68.45881982237019,-47.65293480516766,-26.44519590552751,-55.77736225009397
68.45881982236955,-47.03235188965446,105.02161957010946,-33.72210952461453
68.45881982237027,-39.25879823164181,137.17364016796213,-47.858847841751626
68.4588198223701,-28.596801897450185,239.48743403090907,-37.00564123979749
68.45881982237023,-50.43040063343325,926.9623026905097,-28.664153643687275
68.45881982237036,-32.7633107826897,121.98968905894128,-42.161774574413656
68.45881982237054,-49.584214955467374,145.59132530891964,-29.967449894239707
68.4588198223698,-30.892785206443317,40.908977314148466,-48.687886831992586
68.45881982236932,-47.56993502414976,219.10894246536984,-27.6724303318272
68.45881982237036,-49.725177235630504,15.207352083620385,-40.635185533191844
68.45881982237016,-55.76518689685428,112.25228992512517,-36.74357845212902
68.45881982236965,-57.0546884712642,121.52743898144766,-40.28834787760979
68.45881982237012,-41.57826327400007,74.40490170132796,-50.79629262561696
68.45881982236965,-42.62980979738309,236.89264540560958,-35.8784089029076
68.45881982236949,-29.93778791195455,73.8085797486468,-44.65381377161939
68.4588198223702,-45.90888757548521,74.78319597168743,-42.91999197730655
68.45881982237023,-34.343059856388905,-12.769927125549707,-72.64787736515059
68.45881982237015,-38.944420134163735,46.02578293906019,-61.24863255526256
68.45881982237012,-36.574359964863625,77.15401224511706,-38.93799004926368
68.45881982236928,-45.6942636242275,10.272962669600606,-48.201034765485005
68.45881982237032,-41.486403371646134,17.727904522448412,-43.01079021178783
68.45881982236905,-47.27483711448933,184.62329376680805,-39.06318948828654
68.45881982236915,-57.67481401417995,148.953434475291,-39.04814705583648
68.45881982237046,-33.287023261938096,26.339687430300664,-40.99358532262828
68.45881982237043,-31.481886114869585,59.3804604525614,-49.816475867621946
68.45881982236928,-33.311528180069494,257.8982674717002,-31.186837493508435
68.45881982237023,-45.18706243428689,-63.037592270726904,-78.74777920051929
68.45881982237003,-42.837278230254014,65.40536082608148,-40.24712473497848
68.45881982237,-37.93563512138033,-38.169777553070496,-51.66123749794301
68.45881982236968,-39.69921288136982,195.7118922889928,-31.071202641008956
68.4588198223707,-38.74381771376528,50.227489683550886,-44.56897230884598
68.45881982236979,-44.166919798838265,15.543338174297784,-50.75953125274727
68.45881982236975,-36.31045511330767,-51.206910428690364,-59.19510797064929
68.45881982236901,-43.11063678638922,-49.88050908204825,-57.79925750578306
68.45881982237059,-34.399709104220285,-17.18353364827282,-49.13861237250683
68.45881982236955,-40.78606703656617,-4.9428651009379205,-40.70167430589494
68.45881982236996,-47.43817034207327,198.91108364075626,-44.221811270896616
68.45881982237012,-51.09088727362688,368.0309378533525,-24.752036726513303
68.45881982236956,-39.68721882752585,146.19976244864668,-33.30488819409272
68.45881982236949,-39.885523601129556,192.6445759053737,-32.493210729416276
68.4588198223694,-52.44907113945367,16.583872383651443,-43.62196800040379
68.45881982236952,-53.68966642051034,34.055348111594455,-32.08521547653426
68.45881982236975,-49.628077149150265,12.101286750567297,-65.05064591574516
68.4588198223697,-46.612037817352515,197.49399181497148,-42.23953543817308
68.45881982236983,-38.8032116834787,-35.95254206239594,-54.733124361272154
68.45881982237086,-43.53173676794594,-0.6937236712343919,-54.54066875674701
68.45881982237006,-38.20036048393028,11.593414651796262,-47.1063750183662
68.45881982237012,-30.884586163592644,23.27314723987397,-54.806450185349796
68.45881982236939,-34.60630790978156,88.73617904365535,-33.357930585782114
68.45881982236988,-44.99827693741809,151.69215568006078,-35.061896530066186
68.45881982236979,-34.33852420847514,-57.885933093834495,-64.71392372314237
68.4588198223699,-53.88635407759041,167.7194598465964,-51.08358951686998
68.45881982236959,-44.418594518379194,27.686172647181717,-41.55101680428251
68.45881982237019,-47.69948865918489,67.88798477666856,-36.160956253719945
68.45881982237032,-36.898622722220544,19.24242491645507,-37.79288885323145
68.45881982236995,-36.18241913259218,115.51376283432502,-37.53124468100773
68.45881982237016,-36.54430494029318,27.63008383018084,-51.1838330676893
68.4588198223699,-55.32369237905919,-1.3716580435098158,-57.505390116806176
68.4588198223698,-45.50042798490407,98.63052187723582,-34.94507136226239
68.45881982236949,-44.289775219510034,147.9862376404225,-38.34371747092943
68.45881982237003,-31.577979013500112,155.43873593509505,-29.52921750653592
68.45881982236956,-43.1745078937042,80.07051933722933,-36.47827950611017
68.45881982237007,-36.805782078234714,-75.76052416626563,-80.11970212634765
68.45881982236968,-39.49689952271377,139.2570731268178,-39.61204093074385
68.45881982237015,-38.67062500748795,37.478961260195234,-45.247759438604376
68.45881982237012,-37.924245335206464,21.603789841558307,-36.239445585510325
68.45881982236975,-38.338987428707114,64.49568689986297,-41.74173155958179
68.45881982236901,-39.206789094168585,136.18778987238906,-39.74643374404083
68.4588198223697,-38.19945429521038,11.224586081582611,-47.06559941545999
68.45881982236932,-35.117725896725545,296.55132691733974,-30.373527147937594
68.4588198223687,-57.38565314123576,-34.49064655264827,-51.08772603978491
68.45881982237006,-46.486516475830655,20.057347998589936,-47.5761575993013
68.45881982237015,-46.87072999059269,-16.730902399952107,-60.25326069128224
68.45881982237046,-58.986884270700514,-32.44019730688689,-52.07412508714935
68.45881982236992,-46.49973579599709,67.16935647197121,-59.177495001671986
68.45881982237039,-56.46729264346173,282.5117847028184,-33.22980709877727
68.45881982237034,-37.75425882981065,75.11202889609574,-56.54396310064958
68.45881982237054,-46.19964646653156,192.45279332639393,-40.9379900069702
68.4588198223697,-42.70997599331575,-13.763956154007673,-45.67930533366555
68.45881982237061,-39.985875954011426,153.9873762319513,-40.05517731714323
68.45881982237047,-52.16348946179724,67.04210132814956,-33.81798444011397
68.45881982236949,-43.407507967874196,-20.239414078449546,-55.33064639081866
68.4588198223697,-39.63619539123747,290.7160058382462,-38.54885938615985
68.45881982236949,-40.5262122600731,83.88219863151643,-52.35088711199738
68.45881982237051,-56.423551238379744,375.4085393649117,-35.77021143270891
68.45881982236995,-34.17068810535262,7.313962724394729,-52.080038978475905
68.45881982237071,-43.343257701180725,26.442901834073318,-48.0579994817412
68.45881982237,-49.23190742061685,-0.25204146929070914,-47.26973300360201
68.45881982237061,-38.19762880795364,257.2198769303709,-32.942105472228256
68.45881982236986,-49.5530196189366,-28.126722224709354,-53.285670365609164
68.45881982236965,-36.98401549832614,16.92340838799864,-61.15053284903935
68.45881982237,-40.90023345853534,6.565260837858489,-59.40494562291452
68.45881982236983,-48.14182602514894,255.25442862229474,-36.43053314693935
68.45881982236988,-43.80012869133962,6.428918070327905,-42.408350760643685
68.45881982237012,-45.78449704045629,275.1517737373247,-30.738914943444783
68.45881982237006,-33.90531527651086,118.50286528731,-41.903588140934865
68.45881982236979,-34.01892098176463,93.39928938169571,-33.84041029512757
68.45881982237042,-36.940725394953574,31.402347239274864,-61.77193026780301
68.45881982237078,-46.50337294101462,101.69234598193535,-27.54276157207879
68.45881982237016,-47.32474990074176,48.18837200242403,-53.212002261792634
68.45881982236949,-33.750092277418055,30.523623998756435,-44.71063165228224
68.4588198223701,-42.434131804786055,52.34182725471297,-34.274575516872666
68.45881982236928,-59.309284488916056,7.613477070871766,-56.197414571915225
68.4588198223703,-50.40402539578992,-29.65745794536021,-50.933842906866204
68.45881982236948,-37.10542174410284,-7.530499109149991,-51.04255633221978
68.45881982237003,-38.910130150273226,39.93596250882854,-41.76858837455475
68.45881982237007,-41.76371727628243,37.45787016569828,-38.18888971465891
68.45881982236976,-51.36595348435245,49.47669328736448,-41.93564444068608
68.45881982236976,-39.4778195076531,300.196953822138,-40.180503847799166
68.45881982237026,-46.40468000295503,46.0300602116021,-38.024785048252404
68.45881982237012,-31.775110528956453,319.61724091221635,-34.93333353080684
68.45881982236935,-39.804553351841754,9.032133622190708,-52.24469897281627
68.45881982236963,-57.94406811142354,241.83045733317047,-43.810541952580905
68.45881982236986,-44.96700198458805,-10.426860177134712,-49.91486760478971
68.45881982237061,-53.159688443393506,-30.596734892732446,-58.8907273894135
68.45881982237026,-33.85329592030747,69.7570623921611,-44.47492046110288
68.45881982236988,-45.58131602420508,13.089735035922722,-51.26194318325752
68.45881982236992,-38.09273900958916,369.70693629677544,-25.65491148147193
68.45881982236999,-40.66825385802427,14.540605197108025,-67.53388205390279
68.45881982237003,-45.892255237571824,4.5607620722495135,-54.195965721277574
68.45881982237101,-62.110684793910174,58.37961229344255,-36.31524421559524
68.45881982236949,-37.75032816023804,245.4500890858053,-39.506660445474054
68.45881982236952,-40.84831277485602,234.768487294037,-23.716010965082333
68.45881982236959,-45.587723579503304,55.46575095100006,-34.00938133814925
68.45881982237059,-52.66619889809378,157.97317886898625,-40.46190576288466
68.45881982236975,-48.96607235834948,3.1712033485754354,-47.11408458696651
68.45881982237012,-42.57631073553741,-38.627975898988495,-66.82271970905873
68.45881982236965,-57.40683060028488,-16.657414777380975,-64.9073130542847
68.4588198223694,-43.20470523677494,35.25276779135071,-54.3014717472682
68.45881982237015,-48.68491831099069,434.15834810690296,-43.40621060337333
68.45881982236983,-44.647731016195856,34.320432792011026,-41.286210844633
68.45881982236968,-35.12721178307029,92.72713285905836,-41.356083539855106
68.45881982237032,-35.540527080627434,69.9651742099275,-43.00171146778076
68.45881982237,-46.2521953388758,12.451528434586479,-43.469123267004036
68.45881982236936,-42.65756846294542,19.672605309451118,-44.09042526707888
68.45881982237007,-30.8657541810211,6.6237738768536225,-59.52760656333215
68.45881982237036,-45.5143097112953,115.51041661409056,-35.078945222782366
68.45881982236988,-39.828908988185006,191.02615181082888,-29.47393468156164
68.45881982236949,-53.897991359057954,197.1430996439725,-32.989876744501125
68.4588198223707,-35.00007803196468,97.32421926000615,-48.77760239936438
68.45881982237036,-54.15191632687212,-7.432097525698822,-41.86466953764183
68.4588198223703,-39.99288233532013,-26.27928118574514,-50.20093739986016
68.4588198223696,-44.41511906087654,242.65487166098038,-30.144631811809063
68.45881982237012,-56.85738203282664,22.558046161436394,-44.94124408270381
68.45881982236963,-51.94892888515837,296.90157052503207,-39.28188620813443
68.45881982237007,-42.62985992351537,258.8131882933234,-39.40198787508575
68.45881982237023,-30.288942136793885,182.58119669140282,-44.83140926858802
68.45881982236929,-47.413380629955824,32.854671797390324,-53.04728667072494
68.45881982236999,-60.768408649448645,-16.715644584019294,-49.77832467780788
68.45881982236975,-54.86364771321437,-12.784717819306223,-47.57213219583372
68.45881982237012,-45.67899616726064,94.31582750380447,-44.36429913885823
68.45881982236943,-45.9122604255772,139.77366820565186,-37.66199607402553
68.45881982237016,-49.36426895340792,80.38691246977447,-44.093206127301265
68.45881982236992,-46.31598542446484,143.47793154814542,-40.84883937170471
68.45881982236983,-46.65482616842396,139.46937552775645,-39.64996002985126
68.45881982237023,-39.75854511236485,135.5176759673287,-37.4362180773535
68.45881982237016,-44.4015781424687,61.2410075558433,-35.42567008160326
68.45881982237046,-49.734174907451965,106.15486759887366,-41.79074405257981
68.45881982236935,-45.83239272359479,43.05462689441379,-58.485336137194935
68.45881982237061,-37.98134424047721,83.97005775407804,-41.19095945313725
68.45881982236939,-54.806694135335334,3.297743003217146,-51.74001669901494
68.45881982237,-49.761629430804774,66.22857457672579,-48.069485404496206
68.45881982237016,-30.366273943277843,213.21336715506823,-33.9479606156016
68.45881982236874,-61.27444717024624,87.1347492266321,-36.834526364091566
68.45881982236959,-33.612333073645196,219.41093593548402,-35.77774852533354
68.45881982236935,-33.64886523874687,46.976338257853925,-44.038153147371006
68.45881982236988,-45.337807693748246,39.54531933467011,-58.553073555533594
68.45881982236915,-42.39046348083745,47.89640521548546,-48.283262771178116
68.45881982236992,-44.29284842391176,156.78665785099088,-30.953936935312278
68.45881982236983,-41.81620720493743,-38.920083198386266,-67.75673014191013
68.45881982237012,-40.8951465418745,234.13337459126043,-39.77508772445577
68.45881982236992,-31.21122164308523,-14.881801662902717,-43.07901016238196
68.4588198223702,-42.292040897748805,22.210097792114112,-45.76803547156626
68.45881982236905,-44.6399601795045,397.1015270799945,-38.21618444324299
68.45881982236963,-45.718618119773865,-1.4511291868543053,-62.031677576086764
68.45881982236976,-41.885430525103786,88.06531302129446,-50.941311791402285
68.4588198223696,-37.573079021161504,263.85308064225194,-43.53630833774221
68.45881982237047,-61.57485890736493,-44.81647435869899,-79.67530829372811
68.45881982237023,-29.13194346691593,207.6878473118199,-39.60894711100671
68.45881982236956,-42.148766481384584,299.9918769690234,-37.5753022734005
68.45881982236992,-46.70887449957378,150.3130870545035,-23.886351436988008
68.4588198223698,-50.45181031787141,-39.34529371833173,-52.8271960485193
68.45881982236992,-44.369865736030704,108.514472503462,-41.743263432961754
68.45881982237016,-37.01222493229444,154.36889640373312,-32.12279355627784
68.45881982237,-39.566975892381265,-5.375046559181418,-50.075017825969205
68.45881982236975,-46.91932648653315,-56.05496933390081,-67.73989464210388
68.45881982237046,-47.796687186904684,-32.8999389769519,-63.659570635630125
68.4588198223698,-43.57670572307914,5.4640189901145275,-66.24851671833105
68.45881982237019,-33.32755295486683,90.83141136294542,-37.40473457994005
68.45881982236943,-41.86121182765904,-41.10595901820378,-48.7533519479167
68.45881982236975,-41.83142088444849,15.378426388650169,-45.831258849181665
68.4588198223697,-45.674874969179946,-6.267921670135957,-45.55188923599833
68.4588198223703,-48.673021310850004,216.64149223089208,-26.936724336647146
68.45881982236968,-37.77427967657063,2.469273586708809,-50.39872544777639
68.45881982236936,-37.16328693465506,12.837517234835216,-46.10911601785425
68.4588198223702,-41.90371284550031,146.59276037178498,-37.75882132230733
68.45881982236921,-41.16378059368363,108.12318669774284,-37.0594847875642
68.458819822369,-51.224311266207486,-42.66849187391283,-63.07424128205958
68.45881982236968,-37.295705668793154,32.47709062520669,-33.89701305519522
68.45881982237006,-57.66602081474546,-62.570314602147484,-75.39841512596679
68.45881982236952,-47.181251546728,426.10108400200704,-26.876288966752593
68.4588198223694,-58.33108028975328,-15.15197596619322,-59.27173456293258
68.4588198223697,-37.32636393892144,21.55061397908611,-52.786356635276775
68.45881982236908,-57.135458531667574,273.81977531446375,-27.490513938714123
68.45881982236968,-40.735230618709735,-27.984101322734144,-57.98186591242522
68.45881982237006,-43.509223436707,-11.554105400292569,-51.64828371081771
68.45881982237043,-40.569118668913276,-9.297578108082993,-66.45747706266384
68.45881982236976,-34.71494977647459,59.78374840758083,-37.604525911586364
68.45881982237023,-34.54234614542724,-35.06125723735332,-43.79967605515702
68.45881982237006,-46.47038290823527,26.047763765260324,-57.18686138104506
68.45881982236979,-40.53912656478861,158.69309188705301,-50.20230743728058
68.45881982236952,-57.24773941042696,-10.102151611845356,-54.14872290319145
68.4588198223699,-46.738948356981844,-42.48127960529352,-66.62374259197156
68.45881982237003,-42.971642116976724,18.389545308604728,-52.4043414867234
68.45881982236983,-44.950885945173205,-0.24137217484224704,-36.97708073831074
68.45881982236999,-43.28744710746862,513.7716980255402,-34.68738528840621
68.45881982236956,-34.36453391175992,284.2513367018564,-48.574069797009244
68.45881982236999,-34.21908269439252,176.42382178455955,-30.88079980409335
68.45881982236968,-62.15766417717234,-17.225471791778148,-53.66786540615958
68.45881982236968,-32.64030267578569,116.01464272729474,-27.792584984793113
68.45881982237057,-31.739373690512263,366.7129356936692,-36.76244997832333
68.45881982237007,-33.30244770097759,-16.207367055365662,-64.46637588810731
68.45881982236956,-48.458773610180984,46.47508073922144,-40.98305644200462
68.45881982236996,-30.35385483660934,135.8261856487873,-33.76445572999113
68.45881982237071,-41.03305821860786,136.60569539261033,-33.81721627986044
68.45881982237078,-38.94811227788494,-49.98173586625396,-68.08487805139373
68.45881982237054,-49.37567084503326,-69.17550923654898,-76.56846518948409
68.45881982236999,-43.657993224973524,831.3674838061372,-36.60779795757683
68.45881982236943,-36.67558362775733,351.4492946738381,-42.33280694543134
68.45881982236975,-30.21809233373325,138.9489211783495,-48.24999114873771
68.45881982237019,-39.564088718906554,254.7351485889243,-24.31465783169261
68.45881982237007,-36.51259786740195,3.0314840920433683,-45.43663000920748
68.45881982237,-35.55905005986458,65.14031198234768,-33.76042991839752
68.45881982237051,-38.157766227151804,8.410227226917044,-45.85136608678
68.45881982236975,-47.02103639293396,-13.652901089079384,-42.52328423794658
68.45881982236963,-38.796357891385,7.48758650513035,-52.71625857435163
68.4588198223702,-49.46816924957066,316.0828633589999,-37.70493454464861
68.45881982237007,-41.4213444199549,223.74024100271086,-27.736813206552135
68.45881982236955,-46.1258260464872,222.716498467673,-36.511020901315874
68.4588198223697,-39.80100753397864,-2.6771356835690874,-56.706125122219845
68.45881982236992,-50.9375802300432,57.62420071625905,-30.701638741494254
68.45881982236986,-45.873698451747394,87.4589944341692,-32.463785887994455
68.45881982236952,-35.24747302983121,112.78147328700032,-34.94507569650999
68.45881982236999,-52.330211959813575,60.96251878631818,-55.93484822333582
68.45881982237003,-32.70726546003155,99.9681116915135,-44.44534164884004
68.45881982237039,-43.5833064301742,60.488572755083744,-33.80448525700728
68.45881982236975,-41.416587992669676,-18.019589269474423,-56.91204300894236
68.4588198223699,-44.46613476546643,5.202892648689894,-52.557434712477566
68.4588198223699,-55.140074941610884,-20.835996431145908,-46.259003229495875
68.45881982236995,-48.282274179206176,86.74832484543813,-53.55341370612739
68.45881982236975,-40.24944723125788,-23.565514276809175,-49.949243904819916
68.45881982236968,-29.917322146075385,-39.993157775352415,-67.11972753683553
68.45881982237016,-41.320474012715266,69.51242561446523,-55.98128372799201
68.45881982237057,-43.08697602340872,224.8271001276017,-60.739715507992386
68.45881982237047,-37.589874499641795,93.48855386598345,-45.16998133928381
68.45881982236928,-43.96372588627075,451.10744105498225,-38.55300384710376
68.4588198223702,-47.96599776042246,-42.29498388646837,-62.62734220605051
68.45881982236979,-43.4434702161504,-38.680874626595454,-61.567327492884694
68.45881982237057,-35.74561498055405,-5.034600637168863,-55.16817354675172
68.45881982236983,-42.13594983861228,12.272552953961014,-41.0746858867296
68.4588198223697,-53.484260493150046,344.4374762051953,-32.99791792318531
68.4588198223702,-39.6531056971594,165.08056309091307,-54.68658481023445
68.45881982237007,-32.61825107262486,68.71680736958928,-42.68339279262082
68.45881982236975,-47.23078280427051,29.940725786514612,-42.894011263733624
68.45881982237043,-33.71049756799823,106.13541226615224,-35.35850211525031
68.45881982236986,-41.01501977554032,29.66604005736788,-61.807936043698874
68.45881982237003,-49.44186164960899,17.127660070550554,-46.87164943445602
68.45881982236924,-41.2959976492422,174.7383212258336,-40.80126049870479
68.45881982236986,-41.188226724477815,-82.72171241129911,-83.72616230461306
68.45881982237003,-40.216323444899984,62.869190597684074,-46.48379397564371
68.45881982236959,-53.000080825265684,-34.548373338413896,-53.73183790857304
68.45881982236925,-55.710155239085914,6.873742130629901,-56.415745615146996
68.4588198223697,-52.87623279738381,32.993254709763974,-38.15245652680913
68.4588198223696,-54.8826073462956,-25.275921747073117,-43.74046486014366
68.4588198223698,-43.68982408829718,24.814804542465673,-63.311489153194266
68.45881982237034,-39.69310942317007,262.9349446752854,-35.76723742548346
68.45881982236932,-33.327399477150955,-49.62844946937254,-70.06611310362013
68.45881982237019,-32.565800331715714,-26.606560836352998,-63.46503640899537
68.45881982236945,-32.0332345793797,-7.755827993506903,-54.438184788003994
68.4588198223703,-42.92227832328196,192.95252711867673,-29.431518020582338
68.45881982237012,-48.600936295364384,69.44641513798292,-34.254278281223606
68.4588198223694,-39.88681275407906,328.0730203050992,-31.247442063801202
68.45881982236948,-30.47631836891861,124.25990418389863,-32.77611809759009
68.4588198223696,-39.26135255082873,-16.33872747761469,-63.19069664757294
68.45881982236975,-39.68339890945316,65.63847718380305,-47.120705611366546
68.45881982236975,-29.88697710026432,216.15374971657394,-45.967045126802944
68.4588198223701,-42.1168507203866,355.54114729202684,-33.47784089796053
68.45881982236949,-47.61683122946594,50.9611229602561,-59.97995654905019
68.458819822369,-39.433906751167356,1.064134150752083,-52.539463498497575
68.45881982236963,-49.76659753363464,21.619124147160363,-36.824423830171625
68.45881982237051,-51.78117818016885,18.44455868631687,-39.83314696848065
68.45881982236979,-42.98239743049418,299.9603111664462,-27.58133526075788
68.45881982237016,-57.18321068043532,21.009680546758226,-37.417042748966836
68.45881982237032,-48.888291799416194,491.5636349988711,-24.093967939796745
68.45881982236988,-43.4493950648179,171.19247549324692,-36.639832643395046
68.45881982236975,-36.23406171880481,37.79297708169385,-45.54677631318316
68.4588198223694,-35.528846238063934,-32.20310260314552,-66.39430883870709
68.45881982236965,-35.440207203302734,93.10593665313705,-44.59550593088857
68.45881982237057,-45.172444617642604,80.73948871315073,-24.6954024382546
68.45881982236972,-46.94728966431432,58.072550938971105,-49.44636526371888
68.45881982236996,-42.412725773156566,-34.547820527215244,-63.375074473108405
68.45881982237054,-55.887201677425516,186.29927126262652,-33.67223274838602
68.45881982236952,-35.921102068127595,60.99948997131537,-31.949231788605392
68.45881982236921,-55.47089870408465,-30.87655484182139,-63.75448989385066
68.45881982236943,-52.03200945317512,36.37868813930214,-40.75436973517106
68.45881982237019,-44.587719608041844,72.40310248260882,-56.22922165935442
68.45881982236945,-45.88837008298259,112.89784058865244,-49.657313257201785
68.4588198223705,-44.26536338051871,-5.974508766732411,-71.55549921974516
68.4588198223701,-45.9544650785199,231.74562342031874,-23.200694212975804
68.45881982236924,-40.52388045029656,99.87771559422909,-49.85976531959307
68.4588198223698,-35.5704739665171,106.2878022559456,-40.42122476610592
68.45881982237015,-44.16992843050427,66.6982068006821,-43.32629378266556
68.4588198223701,-39.497330460369895,192.0040359675976,-41.02716072134599
68.45881982237032,-46.7517110066045,54.51459682911304,-44.11693513898099
68.45881982236924,-41.56142428714881,125.02698622002804,-28.93171472598216
68.45881982237012,-45.37623449657098,98.76679582369137,-43.50665490563499
68.45881982236945,-49.83760975798662,35.772546200044445,-47.35365074755946
68.45881982237086,-46.21057514158829,277.5138409123912,-28.79984565413759
68.45881982237066,-39.77080013256719,5.310869862353718,-42.710496260200294
68.45881982236986,-41.65811569769306,109.06293959810847,-29.86363380342918
68.45881982237074,-38.57624188841958,-12.403501583770327,-54.20885503241912
68.4588198223696,-43.81796729888856,-4.692911025679825,-62.02851204400619
68.4588198223705,-52.45428948226245,-57.06840824950581,-71.03634308086393
68.45881982237087,-48.22186890750909,0.0634956884972171,-44.882084858847904
68.45881982237019,-45.58739130397673,498.5690058956847,-26.80725022111592
68.45881982237015,-43.09566277392286,31.56713055571112,-32.901390414695356
68.45881982236956,-35.90486622916217,163.52486272961477,-39.93076383348231
68.45881982236996,-42.21617978030897,298.43635788519816,-21.672024274969846
68.45881982236959,-28.6701641333588,21.936963927660557,-42.409339035504736
68.45881982237007,-52.45703883309605,221.43898497977239,-36.05208442718815
68.45881982236943,-40.49203809041133,380.4009593597158,-38.40820040506914
68.45881982236928,-44.84497998414535,-14.042264001819571,-50.315116601020925
68.45881982236976,-36.60661926588092,36.831623405905354,-44.69349663882255
68.45881982236949,-47.07134028423281,121.0457541881385,-26.622321459139584
68.45881982237012,-42.939921318694005,50.03247054564608,-39.370312652503856
68.45881982237026,-32.83600711191394,131.18035186370952,-42.426361890522394
68.45881982236996,-34.146475740105174,135.7931555200055,-36.00026927163588
68.45881982236979,-59.61971770223797,67.5107737437727,-57.5546276498831
68.4588198223703,-37.13764949527594,14.717804469223307,-44.54464973511275
68.45881982237039,-36.944921114363225,-8.385192526511887,-60.01209168046267
68.45881982236986,-47.79915383220638,102.8327316342502,-45.09932349715148
68.45881982236949,-53.58612516069983,402.6551644294375,-19.676820564129784
68.45881982237,-34.63540865198853,95.08356471082374,-41.589685407639486
68.45881982237036,-44.159082996044994,2.2994057211858987,-50.42261234554148
68.45881982236972,-51.08592728229419,-9.489738962366246,-59.31280822093825
68.45881982237042,-54.961647410180525,208.9297943160086,-43.6972726216218
68.4588198223697,-33.33813612591131,144.7427984384028,-56.794108883173756
68.45881982236999,-51.25100561521396,166.97028980132905,-40.23510073872365
68.45881982237023,-43.293334060978204,113.55881139985185,-38.08938462059769
68.45881982236999,-40.305163808882504,-20.374619827507743,-52.69484372282341
68.45881982237047,-32.947652918030165,523.218496319546,-29.046810666445
68.45881982237006,-44.26347358774735,42.74951665281175,-51.23509475653496
68.45881982236935,-43.09866924406096,468.71446528502725,-34.16601079761149
68.45881982237043,-38.536568259190794,-2.810929240386184,-40.65611173689167
68.45881982236979,-38.5701205379055,-67.5063824052873,-76.64929221839897
68.4588198223697,-42.65945217373361,146.52561520779958,-36.59495131258929
68.45881982236932,-33.613502068193,89.49155872723587,-43.00564258471709
68.45881982237006,-42.10537378436076,142.52738040681882,-37.39912339711826
68.45881982237036,-53.72033093463933,54.05625453466914,-34.12094686452165
68.45881982237,-45.11370184228932,60.7197870512312,-41.4468591844195
68.45881982236999,-61.33152396448782,93.3106373257627,-49.59460674433719
68.45881982237023,-45.24576708224466,113.73147507254177,-43.44880981644961
68.45881982236999,-36.38394597966298,59.69809499630332,-30.612488122822267
68.45881982237046,-40.20977856462946,25.774337393833235,-39.068754461669705
68.45881982236983,-40.69054748565277,184.21830529051104,-22.829394912822533
68.45881982236975,-45.04725932887319,132.2670559759834,-46.54698639052479
68.45881982236924,-40.68210555318723,-9.05410688503654,-38.07635335355711
68.4588198223702,-33.045314169557074,27.573757023232794,-41.12078961470807
68.4588198223701,-32.07068135803412,247.5682404208948,-32.80574593950659
68.45881982236844,-47.37837425030956,77.59830319351322,-37.40383468708421
68.45881982236975,-57.74719604776395,332.26707406305235,-29.503994692626968
68.45881982236996,-35.55032772611991,144.91181222825819,-38.550453359831785
68.45881982237,-48.252648522969075,36.6536042866775,-41.500139000982784
68.45881982237078,-37.83785049967104,62.91377935885127,-33.7184150694336
68.45881982236892,-40.95381727767297,-1.3232635579261465,-50.45589084812446
68.45881982236955,-50.57048653656042,214.3587625928618,-39.54813806450341
68.45881982236888,-39.50004527715162,78.29518471363544,-38.149658792872245
68.45881982236932,-48.47138064001406,137.03552808865865,-40.38952223142864
68.4588198223701,-24.95630117609159,0.329118686296459,-55.041495988606506
68.45881982236986,-51.93886217550357,153.76821686028697,-39.00967029470031
68.45881982237046,-49.74517199263738,-12.307420422381753,-47.41524013988276
68.45881982237067,-49.48858911968722,270.2874667200402,-35.95449770539445
68.4588198223697,-32.1884261668299,126.23273136589037,-51.3343533919591
68.45881982237032,-47.92842245736939,1.6781805019722373,-51.015703261874634
68.45881982236956,-42.26570583286,-70.04666289140195,-70.62002790158922
68.45881982237026,-34.77143483537122,156.60187360953609,-32.112135673128996
68.45881982236988,-35.46695529493486,321.4197566422605,-41.07391836365573
68.45881982236976,-43.67734383782429,222.6515770314635,-33.788757087458244
68.45881982236986,-43.185433484117574,-11.006774729904233,-46.77636992961523
68.4588198223701,-38.08484484442465,60.04862874251693,-35.197642680100515
68.45881982237141,-39.43536382934544,37.26527054341362,-59.80241510528186
68.45881982237003,-36.91667262360249,590.369777061209,-30.72893791384902
68.45881982236956,-48.63762191512965,-45.605928185685485,-60.03258004873588
68.45881982236963,-39.772734926697915,70.98985745341263,-44.54946531638085
68.4588198223696,-35.82623810160619,91.67062582883739,-27.373876554039523
68.45881982237047,-41.40958827887133,-55.659298273501044,-67.34688460652663
68.45881982236992,-51.89923012852624,367.5589273457673,-24.806093054765643
68.45881982236935,-47.07705276564096,342.6978462641049,-31.01001702046028
68.45881982236995,-54.03746203011895,-35.00591962220844,-67.3314505236647
68.45881982236956,-45.13490805538596,376.041297171044,-30.618081739642278
68.4588198223696,-35.2008764075934,86.87121278912267,-65.35732953297226
68.45881982237019,-35.27074747563981,244.59277142907928,-31.252206722338016
68.45881982236959,-55.60119982761348,23.46181385636763,-41.79370275207105
68.4588198223699,-44.75057905155607,15.841437937881597,-39.8748613392648
68.45881982237036,-42.19233629186758,64.44492531362998,-28.500429677951754
68.45881982236992,-46.80721952213881,-18.419945122610226,-58.833099141104995
68.45881982237019,-47.46361677935762,136.2072349077687,-33.932772515007706
68.45881982236956,-46.79979962102968,24.91979511450262,-46.44677704065725
68.45881982237003,-33.67647490629517,442.2739171859002,-35.61064932538136
68.45881982237,-45.61318637257544,36.46920862060554,-43.34847291621148
68.45881982237078,-56.80612166604926,14.982410487976372,-54.91803050651003
68.45881982236979,-45.382620751641554,-58.57774178267561,-76.31510550015318
68.4588198223699,-34.5529454587292,-12.783256268454712,-49.293018730314046
68.45881982236986,-53.393132417250676,143.78018810396367,-40.688851218106194
68.45881982236935,-38.621392248128885,258.19185643684034,-52.23301588796977
68.45881982236972,-34.27083117803698,-30.945011278904566,-46.87305049179699
68.45881982236996,-62.983712281598635,252.8215212985554,-38.38491129166298
68.45881982237026,-43.448503179636724,227.20384448335645,-33.645565512199596
68.45881982237027,-37.86539189963891,186.24835073450186,-47.359459248468006
68.45881982236956,-51.856838507234805,-71.02143272859489,-75.47620902204713
68.45881982236972,-52.95743358308871,247.19099399045524,-37.464704469231144
68.45881982236928,-43.78585500809973,392.34022904112436,-34.17256704766142
68.45881982236979,-40.430096146158476,26.495626667384453,-60.44747097405766
68.45881982236952,-42.97734559555638,-0.5365153133164546,-70.93069173139568
68.45881982236929,-35.80784267757545,53.72432373764533,-44.21128114483673
68.45881982236956,-48.748689077304995,66.41730412085292,-48.22828958517964
68.45881982236968,-50.69495495169251,11.604092119141441,-47.45195785679499
68.45881982237023,-36.19106239406668,589.156064534799,-25.006686328108174
68.45881982236968,-55.69420309056887,204.2856208720373,-33.57079032496502
68.45881982236959,-50.35088200205843,330.00852870901224,-27.12795812180736
68.4588198223698,-25.491109016165392,22.904770814221,-40.95304398636193
68.45881982237059,-32.33488347458058,-11.681066519925565,-50.66950813671932
68.45881982236908,-40.09959188960532,110.24732903198178,-41.23318388915463
68.45881982236925,-35.37378629451021,-29.272829506089003,-64.13309305012478
68.4588198223702,-31.687901878011438,5.14217006353721,-45.047158556181735
68.45881982236956,-44.92682320424005,238.9228404496317,-30.525244673428574
68.45881982237059,-27.383645583925798,273.19767133066705,-44.39773838526641
68.45881982236965,-45.19490384734722,539.7739495570162,-39.68084631797987
68.45881982236995,-39.28024448767077,72.1830234380483,-29.152912602156412
68.45881982236999,-31.259010371915018,63.266954348227486,-31.770686416428575
68.45881982237003,-41.47049692347573,312.02452974684417,-32.9318741524635
68.45881982237051,-41.39911952195507,10.202683324249339,-43.912976339517094
68.45881982237003,-30.000634872757136,-20.402496071522023,-53.314386087728536
68.45881982236972,-58.33520280663913,490.0162374970587,-26.14471462195259
68.45881982236943,-32.328768256451454,-53.52099848106131,-76.66032909224066
68.45881982237047,-26.06664869865235,33.943461120906335,-51.90805393020466
68.45881982236963,-49.18451344603254,63.72300222448626,-41.9323854469118
68.45881982236921,-44.257878448065966,34.52195113839134,-47.08792799235885
68.45881982236952,-38.19400455928955,75.0318935959927,-38.884762103668315
68.4588198223699,-33.29840319042593,135.78702438978758,-28.246687724598686
68.45881982237016,-57.875661312079885,216.51382463476878,-26.90259882211794
68.45881982236955,-32.36290656707933,-14.77955209740739,-37.652493122638084
68.45881982237,-40.34462647716809,-4.753425748722496,-34.16363761288188
68.45881982236979,-44.63838457060538,-63.43956821428962,-70.03971113550797
68.45881982236999,-39.371530874889615,348.96160132205426,-31.240811928486167
68.45881982236979,-45.68248404477383,89.84753285813103,-34.153918757852445
68.45881982236979,-40.038645337753955,49.72482190555843,-35.313932847815686
68.45881982236995,-56.880986624031024,38.20633121155013,-35.71761048436313
68.45881982237034,-46.747376020992235,764.8810076267021,-37.846942223489556
68.45881982236975,-56.016707765176065,77.28336063704637,-41.32971303543352
68.45881982237027,-52.455701444595995,76.55822422779615,-39.74873898395966
68.45881982236959,-44.06608040674411,159.62914572354111,-43.392471705693694
68.4588198223701,-37.39402945998075,76.19250962159492,-38.58534590350289
68.45881982237003,-39.840969924356315,89.94389614001341,-29.687342887402522
68.45881982236943,-49.95358633339616,321.460389883855,-35.107519539919664
68.45881982236952,-54.02215426008837,153.61046561684333,-33.22330337849896
68.4588198223703,-43.50696446293219,-8.92560950303366,-52.23611991744953
68.45881982236935,-44.36784116683613,62.32216151389671,-38.79291804397526
68.45881982237125,-51.99243177194638,77.19154404833948,-48.53956358263511
68.45881982237015,-46.898958282043814,35.18043501985868,-36.52551358592291
68.45881982236975,-32.44210418520475,-39.680487834369906,-54.81293398937449
68.45881982236921,-40.62118053882434,122.77967741689145,-34.532816997486016
68.45881982237003,-44.157163604199546,28.20456829686386,-55.21318624084031
68.4588198223698,-30.350511881725993,90.40497668547177,-32.71452454373469
68.45881982236999,-43.38743367738821,93.66836048848224,-47.557151492384506
68.45881982237046,-43.73666624595116,412.7994219273911,-23.62844971738136
68.45881982236996,-37.08613673877481,-47.667113030467604,-56.8602289626356
68.45881982236996,-47.13673511358771,14.061136480086223,-51.462303974763145
68.45881982236929,-44.27967241259777,79.81417910086905,-28.649175913363923
68.45881982236999,-39.91259214107308,254.31411868440054,-36.36384261712836
68.45881982236959,-44.13670444955419,-64.00669176664806,-76.97847996622664
68.45881982236936,-59.13073098134392,56.96964704603453,-38.28985732691358
68.45881982236943,-42.81779472554085,244.24064112003617,-33.2054813968673
68.45881982236976,-52.223675848491304,103.01429901397955,-29.331978892836297
68.45881982236888,-35.178160114150955,310.59710826905695,-28.010002076294725
68.45881982237047,-40.43254003787293,70.85711980002243,-47.79231941357893
68.45881982236939,-44.120581431027716,84.62258462721431,-47.09169127584493
68.4588198223697,-42.50935181058955,-11.73649602948682,-44.378157834634166
68.45881982237007,-34.75208777600848,82.10199708478424,-41.0477269544447
68.4588198223696,-54.41964347455253,59.281697434273674,-35.86303305837293
68.45881982236884,-48.21693936929411,142.5300631780805,-40.723859820510455
68.45881982237027,-41.69223266128724,16.711412804829152,-37.18770144036966
68.45881982236901,-55.97340924587718,522.2901933359361,-41.9464023062703
68.45881982236959,-37.392667971548065,-32.159841204314965,-60.232832037140426
68.45881982237046,-34.683773914865604,112.94531915993149,-34.22054478027988
68.45881982236986,-36.60289827285374,28.90905896326381,-36.75326107097241
68.45881982237015,-38.77486004108282,967.0439349560157,-21.082844763760566
68.45881982237043,-60.92441648741187,71.86078283946044,-35.64889921195824
68.45881982237003,-38.96799349955483,-17.872692840968686,-56.18063128513582
68.45881982236929,-34.96165672933449,312.6113254598656,-40.48233966373325
68.45881982236992,-50.10842144882541,-35.75807443912613,-71.84332880645456
68.45881982236945,-42.367325904810116,38.874382624705994,-43.2965614054777
68.45881982236995,-49.15443739372935,79.44083833216864,-32.75150679671183
68.45881982236983,-38.617768954361985,72.30259258383656,-52.74778157192739
68.45881982236952,-45.17751399964665,17.464756584988827,-54.44595927613878
68.45881982237026,-39.61753298652889,300.2427683063517,-46.28771987437694
68.45881982237091,-53.41363292969277,60.23049757489767,-55.88705853681712
68.45881982237027,-28.465339776295583,-41.54377081261891,-71.13800324103761
68.45881982237081,-44.400389176256894,-27.864101944420806,-47.64027977340779
68.45881982237023,-59.339583253943864,130.31695768656127,-50.86900729928274
68.4588198223703,-38.656656698980676,40.25873664460467,-44.15375267699139
68.45881982236992,-41.13067392915838,173.31436170762075,-36.61494701005843
68.45881982236928,-59.56636214051345,-60.88737653687068,-77.30435202381906
68.45881982236999,-41.12811133416604,-21.483188905683026,-49.03659619659123
68.45881982236992,-46.27925830472596,424.50178442050276,-28.8158645294464
68.45881982236995,-34.84772989903641,-74.38477307623835,-78.98561151640709
68.45881982236874,-42.917349554172276,-33.76567965130219,-73.55752256371183
68.45881982236976,-40.63333643837702,186.67602019504778,-37.234608874613485
68.45881982236935,-46.19175514869549,56.28082899524516,-51.47887901744785
68.45881982236948,-32.90546869835921,-0.6412036586048164,-47.419468680433205
68.4588198223698,-30.802621687399334,79.29007371257191,-43.973997266929196
68.45881982237,-42.58913181790073,217.94703291790137,-37.03344564015434
68.45881982236972,-47.45841184689835,-75.7461956065087,-76.65525131935705
68.45881982236976,-49.76358528554362,62.866126596502106,-46.99484708011643
68.45881982236988,-35.628856139166146,83.73732456528944,-40.137655184979316
68.45881982237051,-43.696704650526854,9.291541756490851,-43.27815162448885
68.45881982237078,-36.94013221938237,156.34822609995075,-34.720075541676984
68.4588198223699,-43.65332641673232,588.6472372763054,-36.1895419416013
68.4588198223696,-35.59245318466932,-71.64926626035637,-79.06500555557523
68.45881982236975,-43.247527841290214,426.15012382134137,-31.372203793041862
68.45881982237077,-26.805761591625267,463.97628939040516,-30.347675702544443
68.4588198223705,-51.7576239715682,117.07779740562043,-43.13595860548768
68.45881982237015,-42.352135750292916,-8.657925841917235,-47.80137227112748
68.45881982236996,-42.74964734893041,14.985050810620649,-46.69995161930983
68.4588198223701,-43.24049618381953,-20.24815796106354,-41.46447080902497
68.45881982237006,-54.74583984253538,43.009301825838264,-57.98573000420279
68.45881982236986,-31.54288705657031,190.86685365965312,-39.00211966916385
68.45881982236988,-35.32585491926115,127.35140976559585,-31.373144667769303
68.45881982236959,-36.638960829416966,60.44110651254988,-27.65793530314954
68.45881982236935,-50.47513634188152,92.18264402539211,-41.61729585212112
68.45881982236999,-41.24677785307892,54.280030024886194,-43.46984395583372
68.45881982236963,-35.25591643495645,-0.7036301740529494,-49.59521003527322
68.45881982237007,-38.87343281394195,85.15234012926125,-33.745718090817675
68.45881982236986,-56.97360132036382,-30.525694318025376,-48.023821775014575
68.45881982237034,-36.82549488138667,-0.9499587446593627,-49.3229333535643
68.4588198223692,-35.86808356340021,63.56566286415306,-40.751789012750905
68.45881982236999,-36.08194751947894,5.944088795482827,-53.32186427925774
68.4588198223696,-59.282079188711926,69.85551898059805,-36.79142960336724
68.4588198223701,-38.80290111697173,383.6821073518877,-36.87858821519809
68.45881982237015,-43.257490622361004,57.22602594820829,-36.33009247887168
68.45881982237006,-47.38739071358228,70.0813046054722,-53.43533183696696
68.45881982236996,-41.448178719429016,54.76211510407152,-46.04890892747918
68.45881982237012,-40.44264514110183,157.52887593634298,-37.25021761177617
68.45881982236976,-59.54397324185534,80.7389574887576,-37.575563305069835
68.45881982236968,-36.048201974341374,24.129437090503302,-67.51375539871873
68.45881982237036,-35.18122022452299,-31.63066621393601,-65.62655240494436
68.45881982237,-27.52398520253667,-34.64764348655035,-54.32590419976343
68.45881982237003,-50.549591988910215,183.67244154026645,-38.02924796505379
68.45881982237026,-36.00939558309433,-30.887020864315318,-47.44682481213586
68.45881982237,-38.94385201676731,378.3485259452015,-31.680316659677644
68.45881982236995,-38.966281305612426,93.93585159383962,-43.981226788211124
68.4588198223697,-39.4680640233949,269.44234145853653,-35.36244452396863
68.45881982236963,-39.63021783950039,88.72473946572651,-35.192225623602724
68.45881982236948,-38.707610277668756,101.15395955369264,-41.21071574754323
68.45881982236945,-55.68226849650533,94.62500965907006,-38.77712302329584
68.45881982236929,-46.787721244529955,29.015216292748946,-41.577854584972606
68.45881982236932,-30.148667512261884,-13.13693960776675,-49.07439271292765
68.45881982236901,-40.607809476076504,6.699244913454949,-47.26523453100656
68.45881982236975,-47.2658524091644,341.1896764533462,-28.68010335911888
68.45881982237042,-37.18078483279196,196.07897113011325,-40.900470299934454
68.45881982236968,-36.251827177253894,-60.378305105939525,-75.2275667215608
68.4588198223701,-34.33317144670196,17.243744893656476,-50.91870705003586
68.45881982236945,-65.3334830792915,167.77968559326345,-42.45719093562044
68.45881982236935,-59.35498964735206,40.81160126197565,-42.95988519736325
68.4588198223699,-47.70607765316577,198.626273659612,-32.66253598261428
68.45881982236999,-32.05295278251803,22.38555717719106,-66.68501826670362
68.45881982237006,-48.006313124558744,165.93516494870016,-24.36506145356143
68.45881982236956,-42.10694960920731,25.243536944333055,-51.88104702783083
68.4588198223696,-37.841158986602316,4.935672145338654,-46.42131485259693
68.45881982237016,-58.595007945349224,40.62613775219439,-32.27238529879091
68.45881982237,-42.23637648790993,118.81407347954736,-47.4081280345626
68.45881982236956,-52.44264267168418,468.2333079883757,-45.05883154454756
68.45881982236979,-33.19417970813928,252.83411090228944,-31.137787459536813
68.45881982236963,-59.555188594536865,155.7721600035333,-34.59675831518587
68.45881982236995,-47.22470233927262,-2.325167245273374,-48.90095885158664
68.45881982237063,-36.565068081799815,183.52083355478422,-45.25047916419188
68.45881982236968,-41.85824282723027,-45.1049651547364,-63.16261252941027
68.45881982237,-44.857791433131055,70.39292115494014,-39.800360766498024
68.45881982236963,-33.26054198238961,188.2871071210265,-32.0072782888286
68.45881982236959,-60.88974030309444,492.7560618142904,-25.810895936711198
68.45881982236943,-35.66037804070486,19.164045677924246,-39.91754080155619
68.45881982236999,-38.80571380694365,79.92131964171017,-56.38536743627416
68.4588198223694,-32.13637266442397,9.830346936994783,-48.09810589531829
68.45881982236943,-34.713435423721684,115.49982884054972,-47.247744618688216
68.45881982237059,-51.78634511078073,19.97666647865042,-51.904505441696934
68.45881982237027,-45.087997169614724,97.87373918515125,-55.58423306845306
68.45881982236986,-41.441460991412285,149.1727189548247,-38.66039280675617
68.45881982237023,-44.68250363177777,104.93450310434329,-42.82889737576742
68.45881982237007,-36.259874752703155,-24.833217555025723,-46.2542903385006
68.45881982237061,-35.71932176100636,-2.289635980987026,-47.66912969455511
68.45881982237051,-41.77832276034194,31.097741066923067,-63.704961188280684
68.45881982236959,-51.72903778420229,152.54209947367886,-30.355999486232832
68.45881982236996,-55.38787160893733,281.06998465690856,-32.814186486014584
68.4588198223699,-35.44093470911679,-29.59230741797202,-68.16422770735804
68.45881982236992,-48.07256720147469,-28.37606957604605,-47.49841776944048
68.45881982236924,-45.36227770969592,51.07404386955994,-45.197882641691756
68.45881982237034,-52.35166011174888,188.0940120106125,-43.6774385280186
68.45881982236988,-39.899840301964694,145.65165692643217,-44.70464942060644
68.4588198223698,-58.45315805560072,43.45811127323993,-52.53045863706771
68.4588198223701,-35.37304098334514,104.4899501867182,-32.86582145465847
68.4588198223702,-50.54556195268341,556.2327060812873,-39.05434933613437
68.45881982236945,-54.43069751321675,33.0854161640074,-54.53015016045741
68.4588198223696,-29.591726727946433,84.19381084807756,-47.351458826543144
68.45881982237006,-39.19762454502127,5.293113749822043,-48.355535026508534
68.4588198223705,-35.577340296099194,97.86938452169545,-41.54249931539513
68.4588198223703,-33.6762253386521,6.964525933374643,-50.39133681831161
68.45881982237015,-30.896887309310404,27.621076469580295,-37.264721498669154
68.45881982236976,-38.68490464471977,-3.93072315065357,-48.44644672458741
68.4588198223696,-43.20041605619036,99.32665167744933,-33.39282624903063
68.45881982236995,-53.85382059903472,23.48824606155646,-43.03718812020188
68.4588198223703,-46.79596295445286,165.8064422072581,-32.81545211471916
68.45881982236988,-33.175354331038044,-19.81382938465146,-50.15418846382672
68.45881982236972,-38.93737670289333,22.97771728034601,-33.99569464768254
68.4588198223701,-51.458612341279974,113.89414284687697,-38.03571907459523
68.45881982237,-49.028284964125156,246.8593890657895,-33.77242071358315
68.45881982237066,-54.35449735674086,100.5687991860388,-34.96282272227727
68.45881982236995,-38.7133902600278,-3.230677516874836,-35.243967698871636
68.4588198223702,-37.902699414552366,-43.78895362319083,-62.28525963133217
68.45881982236921,-39.60125997051011,63.54688148938767,-25.00962864938939
68.45881982237,-48.04558400016112,-14.598641057407114,-60.80820693675317
68.45881982236979,-46.16933526036282,-7.498475793838477,-46.50165996460531
68.45881982237043,-40.66095486707422,230.25014910756684,-28.28322389738115
68.45881982236929,-40.664348825103225,180.01279892582795,-54.71278482096881
68.45881982236945,-31.93200103371562,-19.922179846693588,-49.11112247466668
68.45881982237007,-45.99579390162791,73.65761560047244,-34.10587902454642
68.45881982237,-36.72119079137681,35.783191008753626,-44.07416491396171
68.45881982237081,-45.44987870885063,-44.658686494207636,-73.17939720427049
68.45881982236884,-48.76212532782894,131.8617954206514,-43.27468635940552
68.45881982236983,-33.95579521280913,84.51042311799026,-45.71269544190501
68.45881982237114,-54.6353961069024,-36.771626150490675,-53.533581261311404
68.45881982236975,-60.49963834132964,150.15987019990772,-46.25611254581572
68.45881982236963,-40.56843891409899,146.30829499702222,-36.071364729791654
68.45881982237039,-42.82653477831322,-13.230694787935205,-61.819973004775775
68.4588198223699,-32.40927278301443,380.3377389248096,-36.9940996275976
68.4588198223696,-43.54083348303265,145.48934933300092,-39.06726050699334
68.45881982236945,-38.34739153471634,-7.351922843012737,-37.3204373303199
68.45881982236949,-44.76863142916796,40.9610817643673,-45.99634751126764
68.45881982237007,-37.063174164191636,358.1934937520323,-38.51551076174932
68.45881982237015,-40.795536560221876,22.69407302506803,-63.178396273196434
68.45881982236996,-38.04745480263959,82.8159609011433,-46.61901755365656
68.45881982237039,-42.3387867444275,-5.039597873076884,-49.92763430897338
68.45881982237036,-30.503615140419672,73.5699038814769,-43.93792703376579
68.45881982236945,-36.3301889830799,159.28773121733056,-43.302872577880855
68.45881982237023,-48.79578927321076,41.31532825044777,-45.51153411270346
68.45881982237026,-33.81210126540156,59.03967744984748,-31.396588547164338
68.45881982236999,-44.0964228841126,26.6440822702555,-41.911847570537034
68.4588198223699,-45.9593607686874,-23.30798943881399,-65.52017491429308
68.45881982237006,-29.828050311891154,247.80600416653354,-30.698996280002344
68.45881982237023,-29.11905998394414,143.741840519582,-31.76298080577027
68.45881982236939,-35.0462504646863,23.252899699773977,-52.82543214065426
68.4588198223696,-56.64748726164175,248.85552432221957,-41.856577744139514
68.45881982236928,-50.77404037356863,58.66168625083663,-45.16680649789863
68.45881982237026,-53.41514554956006,51.22122440955621,-28.41339520600953
68.4588198223698,-44.63576144582881,11.669594854595665,-38.679511793332146
68.45881982237066,-37.008251858625584,470.1526151863079,-24.043406464418226
68.4588198223705,-39.184899759619405,237.991296280283,-32.34799362552959
68.45881982236968,-38.61513323907996,85.64220033737197,-48.456692208711004
68.45881982236943,-45.46912078116947,191.89178341181398,-36.015633660855805
68.4588198223703,-38.72458067398553,496.1988381374629,-37.46322329364114
68.45881982237023,-50.47921751004806,169.5287771697055,-26.35422309116925
68.4588198223698,-33.080049500928595,245.57341272154895,-37.72769789778544
68.45881982237034,-36.55255026823657,58.21826636263459,-35.54745717985712
68.45881982236975,-49.054264935146584,-45.944194462830936,-66.12512736726327
68.45881982236996,-52.3894831191241,183.78464203207255,-46.07949964850951
68.45881982236936,-39.123040367157046,363.30519234365227,-36.884944668565524
68.4588198223702,-46.742244704399226,204.0126936097625,-25.378319606037415
68.45881982236955,-38.895692799281,205.96651130007885,-32.67102221904802
68.45881982236959,-46.21951255249189,84.51622201083413,-49.315149646855495
68.4588198223702,-37.76820219763993,347.81786062080744,-42.13357274511221
68.45881982237,-43.48921008548968,14.9288698056653,-36.69946214907726
68.45881982236965,-42.64980342726097,90.47150451277572,-35.71597534145589
68.45881982237063,-55.857160494247736,-8.627458877012927,-58.04080346463907
68.45881982236905,-41.043637994323056,461.1157259572634,-35.65312704113632
68.45881982236968,-46.20693482278641,58.07686973204478,-42.91052246386924
68.4588198223692,-45.290929223422495,211.21396649020951,-33.05995043686066
68.45881982237114,-34.47773587741595,29.53835666654927,-41.76935194654663
68.45881982236995,-53.4972567986556,56.25951675009062,-40.44500337862781
68.45881982237074,-27.121596008012748,2.9888116353337324,-29.856210126564886
68.4588198223698,-43.40870400314031,159.08678382713794,-30.49735871336472
68.45881982236972,-53.8981810541751,20.229907482219357,-41.87584359984767
68.45881982236948,-38.65236843527159,518.4272213479052,-30.715859210522247
68.45881982236925,-31.69772466941171,-4.4081092209083295,-46.69047426030987
68.4588198223702,-33.768968290425114,25.94536463164616,-36.8089860019991
68.45881982237047,-51.04486632620571,126.30888745448483,-35.79679410634018
68.4588198223702,-34.94818282376192,-10.156568531159415,-47.56697293457414
68.4588198223692,-52.621129679390364,-34.90795452071033,-57.89934888135506
68.4588198223696,-33.72733718998351,66.18771437801973,-34.501387568778654
68.45881982236976,-31.72348623998733,375.61595091812706,-32.947509867185566
68.4588198223701,-49.03768866498969,24.278340930000386,-46.74486603383875
68.45881982237077,-36.5826065110659,237.64126508904488,-25.725517753425976
68.45881982236968,-47.584102830165364,47.432370643487445,-42.07920598595153
68.45881982236972,-39.8361985427355,2.278002869921858,-51.797936419128085
68.45881982236995,-52.73910738668308,158.24081365369702,-29.488865484491335
68.45881982236959,-37.95796193087292,-36.15732872752313,-49.433217905053205
68.45881982236972,-45.10107835791957,140.05323622439434,-41.30961464057171
68.45881982236925,-54.735968316093,9.979346629379027,-55.74860294021744
68.45881982236955,-26.489849841422995,131.8766425512278,-41.772611641532784
68.45881982236959,-41.52205694589399,120.34988688269172,-42.136251062884
68.45881982236992,-42.540907095455836,39.570224894807836,-33.89488906120187
68.45881982236939,-45.836333222906056,57.278430820034856,-39.56074829130647
68.45881982237015,-36.24109515977533,129.58345537356394,-33.95042249710907
68.45881982236939,-52.81409684596618,-50.16024713710312,-67.58396371310808
68.45881982237027,-53.9438142352497,2.5697719085595816,-59.18559455293627
68.45881982237036,-34.223665073134846,111.5207155247596,-42.44404662797313
68.45881982237023,-48.87663287347866,57.96236171475393,-49.98993328451148
68.45881982237077,-37.907619559607966,478.6308946764943,-38.20857846190936
68.45881982236939,-54.780973904992834,-35.315347438428,-73.44149344096816
68.45881982237026,-37.84342359506986,329.8647571528231,-24.776855522130315
68.45881982236995,-50.843303058481496,-5.141591501862641,-39.78177258379393
68.45881982236996,-26.87936172520562,-61.7434767895228,-75.4104125149212
68.45881982236888,-35.239664338087536,-37.01942921226823,-54.89503202010786
68.45881982236992,-48.72833734420453,-30.63625707370384,-64.36454320872873
68.45881982236995,-38.52895652347698,241.1388190320955,-37.08416407082088
68.45881982237023,-43.0829438521488,238.35370826787502,-48.419352665486045
68.45881982237019,-39.81535289994235,79.97075618514373,-48.919708814861075
68.45881982236968,-40.902491795506904,25.780394966366018,-47.35149889110076
68.45881982237027,-49.89103632153942,97.12925906612446,-38.186582703556674
68.45881982237027,-22.295931159862526,31.262175545292404,-39.34452080579861
68.45881982236948,-46.97931292848173,161.178366905092,-29.56758737536497
68.45881982237043,-30.5183325759133,41.874560066613476,-55.321708138176675
68.45881982236979,-47.150155329375806,-8.395450949391769,-46.46329714947171
68.45881982236992,-38.720327292247305,108.89397076611003,-43.02033473662031
68.45881982236995,-30.877996127741735,0.057762986305998076,-53.09056980496557
68.45881982236976,-61.08712705393595,-4.68055389942057,-55.80942237555342
68.45881982236921,-39.51639034366556,-34.18541962793659,-49.48102527269346
68.45881982236928,-45.50733196617496,231.69376250307013,-48.26444337262308
68.4588198223703,-36.13311879354436,476.2685562451777,-27.20328021449806
68.4588198223705,-62.19292977081017,72.16870702649061,-40.176089142292746
68.45881982237034,-47.715393005187444,-0.4122824537755032,-42.61101635808407
68.45881982236999,-39.1729753558979,13.337164083801722,-43.88106764327113
68.45881982236965,-54.60313899329765,11.186992742776258,-49.270305128983374
68.45881982237019,-33.3492617701435,-13.403134337901923,-63.83016084501647
68.4588198223699,-42.31034713767517,40.9560726896312,-56.05266639999886
68.45881982236999,-31.851685759614114,75.45064381816633,-48.700340552590596
68.4588198223698,-26.93322779847207,108.18333374559276,-59.03071664875193
68.45881982236955,-43.01065761347307,201.11535111339353,-37.31538008513563
68.45881982237027,-30.83628188013112,-37.68059374059809,-52.051586171282516
68.45881982237,-33.830548182182326,-38.312885599620536,-69.52636989337182
68.45881982236995,-63.192638142108336,39.10142443900453,-48.43813906948671
68.45881982236965,-47.981491777887356,28.499946059932913,-46.16009383124676
68.45881982237032,-52.53428598457421,82.65047382442702,-35.545376562022255
68.4588198223707,-37.60318343290625,212.4939525457323,-38.77068321834325
68.45881982236963,-43.56719427166836,2.143921573966834,-38.55277992055974
68.4588198223698,-59.21232014419766,151.0191889419985,-34.29123230616936
68.4588198223703,-49.08058672745375,65.861470648388,-40.4635297332975
68.45881982237006,-38.34934968003337,21.13807088242805,-47.11935023958429
68.4588198223705,-35.90537050534943,215.67049260217038,-36.3026058056086
68.45881982237036,-39.02145116234163,304.7261340613065,-45.156806477142844
68.45881982237019,-37.213276055730425,255.23127621439153,-31.741843609925326
68.45881982236983,-36.77752449901841,46.85689746231305,-54.60034471483435
68.45881982237019,-38.300313185780055,-9.958434754147117,-48.78645200647432
68.45881982237023,-37.20368289117491,-49.01074661067803,-55.70388249285667
68.45881982237006,-37.447331792733316,81.19065190977805,-42.950360150658184
68.45881982237007,-61.09422094107843,21.446429962490953,-61.18338473307836
68.45881982236924,-32.202988194059635,-78.5470147042996,-81.95600014007539
68.45881982237,-48.526848524467816,234.06722467628606,-36.332317556986624
68.45881982237063,-57.766091270246164,-37.954785902712096,-56.50923421493417
68.45881982236959,-50.02513319866494,154.13959255334677,-33.07398722113128
68.4588198223697,-49.277604175845,46.17791031573806,-34.20457662541081
68.45881982236986,-45.449496026159764,48.457974984272646,-38.76168056835018
68.45881982237015,-52.70138197289943,325.4655092879406,-19.125738396066673
68.45881982237098,-51.50119039490486,-1.5134558686380362,-50.93085661743759
68.45881982236975,-53.55877205542657,260.3862989211719,-29.88159508096001
68.45881982237023,-54.28547315284289,149.0014730203145,-35.908163795977686
68.45881982236929,-44.23748125911953,202.73949509286547,-30.703414689116993
68.45881982237026,-35.7203026072781,-55.915689334998696,-79.66452691092634
68.45881982237006,-59.47720467072507,26.165099997611208,-53.016501102104684
68.45881982237059,-35.54211007929161,4.207916958478419,-54.98258671347747
68.4588198223701,-61.716529765633524,329.132136413161,-23.059163497022894
68.45881982237015,-44.07848552892262,106.3613639158647,-41.28960257964077
68.45881982236988,-43.5165978252257,-8.40513451384891,-38.58613949504102
68.45881982236996,-36.64075466407761,197.00141652913322,-32.96320732695895
68.45881982237007,-34.29603531053241,82.8987675346139,-40.10129599091863
68.45881982237007,-61.35941217854863,34.78801751762654,-42.91456102943159
68.45881982237043,-53.17814287016602,155.79117359183923,-40.17928374585556
68.45881982237015,-47.68708963350725,54.23143060046458,-38.269057109244045
68.45881982236988,-33.24468606244726,768.2803547722393,-32.90757700595073
68.45881982237043,-36.7348032192855,21.872096800015427,-30.939586264164674
68.45881982236986,-30.737135987239295,-6.331643173303469,-50.87014149780011
68.4588198223701,-39.00181165736426,14.422060438371531,-36.80377291005762
68.45881982237057,-63.08152566732736,-43.68481560705562,-62.72841043124513
68.45881982236983,-48.00558207219894,185.0564334260867,-27.890416733904267
68.45881982236972,-55.059198748331426,44.0115380096455,-35.10628085180838
68.4588198223699,-61.87045913045852,9.677445185032996,-55.83001029226126
68.4588198223696,-36.49001503921221,-26.502571863350244,-43.965807540543665
68.45881982236979,-39.642813262129515,130.85760952585014,-31.60791375977943
68.45881982236939,-42.590062228835514,160.38490309810282,-42.61277607724283
68.45881982237059,-38.2116862262896,9.234488672066576,-42.60703595413522
68.4588198223699,-49.50819131585666,162.38329889269417,-42.131702026165186
68.45881982237067,-45.2080687119227,11.006840107194815,-53.08252523121737
68.4588198223701,-47.75244635545898,-14.400542834707075,-59.05502091520258
68.45881982237047,-32.61348185950693,360.2576639945296,-37.37053642530343
68.45881982236988,-52.59968815949867,23.417025831222603,-46.13233734219608
68.45881982237012,-38.719573008739886,6.005817534953128,-54.334426517711606
68.45881982237117,-38.00056996415109,508.6808534774717,-40.489245443173196
68.45881982237074,-51.88414454144794,329.7696665061399,-31.770854045328388
68.45881982237,-43.2661769012563,47.29138564445292,-48.66162909359719
68.45881982236965,-44.073320139300534,96.42342644370554,-52.786969088934896
68.45881982236929,-40.13811103258836,31.922250483728032,-43.916618314460756
68.45881982236986,-47.04674059221839,186.8016830485754,-30.064078716104238
68.45881982237077,-38.31345930709199,392.4105374441994,-27.575526182524868
68.45881982236928,-39.8956836178815,9.584648180511369,-57.5866163414324
68.45881982236999,-38.589599152357344,64.61169920039598,-42.18347053205748
68.45881982236924,-34.81017906648837,-44.88745019229624,-67.50278624348249
68.45881982236921,-42.75602680561209,175.95929021506458,-30.852694745100827
68.4588198223699,-43.575437045139765,223.2591221643941,-33.51933451914705
68.4588198223703,-28.451125798067256,103.31682399075012,-42.048529427647864
68.45881982236972,-43.376131257221196,-52.03977533710156,-67.59783639213919
68.4588198223701,-35.174345265671434,-17.184442683004807,-46.67423026333728
68.4588198223699,-44.01535902905279,99.59465682688382,-43.66362487753563
68.45881982237032,-26.360628226507455,154.47534129189955,-35.4679645096601
68.4588198223698,-41.82403350689877,105.48060493211926,-51.130340895888146
68.45881982236983,-39.31584023787216,16.862591468969402,-55.70978365689643
68.45881982236975,-35.432863782012994,77.06448162151389,-65.17039056460787
68.45881982237042,-65.71249564710698,229.84987464189834,-46.18151559165664
68.45881982236996,-43.3217821648326,-27.153167180901463,-45.28589112667737
68.45881982236996,-41.480096471853834,-54.66728876929145,-68.94977968432742
68.45881982237059,-43.687712077795325,103.3543900616579,-43.29150790381032
68.45881982236983,-45.175426562524244,202.4560235648803,-29.51382120090107
68.45881982236956,-51.401060690957934,-80.57518578857137,-83.28721180031852
68.45881982237032,-43.81785513302111,179.02657975083702,-32.03829643049142
68.45881982237027,-34.852475103138126,67.85853619556332,-57.81184239912558
68.4588198223701,-40.18973467818614,5.342256543320034,-67.60718401133141
68.4588198223703,-45.30123134354115,151.78957362052995,-42.02317604666184
68.45881982236884,-40.897465409316546,261.95237595068045,-39.37528141563516
68.4588198223701,-57.17300829982761,20.156133887256654,-52.641878597312
68.45881982236968,-34.56252168796136,187.7640647962625,-47.70922485049349
68.45881982237026,-68.74087569587269,155.42215336733784,-38.8025581288765
68.45881982236915,-46.51954708081624,100.28634642072616,-36.19828388666444
68.4588198223696,-29.611924050050288,-1.3994603255710447,-54.650062208741886
68.45881982237042,-34.03419052625917,36.78468605688696,-35.68161694627696
68.45881982236988,-47.60934338494817,26.6821653595817,-45.634697665758715
68.45881982237036,-61.55499302127232,-71.73071457424273,-75.7251700601416
68.45881982237034,-44.6435718452059,26.080689869951577,-28.62123193073539
68.45881982236988,-47.60565797837176,196.94710404210093,-26.788614040052217
68.45881982237047,-27.941066990655283,103.38517378241505,-32.40699774661082
68.45881982236986,-36.8056397328412,236.52279730933236,-36.31895842268281
68.45881982236996,-40.75324340924254,136.41243632918028,-35.02818931186867
68.45881982236976,-42.188892410656855,-45.510712427801145,-63.29784280202646
68.4588198223697,-60.212560273867,124.31028794049604,-32.60463721814939
68.4588198223697,-49.929965550876396,29.177110971697594,-44.8049112221069
68.45881982236975,-35.824040007900635,52.80544152790212,-41.49430748832784
68.45881982236995,-46.353001819292274,146.18670422275068,-46.80178341853035
68.45881982236929,-45.173697550586326,189.73501465943605,-24.63495040310746
68.45881982236999,-36.50354586202895,-5.612944756592286,-49.74925422836053
68.45881982236976,-37.36117709402982,33.6756390465599,-50.56675307724894
68.45881982236986,-27.905913111083937,10.016948053911467,-44.88054313372432
68.45881982237039,-57.24654224502959,241.13511765944216,-44.311633265359795
68.45881982236956,-35.088826240002746,-2.96372780285028,-56.52709742549595
68.4588198223691,-47.500329263988164,47.662519480732016,-36.578398840865354
68.45881982237006,-53.100440529029626,98.68090105326462,-27.499982155874747
68.45881982236963,-33.27405725752916,195.91753482570797,-26.20544461188301
68.45881982236935,-46.91309098127413,35.06250276788181,-60.11900683262403
68.45881982236948,-50.19446893957247,171.16090733088166,-39.50492588072949
68.45881982236929,-44.617836465839375,95.64781847481754,-39.956596293615334
68.45881982237027,-34.701072251040976,-32.98538678572665,-55.30807230826114
68.45881982236999,-33.58064648730529,33.34303521564132,-48.75435727738989
68.45881982236992,-43.244151724799565,-72.77066126677956,-79.14567559740955
68.45881982237006,-44.718078312731514,56.89409328862056,-39.18544369282703
68.4588198223705,-37.20432764814768,50.40613919820443,-31.41999966978174
68.45881982237032,-35.45032645280237,-22.144067197499606,-50.69496065293981
68.45881982236968,-43.01189309808587,92.5918573689371,-35.740622586912
68.45881982236996,-41.59312334707329,126.5278323451676,-27.630708561731186
68.45881982236894,-32.057685293861546,17.004737080755827,-43.88430391769227
68.45881982236932,-46.630506037922984,33.766929677845624,-37.209997042108334
68.45881982236921,-48.75967079687019,-9.508016507755501,-53.96916364111499
68.45881982236996,-29.89720521805421,108.5145465073797,-37.35218619852543
68.45881982237006,-41.36040592533533,148.67010619802122,-27.888319943503337
68.45881982236948,-31.28373722977117,46.04519992950324,-60.300623832547814
68.4588198223697,-51.72003158450828,23.332104011422384,-43.561412951613676
68.45881982236932,-33.68145916403267,-10.719353675095022,-51.917084937117444
68.45881982237046,-40.165915089371836,192.69208670409998,-38.90431058844099
68.45881982237063,-45.60654079273932,49.95344022749884,-42.63685395490955
68.45881982237006,-44.32951863501003,351.56454449938235,-35.947874891057886
68.45881982237039,-53.27371899892475,90.60520136631713,-50.31231515568817
68.45881982236976,-43.041645419912975,-26.079379492097708,-47.183398299197776
68.45881982236979,-40.15588253432843,-66.48892142533599,-74.3600269849513
68.45881982236992,-37.71003836112581,149.54986405060535,-41.96285556573282
68.45881982237016,-41.032215664407175,206.8434163111969,-31.42147129740781
68.45881982237059,-40.611624852221894,229.80221385430082,-35.39354844759546
68.45881982236988,-33.95370994526433,-13.069925336513998,-52.70150850881479
68.45881982236972,-33.773475047424114,-17.354492910953223,-57.552817469690666
68.45881982237043,-37.08949819114464,18.95800980574185,-43.00873135587956
68.45881982237007,-47.41568678137009,219.59892160329616,-35.48626155368263
68.45881982237034,-46.62985287971133,38.978027571391216,-48.90943947467806
68.45881982237012,-35.17765282534684,434.19517263364594,-31.764117952684757
68.45881982237047,-58.41259718985976,825.8483609079132,-30.601027560782356
68.45881982236975,-43.7716057593305,53.48318926689129,-48.848631360498985
68.45881982236976,-45.39183812650912,295.5448677787494,-32.69725541485665
68.4588198223699,-43.499282028216754,266.1287815494342,-30.255613389373192
68.45881982237067,-60.488796869009,87.80211216293866,-44.33577528550672
68.4588198223703,-57.837556035543756,171.0985408329706,-26.013510561684093
68.45881982237012,-33.79751611437124,20.83364050721823,-44.983141674831415
68.45881982236972,-44.94171935117702,224.26007298741345,-27.446134867024284
68.45881982236959,-38.636922236358195,29.936484799000816,-38.54260406848604
68.45881982236935,-47.55541548354587,184.4758214430059,-28.245729784347574
68.4588198223701,-43.384511525819235,1.2432260447275523,-42.97708665786427
68.45881982237003,-53.67367976956512,50.38836033277045,-42.476629767082784
68.45881982236935,-41.37353719312782,-6.311488912587859,-48.436675998650934
68.4588198223703,-53.67602857257492,-1.998661921011724,-58.016050035432244
68.45881982236956,-50.665858635416924,160.83870795105562,-29.42473700588003
68.45881982236935,-37.15481229188692,77.96897722610665,-54.18858728797644
68.45881982236995,-43.235924175625385,224.47142738669493,-38.61117816499545
68.45881982236996,-37.424071468013096,9.576609306771179,-45.441045195471055
68.45881982237015,-42.79993408955791,177.92126189961164,-26.493594177385727
68.4588198223702,-38.77378875635227,101.22143380249878,-39.22154613986546
68.45881982236976,-37.58696533178215,2.8113873298042824,-54.47511056317087
68.45881982237007,-44.63758182014621,495.99693051161876,-29.922545076136576
68.45881982237036,-57.47029024779281,266.1243471222442,-28.611318468845106
68.45881982236986,-38.43426842773297,76.99967363335871,-36.70003417785832
68.4588198223698,-34.26927627574865,326.433231093554,-43.003504549967374
68.45881982236968,-48.074619863615276,27.82481121312721,-38.81392088652258
68.4588198223699,-38.42434855973411,17.84548054730497,-59.023649623863484
68.45881982237012,-49.942854966103134,221.96102408910576,-37.229473222940655
68.45881982237063,-31.987802024356593,297.4142476330297,-31.923670575573926
68.45881982236976,-40.22081678433683,127.7344173154892,-26.281283999365723
68.45881982237023,-51.98963668425045,153.94921688682462,-34.536783348999855
68.45881982237003,-46.9366325991043,104.12178731742819,-47.500673077665134
68.45881982236976,-46.0523368642311,-22.145112303211366,-64.53324659489049
68.45881982237071,-30.857693811914654,58.4940415997514,-45.94807152958749
68.45881982237006,-37.966359527781904,171.85548086654,-43.18925106419091
68.4588198223701,-39.20879638710094,7.967871627027168,-35.22975319392215
68.4588198223702,-34.26721428990054,90.30238446208128,-31.451877001559314
68.45881982237006,-68.09374909851408,143.9515363223613,-39.317201679673595
68.45881982236986,-38.99047110831715,27.595631318490877,-34.87260197515734
68.45881982236928,-48.28059419043104,203.2535028568037,-39.87667080996442
68.45881982237003,-42.44485488800074,-2.2512787099490117,-49.0327412112291
68.45881982237003,-33.20581266442962,-22.3631784497926,-66.02899186121583
68.45881982237036,-43.26159800842094,-21.109917431803638,-53.34815285240937
68.45881982236932,-41.007255766931216,187.60152394926232,-34.01462025710601
68.45881982236975,-50.75473522290259,1127.887397114816,-25.103005419987877
68.45881982237034,-40.182667817942054,175.28115209487285,-31.586790297989577
68.45881982237015,-31.74579306225115,600.0168687967059,-31.490558844059645
68.45881982237063,-40.46669532110649,-11.98966101678275,-61.85793132842665
68.45881982236996,-37.987750818905795,50.81870197057632,-33.20130109685388
68.45881982236963,-45.552436377750446,-13.32620635919637,-59.20071406027289
68.45881982236965,-52.29071645146619,77.26486324577886,-55.21180537891155
68.4588198223697,-35.95915134934491,83.68992291003798,-34.41852160687846
68.45881982236939,-28.5626503412588,70.58002607811598,-46.17311991700558
68.45881982236959,-58.06475537904343,521.7665301038389,-35.61040805177532
68.45881982237032,-57.22366113374825,-31.373893799837226,-52.55146800782088
68.45881982236955,-46.964176158098894,263.96068346906844,-30.325189373071392
68.45881982236992,-46.90066468558721,123.70430181517888,-26.028069502145534
68.45881982236995,-44.078119796913825,16.41211531331388,-48.31637796978059
68.45881982237016,-43.67505284951282,184.176007251961,-31.670839681392536
68.4588198223698,-30.445400148291334,143.77458971209776,-38.78350965154757
68.4588198223697,-39.94602717947977,102.2179936165919,-46.675738827853884
68.45881982236995,-34.704558041122425,25.74188106887587,-36.08435862750816
68.45881982236986,-54.46244496928825,305.8107071898715,-30.029998909117417
68.45881982237023,-42.19318492796484,78.1183717927544,-36.66711448839868
68.45881982237019,-57.012289915182635,132.5479996599953,-31.45168771300988
68.45881982237034,-44.08455950925932,147.87019967992356,-45.35611969463594
68.45881982236968,-59.15568871921685,0.993427331287644,-41.993171538782384
68.45881982236996,-44.28488068005054,424.736703916768,-26.938249056983498
68.45881982237016,-41.20785655123807,-44.630157095125234,-58.07217153198025
68.45881982236988,-50.77183389455047,37.487141315226125,-37.19990172061426
68.45881982237016,-43.37431589010081,-24.398522008356572,-64.65790900865547
68.45881982236963,-35.433224241267226,8.300955879997085,-53.858819675040934
68.4588198223702,-54.62859000118754,18.848148612172587,-39.563279952025454
68.45881982236999,-30.22087132507547,31.746135456340863,-45.939797464712875
68.45881982236976,-41.596278771662,118.23159971366444,-49.20646747828287
68.45881982236955,-44.419195766608,91.69648906315331,-49.45968421133694
68.45881982236925,-42.504233182364494,286.25115749007426,-51.345907645804445
68.45881982237015,-43.06337475388491,-57.59551717874083,-63.96220888337195
68.45881982236988,-33.71016924872886,155.16206293378443,-46.26240933008554
68.45881982236921,-39.90666456873152,515.3673675298927,-25.912807281833583
68.4588198223703,-36.69588622347232,86.2833545105856,-37.81885308853917
68.45881982237007,-48.97263539468635,329.0305756989323,-32.803208371812374
68.45881982237063,-42.42317848403544,51.53237359350433,-40.60515036619796
68.4588198223699,-40.546086867745615,-15.261164203865562,-70.11576362140997
68.45881982236992,-49.411554037756055,103.30774706419157,-42.637091415271136
68.45881982236894,-37.909130521078126,59.431414610441635,-35.78595208245555
68.45881982237019,-38.12374746844242,37.965297462879555,-51.53425193261183
68.45881982236952,-34.961985951102136,276.980049111416,-54.90394151551767
68.45881982236996,-37.92496891098976,282.9260254603474,-36.525506033147934
68.45881982237016,-35.345676805250605,47.00627581053012,-41.35819294175261
68.4588198223697,-57.20870156517306,30.69903437049406,-32.55678557648156
68.4588198223702,-40.47412391798388,56.45605256891595,-29.378302643529018
68.45881982236965,-39.44168064986393,-22.066288500924912,-50.8602181280031
68.4588198223696,-48.15492848281588,-27.92437462466093,-57.49873962424616
68.45881982237012,-34.50526979952492,91.69885815214582,-51.692009284856844
68.4588198223698,-39.41379593994673,-40.44823933610373,-56.46599151334591
68.4588198223698,-38.06129131416497,52.983697023217815,-42.015578741348556
68.45881982237016,-33.02345696272621,34.670020967801804,-48.91378546254745
68.45881982236929,-41.7374616240205,116.18336359875161,-37.12021726648592
68.45881982236988,-31.774578139747,-36.20612284678748,-57.785724605267916
68.45881982236959,-40.1338869530273,-8.65861519923632,-52.15376773539502
68.45881982237026,-39.50561534019076,123.23500482803152,-34.06033311876032
68.45881982236968,-46.58891639787033,158.09735077584602,-34.04726450007036
68.45881982236995,-37.92185121495284,6.831173808921354,-59.6688507814644
68.45881982236972,-46.08131547166021,-55.04757268906131,-71.96167086206515
68.45881982236979,-51.8794767746727,114.38103782437499,-35.18111484527231
68.45881982237,-44.214290922537636,26.95951600396109,-45.90028562454468
68.45881982237006,-51.20769271840964,3.5498822949678432,-61.98779857340585
68.45881982236929,-36.00720820012332,-24.281741540006852,-50.485597546897395
68.4588198223697,-48.170124805623104,12.339510297681567,-50.24074397844602
68.45881982236949,-35.656477238861605,75.89955971233908,-47.57900045687492
68.4588198223689,-44.84121950693479,12.329174235730589,-46.11489510120338
68.45881982237015,-47.325470176752624,35.87172392914704,-60.60290238716326
68.45881982237034,-36.275284450888776,5.897712524255949,-55.86499659787447
68.45881982236986,-42.99981069231321,36.9063566519922,-42.51644820026441
68.45881982237051,-35.407726997919575,108.12858567467391,-40.44112374829214
68.45881982236988,-47.359048171555095,240.3176856448171,-33.94627536933026
68.45881982236995,-51.91846462098309,623.0384065582182,-32.257107750156
68.45881982236959,-64.14016157401772,142.60825989227888,-26.832520352645062
68.4588198223699,-40.79532178669856,375.5371799622253,-43.251385174222655
68.4588198223698,-51.15010500142753,594.5329796253145,-46.28292183183491
68.45881982237015,-65.50866494503971,37.00225811472748,-37.696206693208524
68.45881982236963,-45.03811894350921,29.97326196701964,-44.27088185670478
68.45881982237036,-39.674722410487604,15.791242239220281,-50.584945184913565
68.45881982236972,-37.072307340945144,172.19690273835636,-28.950392739099673
68.4588198223697,-31.558996499460157,14.318343077707475,-65.58835450880854
68.45881982237043,-49.543626472132715,309.23981921106554,-28.084883941795713
68.45881982237016,-50.46558533586425,3.9973588073043187,-57.4857879627233
68.45881982236925,-38.583977735795635,-43.33183724776308,-66.92985855975704
68.45881982237036,-45.17036135797093,53.07103405191054,-41.81297231907871
68.45881982236988,-38.1620059426177,71.90617501784953,-39.77166256811863
68.45881982236986,-25.984607625559807,144.16501355322376,-36.913305742072886
68.45881982236976,-41.637048453213964,95.24915412546065,-37.80856490786898
68.45881982236988,-37.07723665531064,392.88428989196797,-42.61685090017727
68.45881982237026,-54.2243393574344,425.0107438475161,-28.676521160920565
68.45881982236949,-40.53133471603947,13.756856864935973,-46.874611531279456
68.45881982236956,-38.287560419472356,166.32266230903494,-28.812405901391813
68.45881982237016,-50.28894098359393,35.30492842710766,-39.408519297920186
68.45881982236908,-28.927313529943067,-35.654389582727575,-60.773000091591925
68.45881982236986,-57.41592003618603,30.815921945259774,-40.077725509781544
68.45881982236979,-47.45797428792105,517.2215949055819,-31.26384663294033
68.45881982237015,-36.71314852215421,195.59666545547825,-35.31352227801575
68.45881982237007,-52.49029529576956,-32.77580574001509,-56.95592231316222
68.45881982237078,-49.27807163143103,75.25706335987856,-36.906069488958934
68.45881982236948,-38.65258615094186,30.676179626326338,-45.02271504677237
68.45881982236959,-51.541601790614,36.64202166015613,-40.78933439719693
68.45881982236963,-40.78785745735573,-11.349761178937934,-42.219356270848785
68.45881982236943,-39.6929488324405,131.95807883640663,-46.40576669872808
68.45881982237043,-26.47711545702154,-61.477729704107055,-73.25269671243146
68.45881982236996,-27.86376309377908,87.75362927806958,-34.464119591901635
68.45881982237003,-44.12718882571489,141.52117073356777,-37.28962181345585
68.45881982236945,-41.255390609417944,33.30148015071441,-35.52102329425051
68.45881982237007,-38.24901518375721,98.75727183491834,-25.79087573717188
68.45881982237012,-31.798437776679613,282.25950784083534,-29.072500888340414
68.45881982237015,-31.85105006996144,22.692855216413488,-62.805947975168586
68.4588198223696,-53.95878105243689,131.0321688263944,-40.08387882361133
68.45881982236935,-33.19158188084311,106.49092503649618,-45.723562406749
68.45881982236988,-35.22708206808228,355.7786450872202,-28.275188466256584
68.45881982236976,-33.58679604089355,133.46912201190887,-37.31473590755448
68.45881982236986,-53.21454503706056,98.47276795439453,-40.074557196732954
68.45881982237036,-48.485023625603894,73.74936119515621,-35.286170787743075
68.45881982236996,-48.26802452530596,419.48224994080226,-37.63526487495948
68.4588198223698,-41.62005471226183,149.62577422251155,-43.329868195246526
68.4588198223698,-33.74522998843841,135.35186023764822,-40.710140959161734
68.4588198223699,-35.61587852675475,274.07043457127946,-28.551625528080503
68.45881982236945,-46.99200814434421,-36.83961081428303,-77.45421516424051
68.45881982236976,-37.85070039827839,-26.270549524700627,-51.70147700838788
68.45881982236988,-39.699899244429915,479.8266644477132,-36.932038945593646
68.45881982236992,-58.678078754950945,172.38238198009034,-48.02078894320852
68.45881982236956,-38.767203509536394,29.487310471966843,-49.18078863011224
68.45881982236996,-42.403804154682675,353.9480583284081,-29.724740759332136
68.45881982237026,-35.840834412039456,37.67347924494722,-48.223379476986175
68.45881982236999,-40.0535801002977,-43.488653721075885,-70.00080191637906
68.45881982237032,-32.61108943036418,60.32537039562214,-48.352230289979836
68.4588198223699,-33.56432329417057,14.496950440530277,-53.61448769384328
68.45881982236972,-34.363808166585585,46.625687803885164,-49.595857247272946
68.45881982236963,-53.15123928147701,154.563190703151,-47.55494413619732
68.45881982236956,-43.018665749428465,7.081380989075492,-52.789091211163196
68.45881982236972,-33.886503064796436,226.99160844051346,-31.9871847349819
68.45881982237,-29.63946884449432,27.100521159656132,-38.69360199750206
68.45881982236996,-37.17901072539498,160.89049971944183,-38.29440205513469
68.45881982236929,-31.60093516718465,-2.267609291719608,-70.63961599024489
68.45881982236975,-30.80135096004889,225.77941229119406,-45.286523040573115
68.4588198223694,-42.636830274164815,164.89785113000903,-33.37430495390353
68.45881982237067,-52.98014319219102,261.96491687033785,-32.634816706749106
68.45881982236975,-31.77508601836072,130.1505232923096,-32.77354489333034
68.45881982236976,-35.51611393259873,-64.35154848002973,-79.55569288028235
68.45881982236955,-45.605034396133185,20.03547131381518,-51.66452837774583
68.45881982237046,-35.87936271803205,86.96866536707044,-34.992311713077065
68.45881982236929,-47.67244585071118,19.754194426201764,-42.31486359262395
68.45881982237019,-42.71908307744011,48.26739270755049,-45.18505346688173
68.4588198223696,-37.770332118081114,68.54804143224378,-40.97493352248296
68.45881982237012,-50.694902796067375,114.25529356724877,-38.45972397390464
68.4588198223694,-30.733021803029803,73.3772593823227,-36.42148370303634
68.45881982237019,-37.62689869056861,91.03962885682111,-49.04886460221177
68.45881982236963,-31.43811330541896,204.16965568423285,-31.875418155406475
68.45881982236952,-38.47107185704998,-3.655811845258883,-41.99155092678968
68.45881982236965,-46.81242454963014,-39.34076664210803,-51.70889719322687
68.45881982236925,-38.335324082963886,785.1837694062978,-26.598895465116346
68.45881982236976,-27.96115284017252,-15.009509402082145,-43.953948946132726
68.4588198223702,-42.39042254798456,167.40088410071564,-43.89829479011641
68.45881982237,-42.3971412548581,80.09877936580965,-39.62569908458775
68.45881982236996,-45.62323132972447,166.11959858773022,-52.545575840348576
68.45881982236972,-48.48746255295566,16.290381318362932,-38.156723644745014
68.45881982236976,-45.38945395034032,21.405939464434788,-51.70243888107022
68.45881982237032,-39.906063050240824,134.423071525297,-44.904545231222656
68.45881982236916,-44.874514913754105,-17.019475873413437,-50.580067656951286
68.45881982237054,-40.045539881529905,37.254807028822576,-55.354834343516735
68.45881982236948,-56.92020452760415,-3.9954244143112327,-46.710396708230874
68.45881982237007,-33.82520325056743,22.60591104172407,-51.3212881917388
68.4588198223702,-57.014075918807286,192.79795960291958,-29.915259881885202
68.45881982237067,-43.89917374047392,477.25498169554896,-34.10583629940261
68.45881982237012,-55.20743141155457,39.20333417505273,-55.589607304055534
68.45881982237003,-45.166991232109424,-81.45817338495387,-82.43400508420434
68.45881982236983,-50.47127144450461,132.4071545028306,-39.45326252079989
68.45881982236992,-49.39253647811712,122.05814573173788,-58.47922655088209
68.45881982237012,-38.194891437180075,-14.191311309220644,-67.55226911235907
68.45881982237,-41.54436583502914,-29.234261754486756,-62.329167476173886
68.45881982236968,-38.40128742667122,117.3339124284273,-32.811960522699266
68.45881982237007,-33.072530903286676,-34.104509657994186,-75.56146380342975
68.45881982236956,-35.187943345822895,41.008234450384904,-34.66001453537773
68.4588198223703,-49.38784491010488,95.7267330431495,-45.688096689888404
68.45881982237034,-35.12559325570487,49.33407372816221,-54.281489650666835
68.45881982237032,-46.5288447258855,109.50923479739588,-32.78323193209918
68.4588198223703,-41.16728210266939,48.97449525571271,-38.47541718142982
68.45881982237006,-42.36718457631359,-43.454471473471344,-66.30680481164374
68.45881982236979,-41.19149436636178,31.012914058806285,-46.308358285004424
68.45881982237003,-38.84283715690078,11.55170552064213,-41.88906463389921
68.45881982236992,-52.715284484416514,94.22487938502633,-32.47397271401764
68.45881982236955,-31.202651978298114,53.12418588975025,-51.230710039116126
68.45881982236912,-33.913207900677136,66.5576427092047,-42.3382334036006
68.45881982237042,-42.390702987971586,102.42870152395373,-43.39395268466736
68.45881982237007,-43.969245406928735,37.67423789411948,-52.17196177958865
68.45881982237007,-49.42292584227409,43.57827747967234,-33.01703008311683
68.45881982236975,-53.971062725738136,331.8206083582778,-35.22780711330702
68.45881982236949,-56.57676353567156,-1.332566497016785,-65.96059746689996
68.45881982236949,-35.916117451213935,-19.593611721893843,-57.25877873422564
68.45881982236968,-34.155150726388094,-7.275690020483827,-54.606954985469905
68.45881982237019,-51.6124760344457,84.5686912074696,-47.944097734253646
68.45881982237043,-41.546327975761834,454.67661214990727,-46.08177887020391
68.45881982236929,-59.17531437035717,39.63322260302018,-55.204952846848165
68.45881982236968,-34.292461927107944,-6.152461032223044,-61.953927963564006
68.4588198223698,-39.64078487227178,-40.39106783379787,-56.41652239217208
68.45881982237047,-42.98616053973817,185.89821332925166,-23.977916129867914
68.45881982237016,-61.08927965017836,174.27012740314277,-42.261672061991405
68.4588198223699,-30.975579680295674,361.4148666902264,-41.63163222804867
68.4588198223698,-40.61394632375722,8.639129335395769,-41.98970953880017
68.45881982236901,-35.88958223950264,27.399508408307582,-49.22889318348903
68.4588198223696,-37.76626830358095,66.39027671894569,-50.992381291730446
68.45881982237032,-43.53310140494271,-39.707482705165745,-62.47914244450218
68.45881982236979,-41.80503697554694,365.3742103968774,-28.963453071184418
68.45881982236983,-48.707667876911806,-56.78489291813389,-73.44018578539209
68.45881982237007,-44.45387462117685,318.99130246607496,-46.545040139795844
68.4588198223698,-32.98001315335678,75.06459330888752,-46.57119073639794
68.45881982237026,-46.03441738518814,-5.733807572503458,-45.83522894332466
68.4588198223691,-35.86816101246667,139.80371651797486,-61.576456214577114
68.45881982236959,-47.54285516136907,157.95695934635,-35.95818388503825
68.45881982236943,-31.630520877465685,-34.55677270641458,-59.40826678574794
68.45881982237042,-34.63607492080038,91.12424162613581,-34.98454986697712
68.4588198223699,-35.40170004781004,101.03434264374714,-32.07616940004936
68.45881982236995,-39.04572946952225,-3.752679818909699,-37.46674800591858
68.4588198223702,-42.47572217202055,130.4369293566042,-41.443830608859464
68.45881982236996,-33.90649992137259,157.44732061294985,-35.71630594482743
68.45881982236949,-37.19204869744392,-74.52044528176165,-79.9198340510668
68.45881982236948,-55.7045536251066,655.9625506488076,-26.406073071232473
68.45881982236975,-40.81349553337049,-37.4058186875691,-66.31143673771874
68.4588198223701,-35.644734085530786,-26.541287462939557,-50.97077627196364
68.4588198223696,-40.28529924123645,-32.01594581508363,-56.29119141096466
68.45881982236983,-46.97974489936645,3.2506260079143035,-51.95973234672833
68.4588198223699,-26.723835821940035,-40.0484414394987,-64.29030734782
68.45881982236999,-30.90465004650148,311.5103280983759,-30.310274621633237
68.45881982236916,-54.849644134714026,79.43013939204262,-52.58114203322628
68.45881982237098,-37.896483693564,-18.03808245870846,-49.25273671295697
68.4588198223696,-62.84747028704294,241.25076767348426,-30.522776671885477
68.45881982237026,-55.03049329141374,19.080444395068817,-52.37847428943423
68.45881982237036,-44.04002214491999,132.17648792757447,-50.43584755785129
68.45881982236916,-24.290997347639877,102.28944900654318,-26.740392894400433
68.45881982236948,-36.79786895870269,44.760468507912776,-34.80718040382828
68.45881982237043,-36.88887886809782,-20.81103643395944,-44.04764452136997
68.4588198223696,-29.173534845409876,65.49299567180822,-34.373597454629746
68.45881982237003,-44.26031764906578,51.36758191074695,-41.51801503313097
68.45881982237006,-45.793206883148116,217.4892877160579,-40.256885483822856
68.45881982236976,-51.105209421646606,284.32022323548097,-33.52669250005875
68.45881982236976,-29.165327107182048,22.32097704823115,-48.41419667307012
68.45881982236976,-43.73556115715319,-59.64437327958476,-70.41969663813519
68.45881982237066,-34.110794375273734,141.1903910840419,-47.719982858311596
68.45881982236972,-50.00249826715596,45.91384062218295,-55.87406130839948
68.45881982236983,-45.24362202697729,120.00907085915654,-42.782000567318605
68.45881982236979,-37.55446306727026,33.25641037205678,-45.338862954315374
68.45881982237015,-41.601928278199075,25.938100711701484,-38.71400396059933
68.45881982236956,-48.974295573754176,30.1407609776972,-46.47620158353165
68.4588198223698,-46.07044829777348,-12.287129805114871,-59.104092075440505
68.45881982236932,-42.97767053747381,125.09290379815438,-55.20667225906304
68.45881982237,-44.116098694195095,-2.1627974978523756,-50.40995060371003
68.45881982236983,-31.810348225150708,63.46452597539407,-29.527952572354454
68.45881982237034,-35.3882599610532,332.19429440352144,-24.634612349395724
68.45881982236992,-40.776747122833065,130.18499905178066,-40.929355810055846
68.45881982237036,-44.742959194964435,118.9878051232169,-36.27044594843601
68.45881982237019,-35.48199830384057,380.9484860261575,-29.987959616664106
68.45881982237015,-37.848974911307366,-30.13255902619596,-47.40285949535138
68.45881982237034,-44.213016711145144,246.2495970230576,-40.617202487544354
68.4588198223697,-41.423490604541016,204.57058635540744,-29.48901659702222
68.45881982236988,-53.70910931929741,164.70870374180063,-40.427881626339065
68.45881982237042,-57.85654117151074,712.9093653833223,-41.60913164045833
68.45881982237007,-51.04674905435288,50.98678680532658,-48.59222028902531
68.45881982236988,-39.29042279896433,16.77517432062341,-44.62867076526348
68.45881982236936,-37.739836241522,834.0930808627968,-36.105466472284455
68.45881982236955,-42.06596631502803,73.72491798409892,-52.52303927963965
68.45881982237047,-35.73683273492135,238.929215467732,-34.4179739143551
68.4588198223694,-41.79740316947379,45.92591440737248,-39.364028661740335
68.45881982236921,-34.79064917353306,35.06136755966891,-49.83053458572749
68.45881982237042,-55.53214146726445,155.23953807806393,-44.59961129563826
68.45881982236939,-46.31464941903547,251.84181254923323,-41.726368417432745
68.45881982237019,-38.25839425926336,140.676523953741,-35.32127219087966
68.4588198223697,-35.246362351908964,131.8516797753869,-24.834698389581476
68.45881982236983,-33.06087563679906,121.96764047478297,-44.55568563970493
68.45881982236976,-38.44631648446944,113.54210838852686,-37.803488105989324
68.45881982237043,-46.6438299971501,3.9993857400880684,-34.965068572696026
68.45881982236945,-32.368147709892824,95.9647683894402,-61.04573858552277
68.4588198223701,-37.41497922847973,166.76007745799413,-56.55803088070004
68.45881982237015,-36.82437236712993,271.442566915661,-41.27618195450383
68.45881982236972,-31.541825279677703,95.31695421322108,-38.75240095654065
68.45881982236986,-51.339266271748365,175.87164138654626,-42.65156780917317
68.45881982237019,-44.50405914949576,5.135149403176387,-46.10624957376114
68.45881982236976,-40.35886953504125,138.35443784190304,-34.21099771120001
68.45881982236956,-40.26296165418655,-60.75837249763871,-70.57488541504398
68.45881982236999,-26.387122134040585,196.83093156781317,-46.873429350360304
68.45881982236955,-32.42050146373507,43.03876132245343,-35.37853997825503
68.45881982237032,-40.45308140264638,297.52814840903204,-28.123284763641866
68.4588198223701,-26.135162972456595,74.67273153535135,-48.36907511317909
68.45881982237003,-46.47323515858942,87.60124829303484,-32.43907735214954
68.45881982236979,-43.45814320098669,18.06992881849192,-37.86322654441442
68.45881982237016,-47.72790272331038,-31.53872897738742,-65.05144581296732
68.45881982236976,-30.95211053696768,26.017095538457326,-46.62178700525772
68.45881982237026,-46.05753412371472,210.69200862246134,-37.10307897874925
68.45881982237012,-36.651324418313344,-42.027332404091965,-54.72385890164886
68.45881982237077,-35.1805600866593,169.79486123147058,-41.047349832426775
68.45881982236943,-57.69215965307964,-24.971281616616103,-67.89333747058764
68.45881982236943,-39.22088099826156,204.56247539517284,-30.321114934989346
68.4588198223697,-39.23973368464665,65.97065192952347,-52.48060569890611
68.4588198223699,-50.781929742398944,58.292064878670224,-55.84312351990558
68.4588198223697,-41.13622111537608,252.55804041915323,-39.14610346377244
68.45881982237039,-35.16431374799901,-71.70672421095449,-82.9409591029266
68.45881982237006,-31.987258403368923,148.4355880072525,-30.911130970758695
68.45881982236992,-43.014448083723536,-59.83543697981184,-73.75267285303416
68.45881982236921,-47.93110283958693,291.3376735848675,-36.144534027589934
68.45881982236995,-53.718486773554794,-9.621848462890936,-56.77711832440075
68.45881982236983,-49.3415204984642,80.09265371440783,-44.751057673638265
68.45881982237016,-50.77195535041314,97.38797459615895,-38.37833177555223
68.45881982236959,-28.11751343319426,56.316580325031595,-42.362362267590115
68.4588198223692,-51.17568331146192,195.24350212633186,-56.44041196138217
68.45881982236968,-37.05002853083309,152.09615550706093,-33.75698605335712
68.45881982236995,-37.64527918753412,40.683449509764124,-47.24917718564355
68.45881982236949,-45.66859710006855,183.84244153097265,-41.54637279401106
68.458819822369,-45.70260593826926,127.08345811682769,-32.22127269744164
68.45881982236988,-28.603945897346815,168.74349874593042,-51.766119234104224
68.45881982237007,-36.268205545443045,301.75657206423887,-32.3817950668141
68.45881982236986,-45.938542514491154,3.1506373231994456,-57.6457737138955
68.45881982236939,-45.12595020334446,-16.396356887053663,-58.09737116554867
68.45881982237016,-46.178209077622704,32.47355861294285,-38.104448209430956
68.45881982237027,-43.30543603550262,39.43309730570945,-38.91681361820856
68.45881982236992,-51.2912482473064,-43.673599013307594,-67.61421136753793
68.45881982236986,-52.72195846275686,437.483130880332,-30.3314684623328
68.45881982236968,-31.709222781056624,650.0194486812409,-20.860821358430492
68.45881982236979,-49.003328924636804,16.43985403377737,-42.377994715408505
68.45881982236983,-33.38029220858875,239.6729552401419,-47.12071270736429
68.45881982237067,-59.439408067460874,86.05622691597496,-47.62743610960462
68.45881982237,-35.8018867561998,76.965453725381,-40.12800919300001
68.45881982237,-56.109972600585756,48.685484814640745,-52.17684597976551
68.4588198223696,-37.13523485989628,31.860594198323987,-56.1563396282644
68.45881982236959,-47.186334319480075,101.92320922589984,-51.25433253897026
68.45881982236932,-48.36268348250411,40.36103580994768,-49.92563302102923
68.4588198223696,-35.79973984631329,475.256033909578,-32.853209106490624
68.45881982236972,-56.800918819318156,12.98631700322077,-45.895898701288615
68.4588198223705,-55.50370426753778,281.593779543899,-34.3815118501261
68.45881982237019,-34.52902277113154,54.104697364647,-40.19604016348691
68.45881982237032,-31.896908020720737,-2.68780285132586,-54.59596692497362
68.45881982237074,-39.78238619326808,202.23102337052805,-34.041232958815534
68.45881982236901,-59.71625728690275,18.612248846389036,-67.66799867458617
68.45881982237071,-33.234113909445625,415.164956010226,-25.390680356050343
68.4588198223705,-41.78246103458849,259.926952852298,-37.74476807909114
68.4588198223699,-42.650145982266515,255.09837925279223,-26.81859829842892
68.45881982237026,-46.76185033604185,62.58851846706073,-37.9427432234841
68.45881982236955,-42.16059104976277,532.2012215725972,-33.14282918616209
68.45881982236956,-42.29703686970303,43.62247753208466,-33.77743565125638
68.45881982237059,-52.324916332979065,48.3353673553401,-48.87499625620363
68.45881982236983,-57.86952764458489,59.23436733816452,-34.63356573479871
68.45881982236999,-34.49250716512767,84.78489731180974,-47.88081612468478
68.45881982236972,-56.77117936697189,158.9815012917907,-48.166556226665826
68.4588198223697,-53.82074633500606,-10.364748204036156,-45.71204682634783
68.45881982236905,-44.87900806082169,51.517134742608725,-40.37139355778976
68.45881982237036,-47.0381124225834,111.00675861449369,-46.80539362225782
68.45881982237091,-50.419772484871054,144.2192285544437,-38.90384718729647
68.45881982237007,-40.08240597405533,-10.333028526156806,-52.29175446904326
68.45881982236996,-52.02169565500494,330.1493921243699,-33.528651639351935
68.45881982237,-55.54225888005403,88.67860022573342,-41.199999940617694
68.45881982236983,-49.39661573143468,359.9133750122404,-30.58456543159552
68.45881982236988,-54.07439078398527,2.2688808356946533,-55.84236188553735
68.45881982236955,-48.01406939808527,347.97968879218695,-27.827258750243566
68.45881982237042,-45.17038006520666,13.838821614027363,-48.34010213334842
68.45881982237071,-35.82226601088062,198.3545867033457,-39.86244544466898
68.45881982236995,-49.61261611968343,123.97410163124589,-53.32033039621076
68.45881982237067,-34.82356439725969,160.00900847241635,-41.65309989523755
68.4588198223696,-40.64563641665933,23.112181647315545,-39.359712795225
68.4588198223701,-44.50568426733849,73.42585373294959,-44.067859780015894
68.45881982236952,-61.61258171528278,388.8818826258012,-26.939330964639108
68.45881982236949,-36.58975557913672,21.590754465114227,-55.11522893470755
68.45881982237042,-50.96014527811885,267.9349182587727,-37.355056125240495
68.4588198223699,-40.200917704359796,72.38498748626128,-46.34814243898463
68.4588198223701,-38.36460994702837,87.70787452583716,-32.755610468315496
68.45881982236979,-40.50384231626496,-41.99904807037055,-70.23279975762986
68.45881982237012,-48.74364544215061,-42.945821399451354,-55.54150309301581
68.45881982236968,-37.089216665568394,59.67722826314596,-54.82966600751607
68.45881982236956,-35.55782917817992,212.13595249310958,-31.439985582425432
68.45881982236986,-46.78745102770585,151.4036785917857,-28.56907182907421
68.45881982236976,-45.09924111582272,197.72325216073435,-27.150760072841805
68.45881982237006,-54.40057832158085,45.60931526452576,-42.201250428989745
68.45881982237027,-39.83095231128237,354.6663240674967,-33.16280080999556
68.4588198223692,-42.66841468239424,185.6063751688042,-37.16679261828132
68.45881982236988,-36.94267588766175,102.85634588523367,-49.32795514696704
68.45881982236975,-37.400440964992384,3.160200355627185,-35.93405600617498
68.45881982237006,-56.51860237275157,212.09573385217664,-38.31820200622486
68.4588198223694,-40.503160209998526,190.63693128922776,-34.51644214710878
68.45881982236959,-45.97654320911258,133.80268608735068,-40.28025072689717
68.45881982236963,-39.95716334320556,32.421975424808316,-39.36563317159562
68.45881982236932,-40.08464499601499,-50.887135843197086,-69.34604603928776
68.45881982236924,-35.592001571065936,284.40994724476616,-32.01699486723757
68.45881982237026,-49.32363458414084,78.34142520027498,-30.52912683916259
68.45881982236986,-41.376108945172376,134.46855914123645,-47.18711181591302
68.4588198223694,-45.94257455421121,718.9185620102699,-28.90118662495866
68.45881982237047,-54.203474389015405,91.61078049139448,-33.851395239413826
68.45881982237,-44.75824829063508,30.04105535269659,-68.01654297987886
68.45881982236972,-43.80097955808965,-67.53376851343786,-73.15614228562215
68.45881982236995,-37.61361051402,7.9033204216863995,-53.18683341658369
68.45881982236956,-34.17474472271746,45.926979459981986,-56.617243134234045
68.45881982236999,-58.9223143613883,22.451012305967446,-39.167522293099225
68.45881982236968,-31.963304417429683,25.75031894461035,-38.44566129820712
68.45881982237007,-42.509125542634386,840.8650905007219,-23.181832491103904
68.4588198223703,-33.80161731401814,858.3920927139935,-33.67972841521522
68.4588198223698,-42.394695691515864,135.42806291268127,-38.32051444823645
68.45881982237023,-42.16100441177848,76.14606998631193,-38.80498912037849
68.45881982237046,-51.98654105569512,18.948200796624448,-38.998572168860335
68.45881982236992,-26.94722893630187,-54.95909980367095,-66.5767104804433
68.45881982237059,-56.17147356256375,-21.229689160612807,-45.455663133487704
68.45881982236983,-43.209875497799764,88.43263313090742,-36.27274835166403
68.45881982236999,-50.69560897309431,105.00820846797873,-37.56718299607091
68.45881982237061,-34.24424304061814,84.78967371944455,-42.33139967329769
68.4588198223698,-39.43780473074972,55.9547967739638,-57.72324913933956
68.45881982237026,-50.99680037179737,34.46850095436498,-34.970876777398864
68.4588198223696,-41.246432333391844,67.51094367830089,-40.108172512927666
68.45881982236929,-56.567012995795594,268.56231144404285,-38.10696449852428
68.45881982236999,-40.07077619023131,253.3207147452087,-23.756671022724397
68.45881982236999,-36.34691084160247,-42.27318489502281,-66.90128012350688
68.45881982237015,-36.32546096058644,19.77371221817894,-59.63086945638234
68.45881982236963,-41.07131961100643,107.92757611234572,-51.54508243019623
68.45881982237027,-36.352488471056034,92.49778019958221,-46.94714633027679
68.45881982236995,-38.13340643049996,95.61599258730706,-37.93625402519305
68.4588198223701,-42.013666249285244,121.70201630462985,-48.371108063014475
68.45881982237054,-54.81842624859989,90.44818388704779,-38.13381258014385
68.45881982237006,-43.161312612425306,19.061200389485045,-47.68623068971291
68.45881982236979,-49.759994647522255,208.93358239299934,-30.64607533915824
68.45881982236992,-58.78287164580862,-14.801068936438554,-44.67480325702605
68.45881982236965,-32.31878318750424,94.80861317269378,-36.704413603369886
68.45881982237042,-36.173424622296714,55.28305676346348,-40.048793101519564
68.45881982236986,-53.10609768037358,242.55268803970972,-27.772335426275554
68.45881982237051,-35.87251998596812,935.3458582743492,-31.35578288853944
68.45881982237007,-31.14315043907996,-35.3431602589931,-65.15766260257165
68.45881982236963,-32.21010697453455,126.26560657463637,-42.849203456841
68.45881982236992,-30.500235368321672,41.59526846337245,-41.769616474765016
68.45881982236929,-46.18854698589973,226.47850591521262,-39.084355455069996
68.45881982236965,-46.68200874659,137.78138248860313,-36.609535368171365
68.45881982236983,-46.88845908587474,-15.233732166323122,-64.66534364094349
68.45881982237007,-39.86635857540038,197.68940758646298,-33.631953918385484
68.45881982236885,-48.29350739398037,-21.391056783817564,-66.75797088856785
68.45881982237006,-38.36747133803032,50.07527146034023,-45.487430311874256
68.4588198223702,-45.746976583683065,63.154233458681006,-32.64966920651244
68.45881982236901,-56.30178615021205,321.42674423554183,-49.929949830519796
68.4588198223699,-45.13938347885153,-49.50158368474135,-73.86871467881167
68.45881982236976,-48.341954378478846,31.73366657329875,-48.7568695816566
68.45881982237012,-56.133106984535644,32.89190234953752,-60.53350138710433
68.4588198223697,-41.716661901659634,241.1751744498833,-27.188805299403175
68.45881982237015,-40.35488529210345,175.38714191740482,-39.516503984325254
68.45881982237026,-50.20046774720317,166.1764460726254,-29.10478380818724
68.4588198223702,-49.797499150943594,19.285229468277198,-36.83809591767725
68.45881982236924,-47.20756450802009,160.09404274059213,-33.09497162521245
68.45881982236976,-52.76336224451572,4.313451846571259,-34.3667713934761
68.45881982236928,-38.253759169493016,278.8343407184743,-27.553857795606117
68.45881982237061,-48.767855167774535,92.81783970849067,-46.278298834055754
68.45881982236948,-51.30054045414505,-38.71025408611703,-71.843563083714
68.45881982236975,-40.966349920864644,300.57148132654913,-45.275064857056044
68.45881982236955,-51.770621125558904,118.48741905572524,-49.8535407647697
68.45881982236939,-32.98993838786761,83.48643297977745,-41.803954715095195
68.45881982236995,-43.471363418269384,44.23479241700461,-49.95831095433639
68.45881982237103,-44.55504920636017,-28.384733258709073,-69.80327293402773
68.45881982236952,-44.67266887270728,229.92792565175614,-44.08684996705951
68.45881982236955,-36.523300735200635,40.99932722784827,-52.777811081244174
68.45881982237007,-52.561969937500905,201.91266325800547,-42.02778750834436
68.45881982237003,-30.6167760638273,-49.783069383400516,-58.09365262556441
68.45881982237047,-53.00497184740889,-14.942443609975664,-59.27190165249237
68.45881982236956,-33.6854315661902,8.81008003792887,-37.05218742698483
68.45881982236949,-42.546275619032734,126.69610681797919,-43.16683738769316
68.45881982236956,-45.4772005763199,112.07505932189355,-41.219637602362184
68.4588198223697,-42.95161912984135,75.40095907193441,-45.29929311353297
68.45881982236932,-52.03653523356181,-45.59257486530901,-69.56404998723592
68.45881982236972,-31.45063743635379,72.34799097489237,-40.81578640684032
68.45881982236963,-38.429750210723945,46.92760352048262,-49.377085384464166
68.45881982236943,-50.08277834559581,23.499217117628103,-48.341343815422796
68.45881982237012,-51.084338852466345,353.94746692406585,-37.60344243766174
68.45881982236956,-40.7497766541022,13.499976761753274,-54.43339481770953
68.45881982236972,-35.48707172394041,417.3584748045941,-40.06895090264374
68.45881982237003,-46.48471842315301,276.79897412520637,-29.824763265280207
68.45881982236995,-37.93992333289095,157.40871771642674,-29.13170849196257
68.4588198223697,-31.954407941013386,243.88905044171585,-46.10225729375262
68.45881982236892,-41.58321923606118,385.7285880223336,-35.88552808699428
68.45881982236968,-36.20844798073286,16.47495172364739,-54.41731505404741
68.45881982236936,-43.48609908848638,341.2015317586294,-27.014942922968
68.45881982237032,-33.41364066174782,2.547350161672002,-47.33912070591872
68.45881982237032,-39.90339327364926,152.98608659596823,-35.42046798439695
68.4588198223701,-34.80305697066791,48.23027248702589,-30.96884996738327
68.45881982236988,-33.93928110959911,78.27558582590972,-45.626010391499584
68.45881982236972,-53.760273977564175,-14.539174413639822,-64.6145782405394
68.45881982237023,-34.50973292250372,55.64352972661397,-33.10019056319165
68.45881982237003,-34.760516253880766,25.053488322640447,-53.4014550781271
68.4588198223702,-48.786979126195696,62.108848026127106,-47.71520128533534
68.45881982237006,-32.667950252887564,122.77572008302546,-33.47362101912786
68.45881982236943,-37.84132535796364,-48.56227570368945,-65.93110004088886
68.45881982236995,-35.07220096026693,25.97613099537208,-51.92824586075895
68.4588198223697,-37.375916983044036,391.8826977207026,-31.85656782997137
68.45881982236972,-33.60808850337572,28.016396411900544,-44.696106442230445
68.45881982237003,-32.88052392069418,88.01122917811996,-33.33749046008747
68.45881982236975,-45.30090449509326,32.40707467153114,-41.069576498504844
68.45881982236943,-49.98989451653254,-35.464196935137856,-48.81866222532673
68.4588198223702,-54.426408063092346,30.409910824750597,-58.21941083425217
68.4588198223698,-35.83185266866133,-43.31772487878898,-57.71777654339738
68.4588198223694,-48.50951910410248,-59.38010576676467,-72.02270918745145
68.45881982237006,-52.54476913860257,555.0987469654742,-27.539914270456258
68.4588198223705,-39.4765637741404,129.60389437976815,-51.63959560704319
68.4588198223701,-36.92835716796197,98.81932949524025,-46.091046670217395
68.45881982236995,-46.562306031231046,366.2835921977151,-44.0045012380604
68.45881982237032,-32.37987881936184,72.29732333695904,-43.29853136288262
68.45881982237036,-36.09981926520993,-12.925546701209756,-59.83887871563511
68.45881982237077,-37.11082971908519,80.50387797700134,-50.11225165716788
68.45881982237036,-41.27631959869377,136.50381706963347,-33.65193556523902
68.45881982237006,-31.39305952765107,32.439996521146284,-61.16026189180705
68.45881982236996,-36.81799699276167,126.76212333776763,-33.57841295957593
68.45881982237046,-45.84183536185853,-46.23007356577078,-67.65943532712085
68.4588198223696,-30.585618986321094,113.28970368813512,-30.897005925324763
68.45881982236948,-51.0290657099618,-25.90324197959013,-47.9948143806179
68.4588198223702,-36.8886862102211,296.97709494998867,-30.249277561336505
68.45881982237054,-44.872802965896085,-41.401178686443984,-61.32039716066095
68.45881982237039,-37.96369183667466,66.52254746863304,-35.085842345207574
68.45881982236988,-41.9218921189418,105.14688730928845,-43.084956658162355
68.45881982237067,-53.01744844610289,-29.474308830716357,-56.68121209107893
68.45881982236986,-51.62194435026246,311.0056715659657,-30.373463849887727
68.45881982237059,-54.95944108957941,57.531215316178155,-42.961979391007056
68.45881982237015,-47.27656646319215,202.5239554359573,-28.327278099820496
68.4588198223694,-42.13397961293348,-27.83119561312458,-56.71992482200401
68.45881982236956,-33.204802008410205,336.67738179237926,-33.4360408352084
68.45881982236949,-33.353840961427125,1549.3071395315087,-19.816998149452715
68.45881982236975,-35.721661664550275,225.2381016477929,-41.2126352191179
68.45881982237066,-53.42026942527613,94.79727937932954,-41.599458179776285
68.45881982236986,-43.25195944531457,364.9710999770021,-31.907957792762154
68.45881982236976,-41.07010401536534,156.5588425486558,-42.51455592753464
68.45881982237012,-49.0317399979849,16.64930179243489,-45.51321491305998
68.45881982237,-44.86733785045438,166.87927760416375,-35.71071349563204
68.45881982236943,-40.60192573347692,-21.55346489013811,-59.74423989880363
68.45881982237016,-42.11894602284359,129.96639455515228,-37.015043048078255
68.4588198223707,-41.290632209959014,17.95322507621011,-49.119020968835045
68.4588198223697,-35.79807797785476,412.09817205062416,-30.20220904252384
68.4588198223703,-42.708520862671925,79.4687242590262,-42.029746979038244
68.45881982236945,-53.01906208585423,56.75580209554549,-38.92130555316172
68.45881982236976,-56.214529927688915,150.95108285206385,-42.76537626428967
68.4588198223702,-46.03290241080068,68.3380097785184,-41.54190182072198
68.45881982236983,-45.32220428174287,722.4422443009454,-23.992062506077627
68.45881982237023,-42.43879562968294,95.28017236829365,-37.54182567052031
68.45881982237034,-33.95283812062269,19.894354911523248,-39.808102420608
68.4588198223698,-32.34547802580152,143.50516663609528,-30.38922026826937
68.45881982236945,-33.26742450042003,-58.14723241538986,-61.35199768303708
68.45881982236979,-37.965179721878684,96.57422795246295,-32.66148584301336
68.45881982237019,-24.70213930498416,9.391649179320162,-48.352235888914805
68.45881982236968,-54.92481246376401,28.084853489090555,-38.0984557511154
68.45881982236956,-39.413638310064115,253.24012740755984,-35.14529848063342
68.45881982236948,-49.88380588570013,30.143625515670045,-49.8710403657997
68.45881982236943,-46.36274941619533,139.6749631694671,-39.61220938514164
68.45881982236935,-27.520742747384496,147.0086414776936,-48.71254305150183
68.45881982236935,-45.36678070020087,96.80355749079439,-50.853826059847805
68.45881982236983,-37.819947723331595,50.01677815221717,-31.00335284792598
68.45881982236959,-53.56642349152866,159.5807272805635,-29.547157292049995
68.45881982237043,-44.11231977524185,248.9477668531896,-30.889499937124842
68.45881982236992,-48.36264610605928,-10.878589660250471,-62.87560774134048
68.45881982236965,-31.010733683010727,51.24430562378903,-37.44273619419181
68.45881982236999,-29.763922162787804,355.0333862332075,-31.242007546490946
68.45881982236983,-39.08322135246818,270.2337325817675,-34.08548657667097
68.45881982237016,-49.50275653171361,-11.758827704140995,-47.17683079971048
68.45881982237026,-28.042391458757788,352.89763051721746,-33.05387957232637
68.45881982237012,-40.4321120172096,-0.8914723992166862,-42.63840709967863
68.45881982237047,-56.69191458139187,44.889296773517515,-49.284012048261715
68.45881982236975,-46.27730535411213,179.57707057006783,-31.619825615669615
68.45881982236959,-53.0902109546511,-22.28259320622561,-51.25939894655759
68.45881982237032,-37.83146543044569,-41.06752766446276,-56.236184654889584
68.45881982237067,-49.58108623845615,128.3188056043171,-37.812732555589335
68.4588198223699,-35.14075426159686,-7.216948839993719,-45.95924164790113
68.45881982236965,-66.27666495988703,-21.952735647739264,-43.72654585451819
68.45881982237012,-32.791356575357554,13.693221502327745,-56.426598789985064
68.45881982237039,-45.65584750027691,88.89833469263684,-33.77364179539373
68.45881982236948,-46.961367004261945,41.23619434619022,-48.969846039451056
68.4588198223696,-40.87058968953228,89.87758510595523,-30.074108237491714
68.45881982237061,-39.633880475873916,-10.508298661708293,-52.73115853875091
68.45881982236963,-39.99099096001284,164.40518321822256,-33.57512454578453
68.45881982237016,-44.83229336135265,139.76875140935775,-42.47241312505039
68.4588198223697,-41.17765053475816,303.611662918838,-29.607116508549336
68.45881982236995,-67.34333176074928,60.6284715332716,-51.25133008849681
68.45881982236975,-39.915827507045435,-9.618041606297789,-48.766940479569776
68.45881982237027,-37.59717865133345,-21.574088559819373,-55.33664110189791
68.45881982236925,-37.877499259564665,172.4518473313064,-43.210805113694974
68.45881982236995,-34.23412012867817,39.52742246799112,-33.8909018793707
68.45881982237036,-36.06271368718976,398.2694817679097,-39.769447894759594
68.45881982237036,-46.031633669512495,20.516634514291464,-61.1892173744597
68.45881982237042,-54.28760627435232,-15.509536722187855,-55.29245496264954
68.45881982236936,-32.566256203874055,76.08649762445859,-34.642062819982776
68.4588198223696,-50.361421948219764,53.83911715093357,-43.93721035409005
68.45881982237042,-45.425091041933364,4.523324672852103,-54.42066030130774
68.4588198223697,-39.70103316646162,473.77542861719144,-43.37576069968966
68.45881982237015,-54.711919994032684,282.4802101456524,-45.003992303562455
68.45881982236995,-44.65233016029033,161.3805352076203,-41.56411801825662
68.4588198223698,-36.67164259056035,219.94926085497175,-36.238049248013624
68.45881982236965,-39.79012058499672,40.74124171528757,-37.78134442744749
68.4588198223703,-41.89014115880997,103.73732038408848,-37.8118421275199
68.45881982236945,-32.60543632112246,389.8306666257132,-37.75741534428999
68.45881982237061,-32.5849715226774,23.540701527034848,-47.959059001043805
68.45881982237046,-42.77374441677442,5.867658826709032,-50.90256283651953
68.45881982237027,-35.2979137747037,363.24261940660324,-18.417514493144505
68.4588198223696,-32.77349476532301,41.42137669124229,-26.78860991770986
68.45881982236929,-34.54036985237426,13.73480800614313,-47.01441137396151
68.4588198223696,-54.377451533135726,266.3497549716675,-26.96617407584715
68.45881982236995,-47.693461279311165,75.47877974018216,-27.50441984420686
68.45881982236959,-28.24609688282561,77.12931277420678,-50.79204890063478
68.4588198223701,-53.37562160465414,32.52066588643005,-38.587886367342406
68.45881982236996,-35.22547819722007,-3.5803988974310696,-58.07378196389881
68.45881982236965,-40.29462821993406,26.4844160717564,-50.15110857986953
68.4588198223697,-34.0939444575281,150.98616788518856,-38.519505151738564
68.45881982236988,-35.19252861846704,153.3750337515619,-42.21309500310853
68.45881982236892,-43.675521664995266,101.77838975452063,-52.21523104212322
68.45881982236965,-42.69449735374421,173.34435088219902,-39.5693816784518
68.45881982236939,-41.77858608153316,-10.746722333894109,-59.677231268624034
68.45881982237,-46.36417915607588,488.0850112205999,-34.75941679343626
68.4588198223699,-38.751705042280285,257.1735459971205,-30.575563282221907
68.45881982237034,-39.09159356268693,85.97395532180417,-44.41864889704813
68.45881982237047,-50.814660536677124,-21.052948905563397,-44.78798137935938
68.4588198223697,-32.01121226837211,80.29689951224117,-33.13123564680814
68.45881982236986,-60.86682567062971,174.7221812816842,-43.36527125464361
68.45881982237057,-42.32777127679172,63.329061058213476,-47.66381565828301
68.4588198223696,-47.791257677699306,59.88106538583475,-36.93631283393699
68.45881982237006,-37.92265286720864,452.9628786779532,-32.81275409707284
68.45881982236995,-37.96917885191861,141.65107400128102,-32.46561515286924
68.45881982236949,-36.306499346540924,298.61183238596414,-30.574094176833853
68.45881982237034,-30.17219047284997,70.60669360640388,-39.35178048162812
68.45881982236983,-48.86313122430296,94.04682750792648,-40.03074306879161
68.45881982237023,-33.619632092014925,90.1211253971861,-43.220049175403375
68.4588198223699,-51.63561057988106,-31.474604816263273,-77.81165153788888
68.45881982236955,-42.37055411126843,112.04840458145497,-35.42366062264344
68.45881982237006,-40.20543158006489,542.6362125695636,-29.496307601291893
68.45881982236986,-51.67002126949234,53.630152936746576,-36.66275757765823
68.45881982236995,-46.809040868336446,248.18125008505407,-37.883196021873914
68.45881982236975,-35.315987851487115,1.809377523848954,-45.25397699314156
68.45881982237027,-44.192001316454174,3.976248484804623,-39.61432332230428
68.4588198223698,-45.8160739337626,231.51895395395533,-36.533790993087045
68.45881982236979,-51.86469572882355,-9.356481826916152,-53.38531870089537
68.4588198223705,-30.629537211584356,66.95139279894407,-58.81176150866207
68.45881982236925,-34.581468979298705,64.74262986697985,-24.923182175592785
68.45881982237057,-47.533120228599444,28.838609998086273,-43.47684855007788
68.45881982236925,-36.54142666198192,-52.25450869138223,-55.66523232158212
68.45881982236924,-41.88631662125864,27.017334406608605,-50.076402078104785
68.45881982236999,-43.285102291553216,6.816999766607057,-49.167605329666706
68.45881982236945,-54.937756310263616,-0.8048730248585656,-49.046669198616435
68.45881982236939,-48.09232089450715,-57.68157807050582,-69.20346911936977
68.4588198223694,-36.59527358984646,55.68732048638496,-41.94860225681744
68.45881982236988,-51.858663796702544,81.99590124253369,-38.3265890651455
68.45881982236952,-40.98294145389718,-29.69298981059253,-46.44192888362032
68.45881982236983,-39.129179429015814,-22.473409241616483,-49.780847825206486
68.45881982236988,-50.86250056788176,231.67466488895107,-33.743995497688694
68.45881982237061,-47.11231542324544,-74.18759725499497,-78.22175359631694
68.45881982236972,-59.23308076108038,-11.74291373234344,-54.246234334173884
68.45881982236979,-41.56834411277585,263.18923448332214,-33.454368901670186
68.4588198223699,-30.515757921063347,97.05109017702046,-31.66436069492965
68.45881982236948,-51.53176259615479,37.9152590776789,-44.927409160256914
68.45881982236952,-35.59058499557507,28.246449091476244,-61.67070287338279
68.4588198223702,-43.32851605312751,-1.54743249875251,-46.47483518562713
68.45881982237003,-43.94130221253678,-33.871566089455406,-42.33795925042377
68.45881982237036,-35.45776067289034,2.133358425857379,-43.65334897619558
68.45881982237026,-31.177461468756828,78.74094841916109,-47.02551537567202
68.45881982236948,-32.46072541867731,56.19046434087449,-56.33642268273782
68.45881982237061,-36.508658385942326,-39.0347583713336,-62.38648643876908
68.45881982236983,-37.514121516540676,204.7006942162063,-39.09413277700161
68.4588198223701,-51.16447023094861,57.254384945083146,-47.670396428753804
68.45881982236972,-40.42457878753852,87.74512443433282,-51.56161408098794
68.45881982236956,-34.74520745187672,-55.692214092559034,-63.9519299475904
68.45881982236979,-41.84634943665835,-0.5920453865003061,-62.95391258683895
68.45881982236972,-54.24577741852503,58.12015311825658,-33.83336685440729
68.45881982236986,-47.76303112879619,97.35463791157508,-43.90445881783743
68.45881982236968,-37.76023748131247,84.83335357421262,-39.980772680065314
68.45881982237026,-54.64164295976768,-23.49593009747363,-47.77798571197598
68.45881982236968,-43.32319768591446,222.22036973081592,-37.10118511064488
68.45881982237007,-44.65708749853866,167.17686458832327,-28.662763750663657
68.45881982237032,-60.486623527976846,-5.728969669249473,-46.80376157743979
68.45881982237066,-38.024064126619095,272.21640432018285,-47.967813263374104
68.45881982236968,-45.356842208332345,103.3810725232791,-31.31928244712865
68.45881982236949,-48.939999178090495,-82.01467569897349,-87.25449969330377
68.45881982237015,-40.083823069802094,-63.074443208014564,-69.43370274856959
68.45881982236986,-33.696354443508994,6.865464887643924,-42.898551260806585
68.45881982237034,-41.73050721675252,104.77410880120242,-39.811938935552824
68.45881982237016,-35.679098624333946,75.87897513133122,-38.600604216976585
68.45881982236983,-46.003011783897094,-22.6345806239982,-51.000902656233116
68.45881982236979,-48.2305218417533,71.86357278698338,-38.03248019856994
68.45881982237027,-41.407190661909354,201.941113355805,-35.34722372467832
68.45881982236988,-37.886043911497595,377.1659640409708,-44.26562152610759
68.45881982237046,-43.149759525888534,112.6544217808343,-34.16954843803304
68.45881982236975,-38.60523845890308,127.94475172967933,-40.370029524371986
68.45881982236995,-47.27339695192087,20.903700746019616,-34.613828644418454
68.45881982237032,-42.18557601495008,69.47109807254115,-32.305613016906364
68.45881982236975,-49.18161061176971,-44.15718414909586,-59.25861203056111
68.45881982237019,-26.190677471764868,219.75934024763725,-25.719657692312115
68.45881982237027,-43.06712882726319,990.7963031875814,-32.37843731829202
68.4588198223699,-48.640403305358205,43.81772885215129,-43.14708893448529
68.45881982236992,-40.70310048983535,-21.834510191910816,-51.02652165211653
68.4588198223698,-46.92897519720513,52.528550953975596,-54.17588044558851
68.45881982236968,-58.125007248558624,367.3796173220299,-28.72692956576787
68.45881982236952,-39.2136432764323,50.13855159275828,-41.60365996990573
68.45881982236996,-43.16535265672334,279.70158813982465,-32.7400554650419
68.45881982236986,-45.93448791933605,-13.749016120509728,-52.11660664736103
68.45881982236924,-44.54792669032602,74.35754530990879,-33.873194532479076
68.45881982237023,-46.44182419207109,66.98936952995123,-37.93394920842903
68.45881982236975,-42.23887412834018,94.01272439318038,-48.083989274952785
68.4588198223699,-39.33261868841236,98.00771705777409,-41.65470554845092
68.45881982237016,-33.53615679275202,156.647497758046,-29.171175485869405
68.45881982236952,-47.707034317176564,184.59088460818154,-33.5128588019602
68.45881982236992,-55.89297271540652,95.92661077989537,-38.47287411301934
68.45881982236975,-32.39094614511829,434.4256537089712,-22.748213200570465
68.45881982236921,-51.234345300703986,173.97807188336424,-36.55830177865187
68.4588198223694,-33.07275528089724,201.44683132534786,-42.856232687396634
68.45881982236995,-32.6295889628161,105.27625342999568,-43.801810691851585
68.4588198223696,-37.70189298839418,34.96528443462008,-51.77131852844714
68.45881982237066,-62.36845817243059,-24.30733311472244,-67.61206454744584
68.45881982237023,-34.096433121784756,63.5154412999426,-45.175447606160105
68.45881982236979,-41.87108078370112,64.69752519189828,-41.349936291369424
68.45881982236904,-39.07322329188656,63.57792414120951,-47.00738201335961
68.45881982236968,-44.94518711936482,250.08743064625105,-31.935651639433203
68.45881982236999,-36.743698989866594,28.789286376450374,-49.72321755595065
68.45881982237019,-48.960515825283146,-13.31337518846839,-59.91044903105993
68.45881982236976,-49.780930195501064,273.51292699572485,-48.247569656015585
68.4588198223697,-35.52927093526623,0.3529748055228543,-46.39532812361137
68.45881982236935,-50.90744638874798,-19.297624441852278,-40.98423355179139
68.45881982236963,-38.61894613417769,34.69557897829163,-47.59738990225464
68.45881982236932,-44.28186423403888,163.34641988683748,-31.012611590656647
68.45881982236955,-35.89495773699952,177.4910075928806,-27.693377387167672
68.4588198223698,-63.95064556669858,191.7052155939626,-61.17452881196361
68.45881982236986,-35.211280800554945,-57.20549803294463,-62.759887549338075
68.45881982236963,-46.478439378205024,88.56922621663944,-53.13431227104286
68.45881982237026,-41.497997204144745,7.877226125814474,-58.09868328995383
68.4588198223697,-42.47115854744353,402.5378846310783,-40.334010449549254
68.45881982237007,-58.57227545893649,101.07327806363506,-38.2651299374595
68.4588198223696,-44.07841216693097,129.47879908838206,-34.7088798886192
68.45881982236988,-37.064845361282764,128.80734513482128,-33.0084119982298
68.4588198223697,-45.47859486306115,100.14652849275576,-39.99012028614405
68.45881982237046,-37.682750617138694,5.206490493775151,-51.37453720781275
68.45881982236965,-36.21825754487404,74.39974747056388,-41.849437214717966
68.45881982236939,-48.049902607139764,143.98606015402243,-43.807432673392846
68.45881982236928,-37.757216671065976,433.8301780903583,-36.12405613243036
68.4588198223698,-37.47005295485709,329.0305644927947,-22.986770753219375
68.45881982236968,-39.37902149182909,-46.568026371481594,-59.72857877587761
68.45881982237007,-53.021345271444595,100.0625069237032,-37.326165201774984
68.45881982236999,-34.64276914833665,88.35781217020275,-42.27799322970747
68.45881982236956,-43.03151419790841,50.99075018847834,-41.73973690806571
68.4588198223697,-39.7002586712784,433.5559884473687,-27.383976412807943
68.45881982237015,-41.8908375254782,120.97911786865798,-52.04590677410158
68.45881982237105,-53.92421981955309,-2.7984526973743873,-53.86378838765625
68.45881982236894,-52.2681257199802,224.24874999253296,-48.084026547685454
68.45881982237032,-54.55602145799758,208.52793243144444,-59.541107102673216
68.45881982236904,-48.99609296577281,275.30692041205975,-28.73675451002501
68.45881982236992,-53.196180220988666,145.27528499835535,-39.02329599724478
68.4588198223699,-49.91024401296583,-37.933040646301805,-64.11907422246142
68.45881982236935,-47.59749344989292,275.343571819433,-30.50340473476907
68.45881982236956,-42.12648130231743,-35.989754619755054,-52.605348463051115
68.45881982236979,-31.321041795258175,-8.783303301207434,-49.05727972544012
68.45881982237012,-38.308182111738176,-32.69632076803376,-44.93312570839062
68.4588198223697,-50.709640411993284,56.47517438676471,-50.117965892862756
68.4588198223685,-46.50303058375268,100.59938464500205,-58.16074936143445
68.45881982236996,-36.52163397653442,93.48824062370964,-51.19815786688745
68.45881982236955,-43.347375630497176,54.17222977330223,-39.314436481338035
68.45881982236939,-53.88423335989548,-23.194155241368797,-57.78959693966311
68.45881982236921,-41.46438469243551,77.36423509651486,-55.41974874892644
68.45881982237061,-51.647649188066126,52.30808553689415,-32.22574098766836
68.45881982236894,-40.44252449299549,194.1371585071702,-36.71163013109299
68.45881982236963,-42.000040773612454,-60.64948109443655,-68.60638501981641
68.45881982236986,-42.58013357582527,194.03516108056914,-41.013518991830686
68.45881982237015,-53.16522914545905,115.25954303953566,-37.8092123219235
68.45881982236929,-34.00797665826681,502.82197848743147,-29.795888640715418
68.45881982237036,-38.25565999576048,254.94957672349284,-30.10183128668762
68.45881982237023,-54.45888943258743,392.5529750945412,-34.12873774991111
68.45881982237039,-54.75269705279801,340.833751480145,-28.243750261798162
68.45881982236963,-54.96652414000462,-15.742402483078589,-55.24928647452988
68.45881982236992,-34.71715178132462,128.23990726151214,-36.055886768776126
68.45881982236963,-59.90335267237534,138.1717318162415,-32.55468712972761
68.4588198223698,-49.72145393878928,95.95111425487599,-31.23227759176075
68.45881982237006,-43.94280254325822,534.8306900750674,-49.58901936530707
68.45881982237016,-47.86348374812136,137.36601187083056,-37.66409210677991
68.45881982236992,-38.61274455479751,181.48656748678854,-36.85506118898029
68.45881982236996,-40.386386145423444,26.6317200106732,-31.579537529178335
68.45881982236916,-33.50705402309706,-11.178224237819856,-44.79012606554005
68.45881982237,-35.71739644889998,192.24860666340123,-40.079017886147106
68.45881982236976,-46.002764945878916,371.14004857246255,-46.50307807902554
68.45881982237067,-43.416744549400136,-10.561871928932852,-43.647611734495186
68.4588198223701,-46.29715378973297,76.54891336756646,-44.865662319221755
68.4588198223699,-62.66379561181172,-24.828482486999746,-44.953406946520694
68.45881982236996,-40.17937141059418,135.45120704852573,-36.550673069738025
68.45881982236965,-41.63645762519379,54.001076851393904,-42.19535455482863
68.4588198223701,-37.42050258328251,86.45737052639558,-44.48549856262797
68.45881982236975,-35.12534700826407,36.062471410983754,-46.241650498166656
68.45881982237043,-41.324410994807955,-1.5293311929097886,-58.232665359036304
68.45881982237042,-28.011203784132952,-24.012947264991535,-48.5567258546692
68.45881982236999,-44.20423499283971,-25.580623281067403,-57.33105019932092
68.45881982236976,-46.820496760025655,34.46090473017331,-51.64666865110292
68.45881982237006,-52.62603068773664,75.4918387452007,-58.749658943632724
68.4588198223692,-67.90356538291084,52.926065192699554,-52.374895057368676
68.45881982236929,-47.16974947595819,460.4198190561398,-30.998796290171736
68.4588198223701,-40.55398216884137,430.5002797170566,-24.050233698255663
68.4588198223701,-38.017056298470465,72.60838497339628,-42.847813776816565
68.45881982236975,-30.0497671526888,136.95908144003525,-45.82147746862272
68.4588198223702,-36.05480151980254,129.1180727954316,-35.72776922269924
68.45881982236948,-64.55252584077425,151.25204380344837,-47.92552128261433
68.45881982236976,-32.87879308463214,-54.8305111810316,-75.17880539752548
68.45881982237051,-39.07884839652321,810.6807966116545,-34.062689189963265
68.45881982237012,-35.932089212308696,35.07058566677665,-63.005052780713044
68.45881982236995,-44.4508478226435,24.90584634816846,-41.80953529035808
68.4588198223703,-42.00364595757016,-19.90781594898614,-59.488768515114465
68.45881982237118,-62.40938568793051,278.76554248552657,-32.05875674792023
68.45881982236956,-32.439321503508076,181.44008890752278,-25.659780720941626
68.45881982237027,-50.19123192199415,431.41616631944356,-28.899434478525453
68.45881982236936,-38.98618425988207,-3.6561778775972664,-55.4691930518832
68.45881982237007,-45.54877478452505,-17.230569029654173,-50.7382247807256
68.45881982236979,-35.61687293600714,102.59577590130982,-40.91740021662387
68.4588198223698,-36.328994520647896,87.58111653866962,-30.821411919821163
68.4588198223703,-31.417035667772208,446.1210512475437,-23.27820673378994
68.45881982237006,-29.877856049445118,59.22276003032536,-41.818005858900506
68.45881982237051,-39.06744342436204,10.097533416164994,-56.57426898200504
68.4588198223698,-41.705286458568516,-30.361220496826025,-56.50277335124694
68.45881982236965,-29.492014814277134,182.95370929356983,-20.483383382817312
68.45881982237023,-44.417903406099704,-33.4664030240632,-64.49889653280022
68.4588198223705,-52.529976117723855,-66.97158205131812,-71.89209631244331
68.45881982237026,-61.43146906531472,56.889134542588195,-47.03435049835658
68.45881982236945,-32.38939905874937,124.17271827659033,-30.623655213257095
68.45881982237015,-35.839394900625976,-81.9866556280215,-82.26456097006528
68.45881982236996,-59.50555282974217,-26.37198576245029,-61.77099495135501
68.45881982236983,-36.47532796982116,81.19898861007155,-55.52029633078255
68.45881982237074,-31.22432994593195,114.65141875433132,-43.60579177474332
68.45881982236988,-31.839349795516526,101.26956197049188,-36.736314008785286
68.45881982236904,-37.486460661432396,139.42131473547667,-25.009492083892415
68.45881982237061,-34.718609305185645,137.19964211162957,-48.986112491717115
68.45881982236965,-34.93306550847917,87.8502157157053,-49.03631177904057
68.45881982236975,-38.017607044621705,318.27728462232415,-27.772557693040167
68.45881982237015,-42.84552519873653,92.25422985455738,-42.17397677517932
68.45881982237032,-32.881234672570336,20.451351914709747,-37.44125285086815
68.45881982237026,-35.874432452599066,159.68343593830997,-39.5043733233152
68.45881982237023,-39.54322712630468,165.8732230564866,-29.70986820455336
68.45881982236925,-31.827410684745182,101.005555483526,-39.99879007281385
68.45881982237034,-61.253758541531255,401.4193344547036,-32.4692883839255
68.45881982237034,-28.80478313025656,317.95640849321705,-33.58091010504685
68.45881982236948,-25.267175815317945,320.4037505024952,-29.179316808836763
68.45881982236945,-31.15628371299778,-24.622101567259534,-45.447585408946075
68.4588198223705,-44.19560328407089,108.23621726612878,-49.07310931013521
68.45881982236935,-41.36921595271613,132.02500374982057,-29.560313475585254
68.45881982236992,-50.817411015348924,17.002436038475977,-61.82167418861837
68.45881982237006,-34.46793631721761,295.9159228837913,-38.320289155497555
68.45881982237034,-45.478036527883106,107.60821898987652,-37.1671208551003
68.4588198223698,-38.372825859721885,0.40101505954204253,-52.681999659036414
68.45881982236963,-38.13823355908374,2.1771412439072435,-37.6323461641566
68.45881982236986,-59.903828521656564,62.39674059008556,-39.520062992264315
68.45881982237032,-43.813290536868756,-29.475121421708174,-60.57862517706618
68.45881982236983,-49.10091945840761,127.48550775385485,-42.09130606346836
68.45881982236975,-46.86317648748359,42.4159421693483,-47.12521007389313
68.45881982236929,-38.041917285017234,87.3929169195026,-36.14786509002703
68.45881982236945,-31.61977902803812,65.93809688294729,-36.86688995332311
68.45881982236995,-48.2647825753606,-56.05686851441796,-59.58948001899533
68.45881982236968,-42.025949528389276,143.86491617536623,-32.043852909071525
68.45881982237006,-35.97504878221653,3.008779479708079,-46.474650979202046
68.45881982237007,-38.10529531400745,-16.393996460828152,-55.562567015143394
68.45881982236976,-42.198894350138794,57.403101598708716,-32.66469070297015
68.45881982237032,-44.22357140987548,344.1597092563639,-29.6296685622356
68.4588198223703,-34.2721908400702,576.5043726851857,-37.64986796656008
68.4588198223699,-32.640184490959065,264.2930239202493,-35.95533128839373
68.45881982237019,-33.852245170183714,117.06085079066781,-41.19183500775738
68.45881982237098,-48.34779422481936,164.75899790963595,-40.90808021417223
68.45881982236965,-42.8101260115883,88.96521770644713,-41.796354243880984
68.4588198223699,-48.236842679300274,62.911673541331695,-25.860795478773113
68.45881982236897,-36.51191114436213,-25.10241315351063,-50.20729212628907
68.4588198223697,-39.29295261046133,130.94605807573507,-49.495871033787
68.45881982236932,-43.382424620230694,38.03659911143935,-45.73571329628297
68.45881982237019,-38.094224154394105,106.37444106055054,-36.80041504277855
68.45881982236999,-52.97467840978409,69.51941138132365,-51.20144532680821
68.45881982236948,-32.00062394637683,274.0955233988731,-31.206024968098845
68.45881982236992,-40.31935831342306,-58.27034452103226,-67.02803415773653
68.4588198223694,-39.105037480559936,95.00082726130236,-32.52906136338607
68.45881982236975,-60.51604877358201,-32.373585139960106,-50.19348787342244
68.45881982237015,-36.35336579268178,143.7016480059695,-35.08660677350983
68.45881982236915,-38.450078133601586,147.5332372980115,-39.894221900311436
68.45881982236916,-35.51814259803622,203.38488224212307,-26.174177111746012
68.45881982236995,-34.02148177528639,6.916632042397364,-40.118373630610485
68.45881982236983,-47.46210815082742,104.99742830090555,-33.56882356382079
68.45881982237081,-29.48639369761945,212.28388755358668,-33.66678371509767
68.45881982237012,-49.266629244742575,-34.312961100050074,-64.38498485582618
68.45881982236968,-50.40256794470079,-8.680085960185957,-60.4994692566404
68.45881982237023,-41.884353405012355,206.1675618532297,-36.38416613436417
68.4588198223701,-62.006737565099876,-33.529858677543025,-50.740079790672624
68.45881982236955,-41.801388645747025,111.17535569310459,-43.98010043252758
68.458819822369,-42.74424732878597,141.2049050713614,-38.98008233349034
68.4588198223697,-46.76027287239846,237.02551264435488,-26.190465757182203
68.45881982236983,-57.92845173656147,213.23142995487547,-40.79384492424717
68.45881982237007,-32.573642720129094,128.8423258829253,-42.60972598218123
68.45881982237043,-53.57654337399299,149.90116423626935,-40.32265770849426
68.45881982236925,-49.65030779605173,42.79107731173046,-52.44934829515986
68.45881982236968,-49.67800870049981,92.33420617011741,-34.568617238002055
68.45881982236924,-48.43602012276932,124.45002419292344,-44.3619200391951
68.4588198223702,-39.697817006260685,-49.60713863172857,-70.02439014632292
68.45881982237007,-45.39227039937915,289.5232488481023,-35.31318456476752
68.45881982237012,-35.93704755758678,172.67181200571017,-38.8084223387099
68.45881982236952,-36.52734013787884,89.0020642073726,-39.56050415103819
68.45881982237007,-37.25506691890542,127.87440452407952,-35.429568497443434
68.45881982236929,-35.87122762069666,9.152181172591046,-45.9619881567237
68.45881982237,-52.04136701892709,256.1749941648882,-49.66910535910818
68.45881982236976,-41.05914111434741,81.5435543112969,-48.5624682837747
68.45881982236999,-47.585174233982144,62.436097128009216,-38.58493319549119
68.45881982236915,-45.72179199431909,22.521043058521606,-52.12719951197114
68.4588198223698,-64.94247863348785,-47.982485682941444,-66.55388441706951
68.45881982236901,-41.794000737034374,189.8617088953448,-38.70244883307225
68.45881982237012,-37.80576907182984,-9.600847397370583,-62.90233979054616
68.4588198223701,-46.5638840776589,59.12282814109891,-36.937365808709465
68.45881982237086,-46.49477112840449,23.74418771074309,-48.29838579091182
68.45881982236904,-31.151125230253395,4.73700886781232,-49.86159652363189
68.45881982236979,-37.247997380938614,19.663467438073056,-43.71798473286266
68.45881982237046,-71.6616604534616,103.54103470389776,-38.53061108267606
68.45881982236995,-31.633028266065278,95.54709407081275,-46.571860540611276
68.45881982237003,-37.0486224002751,12.789567169311233,-64.0677932325541
68.45881982236963,-39.728745159342225,-26.038492377646484,-56.9337824686162
68.45881982236908,-40.0594928150487,89.6894135679354,-56.893444921728566
68.4588198223707,-37.7703614761288,18.185069826317047,-44.61633916363811
68.45881982237,-37.09314086794452,100.71112266327233,-44.045234437293814
68.4588198223699,-32.09235869857231,-5.66784178020876,-39.108974368338124
68.4588198223694,-46.53207533587733,251.13725009476548,-33.110686955625866
68.45881982236963,-42.58867911232442,-17.206608287352022,-60.701838080168756
68.4588198223689,-54.236173600819,57.75521709695703,-43.1301108459619
68.4588198223702,-42.090759406925905,49.92333830171221,-41.866702669672215
68.4588198223696,-45.61945327852119,-23.872451742686273,-59.92731778761726
68.45881982236976,-39.99025342736255,95.9680998025398,-27.175075935929705
68.4588198223692,-58.2940083054341,59.579464905845384,-40.289618866044776
68.45881982236908,-34.31529482913995,448.62859745998634,-25.908123728562384
68.45881982237098,-41.7259154099409,-61.08026491449037,-67.58706192933163
68.4588198223698,-40.6269673303757,121.28757709783513,-39.950754157499546
68.45881982236999,-31.222322004626612,504.89556111529026,-26.9186700858019
68.45881982237,-36.649388449513395,95.70314636748537,-36.071886725200905
68.45881982236995,-58.59566157467315,153.03801268390006,-44.61956005569979
68.45881982237007,-57.272262646841284,-12.608004513103566,-63.04197564482745
68.45881982237016,-52.15578829546198,107.79946942066316,-65.10310014688937
68.45881982237006,-57.22258607071875,126.68689751232152,-39.245196694594306
68.4588198223705,-34.22937893625525,112.42570973977885,-53.99763617622715
68.45881982236935,-34.79729648110328,-50.208021478705,-75.21112486395963
68.45881982237016,-47.223126571412955,164.47550825199878,-42.99794737212772
68.45881982236983,-45.953698987611645,83.15884151753723,-41.00378077243123
68.45881982236949,-39.44636897119702,264.8658138616579,-28.117274566552965
68.4588198223701,-38.05153327294156,56.58029018421749,-34.874779479558725
68.4588198223701,-48.61437439311717,17.178676667245508,-49.00112000917729
68.45881982236968,-46.990507850874394,-60.3283810559965,-65.74896758826812
68.45881982236912,-34.88016969687138,78.0799126213631,-36.06306303254656
68.45881982236996,-37.26562596705955,0.7145350783155369,-62.04830039828244
68.45881982236904,-46.50443919710629,51.93949790686485,-42.028091840996865
68.45881982236988,-40.49566686532762,7.788903836298222,-35.73159747307953
68.45881982236952,-29.01198759005722,171.4537405630049,-35.25627276399774
68.45881982237047,-43.217149739378925,187.64765371841708,-34.70746465560287
68.45881982236894,-42.08915300844567,163.3734813969821,-48.84988971449222
68.45881982237,-46.40891986546946,77.57855856870175,-41.82591162557069
68.4588198223689,-52.300521607036245,89.22211674209059,-45.93343293497662
68.4588198223689,-37.13183470192308,-14.368522378093552,-41.219781384237685
68.45881982237036,-37.4369140118127,-6.183116816572554,-40.50335772326974
68.45881982236975,-42.19984469684046,108.88706552758052,-46.7547693534373
68.45881982236995,-34.29285736195187,325.17560740237934,-35.47945702488232
68.45881982237067,-47.834890682911436,61.70865200108617,-44.15943290886998
68.45881982236999,-40.5190550486655,306.54895438493276,-34.12937344418913
68.45881982236968,-49.89067702143243,58.27214722284657,-32.21744296686754
68.45881982237026,-43.05366233909895,95.34386116909714,-41.27807774027642
68.45881982237003,-53.008509980098715,328.67763531629936,-29.440987489645554
68.45881982237026,-34.37794585777463,147.11353488460506,-45.85581759746595
68.45881982237012,-43.239445489317376,71.97446553204412,-37.17130507092884
68.45881982236983,-46.38546538595821,154.57084176647106,-52.6598903712191
68.45881982236972,-43.33782211356891,151.6957118687101,-34.46288106697713
68.45881982236992,-35.889922840569966,39.1020921941444,-34.87303400630009
68.45881982237016,-54.62384159811565,67.10625687173804,-41.648654508365944
68.45881982236988,-45.636598039587476,427.91547868019404,-28.417316603470155
68.45881982236995,-50.92748754516098,-33.23575772061474,-53.41595458270001
68.45881982237006,-41.692340509746806,90.55880214717575,-29.863797673270632
68.45881982237006,-38.712468758150486,-26.55725545339441,-48.99314891084463
68.45881982236921,-54.87879805061965,54.58671447953265,-58.59213822217807
68.45881982237003,-41.20973752583434,-36.52201162864323,-64.93257395468018
68.45881982236988,-45.572548748869615,16.383527715183522,-52.673689643285805
68.45881982237003,-33.69134135710804,59.36339212820074,-54.52423329443121
68.4588198223692,-56.881027526003805,268.1491243844512,-41.99548767224562
68.4588198223696,-46.68482342478298,35.46060379835507,-51.25747594468963
68.45881982236983,-47.22986892896831,184.5952870919047,-48.58658735057409
68.45881982236999,-46.380630542692714,35.18476705917119,-51.81994341273863
68.45881982237039,-36.564407641838535,266.1468297281918,-36.746764328525686
68.4588198223702,-43.43101584995317,7.867356832018091,-41.223328843833585
68.45881982236968,-44.074861745731106,146.28765698378547,-40.03539637798125
68.4588198223697,-49.06889792849708,236.0017438806989,-42.771535410967566
68.4588198223698,-37.00980064922794,-27.207289077796116,-60.72945956412904
68.45881982237006,-44.435365010750075,145.95629681067135,-37.487609477582836
68.45881982237036,-39.478430653004025,46.737025427863465,-49.466983989674354
68.45881982237016,-36.056005383218306,-60.87741322402456,-76.94349381161916
68.45881982237051,-46.131967827291064,641.6723466807795,-26.557039195741204
68.4588198223699,-39.0668064349258,73.98717174137279,-37.6470175243041
68.45881982236939,-46.74057916395476,25.202506162761317,-34.601321291399664
68.45881982237114,-49.41127208954554,350.75085873373695,-27.78015729424227
68.45881982237074,-44.06684486018298,-59.272877952197526,-71.73071792891037
68.45881982237012,-43.236483482303626,-12.133650703207921,-56.448021258202296
68.45881982236963,-46.97023781917423,18.124225243736515,-47.283683560252896
68.45881982236979,-37.49721765744325,-36.41550714647265,-57.748877901188166
68.45881982237006,-37.11769429464836,17.682192620488667,-56.65738135790113
68.45881982236988,-58.15180515942562,217.63216671575435,-31.780768196297583
68.45881982237066,-52.839127119793176,36.00879897411233,-38.71218877418671
68.45881982236935,-55.065866570447255,49.68102423920542,-35.02572437507231
68.45881982236932,-47.024567853199216,98.05367091808459,-37.257726194428976
68.45881982237015,-53.412461352129604,-22.1454817684713,-59.69042404891587
68.45881982236945,-48.6151464625023,47.710646521530585,-47.08091147283543
68.45881982236959,-31.082374655373968,96.10843507034308,-37.966900747074284
68.45881982237023,-50.51400222198045,338.96851424997755,-28.02034543024201
68.45881982237003,-53.70160016444699,181.85980132708565,-37.2362775410531
68.45881982236988,-58.649847961414956,698.6826705087767,-20.128197853012487
68.45881982236976,-37.554795262171204,175.77467077837557,-35.99154143432814
68.45881982237057,-55.59528433645702,83.98056058775683,-47.101790057141166
68.45881982237007,-53.987692873646346,38.21272165751397,-42.1665506880716
68.45881982237054,-53.457201785505504,-13.858031871339326,-45.17874319503444
68.45881982236948,-33.103033371823685,268.4965887119469,-33.72838146615865
68.45881982236877,-33.74962365072112,139.4414864716226,-48.72198297284821
68.45881982236986,-52.224203549515295,165.99533572357674,-38.65027443471557
68.4588198223702,-30.488597462456713,277.71146496817175,-34.66650148565792
68.45881982237026,-46.21568438196788,122.37068090542328,-37.9558240805738
68.45881982237026,-42.922830741029806,-47.46879949178782,-76.35773170191985
68.45881982236992,-40.656524744591,173.71557031964485,-30.182926950852217
68.45881982237007,-29.479403464041965,338.3540285871621,-36.72599924746519
68.45881982237034,-31.208084913202317,185.97546107273035,-39.90565305241379
68.45881982236988,-34.46825275180488,258.23388158604115,-34.38095554775583
68.4588198223698,-32.592219065110406,-23.276877605495905,-44.24491232963157
68.45881982237054,-58.9198520374884,29.18527297992124,-36.22006767530349
68.4588198223703,-51.71521983826592,15.75426770519579,-54.95573363921824
68.45881982236965,-49.95451231950596,76.35976364071246,-34.22263315400021
68.45881982236992,-36.31375690334446,172.0259374296715,-30.810381735125645
68.45881982237026,-58.096588594347274,141.73481805247633,-33.18189029773242
68.45881982236996,-43.672529316631056,46.72258687096837,-32.34842550253596
68.45881982236988,-39.201395200862066,-70.45722065734306,-73.67593421309684
68.45881982237034,-33.03071090895987,475.5355462308619,-24.328675804813948
68.45881982236939,-45.62112580972686,22.710474261170475,-39.74923518060144
68.4588198223701,-51.688980037478835,186.45277249176422,-45.89994058528515
68.45881982237003,-48.54856998547885,-54.89639246131266,-78.90019810726487
68.45881982237051,-51.32065235416421,171.08152893982557,-36.403126584975645
68.45881982236999,-34.61281233825119,21.53725770772976,-55.59481730804472
68.45881982236972,-44.2059164353016,67.01360781080803,-42.4964914413348
68.45881982236921,-28.195749643940804,329.6376456656573,-39.27309925167714
68.45881982237051,-25.336089145639594,141.9870665989294,-39.85866595734425
68.45881982237023,-29.66448409426259,38.9598976440054,-53.34242934569148
68.4588198223705,-48.425917111036284,-5.298197481989931,-50.10053367060136
68.45881982237027,-42.16786661053224,114.66490537688716,-54.51109743059226
68.45881982236979,-29.243875710095203,124.03788971805629,-36.92733365877555
68.45881982236996,-41.324044716351885,330.2429714468865,-50.16055445204214
68.4588198223701,-31.67187107232847,-16.06844506388039,-41.16800482870649
68.45881982237026,-40.16631790639704,-53.952140997805856,-58.421029400615296
68.4588198223696,-38.69808485453758,272.94737244417746,-25.784251483107756
68.45881982237039,-26.96557409590039,-2.975662377709609,-51.022305244191735
68.45881982236986,-32.49905216562545,18.69153512471331,-33.18570279311259
68.45881982237059,-35.98147568746754,218.21822379502572,-34.1473426006135
68.45881982237032,-46.23970275095952,31.550752250666058,-48.38292310945476
68.45881982236904,-40.260314639342134,395.6614630092796,-22.739952089480987
68.4588198223698,-45.490999592885075,269.21217273738324,-50.22554320269106
68.45881982236992,-48.664778670995304,2.0517743159030877,-53.48567657142886
68.45881982236999,-45.67085420370678,76.20766463747906,-29.329558975469084
68.45881982237036,-62.09576798723289,53.4160744809975,-37.67106431106655
68.4588198223699,-46.57326938962534,0.3268144507320825,-53.2368914287623
68.45881982236999,-40.083237979647855,66.09751911180817,-53.78843469334177
68.45881982237039,-31.807134085349563,8.739123381866598,-39.76000685339199
68.45881982236979,-45.06043289617831,2.7359337284568186,-73.29425373971668
68.45881982237026,-42.39902176015268,70.82009419717852,-38.54811762283218
68.45881982236979,-50.93520697943232,401.46511224326105,-45.54491658418931
68.45881982236976,-47.52939573833811,-6.116179285572132,-49.49265590830988
68.4588198223698,-46.47529189400495,62.84088800177112,-30.045744798981854
68.45881982237012,-59.63405306561551,74.29812312489479,-40.70912222867933
68.4588198223703,-29.386390461661616,89.97501887350492,-47.72384036345717
68.45881982237057,-41.674540306653505,-15.02172980244344,-62.12666216869308
68.45881982237026,-46.6102330022778,78.00807127308813,-38.50497183040801
68.45881982237012,-40.38235450269118,71.74344390857644,-37.39188698840232
68.45881982236901,-37.58101209622748,57.157187065143944,-48.50051433479937
68.45881982236921,-32.71821849165637,142.77070670288873,-34.36228866631205
68.45881982236904,-38.1933209119008,97.39007367881447,-34.587083422117495
68.4588198223696,-58.11707440990865,61.5335618546597,-34.39229027265639
68.45881982236959,-52.373965419485494,43.74043551603779,-58.222298916472525
68.4588198223702,-43.624939372442064,260.9633090099167,-36.82320921561385
68.45881982236959,-45.61034717896047,46.29013151065793,-38.82881991416891
68.4588198223694,-31.428395771272065,240.74115155582768,-27.192334406250584
68.45881982236995,-52.98079449600418,-53.37517363764752,-67.82120777693032
68.45881982236956,-29.663352627209207,385.87302064457447,-28.921130948759945
68.45881982237051,-62.646336268061596,-25.671039736492517,-46.488203981473
68.45881982236965,-35.287220660134636,178.7289437807222,-36.85425889091476
68.45881982237046,-47.200102930641975,-60.913331011417974,-80.88379384462395
68.45881982237003,-40.66515125282526,3.299340624406799,-59.31280866862949
68.45881982237,-38.41686512190671,154.67451396184924,-31.446968647906647
68.4588198223698,-42.779645352553274,-57.49446823532185,-75.72951439791001
68.45881982237026,-51.84423894442831,305.03611521362393,-26.800589947003452
68.4588198223705,-38.171667754118566,27.930219412638245,-39.71411441505771
68.45881982236948,-26.8650258750585,-27.989184565978608,-57.42595478076211
68.4588198223689,-43.90090181769638,230.2975379052269,-28.708400831367886
68.45881982237067,-52.0759046807896,16.0758179852472,-49.76255998300066
68.45881982236945,-39.216827111136496,343.5277070990788,-33.458278021683505
68.45881982236972,-43.62551428731365,18.570642447274377,-44.79786185223459
68.4588198223705,-44.015103813538936,40.34895799749096,-40.50976232345388
68.45881982236952,-31.46842414123284,-15.92520804784442,-49.424792688950404
68.45881982236992,-48.178826977717485,52.931724642569186,-33.54264272826103
68.4588198223703,-35.875494293224286,-40.1125114271899,-56.81310753395792
68.45881982236959,-47.129414926384236,-22.535642125224207,-58.33410604989562
68.45881982236972,-32.12990053408655,29.33553013357486,-50.03217481052638
68.45881982236959,-38.00172126794688,211.59311205206967,-35.77687054537632
68.45881982237,-28.850101518910044,229.5012352284213,-24.677548515718726
68.45881982237019,-41.84208204740252,-4.3289585396662495,-59.941479510708696
68.4588198223701,-32.04322264199823,284.2518915829216,-38.45210545146962
68.4588198223701,-33.817414210486454,136.53393664439628,-38.557887504769006
68.45881982236995,-45.97919834362458,234.77085934481389,-40.92914711555612
68.45881982236949,-41.22695223814695,101.41785826888166,-33.94216155243779
68.4588198223702,-31.51069069962915,202.16753067880595,-26.322157701032644
68.4588198223696,-39.12361767485489,32.45977645522367,-50.662049995821356
68.45881982236996,-35.78666045006743,77.52712757755715,-47.11764713705111
68.45881982236949,-34.814691219062645,78.42598552594315,-48.486353882967904
68.45881982236979,-30.18696855850197,4.674461504104888,-40.47282476773425
68.45881982236943,-59.82332862995858,136.27769992064023,-30.643228755377606
68.45881982236986,-43.40321354738585,23.15670268093797,-43.627559900489366
68.45881982237,-52.961901231356975,117.99392218516691,-32.8778203625996
68.45881982236945,-38.748525725623395,1363.7474711119812,-29.35873786742993
68.45881982237016,-28.169531769918876,160.3656742152918,-41.583491434068456
68.45881982236963,-56.00924808176884,232.90278725572279,-23.698040823350443
68.45881982237077,-44.21479236401156,54.31654448702148,-25.866935812423677
68.45881982237007,-38.74583956244276,146.57252637348014,-48.698371356960934
68.4588198223702,-49.77602441491419,372.920692483493,-27.38195375917276
68.45881982236979,-56.944321941623166,499.1530802180506,-31.163652353980677
68.45881982237023,-30.983237275017437,9.481485223605768,-51.39278742154738
68.45881982237043,-50.98560774062837,6.75473233903594,-43.20450793422571
68.45881982236956,-48.276514656488004,-51.60600162498683,-63.12461910599101
68.45881982236968,-43.07671619321768,199.2346677604977,-34.01329004978266
68.45881982236976,-38.16839183094578,-27.873459388856226,-58.1486292998562
68.45881982236939,-40.068878358756386,71.02128430583463,-53.263662554797364
68.45881982236988,-41.61127139439873,22.959852975198913,-60.36340162925746
68.45881982237019,-41.9987421765903,155.77797948162905,-38.678615139000215
68.45881982237063,-34.37958129348726,851.4740539067802,-30.984430738750092
68.4588198223696,-40.30962130247387,-9.394712354106016,-46.85079311028346
68.45881982236945,-41.905610184662436,146.1416677600413,-52.71169347650595
68.45881982236936,-47.37391362419036,36.17507418514636,-41.199748678048756
68.45881982236925,-36.07487303154666,47.30895396192876,-41.16345088250449
68.45881982237007,-44.16819731095592,91.91743835474907,-33.628086377914045
68.45881982236904,-33.05189470434383,27.678803994389156,-38.01594166726638
68.45881982237039,-49.617469796362535,85.1348175715199,-32.69085146308309
68.45881982236925,-42.11770688240512,40.07007985428943,-60.71002510737756
68.4588198223705,-48.14824365229878,23.37107276743535,-39.829270555310835
68.45881982236988,-41.512493040652934,227.78196415948332,-41.56219076428865
68.45881982237012,-32.079345075071465,20.896227878268792,-43.02597020214402
68.45881982236992,-40.63315061617533,206.0657534715098,-41.471382826103145
68.45881982237036,-36.79632293187812,17.096233878291756,-34.44903645186073
68.45881982237007,-47.96356805837407,39.02796492296006,-46.68760989420594
68.45881982236921,-46.24833935233175,105.0886647531454,-52.11009054959912
68.45881982237016,-53.10782098530852,-30.727624052301827,-47.41946001734178
68.45881982236979,-47.078089012619564,138.00642823842787,-34.294847932938254
68.45881982236952,-40.826039686385094,94.16923493937081,-47.42316781337797
68.45881982236929,-47.27926400402021,-5.468784836378426,-48.116575142811826
68.45881982237043,-47.37851835834624,48.183217863580666,-41.10482063560361
68.45881982237054,-48.71811569786201,-58.0826034926553,-75.14635717161265
68.4588198223694,-54.68544157278378,-12.074963760850743,-62.91929424833482
68.45881982237074,-34.02693919884816,12.57856954187584,-47.35411037810121
68.4588198223701,-45.49849737152466,137.07247737586266,-50.02092652694428
68.45881982236979,-41.67342524215143,34.10143358556921,-40.603933491875274
68.45881982236968,-28.48429103767487,12.328263334439882,-40.22088976931168
68.45881982236959,-44.348698064699576,114.0498091399515,-32.319431008586704
68.45881982236979,-30.596963956603574,417.6660282199875,-43.23191558206374
68.45881982236975,-39.670194084769946,-16.688067358680392,-53.33730735762029
68.45881982236976,-38.18744941770288,224.50142586292912,-57.9012621728297
68.4588198223703,-33.80721456141033,28.36660390608334,-41.975351690821306
68.45881982237051,-48.78275829473003,-5.297901254795012,-56.46305954016226
68.4588198223698,-38.02671365444845,117.36293093078523,-34.40774496117033
68.45881982237012,-41.10162717596661,43.10018590515299,-62.144980685610406
68.45881982236943,-54.53640440938747,629.0630709160118,-32.5375020821877
68.45881982237,-35.928316698020545,-11.196800900292104,-55.23326399599364
68.45881982237032,-53.162929632792945,182.1474556153594,-37.899067564887446
68.45881982236996,-42.225924022720704,117.58677253321798,-53.44323010014107
68.45881982237043,-36.37907442030349,86.05234224353376,-57.50551702813542
68.45881982237015,-39.77218472926519,8.12841781785647,-50.34309878942812
68.45881982236968,-41.114182047581025,75.62029850673382,-32.45512306072016
68.45881982236943,-49.533201879629644,231.43933725641844,-43.28250340516405
68.45881982236959,-49.25178187930267,246.05577715931665,-38.71379807005617
68.45881982236992,-35.553548787909484,-32.06569216474971,-62.25990997887273
68.45881982236963,-57.50109207055497,143.84370904282088,-21.887093635939337
68.45881982237059,-47.1597083253341,188.5892895093368,-56.90153646053453
68.45881982236968,-41.08971337907643,322.8368131988214,-26.5729157807877
68.45881982236972,-45.75857501270312,44.16363184792304,-50.90512790423296
68.45881982237042,-37.224035607314136,-11.631748145533106,-61.87531886872932
68.45881982236988,-52.38056737500683,163.22372866019793,-35.593754518528954
68.45881982236996,-39.97139649151684,23.339861949392905,-49.911113297222734
68.45881982236955,-35.5088761815862,72.47715436224557,-43.58782709372073
68.45881982236988,-43.30002869432449,116.84683250222983,-31.42146671554673
68.45881982236996,-31.96577197158639,108.49017064748195,-48.00801082389001
68.45881982236996,-38.501181464666054,226.82399936335597,-43.53709918517008
68.45881982237046,-58.41886507182261,100.87289839634917,-53.11910973727072
68.45881982236963,-47.10619888847032,102.00113092868844,-40.84716875455331
68.4588198223699,-40.6365173835939,79.65470410240094,-42.86961498429316
68.4588198223696,-41.46754200819348,0.38795643678541936,-60.2321936098982
68.45881982236956,-42.235644573423016,345.2252329194839,-24.73973207342346
68.45881982236943,-61.741611315566146,-0.3635613754095268,-44.451486195877735
68.45881982236972,-40.6550145492364,-31.09131512257388,-64.78093805209839
68.45881982237057,-34.003266465735294,84.58366251245053,-31.14547278225449
68.45881982236996,-49.840636036033594,31.373423778584787,-44.473810054642485
68.45881982236986,-37.41365690813511,144.2333840647263,-42.519375662689065
68.45881982237012,-43.358862650942385,85.31610401063097,-36.60655741912882
68.458819822369,-56.979475290994074,-19.38376952959566,-51.92860506582298
68.45881982237,-57.671541100570046,83.57369182557095,-43.209028702082485
68.45881982236999,-54.178697434831356,26.987035066666888,-48.64075199678815
68.45881982237036,-43.96630332174449,12.83062044197456,-42.736999315515824
68.45881982237007,-45.474808823549694,-3.689076833961291,-40.46394691609313
68.45881982237016,-53.581801661578446,53.478057552554795,-46.07046826499197
68.45881982236976,-43.56447442576217,131.38042624107894,-31.826843616629862
68.4588198223702,-40.49425542223607,-24.119999271497594,-53.787627240606916
68.45881982237012,-47.221935253862014,85.69286235548404,-41.94353586027814
68.45881982237046,-31.74855093621316,116.13285046136332,-48.92671637975702
68.4588198223696,-32.06197310339779,-43.58973927783466,-46.79047414241255
68.45881982236979,-41.01407943417591,143.62601805752934,-38.951088816989184
68.45881982236996,-35.97816419872043,89.40826039253567,-47.42761015084993
68.45881982236952,-56.64896794062504,6.042978645674868,-41.24902463149325
68.45881982236965,-40.132811284900114,-17.004724807516393,-53.34075518677505
68.45881982236916,-31.001495705386894,291.62360350699277,-29.966227643086008
68.45881982236999,-58.78457689796777,83.15803233029963,-51.37954164435599
68.45881982236963,-45.42528495425869,-44.00996715667811,-71.68311422549581
68.45881982237015,-32.86554118590889,106.88336370999293,-35.439269337866634
68.45881982237007,-31.95063006363511,-44.06389525877105,-80.82683867944895
68.45881982237074,-45.8487508762354,194.24171198268198,-32.89792339698735
68.45881982236975,-32.028109131405635,79.37742909162375,-51.49313389128083
68.45881982237,-31.851676684539253,45.491303701485904,-53.42415580844722
68.45881982236996,-47.23425045274965,261.81263559643764,-38.34392775506248
68.45881982236963,-48.65804359066036,123.54714706580702,-35.72314198792539
68.45881982236948,-40.73739324005729,314.99230250855817,-38.130150773190216
68.45881982236975,-38.93703143475753,10.782732229713265,-43.57688126044478
68.45881982237003,-36.592201943583724,141.85288115438684,-43.52382064846112
68.45881982237015,-34.74272946242776,-47.20800065830938,-67.99495573439569
68.45881982236952,-37.89330117951132,176.10105161057365,-34.57984304877212
68.45881982236975,-34.32525125770166,16.65836710900055,-44.01111699408807
68.45881982236975,-55.441551317879465,271.49280582981413,-41.76276889905077
68.45881982237067,-41.02016484537513,-60.04130146175826,-62.125034863561
68.45881982237032,-43.958906820047915,264.3005716920098,-25.259086327575087
68.45881982236912,-52.23273169389606,33.63117921543457,-49.07035789558748
68.45881982237057,-30.59759724047226,48.44459510706942,-54.26911056474382
68.4588198223697,-39.6241057939404,-21.65126430854729,-53.52054832603832
68.45881982236999,-47.56031442919328,122.61521378895641,-43.931677982638284
68.45881982237012,-31.395851772208893,119.67335053442967,-49.57303632982912
68.45881982237043,-50.69608773566958,105.77273802757574,-40.91326592185087
68.45881982237016,-37.13969745960042,95.64939932107097,-36.632684162997265
68.45881982237036,-36.37999620270785,72.83126835905279,-43.4364275030251
68.45881982236955,-38.94337573144916,75.92139667757228,-47.77427483615888
68.4588198223687,-56.31211967080778,54.24112551087479,-50.7482367699774
68.45881982237016,-33.5926015407887,274.7870682513711,-40.60935292822894
68.45881982237032,-35.66209961289214,72.34627096956136,-52.6204297235825
68.45881982236943,-44.312243281941086,110.94799032738148,-31.041019202341403
68.45881982236888,-70.12454045903841,299.380258272879,-41.83497701768467
68.4588198223701,-41.17115516926826,-48.661285866184734,-55.93353208585143
68.45881982237032,-59.93104978030891,-15.32296106620905,-51.6998521669011
68.4588198223696,-44.29909500588559,34.00514129147405,-36.71897445938386
68.45881982236925,-64.03047239571993,109.39905705276604,-40.221530000779204
68.45881982236915,-48.46136782081205,281.7367763789089,-29.842719157101747
68.45881982237015,-58.205665484668614,-3.800551727192969,-74.36082956839307
68.45881982236948,-32.278894409373194,48.35738436134518,-38.072246458794126
68.45881982236979,-41.68876765026489,85.2206015383904,-37.92468626214285
68.45881982237057,-32.41900624790814,12.049994801447262,-52.27237580385315
68.45881982237,-53.20134339430249,28.018538743675304,-42.11896521787379
68.45881982236874,-31.52504900014338,12.10162451220893,-46.15533615208393
68.45881982237006,-55.68088436910901,39.782534163892215,-43.96426589466167
68.45881982237042,-43.68454881646673,197.24808646806946,-22.513565575585904
68.45881982237032,-51.43207849332434,28.066555837753103,-50.40021963810756
68.45881982237036,-40.69361299253402,-50.741913344120995,-71.01703599737579
68.45881982236959,-52.349682557549926,131.04844025644908,-47.1057476887203
68.45881982236956,-33.831485332606235,354.12778273518495,-45.72424951278645
68.4588198223703,-37.238984170363196,537.6198846011241,-29.033054166813343
68.45881982237042,-51.889585341714685,3.152919368941598,-49.6835650084274
68.45881982236992,-32.35057359621608,507.64877822172485,-24.065069044348032
68.45881982237032,-29.561669721895345,19.44931184910301,-45.911437552197
68.4588198223701,-27.382556837195093,5.315495600488829,-53.34367579129255
68.45881982237016,-35.93831228598985,99.77784754583637,-48.96214042869536
68.45881982236897,-43.09878748748207,-26.487580530147948,-42.99997365308492
68.45881982236959,-44.31835625949958,116.53078128638184,-48.74640441808597
68.4588198223697,-39.56552969490432,129.7711598674268,-39.62745305726622
68.45881982236924,-44.519661876051096,2.5405281277322,-45.88954301925682
68.45881982236935,-47.40834963055542,168.74341407138726,-36.935422713766066
68.45881982237027,-31.647886227659384,-0.2815929442186782,-47.20270577154921
68.45881982237019,-44.836882102215,11.66291445157901,-42.87674511489825
68.45881982236928,-54.695032450695166,-42.23569509502868,-58.6189387284205
68.45881982236975,-39.036479907526,13.795202078399393,-42.01334754182916
68.45881982236955,-71.1417891952438,111.87120223364468,-36.85208642071445
68.45881982237034,-57.88087490103826,-49.78076831112117,-68.90279535921306
68.45881982236968,-49.09826420969045,176.1101521681688,-39.93804478817542
68.45881982236955,-49.136968215198685,90.80859016193375,-39.98917659214215
68.45881982237042,-32.390260956130454,85.70558581312575,-50.22354987241617
68.45881982237,-51.75016961095784,-35.4051627454134,-61.053329060209634
68.45881982237027,-39.2326136928362,5.907563394067394,-59.80330059504377
68.45881982236912,-36.25626454377373,357.7326536367592,-41.433457788796915
68.45881982236949,-45.417228117295494,3.8098097545412823,-58.31251132384763
68.45881982237016,-40.35365869605004,340.79428068320806,-37.94315246533895
68.4588198223702,-53.954117431797584,153.49790839038593,-36.66791018804562
68.45881982237,-46.25841153825535,145.15345827217425,-42.391185742618745
68.45881982237036,-39.71679357624628,14.458252190953225,-47.62397897553766
68.45881982236975,-49.27321994850454,389.7760123762579,-22.623808392668632
68.45881982237006,-53.703467444397354,-12.877557050082011,-65.27857473371634
68.45881982237016,-54.76182316509579,143.37368374501915,-68.15273405211279
68.45881982237006,-35.17099470941236,72.07070968084506,-42.72938021571476
68.45881982237026,-42.29481351522632,112.38617433188978,-66.59117711583258
68.4588198223696,-34.660908771587415,-11.267563920256885,-49.43130148559709
68.4588198223698,-43.62221577543455,392.5761086560665,-32.63355578518393
68.45881982236992,-49.94288626783997,200.91467641369834,-43.703566187027654
68.45881982236986,-34.06450467043721,30.07476487100258,-46.60598311884897
68.45881982237103,-49.11676137806326,341.01290161025906,-33.089949767566395
68.45881982237027,-27.74473498964054,35.704881064975865,-38.82144794521266
68.45881982236915,-49.26249182640855,96.31269659952054,-48.05131100918246
68.45881982237006,-55.58880078178339,47.099616920834286,-33.89020594836188
68.45881982237006,-36.16873501701168,30.580285588643143,-39.25643491431746
68.45881982237007,-51.46293554236839,-48.644839353115685,-68.49380859012987
68.4588198223705,-50.83950346746652,59.16449761527698,-65.44560995809859
68.45881982236986,-40.38636347491031,163.5373374878739,-33.51421779346645
68.45881982236932,-33.36710063474803,111.88226946048943,-40.1691711445289
68.45881982236965,-39.28141722423789,-34.65847195592091,-50.70172342707213
68.45881982236945,-49.021802859715244,-28.911216248295947,-59.51700146851358
68.45881982237034,-38.850781893170314,49.827087988343365,-37.26222746305338
68.45881982236972,-43.693410057600246,81.09396572798661,-56.1284600262308
68.45881982236999,-60.44030654276953,142.63259444161162,-46.50492269519815
68.45881982236979,-45.90140448836898,-62.06699665275212,-73.26209544490018
68.45881982237012,-36.08969673359055,114.13925556010156,-37.98563923254363
68.45881982237007,-42.762796271377255,686.9599384844986,-21.841198991965662
68.4588198223703,-38.398294140016716,64.28555137562269,-46.74086662576673
68.45881982236996,-36.92440375808943,-23.568929208127997,-51.44171486069729
68.4588198223702,-33.59005286191481,188.9528591289118,-39.87209301779595
68.45881982236986,-43.51089471053938,143.1804434741906,-32.16879456192409
68.45881982236968,-25.540594521487225,48.92205657032251,-47.7184852716627
68.45881982236975,-40.1682209319579,90.13271098231208,-41.46736879057622
68.45881982237034,-48.03385380906556,199.46856455320022,-26.49821888043101
68.45881982237,-41.67745203213139,29.20126123900324,-48.41556207115575
68.45881982236996,-47.281892940643836,-25.64339774861604,-48.416991065891814
68.45881982236996,-33.67239993821707,370.0859447357399,-36.02458041138983
68.45881982236999,-50.846279833238675,49.99498890479006,-44.31200343648104
68.45881982236952,-41.864834313070055,35.05704758708017,-32.76093341672919
68.45881982236976,-35.87575164587761,-38.49457313947961,-64.24868904363889
68.45881982237047,-34.86636046956528,361.25175764647446,-31.68440130155774
68.45881982237012,-53.07440807974301,12.045267350117928,-41.07262555320814
68.45881982237067,-39.26326021157654,205.18904670379737,-48.002174544331965
68.4588198223703,-41.63153742709622,-31.511814965382513,-53.07494155483986
68.45881982236885,-45.10395509520212,88.01814578532998,-62.23125234953961
68.4588198223698,-52.00456183300175,70.58156075017057,-45.80773058727638
68.4588198223696,-36.322662158754916,18.018101905333083,-36.964837665707684
68.45881982236968,-37.34360104669325,283.40447030427737,-25.342448936880814
68.45881982237007,-34.306009830182184,-23.56068527552577,-58.64161821682519
68.45881982237003,-33.90465760701649,-51.17457625532018,-57.36881135043475
68.45881982236996,-51.791109859598194,397.9732578261835,-38.255980457555104
68.45881982236935,-41.196547675060614,416.2406837173892,-35.808028414539685
68.4588198223699,-33.53710927847048,-3.581084530248735,-51.6550311489707
68.45881982237016,-36.27878282034751,33.46708602803139,-30.87892960785813
68.45881982236972,-38.8681541225672,289.67690514259925,-33.18161179500384
68.45881982236965,-37.08771570390267,94.89780773898599,-36.61498412936122
68.45881982236955,-35.45902839239547,83.61688091016555,-43.845475435854055
68.45881982237043,-41.74478161343424,87.15374412596444,-41.78460765508826
68.45881982236968,-36.70164889682284,2.7436393491441446,-39.59067037808794
68.4588198223698,-70.8299320257548,135.1757608259152,-36.49873542700496
68.4588198223698,-43.868939616151415,168.72030840221885,-41.237422102061984
68.45881982236959,-37.793225372362485,77.29148651347919,-41.181494369584115
68.45881982236968,-38.85755343374316,28.226647120076542,-56.17241325222806
68.45881982236956,-40.299347784442915,236.44898993752207,-37.547675022142826
68.45881982236979,-38.47517394357403,59.444519673798936,-55.9709986382571
68.45881982236939,-38.44192887706721,195.7456316664004,-32.79735536250341
68.45881982236968,-43.5449907472975,57.33113158402485,-33.069376051966024
68.45881982236968,-40.55715393933473,82.09760009640902,-33.03735453454896
68.45881982236945,-33.4025170368213,33.9875838487105,-38.150929733269265
68.45881982237026,-54.66476103261555,271.6116914099746,-43.86698004868224
68.45881982236979,-48.77252526340104,248.3665605359044,-27.68882966367674
68.45881982236965,-50.57320367758156,48.04677886614841,-34.953217473368255
68.45881982237012,-46.99605803683446,85.17739259485049,-43.24775556004711
68.4588198223698,-34.07902526501422,86.5478458158891,-48.771483568108096
68.45881982237016,-36.33495318795944,242.50013483290363,-55.834881676287054
68.45881982236959,-44.929025426909796,-14.24171051523474,-51.470928106922756
68.45881982236992,-42.976028792684374,62.607626934019066,-34.80280561320232
68.45881982237016,-42.507454097974154,368.02211884546017,-58.92103317706088
68.45881982237034,-34.04267574402171,914.810252853147,-40.6382559556065
68.45881982237066,-40.226025278671706,242.81949224093887,-28.782409102533357
68.45881982236908,-38.78073511750768,196.3824742182478,-28.978965709782745
68.45881982237098,-43.6961619163708,-2.92693771613326,-57.66054730037112
68.45881982237034,-44.19665806552289,339.99402558712467,-38.87626734744431
68.4588198223705,-44.97359816432366,161.59930536775727,-34.92830345185695
68.45881982236948,-38.277374762309655,37.564013247007225,-58.78373840307095
68.45881982236963,-53.04853689368916,225.64885342337467,-37.71331161422565
68.45881982236976,-45.288289932325135,47.54124912341846,-54.57009019389298
68.45881982236965,-27.717675294030474,247.03547440676078,-33.46887180946507
68.45881982236975,-44.96441723989143,30.926852231110114,-47.837524015584286
68.45881982237034,-46.06018539603461,96.1579921989194,-40.14086890015348
68.45881982236975,-37.199108108707875,474.16783956176374,-27.653389544245222
68.45881982237027,-56.15379586691633,145.9631256146857,-42.61102594528718
68.45881982237103,-41.72594065823797,84.88184449453833,-40.497694470989195
68.45881982236992,-43.437772397362686,34.116984227970846,-61.50744227663203
68.45881982236949,-45.656324393039306,-23.8001142795196,-62.998151056345655
68.45881982236952,-42.0005440740687,124.83903554420385,-47.37703353556482
68.45881982236999,-32.85520737242368,20.076910703162266,-50.68977128024166
68.4588198223698,-44.614969551952754,64.92095402846476,-31.08590588306922
68.4588198223696,-40.02611408258628,236.42794736561314,-31.834352747657835
68.45881982237006,-36.6382256643774,-9.354876471376116,-43.62244335950142
68.45881982236988,-46.77569096372841,13.148109631458071,-41.55518158133044
68.4588198223701,-52.49893391679981,92.61791196343319,-43.11195490815037
68.45881982236975,-41.38006337541425,168.89491655617422,-39.20098038206547
68.4588198223698,-43.46018862397758,90.01152827812655,-40.2285990761272
68.4588198223701,-33.70020996600596,51.05002152078399,-49.92748720756294
68.45881982236968,-36.288762274490196,195.79257810825763,-33.58585083902834
68.45881982237081,-35.342071601877656,-6.671209156826585,-45.58733889730735
68.45881982237034,-39.66742763483367,145.25700505174314,-39.544091861421435
68.4588198223698,-32.07288344880168,13.011467652632058,-46.85660741283109
68.4588198223696,-42.80866287043076,45.62949762522115,-46.60776149502483
68.45881982237019,-44.13265455242358,119.96920212826171,-43.4590953910156
68.4588198223689,-55.206678384520536,155.6361686884609,-45.936048214322824
68.45881982236996,-41.836209732712746,52.82191830949263,-44.29355549067026
68.45881982237042,-33.406852788745525,-22.520595881082215,-49.316274609854126
68.45881982237007,-44.11334492664836,158.4216713147966,-46.64905944732101
68.45881982236965,-34.56485831398353,98.63347931705404,-32.80399496204727
68.45881982236983,-45.2380364110228,115.90181229569563,-32.42154230153018
68.45881982236945,-45.07102999591706,-69.40398503468312,-81.58062070321743
68.45881982237,-49.509609560219914,150.85998861654616,-44.74968999368317
68.45881982236952,-42.004383951950906,38.6211270472524,-38.482186754306625
68.45881982236995,-43.569780532013624,2.340136720799335,-45.230537133055705
68.45881982236986,-35.17048905093977,49.74188105960615,-44.9328933755734
68.45881982237015,-47.918998314109814,13.964375784199913,-45.71185666725722
68.45881982237019,-49.85626540567715,-51.15990602572048,-62.906446393703106
68.45881982236943,-48.282823842042944,-48.50327175146647,-72.12113088092862
68.4588198223691,-32.93275635537674,0.44913529533963104,-57.09645264207099
68.45881982236939,-54.01274254781685,310.8128250772886,-38.172659355167596
68.4588198223692,-41.39591232055307,-12.071493218339391,-42.339537038795726
68.45881982237006,-48.86852155899234,60.407749444966655,-37.22885641917324
68.45881982236976,-31.13802333745086,0.8271229636033439,-36.72094776838084
68.45881982236935,-58.22591555352255,57.1077841228935,-46.673591702710596
68.45881982236963,-38.280144326296785,242.0259996476827,-40.74072955481098
68.45881982236956,-39.1186752429142,99.21589405336742,-55.17058119876091
68.45881982237026,-34.16858545835149,205.33114799237921,-29.46082814969434
68.4588198223699,-38.72672232612444,-20.91526654215954,-48.52098033305842
68.4588198223697,-37.1801978872489,97.34763131502397,-48.20463268145407
68.4588198223703,-43.97819647439447,45.641618077725795,-41.49893039228404
68.45881982236936,-36.73076102076893,11.713453323322609,-51.106194080582014
68.45881982236924,-49.22569201803507,187.7916029440052,-34.03906393779301
68.4588198223702,-30.130722716599266,-51.52457160645636,-71.88405017232422
68.4588198223703,-31.90078254035117,-68.57302791558332,-76.59283380404351
68.45881982237034,-27.536403597633175,85.06158075246147,-28.80719729705088
68.45881982236979,-54.07713785618723,25.42281555563921,-46.19122565499817
68.45881982236975,-50.75775429648226,6.460785484645926,-44.85610959437317
68.45881982237027,-41.90812800437166,92.9929516521661,-38.11078340305731
68.45881982236999,-28.923655135428838,695.5493793971707,-23.872154645925892
68.45881982237057,-45.11891555749866,1035.2347200439754,-27.871240399416052
68.45881982236972,-34.3171550686152,34.21814646472292,-52.66889797743368
68.4588198223697,-55.31008094453176,-42.245638482437656,-45.54269976860594
68.45881982236936,-38.71016403942754,27.805162716346587,-52.38606461017912
68.45881982236948,-36.204742333785546,-14.741441440195146,-46.29560951111521
68.45881982236983,-33.63320377037877,29.061223697481875,-37.67023030566533
68.45881982236955,-42.37322931551716,-27.50090189985217,-48.51086809089495
68.45881982236975,-58.46277936314457,105.582867725047,-36.86286004379743
68.45881982237054,-31.851663882302528,74.7404711935116,-61.942567092342316
68.45881982237059,-52.92718217593837,147.35594347893786,-33.02170792670981
68.45881982237023,-50.57576433283935,33.62764165405125,-44.21792951940407
68.4588198223698,-44.04297840427207,242.29106982146732,-31.86816213300583
68.45881982237015,-28.566802818490288,14.167882363195773,-38.03182461191897
68.45881982237019,-41.457658456397084,137.3545699381398,-51.40788808407384
68.45881982237007,-52.9328899800827,12.408883408174788,-62.445370208009045
68.45881982236948,-58.02307361875899,218.922775230799,-35.9420505328462
68.45881982236986,-38.44082462546172,471.4827189229152,-29.893895009418635
68.45881982236959,-47.45546752612216,323.1085853350167,-30.164818956754324
68.45881982236935,-31.794981380923648,143.5049900867705,-29.486562394301142
68.4588198223694,-53.84129992271447,96.1737465098157,-44.829308834163875
68.45881982236988,-56.28220363487534,-0.5234123769374155,-58.50159885300027
68.45881982236996,-56.967358475419516,124.12482283239328,-50.965157905164645
68.45881982237103,-52.42672673110342,106.96912968265661,-38.72960969224772
68.4588198223703,-35.90817105123138,-69.81036275479266,-77.11945419264295
68.45881982236952,-50.392432374889374,0.7147734637922731,-47.30690018479444
68.4588198223703,-42.55076574765654,23.90399479143841,-48.75287648432221
68.4588198223698,-40.10587741251015,122.534295098956,-33.123516094124675
68.45881982236943,-47.074386093066735,-49.33892453360272,-63.40774717314888
68.45881982236968,-45.904534636608204,161.0066685249214,-36.210335879532195
68.45881982236943,-38.46492726907803,142.5515985647205,-50.825368239799154
68.45881982236992,-26.910600477473025,151.4593107246065,-41.24481401368166
68.45881982237006,-40.46014098197912,114.38974936664206,-39.77027925275435
68.45881982236959,-32.20626147584379,-11.226672849164764,-53.769518731965036
68.45881982236976,-42.43349289006798,62.104179407810655,-54.1999125076668
68.45881982236975,-33.2754046977622,153.868710306333,-35.2654347845015
68.45881982236986,-35.216000575015386,17.286372849975052,-37.593799001775174
68.45881982236956,-48.85842871872551,8.049044597377609,-48.759934147555775
68.45881982236948,-33.76132749729857,-63.65546967336776,-70.30347917395137
68.4588198223696,-49.53155010907789,11.376867936131863,-35.74520299539772
68.45881982237036,-43.06825447710785,-25.399363523396133,-58.82455714769419
68.45881982236932,-52.83599511380444,-10.375975465284037,-61.92755999587468
68.45881982236935,-58.1583166031125,-6.119664535773827,-57.26473745003574
68.45881982236929,-36.29685581452119,36.2522402385149,-51.228824767625824
68.45881982237006,-36.27520150985257,28.151139648250513,-54.525904239718756
68.4588198223705,-48.79384452715259,-0.23362981798402682,-54.84799715569074
68.45881982236955,-59.28165077723657,291.79204611679637,-34.619026765832984
68.45881982237034,-34.81314421167191,51.89798629262343,-60.830567194976396
68.45881982236939,-45.40145706161765,-25.682594445522476,-42.211100043393834
68.45881982236968,-38.54504275151191,-19.449724359443476,-52.97816340504264
68.45881982236932,-52.25874595246198,-47.88054843152491,-52.691715773452906
68.45881982237043,-50.926702422961675,66.0900280204547,-39.75944999194808
68.45881982237027,-36.46622303120913,-5.327699935919661,-57.49914986101425
68.45881982237026,-44.01774074769476,15.316117627222447,-47.93898759862818
68.45881982236894,-41.5265260368905,64.74251327426114,-34.00842433331442
68.45881982237,-42.562230756772536,356.22522794037934,-38.77302121455728
68.4588198223701,-33.87532524722494,105.3756823979286,-35.00933573709478
68.45881982236986,-35.79134302196584,757.488061031751,-23.89023916649795
68.45881982236972,-42.130278395161994,27.469668646942758,-48.105441137822645
68.45881982236976,-38.455556603514815,134.3491449242646,-38.554130391901644
68.4588198223698,-39.11197272622861,76.82193335114123,-52.55805658955259
68.4588198223702,-34.021666192362964,121.75006555450163,-42.41282578810498
68.45881982237063,-55.4681542373892,7.0888108065343625,-57.56817869512116
68.4588198223702,-53.586259059000405,0.7098974245342005,-46.73759602317794
68.45881982237003,-53.79133716760751,-3.74923236088065,-52.25551274038923
68.45881982236983,-35.636608534143654,697.8791496132668,-35.50442339004274
68.45881982236929,-39.33402527962871,31.525967612523885,-60.39150096040062
68.45881982236975,-47.97777847196254,-78.86648960331459,-80.95001188997368
68.45881982236936,-34.49514463722234,67.83169961928972,-29.226020680263144
68.45881982236996,-30.72468586555366,149.21483253426672,-32.31812256951289
68.45881982236995,-42.581086595396314,114.70209783535185,-41.377211974487
68.45881982236999,-35.896761580491244,82.5584294456424,-49.568588355246256
68.45881982236965,-41.44994618908379,51.88686015675836,-37.1353303426014
68.45881982236963,-59.59643663928292,342.120391600917,-34.09378730439698
68.45881982236996,-28.56934141065215,-8.275119968675593,-50.87904974856106
68.45881982236929,-39.42449110059692,-25.069533146216404,-44.47612255303757
68.45881982237027,-34.83160852746151,61.747735535587786,-30.597138058198848
68.45881982236948,-41.88941137523005,41.42114582942889,-50.2695923445182
68.45881982236916,-37.10692915148772,-31.814169527221004,-39.51337146994713
68.45881982236956,-51.48920813705704,180.32922886346788,-36.612037903337026
68.45881982236963,-28.693925638272354,210.24507408742474,-43.71823103807593
68.45881982236996,-37.21505855919356,34.00230699346118,-38.47747465419613
68.45881982236936,-63.37905752970576,216.70539859604446,-50.23865745400522
68.45881982236952,-35.243472931180406,584.8955515103652,-33.70886365769814
68.45881982237003,-35.048590421571205,90.66021434529247,-35.19048739027257
68.45881982236999,-40.50518944458892,166.58060712605965,-32.224588385781296
68.45881982237012,-37.537678964988466,267.58361712254543,-34.530365200786264
68.45881982237003,-45.26501003098248,201.2292814980133,-33.68990618532527
68.45881982237,-37.83004132516833,-15.235913889192599,-45.253954223497864
68.4588198223702,-54.941740725350165,153.3584388597286,-37.40189034874288
68.45881982236975,-54.471582691483114,116.72853614543305,-55.77852526279181
68.45881982236928,-42.59135152369817,596.6004205962238,-26.595641541050274
68.4588198223694,-49.393588790227675,-55.4768000451392,-71.93144700885199
68.4588198223694,-37.530451603691084,102.37383329024885,-42.51610396630504
68.4588198223702,-44.54149109878143,171.2223519091939,-33.36481988064283
68.45881982236904,-38.6337479251208,416.2851791243608,-29.741502794614416
68.45881982236996,-63.30132483635006,88.56627381949353,-34.66832565285534
68.45881982237032,-43.941321667269875,149.21863535366157,-40.66985390738477
68.4588198223694,-43.55589949606836,35.312539815769654,-42.67787893267817
68.45881982236999,-52.17124130275093,71.24316951051897,-56.28947606177466
68.45881982237063,-34.21522864672908,-26.542597898874053,-60.01443626746345
68.45881982237067,-52.32811596794748,-39.649481679724786,-54.2238415039074
68.45881982236979,-49.234566503070724,-0.6159348306514545,-37.0012749231263
68.45881982237,-31.53179308139562,-2.5642957382629006,-45.02091618047848
68.45881982236983,-53.459238445374964,-29.84751954750504,-67.70624719869276
68.45881982237036,-32.01019696715519,14.698099985557732,-38.04787191748904
68.45881982236988,-51.69826301681331,8.452084174871377,-50.18325579188316
68.45881982236976,-42.183170831780814,177.2999349272081,-32.24818053966531
68.45881982237015,-38.53155644394561,272.19372504947626,-37.68486597300068
68.45881982236884,-45.87039729452148,116.42449968127244,-38.87651475497111
68.45881982237023,-49.49463461023609,-43.474993241776296,-67.6386595441369
68.45881982237003,-42.158239744246536,257.020438419308,-39.2544549951513
68.45881982237051,-39.35881392840652,84.6209991997092,-40.403755611608446
68.45881982236963,-45.088671282488235,93.14269536777206,-34.67894851599539
68.45881982236929,-38.79697186184712,23.625401880471443,-51.73169921745193
68.45881982237,-35.614918139403116,0.432954963644927,-51.19739807882724
68.45881982237039,-38.77140258457247,-26.049863570811162,-69.70726875607885
68.45881982236905,-47.563244291534964,-7.418437653669829,-34.860666203967796
68.45881982236963,-32.56555157984094,172.46560950471,-37.865662244638735
68.4588198223692,-36.21595696150227,91.46725266168187,-33.3265888242257
68.45881982237059,-33.57739405563647,125.42067993591081,-51.906945480176184
68.45881982236972,-55.34891949299824,-29.499937712338575,-52.463961467292194
68.45881982236975,-37.45257422839059,30.46144336063299,-54.2887053670438
68.45881982237051,-46.14910634169177,18.83787866044109,-52.88191967581057
68.45881982236959,-47.56178807679989,34.45815912246035,-40.139779802091226
68.45881982237042,-39.8677845702088,230.0598072702649,-47.59912794083565
68.45881982237012,-39.83845455278532,258.3242841363099,-34.87650240679536
68.4588198223705,-47.80638079317527,188.38249498602045,-37.371262736966415
68.45881982237,-51.576224104588896,-31.99735494445497,-61.35248091105516
68.45881982237006,-42.88767716974158,-1.9089434825921847,-47.52670689705991
68.45881982236968,-49.040759988219854,13.720148730195913,-63.198563863409575
68.45881982236995,-32.17149147806996,90.1415407256194,-29.99782163972663
68.45881982236983,-52.22747070525898,182.71915638112608,-36.52550462114926
68.4588198223703,-49.52992181061035,249.8754979796088,-31.540446192873674
68.45881982236995,-32.4273212802903,195.36470107372605,-46.94685873029655
68.45881982237016,-51.19842980124748,202.1217819837201,-29.43693248205458
68.45881982237012,-44.0441236940056,7.418273792874097,-55.616661551066414
68.45881982237003,-48.27878271456287,30.23765148207882,-56.47218808951888
68.4588198223702,-35.1270706181243,50.83508373181114,-49.740168796801484
68.45881982236983,-36.19500326566655,190.8256249476694,-25.875650626702917
68.45881982236949,-43.35761813568412,376.01754675082225,-24.443185089550834
68.45881982236865,-50.03565916717167,58.49488516681116,-49.3217408797329
68.45881982236976,-55.151689228570476,15.043277891149431,-49.69545090067125
68.45881982237012,-49.50184197372365,-18.566223605016297,-51.54425659456443
68.45881982236996,-39.94538826638274,166.38379460714344,-44.0635505001615
68.45881982237016,-41.49783708537797,137.44959388801013,-27.937005473487385
68.45881982236972,-38.89160992657526,30.21150627652025,-46.242054903230176
68.45881982236995,-37.419014012549276,247.6091752161787,-38.08474690450198
68.45881982236995,-46.143655563320706,-7.8502930320039415,-46.900038759425335
68.45881982236956,-38.016191224346144,146.62416255568039,-39.35428602709795
68.45881982237012,-61.14257182337273,3.6737325645713304,-58.0452825889795
68.45881982236988,-40.48661435113362,-0.8547834438272228,-43.37930142280007
68.45881982237007,-29.362865786549687,2.678786356901619,-58.62430287800294
68.45881982236956,-27.643016753875905,175.02968600825866,-34.43185781074995
68.45881982237023,-31.61421557675822,195.40454066289809,-28.83478100320781
68.45881982236975,-38.76057357949223,-22.95545058429884,-56.350988901447806
68.4588198223699,-46.391528747003505,58.934260570291116,-48.82712588510376
68.45881982237034,-45.55984086067086,-55.866980671094105,-71.85791533545472
68.4588198223705,-41.98201088586033,479.2681683171714,-24.053592956114056
68.4588198223703,-47.72997361857404,52.44502823649297,-49.00090811026323
68.45881982237006,-40.24568890294552,-56.429576737778845,-66.48384597343538
68.45881982237,-38.638569009612624,-33.32303699514225,-69.45324566918039
68.45881982236915,-37.440343219141745,257.36523241762137,-39.28873399969808
68.45881982236963,-40.041912886827824,21.98325877101275,-56.52914075172679
68.4588198223696,-48.24165262073629,255.06067028832567,-35.71840055450478
68.45881982236949,-34.7156729478345,109.16672265604812,-29.764961801517053
68.45881982236988,-40.9003230389378,403.2378074056412,-26.756299400993534
68.45881982236965,-43.95504998302856,167.16044966334184,-34.75663333232125
68.45881982236996,-40.15427869383677,233.7500910721102,-41.0399196135794
68.4588198223696,-41.04613597043021,40.161743290407955,-46.96533698779955
68.45881982237061,-34.550873046684515,-33.280694761849276,-47.63879687750527
68.45881982236979,-43.52557205012408,-36.38986286445744,-60.77664480445875
68.45881982237007,-55.16359506605666,177.04362829531806,-34.060195851338015
68.45881982237032,-39.205629416304674,-32.4500055740313,-68.87023015649176
68.45881982237054,-45.98378829391471,85.46158837135951,-43.22035796229965
68.45881982237026,-35.92489300905238,26.45569343480023,-53.018365702975224
68.45881982237003,-31.38943091441361,151.56484462485844,-42.62977995335792
68.4588198223702,-37.591551957720256,-20.96047221580116,-46.4570356627237
68.45881982237043,-46.37399885920303,54.30737399919521,-36.5921084105535
68.45881982236897,-42.829658009206895,240.58592727240602,-33.321453365811635
68.45881982236975,-43.565007152284466,59.57463544066886,-38.22337028123866
68.4588198223701,-46.20603777498822,343.86079242249883,-42.49811801515367
68.45881982236972,-41.485577439037556,345.7925249107249,-36.136067811189776
68.45881982237039,-50.66129340101958,96.2860485029451,-41.095635282698
68.45881982237071,-40.427759692146225,147.54350677520773,-38.23572543452147
68.45881982237,-39.510003879560216,-37.525704952974614,-61.4484388893215
68.45881982237006,-33.537291250954695,171.91437837954012,-34.18665181471281
68.45881982236948,-38.656565384313105,120.4818754326118,-36.98095289072164
68.4588198223705,-49.123884001979235,-13.990693809644196,-49.047065556740854
68.45881982236948,-38.45713972360967,184.3959789483862,-43.66348975203975
68.4588198223691,-62.460140840958566,220.89249799773233,-32.114094603518794
68.45881982236988,-33.21809813256156,183.4094926489565,-30.091487608947844
68.45881982236975,-40.72040134733368,131.69021971314842,-35.36512529371014
68.45881982237023,-44.13825346052923,57.02219629138243,-45.32841881979358
68.45881982236983,-39.4475773071143,65.53523194263207,-52.477611142787616
68.45881982237,-32.95674066815293,79.7197552903435,-45.3663118776676
68.45881982236995,-51.50076084708009,17.174962577775776,-36.61571720030179
68.45881982236986,-57.64584376559454,83.25039503919353,-39.27719644754497
68.4588198223698,-36.778650480784556,-21.548096262455907,-62.74596332768987
68.45881982236996,-38.41570882663363,36.526116544809106,-29.797524941497965
68.45881982236976,-40.53929757810748,291.65353839387717,-34.11462530090294
68.45881982237046,-37.54280690061943,156.22909081730296,-31.86491064681346
68.45881982236929,-64.77403728708997,307.37580337496473,-32.53392314185808
68.45881982236968,-40.254908668303266,322.12627329021154,-34.55989054500475
68.45881982237012,-25.50325409596923,-21.152982752266958,-71.04394130195833
68.45881982236952,-42.02585615856476,118.78347056177292,-39.68770447420889
68.45881982236929,-54.911471080748875,107.45887443478756,-45.2091318089786
68.4588198223699,-42.80684215071868,167.99564720813444,-35.83471365238948
68.45881982236988,-45.89617922862664,8.748542111879098,-57.56547297489685
68.4588198223696,-42.49464801783777,71.96066823336598,-39.617298889615384
68.45881982237023,-36.48925054429961,777.7972326101617,-27.865461409786473
68.45881982236932,-40.32713547995059,122.6018422522213,-28.705215192115453
68.45881982237034,-29.04345287560005,66.5553624452242,-39.519015462013975
68.45881982237071,-45.7998417359768,17.836795908434546,-34.17700931446355
68.45881982236932,-41.10948160768816,-42.493750422086386,-60.33187517354692
68.45881982236965,-50.62702530043954,4.260512621722445,-63.30335384028732
68.45881982237036,-47.65950234501361,-6.816752712790564,-57.15502588827979
68.45881982236963,-41.65369584136265,47.923745909159486,-56.979615970383016
68.45881982236999,-48.57835911065088,196.2499199446278,-35.54534933360265
68.45881982237015,-32.11893088160765,203.50147601141387,-33.99574160626163
68.45881982236945,-54.774750131089554,-7.543591421697194,-61.1878156657505
68.45881982236956,-34.83384810085285,20.380177157147216,-47.2958314203223
68.45881982237012,-31.304530884655435,117.3742589769124,-32.086725410025
68.4588198223698,-39.616734645359266,154.68049728385628,-42.22192158740695
68.45881982236979,-38.034551293312234,231.0560918008293,-34.350758865673136
68.45881982237016,-59.14870673213406,59.13273579763037,-31.683240341832775
68.45881982236999,-41.885044392759674,199.03022491546446,-37.26049337934769
68.45881982236939,-61.67731073954037,365.1765762671098,-29.18969604552967
68.45881982236929,-37.094387982735334,-35.12834677911031,-56.45389386241237
68.45881982237081,-29.744691693627622,146.63953757517513,-24.972774006540945
68.45881982236965,-35.64610117657243,45.923056180243236,-40.02523317426417
68.45881982236955,-35.62785072902054,1.9491086147512826,-51.66566588357343
68.45881982237016,-46.5308156158273,-27.36119809131241,-63.48392254961186
68.45881982237015,-39.75318653790156,106.71978077454352,-32.56549153051949
68.4588198223697,-29.057882795548238,259.219407881612,-47.863310940061766
68.45881982236975,-39.9228043198905,68.84390492212988,-36.24510177093322
68.45881982236932,-53.989362563578936,109.63233469145504,-39.395730932166565
68.45881982236976,-40.044491657561096,173.90431797880518,-25.555568945211192
68.45881982236892,-47.964959584016775,197.96965845772468,-44.2558515285816
68.4588198223702,-34.929040276401835,361.05817049043907,-48.6554304741506
68.45881982236968,-43.648357422860684,38.7881678537338,-43.26441136154966
68.4588198223705,-54.479070666042496,50.81993643436373,-38.31393654568884
68.45881982237032,-42.19333137454508,2.3183667398212426,-47.91062357557637
68.4588198223701,-29.28887316730895,115.42074126100866,-37.58815850127035
68.45881982236992,-40.33844848898104,27.20357023641442,-36.061470009271666
68.45881982237063,-44.66890317784996,46.48063678540802,-32.161677600201166
68.45881982237063,-37.35212498070849,-42.16025524067918,-60.86359861782804
68.45881982236959,-47.57330702484982,-52.64773099488495,-70.93517334752211
68.45881982237016,-54.43644144804468,48.82020032120422,-29.824568414217723
68.45881982237059,-29.74338515159456,249.54758705662297,-35.948322320970526
68.45881982236995,-64.9394616205532,89.86896551525045,-39.86949664553524
68.4588198223698,-32.97404635166231,259.359702125095,-40.22841407389475
68.4588198223697,-32.5582601145522,-10.289473698299068,-54.38500675517719
68.45881982237019,-39.531437120134136,5.70960099226403,-42.5861206361837
68.45881982236965,-58.12645690386614,321.25468386889116,-32.760206521003234
68.45881982237026,-41.70915292069144,126.19341553506959,-30.27701828451146
68.4588198223698,-61.43604942485754,100.05922191351573,-33.364579318396295
68.45881982236959,-51.56987007877425,0.5952677550079333,-53.246781753510874
68.45881982237023,-49.59857132030082,141.64117637907503,-49.443530448276185
68.45881982236959,-29.28028599938186,545.0936810652939,-27.04425815564353
68.45881982237012,-51.790600743908485,-3.1662980638604177,-46.5094028142479
68.45881982237054,-54.0876482772604,3.3572515071528475,-65.91807896086779
68.45881982237006,-40.145186227185704,-7.150323907794132,-60.86149599425785
68.45881982237003,-49.0113116774991,176.25761886734438,-38.0139451116546
68.45881982237015,-46.47464245860091,437.56852703179874,-30.09195324669133
68.45881982236929,-32.16941564755032,-30.648694056063487,-43.913128119621994
68.45881982237007,-44.34085127070879,219.93257639916916,-28.060787477593053
68.45881982237026,-49.44057111549489,24.792263274005077,-38.23966369835793
68.45881982237032,-35.060074752913465,-16.876489159462626,-71.39648224143295
68.45881982236983,-47.81687320355984,-42.788064981505016,-75.14822807226061
68.45881982236976,-52.09652413780741,134.18387065268084,-49.68103097049834
68.45881982236999,-45.04638675387582,145.3504840625344,-31.273599972031008
68.45881982236979,-37.50348817097139,21.453447880392208,-39.26401033293501
68.45881982236979,-30.528963970614033,-32.804223878094454,-52.600678777071344
68.4588198223703,-53.539890323043316,-9.104628824599226,-47.84132193195055
68.45881982236999,-31.448832072032175,202.0992728874074,-41.757026008990614
68.45881982236983,-34.26827376716249,139.917378318037,-33.84607165951421
68.4588198223698,-35.225131237259,185.64485379655363,-40.292899654871825
68.45881982237032,-37.02528083635842,0.6688717935330768,-54.38269849666991
68.45881982236959,-33.47705771146621,-24.968326383270124,-57.33905568786053
68.45881982237132,-43.25604491768258,105.76128221569263,-40.21170681083556
68.45881982236956,-49.05018191280603,35.295088229300696,-37.29841976411613
68.45881982237003,-30.697201741838708,127.82051249702087,-30.085231432948977
68.45881982236992,-53.5147808104091,27.62876246950583,-48.67435326918373
68.45881982236999,-46.144848663580305,-1.430530768408389,-50.153511605231294
68.45881982236992,-32.864996264534,22.167936638931106,-56.26477484463665
68.45881982236976,-60.080625573409385,229.10802745258886,-35.53688402164356
68.45881982236929,-39.25635993597246,61.44010053824118,-52.720514792501795
68.45881982237016,-38.81618995614433,205.4979582114519,-28.83306420496331
68.45881982236996,-50.57602125456637,36.50915057478408,-27.929849795949746
68.4588198223707,-45.41156021553514,84.47874105665412,-34.43581614706621
68.45881982236975,-41.20193337138656,-12.160884644165272,-44.32776355543433
68.45881982236996,-30.771174329291462,-9.941138058345722,-63.78297550073664
68.45881982236996,-38.59778470256177,78.01198340102127,-50.73413351418772
68.4588198223703,-38.205090485127215,-9.145606304331345,-37.861077004680965
68.45881982236932,-32.90843992883781,116.14942898082946,-28.6182880971949
68.4588198223699,-40.12583100781012,14.249353622663708,-52.00046442049607
68.45881982237051,-40.25742022933399,-16.794424957061473,-74.42764047328086
68.45881982237023,-48.83899654903458,197.03587759476812,-32.707935206183556
68.45881982236949,-42.84637394901073,205.3892062397661,-37.90216359744719
68.45881982236983,-50.82966975223086,88.26010067241235,-33.84098556361218
68.45881982236965,-44.96255764040746,23.7006967702051,-37.0087763516186
68.4588198223701,-35.052044045520034,183.12934439739817,-45.755122224058475
68.45881982236979,-41.986020894353594,50.760525509306945,-28.070266490670683
68.4588198223696,-46.990745232010234,128.32970178118472,-34.66471619624545
68.458819822369,-39.638385728992255,-66.195300594519,-69.76404503075169
68.4588198223699,-30.62507439957868,53.46297043956905,-40.43455293483943
68.45881982237007,-39.438688591236215,222.77987797368414,-40.77667691658987
68.45881982236959,-46.627630161391586,222.4824184693706,-27.976997896974233
68.45881982236955,-55.34347410433212,-46.051009133531906,-58.92281295863111
68.45881982237019,-48.43887803529674,96.95662601135646,-41.333328026444484
68.45881982236959,-36.14952562265229,194.82743517878228,-29.934142234918493
68.4588198223692,-44.11100289109594,82.85466202977838,-55.81822215274752
68.45881982236992,-48.01803742103845,182.50122381349541,-33.32822277187043
68.45881982237023,-37.93356557214638,35.70391634295784,-39.04160355598697
68.45881982237007,-55.05536042899204,32.022083060239396,-47.073938558471795
68.4588198223705,-51.031556235009134,-45.94234079797371,-58.001617700096844
68.45881982237054,-43.11876532577787,142.76739033548992,-37.33183733297657
68.45881982237003,-39.27913373834284,-29.515571404894214,-65.06122592969136
68.45881982236936,-43.193581509492255,268.6729739761817,-33.73970328391428
68.45881982236956,-32.13706201960104,-27.585748901501482,-57.82220949133342
68.45881982236965,-48.58636840922048,182.18685294828467,-27.979631210600132
68.45881982236948,-38.72132589500391,-51.89823191981839,-61.42976750771425
68.45881982236928,-42.277966217656314,421.0422778069582,-29.831293417302586
68.4588198223698,-41.250061735107714,-33.103736324341824,-58.025032013995315
68.45881982236956,-46.83002614680586,141.1416664522721,-40.68110984087189
68.45881982236976,-35.44839230380968,218.30796938155999,-36.016524330135546
68.45881982236999,-48.358754937200324,71.59732678590115,-43.46715864455004
68.45881982236959,-54.51165592489582,40.31944954010554,-40.87483241583928
68.45881982237023,-40.67439169571859,-3.7709511913820215,-57.106066196937746
68.4588198223702,-39.83702935737755,329.1196820219982,-43.40526764025917
68.4588198223697,-41.94536345584463,178.17103912590025,-35.25390062288169
68.45881982237,-31.962255687484554,172.87564307179034,-39.80117768706789
68.45881982237003,-54.05782373780079,9.573106543287091,-41.30066787924942
68.45881982236959,-49.13409650032033,18.34364424479984,-64.37320872131178
68.45881982237077,-37.69450867612233,229.11433832767787,-31.01227005341325
68.45881982237103,-38.79042550495749,288.64357780397785,-36.89437358044238
68.4588198223701,-41.695540147197555,138.57147858883246,-44.25439082602437
68.4588198223699,-38.99557231592992,15.11061820097872,-42.876542532608966
68.4588198223702,-41.26695174022541,297.02391348397714,-35.70025725272343
68.45881982237007,-30.267134321456844,132.53002412624525,-32.39212841676552
68.4588198223701,-37.128271676674395,34.60472032622748,-59.34312760066318
68.45881982237,-40.31075977278276,-44.25312336804744,-70.32561030308837
68.45881982236983,-31.012083824964343,67.73646795142885,-31.971013200124453
68.45881982236968,-50.77435218880083,135.81536374193806,-31.653639122060774
68.45881982236949,-41.98732723825769,264.6273964803201,-32.48010580316764
68.45881982237046,-30.965660036588915,163.00482069565433,-49.62189204305284
68.45881982237019,-23.7577333654321,-8.304343329701002,-49.50039553614462
68.4588198223694,-45.209799049221886,144.4765731325742,-44.99545199744118
68.45881982236988,-42.34361317319875,79.89249039928075,-42.51612439211259
68.45881982236975,-35.26638510383112,-53.697285466573184,-66.81723322890826
68.45881982236963,-69.50371129043627,-47.579012328611256,-60.66483424274516
68.45881982236915,-43.658945500017886,188.43087059560762,-33.97306162273361
68.45881982236945,-41.14045985268423,142.16934983522447,-28.62405797344233
68.45881982237034,-35.3910683410724,122.79866566588962,-43.92856146577395
68.45881982236983,-45.42277522242444,97.05721720532526,-35.242890132496555
68.45881982236912,-46.6769794694607,68.84390391992403,-36.989499794281286
68.4588198223699,-41.55884961255955,-1.4151785294237218,-57.17570498495795
68.45881982236968,-30.862969836328812,282.48467370929734,-37.51978016645937
68.45881982237019,-43.90758553689553,-0.0346612402382096,-64.43967557154875
68.45881982236908,-33.90427949133997,67.58530451137364,-50.41363529799647
68.4588198223701,-45.44106461717256,318.73604347200626,-31.458091609875527
68.45881982236949,-50.3365177145679,106.04035285751787,-40.0831481681875
68.45881982237042,-39.675304500400564,-37.89432435336566,-61.19966490722566
68.4588198223698,-45.57181734413566,26.941824718425742,-55.472274933039934
68.45881982236975,-40.91736052682522,-0.8139666169949544,-52.79549255315955
68.45881982237,-48.883474958369746,187.76820825054932,-37.821949150138245
68.45881982237034,-51.82838779914616,11.762206190308145,-46.657648366688406
68.45881982236995,-36.646186367946,-18.614825610211938,-48.14240132664251
68.45881982237027,-52.610995671498294,-11.443876827982091,-54.38197421387293
68.45881982236963,-51.557020067207326,36.44803231887093,-36.561887534090154
68.45881982237019,-38.578132129680796,-36.895855314936796,-58.88293505010741
68.45881982237042,-37.808203530787985,14.279109193605999,-34.18809393910994
68.45881982236986,-45.10681258376606,16.06073938969006,-33.02845986720339
68.45881982236986,-41.39112165279333,255.49462350525388,-35.465186391185966
68.45881982237,-51.738253246789675,231.06276860249247,-42.678658525390546
68.4588198223701,-44.47929529236194,24.591214381463743,-37.47515237771821
68.45881982237019,-49.88280320178842,43.15690779898462,-38.850298800118665
68.4588198223702,-36.48553026200096,149.11482190912625,-38.133368265044155
68.45881982236952,-33.90183513277007,269.0840185943789,-26.830809007792244
68.45881982237063,-49.00004984639765,-21.498201194545395,-55.625810037199045
68.4588198223696,-41.753780451405866,223.87491164079574,-24.36676986181373
68.45881982237015,-32.568140630004216,142.76940431655765,-51.55662686064666
68.45881982236912,-52.00538506491385,34.18389939961253,-44.647867700590105
68.45881982237012,-43.98460570162289,332.91487934064736,-26.368642230653393
68.45881982237032,-52.46260498915838,7.024181360290349,-57.849880562433384
68.4588198223698,-38.2153025712377,-18.513864516740153,-57.938135209832375
68.45881982236965,-34.61801102643442,106.52173744558033,-44.7304877020946
68.45881982236965,-47.63345044981758,-38.84507896071773,-69.74057943022954
68.4588198223701,-33.91455034159069,-2.977666003887036,-55.676543699807844
68.45881982236939,-51.82642087468181,28.313450309020926,-45.166430143910105
68.45881982237057,-34.78413654036736,-36.133871748700905,-42.48984250372412
68.45881982236955,-44.2622989793977,29.113620631382453,-49.6222136047553
68.45881982236945,-58.2239218679159,95.74439277177105,-44.70567336842082
68.4588198223707,-30.454608656011175,74.66681267184616,-31.43796250102534
68.45881982236943,-39.58279380184025,39.9940909327682,-56.48609718228252
68.45881982237006,-39.739925104536766,21.562725611197763,-39.30744643381843
68.45881982236932,-31.989917974709982,79.29361597350413,-41.42197656569853
68.45881982236945,-29.832629261699072,-31.837568099773183,-54.779715826776844
68.45881982236983,-45.54580172757676,161.12737191251543,-29.12358516632574
68.45881982237042,-47.20517805875354,9.651863162104558,-55.542562935147856
68.45881982237,-51.227765064121954,-18.00409677391218,-52.277409969438374
68.45881982236956,-51.48656464190169,60.189639550940676,-42.86580653146598
68.4588198223694,-45.191621122244094,330.1402726214813,-26.126460435099162
68.45881982236916,-43.99307832641923,-59.01200038982757,-69.0021981504147
68.45881982236955,-41.1587706114778,191.467688220614,-29.305557278813655
68.45881982236983,-32.72834284205178,13.499810198642814,-40.49253787433542
68.4588198223701,-48.94305237293046,22.245728695562185,-41.45015306044771
68.45881982236943,-38.42442327136963,171.0942333797273,-45.94431689577353
68.45881982237063,-54.91949831940302,35.53332289120594,-37.83002405911221
68.45881982237042,-34.50368201274699,37.17513301266724,-31.874850443937586
68.4588198223701,-34.30652895840046,74.72477825067321,-30.386627838949764
68.45881982237032,-34.544708721725556,302.46384827893183,-28.315155013983794
68.45881982236996,-36.549881987915825,11.116790186921444,-38.91220880255952
68.45881982236924,-30.347252360519818,-6.461019153348402,-48.94999058595655
68.45881982236972,-73.14263890160369,107.23969736221513,-36.31752418839653
68.45881982236968,-50.81989889269703,46.07774226701349,-54.7252690682964
68.45881982236972,-43.07765642258131,-1.2508439717570874,-40.71309158811243
68.45881982236996,-30.946692505685135,75.86783496736038,-46.57451241780628
68.45881982236986,-38.90584044512533,104.67390332188526,-62.689971959731984
68.45881982236929,-31.53743764431285,44.596481974233825,-56.47738740983975
68.45881982236968,-32.88165499771962,-12.632187985945375,-57.725463065541696
68.45881982236999,-43.84633060508863,102.85917126240469,-32.84670307131914
68.45881982237032,-37.55849772406749,221.52828271078425,-32.02947730015476
68.45881982237012,-26.223281632522532,92.9504169729737,-41.57595400960552
68.45881982237047,-57.4581325529384,195.11921788153376,-33.25737871716179
68.45881982237043,-41.31707832391347,35.07302389121787,-55.729740502361636
68.45881982236885,-40.91540268623633,147.9823829685531,-32.16907221541365
68.45881982236945,-59.10104761471351,42.60432513274615,-43.9049389828232
68.45881982236975,-38.233008503123635,21.024702424289245,-47.21206141701444
68.45881982237,-33.46952807124733,36.6192290304503,-32.70393212173238
68.45881982237043,-30.174069648962345,145.54726511983796,-41.67507929834995
68.45881982237,-43.57515456477974,62.958090925882296,-56.43635940560468
68.45881982237051,-42.90039630171195,123.299298942751,-35.40007090545084
68.45881982236881,-52.25065075732367,522.1191557273586,-26.536290616479242
68.45881982236983,-41.96255202025644,-20.860901071592565,-42.525372478428444
68.45881982236975,-46.648601915507435,-46.21534314275407,-61.68913748393816
68.45881982236999,-43.82439527713422,224.14133244577852,-27.612097061341945
68.45881982236929,-40.08432927813544,76.46812633751708,-39.533493923616234
68.45881982236943,-54.88730943295194,426.7481861972109,-33.68264868749819
68.45881982237,-60.17610368065051,209.26700862799876,-30.412321073843817
68.4588198223701,-51.29566572886601,200.68997711416614,-47.77814586516048
68.45881982236996,-44.19230363898639,73.80458387571764,-64.61114304079065
68.4588198223703,-34.01159541738266,-13.023439067092713,-53.93221089102356
68.45881982237006,-39.043874393083314,33.47182909775073,-50.96630761272447
68.45881982236983,-35.900541034089386,75.48873232926097,-45.441103535525286
68.45881982236986,-44.88975366372592,122.11079374059501,-40.16999359523612
68.45881982236972,-48.22030440245509,323.0416312091966,-21.560885734828805
68.45881982236992,-35.40519122573114,96.59634828226797,-41.32598998796871
68.45881982236939,-40.19156267876254,93.91125587756986,-56.736814781432486
68.4588198223698,-36.445472027286705,9.8806018456558,-44.23122190674046
68.45881982236999,-50.900671100342144,328.0821600192373,-28.177543862862088
68.4588198223698,-32.12471987848635,13.760335309783622,-48.530275738823235
68.45881982236908,-60.28090900760738,299.4463207465869,-47.355071637768894
68.45881982236928,-49.504316830081606,369.3471395806542,-36.41462779819612
68.458819822369,-49.766453308503934,145.517191390988,-26.840925647163594
68.45881982237026,-38.447081250695724,108.79626149962588,-34.4702171742147
68.45881982236999,-44.620643673253625,-0.9503360875101174,-42.62038079694733
68.45881982236968,-37.25527552000182,122.18135029980837,-36.53105903371551
68.45881982237016,-45.39645425423788,-82.60311647977451,-86.38337209752571
68.45881982236925,-33.24756720159168,-27.198784701645117,-53.49900267293752
68.45881982237015,-46.08059455267159,156.9768778309649,-35.345928080322395
68.4588198223701,-41.40625318713401,32.780685976663435,-39.858354208563526
68.45881982237046,-38.35263198782465,62.62661654447683,-46.11940903030942
68.45881982236979,-38.66737178931549,10.185885636580561,-37.332897764028694
68.4588198223701,-35.336938300928644,185.4339062840124,-25.979277374400045
68.45881982237006,-32.48095849930719,52.28641141303776,-39.30320608595379
68.45881982236972,-47.380207302901354,110.06830481887064,-32.82404751484452
68.45881982236943,-45.88505295103297,87.45463845039359,-44.94702766932242
68.45881982237036,-40.16308803652774,25.362205814746417,-42.576088138641865
68.45881982237023,-65.03864266390906,1.4030954079002234,-58.19514722268948
68.45881982237034,-46.950486534502446,-53.305158618375174,-67.3806139248786
68.4588198223697,-38.65802191883344,-3.3641740884653215,-57.5771292633489
68.4588198223701,-42.04064874257066,123.4308164664779,-43.69361819397927
68.45881982236963,-34.93091879362691,275.551479720614,-32.202522769185784
68.4588198223697,-34.71631949099202,-5.70342437615472,-45.14316307988816
68.45881982236988,-56.358272823982624,170.8217783644601,-30.57527632400089
68.45881982236992,-44.91466919134241,-48.35146404657038,-66.44302745045326
68.45881982236995,-53.57344624458613,61.50693781791712,-68.78145610107839
68.45881982236952,-43.26246490345213,55.58392870217699,-33.985358707177106
68.45881982236999,-28.864440552407,72.3762322816875,-51.24123404135133
68.45881982236963,-39.12810501201769,283.9629842078723,-30.46305031464003
68.45881982236983,-33.296600641326066,5.3389275493140875,-50.65677249720023
68.45881982236955,-39.069353205300594,278.66756844789296,-48.7292648870998
68.4588198223698,-40.835024233575965,65.70217399961396,-58.61386139399451
68.4588198223698,-44.8144901782806,227.09649467145766,-26.52370717198519
68.45881982237043,-39.08924380781419,72.54695752566802,-52.48427129650865
68.45881982236979,-39.073200985035015,-54.4336966533112,-63.60975617594286
68.45881982237006,-35.85240504206404,-16.89508737963845,-50.57608968435295
68.45881982236965,-43.29162943462733,181.9187547771468,-47.408994045822894
68.45881982236924,-33.73129332909749,73.22329476918989,-46.52589152579283
68.45881982236979,-40.04220324040026,79.18067237140107,-34.96851162700266
68.45881982237026,-40.9620365865361,63.17453454261239,-48.65669904907482
68.45881982236975,-42.861186586755785,218.61361840604582,-33.761829561515455
68.45881982237,-46.1013223580686,12.323908793239102,-39.329144651824485
68.45881982236928,-40.79699366591335,49.258371609764204,-35.155692209786274
68.45881982236912,-34.00525752410991,47.640059603287234,-41.98886683631983
68.45881982236945,-42.05201649765235,72.42409698003578,-35.984230528006556
68.45881982236986,-33.397945618117284,90.87480017013314,-29.15460563981769
68.4588198223699,-59.84609376108298,124.97921200963304,-46.08908820937725
68.4588198223696,-39.31898322719213,283.94299680870495,-29.694507058671537
68.4588198223703,-38.31903386358265,468.455600470977,-27.801758820772438
68.45881982237,-43.71896050820554,51.47221672922579,-44.35599080703775
68.4588198223702,-40.31992518416082,-8.116127405124407,-52.57572050296259
68.45881982237063,-34.67350425536946,29.836112870496812,-36.402759358990465
68.45881982237051,-38.03976636969401,65.18315757589157,-38.72239400767653
68.45881982236959,-42.988743486093526,2.914992017672424,-48.415741486291516
68.45881982236986,-36.16781254143889,-30.019046827195496,-54.14299759108368
68.45881982236925,-32.55492786312725,360.4178938154852,-45.734222391536015
68.45881982236972,-48.525816505378515,157.7105908197364,-35.77858401386638
68.45881982237016,-35.81985589826415,-1.127093074290031,-59.454476377960056
68.45881982237,-58.453836928903726,-43.40386923170401,-55.750280079672734
68.45881982236963,-47.36272895297996,25.61083758992431,-38.39228545930903
68.45881982236979,-34.35551820632823,141.41306982540146,-44.64824679027739
68.45881982236975,-24.934341858195463,139.68026508123708,-43.444006089968454
68.45881982237016,-46.43578819369102,137.90451235935777,-57.64302044655223
68.45881982237,-40.00085193160652,-40.174862947807135,-55.6534871910611
68.45881982237016,-47.58284128604203,149.8757308404723,-30.47142190160984
68.45881982237047,-39.137829764120866,228.345258783802,-23.222929820717788
68.45881982236949,-35.24915552214478,19.446828433872444,-34.17383853654295
68.45881982237043,-36.22099425715019,127.86065898058561,-33.03319978435228
68.45881982236983,-48.62216672921158,33.697818183491776,-35.94314295235329
68.4588198223701,-30.268146849824873,165.10640763529167,-28.201249137729366
68.45881982237128,-35.71761787041795,88.70877959472863,-40.0103139541425
68.45881982236943,-42.013702811581666,137.57215926832038,-49.63292383452041
68.45881982236988,-62.59908795425978,59.652414784161614,-42.61842668691958
68.45881982237015,-29.94369497749706,161.49945524354501,-49.029979116763
68.45881982236995,-42.96283744541133,33.62914496827207,-52.64598534107026
68.4588198223694,-40.08519933909981,143.22164438150384,-46.72748332634386
68.45881982236959,-52.32786910002463,462.3731651405466,-31.40923969990437
68.45881982236952,-43.77941177451764,34.10933400988636,-42.29294159522829
68.45881982236972,-42.074758984901194,248.40754743792505,-24.46330523077618
68.45881982236999,-45.91508383083266,-65.61587570617539,-72.63810414224443
68.4588198223699,-57.15449207334717,98.11901640491212,-35.38349163241037
68.45881982236968,-41.17614703803113,-15.38834796348767,-42.862140166349896
68.45881982236979,-49.36901585654626,210.77371632229676,-43.085546340475
68.45881982237003,-44.31924128165514,-21.164717193302984,-48.953214693045034
68.4588198223701,-38.21900692213941,-3.2571731744059473,-51.60292833535285
68.4588198223691,-37.49690577906007,15.358967245586697,-46.056093283469636
68.45881982236965,-40.583392086162206,-1.1167908539818638,-56.71216523559526
68.4588198223701,-43.91173961802015,-6.704547826282936,-64.64959374288644
68.45881982236963,-28.983057846634185,-34.83966331922329,-56.31698701205502
68.45881982236979,-44.263264609636785,226.82808042096295,-34.17202351933221
68.45881982237012,-41.10870368014837,-45.381656169708094,-75.84520202816101
68.45881982237019,-46.61719149114387,-0.14283547108833172,-62.389621470883114
68.45881982236986,-44.12898564353851,-10.834776383221467,-57.853660312040425
68.45881982236952,-32.878290484726655,53.5187629702969,-29.618213407027017
68.4588198223694,-48.93972834672158,58.803237972091395,-48.83331941162204
68.45881982236988,-52.179531114909516,98.85796977732706,-37.94305987846154
68.4588198223702,-42.60285448714035,198.9800797007123,-38.93958065476411
68.45881982237077,-44.60308745296203,184.21939969942352,-40.97655183465103
68.45881982236948,-47.91109537256101,60.700742363262435,-49.58795201742103
68.45881982237019,-37.197013610561044,475.28443429195005,-34.64643868553766
68.45881982237032,-33.7947429262804,-44.858634032423105,-63.43870768860312
68.45881982237057,-42.40668644769604,-0.896460561554846,-38.950206571147646
68.45881982236976,-32.47471728084063,12.15487565869342,-43.28829717134971
68.45881982237034,-44.48698485554067,94.28234232953967,-37.97288141579113
68.45881982236963,-50.95388603748001,542.522716445041,-29.948014201801875
68.4588198223694,-42.65481698889818,117.23944533960915,-46.954368313126814
68.45881982237016,-35.13217046592288,68.99258635597853,-42.18201413145116
68.45881982236992,-49.004844378254816,194.74937760139733,-46.475651243363004
68.45881982236975,-41.07965864628142,191.69617393904423,-43.68141771489529
68.45881982236999,-43.8732884726323,-36.89648793247876,-69.4163122082023
68.45881982236948,-56.34353730698282,-11.218498710477087,-59.190268789649366
68.45881982237074,-46.71343708690377,28.19330698710747,-36.14607834034064
68.45881982236963,-32.049415816225405,40.51521967689955,-31.905470174497918
68.45881982236956,-41.953417093438695,350.86715943951054,-26.95412901293136
68.45881982236955,-45.09588939813497,-6.012966866792668,-57.555312734517415
68.45881982237012,-46.218350350978824,116.11822545404013,-56.03466926305111
68.4588198223698,-52.04971576605926,1.1871249464689981,-44.296582930201424
68.45881982236992,-37.81478435438468,13.701351966832732,-46.414577790573816
68.4588198223702,-31.602366143393535,717.4381341899018,-21.76506439778806
68.4588198223696,-37.76556108791367,308.2258458369168,-38.674471182863655
68.45881982236955,-42.53515332323177,-5.660317276547411,-56.97430422369174
68.45881982237016,-37.369577119608074,-8.833284926673679,-57.66321801580578
68.45881982237032,-52.31094989953468,1.1732565694007047,-48.775367858351416
68.45881982236979,-37.75224837705884,16.454500717650824,-39.217772496626935
68.45881982236968,-41.19832193924261,57.669584634795235,-48.742183907060344
68.45881982236975,-44.856111897935726,37.25439670108983,-47.50191209823428
68.45881982236986,-39.48004548303392,-48.68872425926878,-63.82014643416905
68.45881982236968,-39.654309168232125,267.8446382528541,-30.822000594157515
68.45881982237,-30.55360562764806,126.50565723032297,-42.71878934928704
68.45881982237,-42.43214242659329,179.2319220585275,-53.64578529514068
68.45881982237019,-41.5873549981455,176.16752743345074,-31.472135102531706
68.45881982236968,-43.54757028371328,-31.49936136870679,-66.51354462232621
68.45881982236928,-59.938544037344954,103.14974331415381,-36.421310182860076
68.45881982236943,-29.897046182679553,142.09012528444313,-49.327217536784374
68.45881982236976,-32.73765392779487,71.60712356052565,-41.75021276657627
68.45881982236965,-45.5122426188681,-25.362042109440196,-57.025922846989765
68.45881982236945,-46.47373478244544,-30.555491965702643,-63.77967042571721
68.45881982236949,-35.08148358266596,53.54956684874929,-38.156533164000486
68.4588198223689,-36.997554226180306,59.08270633487924,-43.99313064573914
68.45881982236988,-34.38739431560583,68.39135571176229,-52.31088668263575
68.45881982236963,-39.48291018063147,-11.196441576510995,-50.81248127276392
68.4588198223698,-42.105104597150536,48.00209721166351,-35.24904222092131
68.45881982237003,-30.658350222520625,345.4241655546191,-28.88819323291296
68.45881982236936,-38.03093810165944,80.45587406632183,-40.109964346561945
68.45881982236959,-43.07824939039531,122.6345650535464,-35.194779102650955
68.45881982236976,-41.55029362174293,-75.75572067238588,-82.23620226967199
68.45881982236948,-37.90898147082198,190.87777031046525,-41.147172715248345
68.45881982237,-48.429687053752566,-43.01896947124786,-58.914548535465784
68.4588198223702,-47.92772722963304,-0.03221937231187022,-55.62716890128978
68.45881982237015,-50.305984465233564,-67.84496431294258,-70.43706068482852
68.45881982237071,-35.05220476928059,202.3646567047189,-36.13009272521344
68.45881982236988,-39.382564138257834,-39.97168859604634,-67.14874643422509
68.45881982237034,-44.28583764770894,28.855661769556452,-61.372382778164145
68.45881982237,-52.529172966672334,112.95180762732238,-41.66326975053636
68.45881982237023,-44.394480619718856,21.138518710028855,-55.49849640484861
68.4588198223701,-54.970946846842715,-19.163675469419683,-57.471758984398114
68.45881982237034,-45.45431424088056,222.9678129662164,-35.757306952818816
68.45881982236943,-41.668271807169766,226.09763217401047,-43.327715477670004
68.45881982237006,-58.369326179406045,124.86846092634968,-39.09474711137679
68.45881982237015,-38.04140680993745,39.841482959603724,-36.17265220890194
68.45881982236976,-44.546516157956404,94.13841359669,-61.21436169541955
68.45881982236983,-45.17018043045938,14.983503769290296,-53.39919360161262
68.45881982236996,-40.93533239751067,252.46932797862712,-48.185574437024584
68.4588198223697,-41.603748579983815,-10.326847908109505,-53.72500569776852
68.45881982237036,-38.68892370724177,171.3633013831383,-34.86924691012619
68.45881982236965,-38.846253878249684,129.40838602567464,-49.79959263769397
68.45881982237019,-48.39423541259728,236.82694972391465,-29.763397534532576
68.45881982237027,-34.78347608438301,298.9685828206026,-37.174459208214
68.45881982237006,-38.81951086461331,20.90439044514436,-35.41171831265121
68.45881982236976,-49.89725946831036,2.446008826280033,-54.734365545072585
68.45881982237047,-50.3226807416784,77.33352997560732,-52.07449411074608
68.45881982237027,-43.0640534847968,77.68757741103308,-43.60816821021826
68.4588198223703,-40.970240401987034,105.8778476388067,-30.209474247681033
68.45881982236949,-40.725216284798634,101.05704793549646,-40.631153481013115
68.45881982236956,-46.22539571175178,105.91845782564278,-40.14120137826791
68.45881982236983,-54.3661775903178,-15.48058911871525,-48.038053602140096
68.45881982236928,-40.62587877877137,62.10801721617658,-32.66836830973071
68.45881982237012,-47.944115489065034,-36.011867985952236,-57.373365357493824
68.4588198223691,-52.07378580909826,418.1353162988428,-26.098735604813726
68.45881982237063,-33.29073315975051,24.982232673586612,-50.00921544635164
68.45881982236995,-49.96902483886696,-17.536401834222204,-56.47125439923975
68.4588198223699,-38.571226723821624,69.21617125268342,-43.14333610340739
68.45881982237006,-37.40961517201804,78.4469215483923,-61.914159014141454
68.45881982236915,-40.9194001362547,219.70520880301788,-25.43801672000866
68.45881982237015,-32.17894701002315,510.20087753494875,-26.021669943676386
68.45881982237019,-46.64697230427481,-41.379213049088406,-63.918490801080466
68.45881982236901,-52.93112865606473,41.74675764612377,-46.67383004991984
68.4588198223694,-40.366336633230326,-13.344003799171201,-60.94756762719315
68.4588198223703,-31.53284082731217,115.61411675499818,-32.643534254746974
68.45881982236968,-38.492194777388,213.8101183787618,-30.64644987471673
68.45881982237057,-34.85527534941429,-7.771484940984708,-51.42126737941991
68.45881982236976,-46.25015075916753,154.90198203586286,-32.0673505005265
68.45881982236988,-49.076010956961206,249.17713861310577,-53.54533353764843
68.45881982237039,-29.16722492467875,-36.73557304802404,-54.47560605213908
68.4588198223699,-47.72005376625849,24.54747730384117,-57.209410388495506
68.45881982237023,-38.57874563947592,83.9426142253316,-45.57981735054717
68.45881982236963,-42.250925775916414,309.1365198885863,-29.762136449799335
68.4588198223698,-44.515708626899375,74.13840585773227,-48.581861449337296
68.45881982237016,-40.627357983783426,50.24305324385161,-44.841783579159376
68.45881982237027,-55.49689799235396,188.8570988323801,-42.92632247752827
68.45881982236939,-34.77623716850092,301.3707997528643,-42.109701968645105
68.45881982236936,-26.880823577623957,169.42374295422087,-32.08719684701291
68.4588198223702,-47.90058445091425,76.2358864680051,-52.965666697273136
68.45881982236924,-48.076206083851005,38.96753671007052,-57.819596028948
68.4588198223702,-48.86443817840996,268.52480812279214,-52.16518123253204
68.4588198223701,-67.73199721789784,125.10046108599964,-55.01245885196424
68.45881982236975,-41.87537691075909,277.5537803327299,-28.644545369255926
68.45881982236996,-49.065009988389875,338.34817050003034,-35.123005766844784
68.4588198223697,-49.25007058081315,286.27949214875105,-26.481864876053184
68.45881982236929,-43.96010133233309,206.225592298202,-28.600689772198173
68.45881982236976,-45.37740409272715,30.914841604845698,-33.49643412532372
68.45881982237016,-37.56628913949021,-29.191339015572126,-59.34714005509183
68.45881982236952,-51.65126152729452,108.53762817288893,-38.161723417707506
68.45881982236983,-30.914154482019327,67.92715030616216,-58.8184260781106
68.45881982237006,-31.4405470244728,203.50201695460086,-34.15230059766371
68.45881982236976,-42.25601641606872,77.76193496426922,-40.92491647250082
68.45881982236988,-38.03613322694851,43.99684715325054,-40.43894084035365
68.4588198223702,-52.01050187476879,39.30275316874721,-46.651269172145625
68.45881982237032,-40.52322216095997,114.93988638150867,-41.97330742406582
68.45881982236995,-50.43242085101387,101.88511950126818,-52.25065607907615
68.4588198223705,-50.87721708317427,-13.713679216916397,-48.81256083491078
68.45881982237,-34.10350210636403,206.99689716866055,-41.44475418148142
68.45881982236929,-38.462599463400174,138.57945297144988,-44.89081151682582
68.45881982237091,-51.190304631135966,427.26225116187334,-38.23876573065377
68.45881982236955,-52.56926840017042,206.05055731095456,-37.318902074574275
68.45881982236983,-37.0876551142514,44.36727700680401,-52.85254609719953
68.45881982237026,-49.23040656178475,104.2211736061632,-29.008849699330796
68.45881982236945,-39.983018239150034,69.74108333317956,-52.60300679756392
68.45881982237098,-44.545295213560266,-14.005609101841475,-57.23303651053012
68.45881982236972,-41.44444428540083,308.71852947764154,-28.306973293518634
68.45881982236999,-29.706732082632502,42.88116768522479,-60.48044883799897
68.4588198223703,-38.42344598719946,179.89079507939132,-31.93483341124468
68.45881982236996,-43.469248161168096,83.0201051045238,-36.23045246285489
68.4588198223697,-41.18220708386564,260.1388375833322,-29.988311331166862
68.45881982236992,-33.825063522417885,435.0006213144,-24.12026070607127
68.45881982236988,-49.404156000038476,-17.34236242293855,-53.413829089626866
68.45881982237016,-41.773044944746715,97.58376544467437,-34.29068516233363
68.45881982236988,-37.30775774233982,146.78410924816768,-60.02461436198099
68.45881982237007,-63.609441274058874,134.73505149467684,-30.47703390517844
68.45881982237023,-44.639062715199394,5.506001850299058,-44.73187603374262
68.45881982236983,-40.712389635743904,-22.22975178129919,-48.96456926921772
68.4588198223701,-48.173071832665535,423.8352119810619,-32.229769644646254
68.45881982236949,-48.934677705018125,400.6463338925408,-30.32312056641835
68.45881982236968,-44.81821479825191,7.6382755694390125,-45.81614887165812
68.45881982236992,-34.39644349031272,79.59754865671333,-40.934906609461805
68.45881982236965,-30.49945209364653,39.70948613631029,-30.637558201525383
68.45881982236988,-49.52535358257101,11.605509843138773,-43.045041380977636
68.45881982237,-44.0941268290619,-36.965116863246436,-53.36405860897615
68.45881982236943,-55.12222428727907,-48.62754224412671,-68.96287971845508
68.45881982236983,-28.34505249851026,123.35246235085835,-39.70506554195119
68.45881982237047,-48.17806317277746,-35.25396274021693,-62.07380324607558
68.45881982236956,-43.853961204603145,49.0944555318529,-44.705475228172766
68.45881982237007,-44.196041902381445,52.43240144273589,-45.38238029542464
68.4588198223697,-44.022521379155144,-54.6229667995771,-67.52390924386916
68.45881982237042,-52.54222028585544,40.308498281454504,-34.75017393651585
68.45881982236904,-34.14385408971208,-12.097877704393234,-59.2912065938723
68.45881982237,-41.23032974321107,66.51532261079926,-36.622174414430674
68.45881982237027,-48.57590220543398,47.483165910080416,-37.58791202014504
68.4588198223703,-46.230381941180184,-3.012492561590774,-50.00457722468088
68.45881982237006,-37.84582194520931,-12.76286970145919,-55.54847759578661
68.45881982236952,-58.76966850095036,95.50083285927815,-50.56245729337119
68.45881982236904,-41.33211074310984,366.8511283285041,-38.55590066410559
68.45881982236912,-38.65390674746963,100.60616088608913,-48.762899062559065
68.45881982236992,-42.27776201722322,48.295173912109576,-51.359041703822164
68.45881982236939,-44.26375121671138,57.42905243812131,-39.66953276568942
68.45881982237026,-48.175004102318795,262.9456593873246,-28.221133614746062
68.4588198223698,-33.25164373056009,32.73894072530321,-66.49497052232182
68.45881982237,-53.6127020095809,168.69993918749282,-34.48882455161774
68.45881982237016,-44.70029964177363,115.55713021954634,-41.377053887281875
68.45881982237016,-50.8962956036956,4.03461747131304,-53.39658388585748
68.45881982237027,-51.99095070350397,-11.259044734547208,-54.95542389574165
68.45881982237023,-41.464087919662404,181.13902597919483,-32.421484096470785
68.45881982237087,-39.41241570535227,37.041303397306024,-44.324350801583975
68.4588198223687,-58.454899155411276,28.250213159113514,-41.82411258750416
68.45881982237051,-53.509769464706835,173.8428296082321,-40.11411039311685
68.4588198223702,-40.04165934475602,220.3334869312875,-33.82405576444223
68.45881982236956,-40.85625008774224,158.92404255868664,-29.4871438148406
68.4588198223696,-44.585394832973826,19.32937597952136,-57.63711755792929
68.45881982236948,-37.27408863073014,47.6475321760812,-34.44905212687356
68.45881982236988,-34.730735379737524,42.994546967946825,-39.99179011692121
68.45881982236943,-62.809734607124746,135.37988558488357,-44.88301321572506
68.45881982237039,-42.5303272551525,322.4275511792797,-34.829295837899544
68.45881982237012,-52.9175453929287,219.53096995794468,-44.6404373822619
68.45881982237012,-34.49816926378592,98.21749335834747,-45.33483952642392
68.45881982236972,-46.892163864461914,35.77549463035965,-50.389130248234615
68.45881982236988,-56.598890132144874,52.48218633062294,-39.461704347810254
68.45881982236949,-52.9845373695717,240.6655904556953,-27.89694019800326
68.45881982237027,-42.273910613698895,-25.88679307451254,-40.88383850977919
68.45881982236963,-44.13182937506459,-37.400359749886015,-56.544013485180976
68.45881982237051,-38.200436446180966,204.81301605464157,-30.269678766755614
68.4588198223699,-41.91505948778461,282.3593907444994,-24.26559060330157
68.4588198223698,-43.5320566034335,47.403665291658605,-35.35250035068632
68.45881982236995,-42.98278586903185,119.14674450639633,-35.47907693988247
68.45881982237,-48.61894792593971,57.57828033276713,-32.428185034387994
68.45881982236995,-40.99866476692284,152.21343391615454,-30.664007621223266
68.45881982236945,-51.75177915101015,377.8359810296147,-41.82370929492998
68.45881982237043,-54.979531953367754,99.54189888492783,-46.836975616099295
68.45881982236963,-53.38852660774926,293.80670017765107,-27.87129200211925
68.4588198223699,-45.612488175019685,84.20438234082646,-30.97072369257373
68.45881982237042,-46.306427782214,52.64119448960876,-32.35782319913386
68.4588198223698,-32.74225326247431,-17.68337505971488,-60.61130291415127
68.45881982236959,-52.169101387984675,-2.2549711118871607,-50.28751723296321
68.45881982236921,-45.494994160241255,36.840294937544726,-42.12883458433843
68.45881982237003,-49.217096766056265,128.43469244053037,-31.731287288907385
68.45881982236915,-33.56120127803822,-29.169104116394507,-39.62243171751601
68.45881982237006,-50.096801348704645,273.9612380290451,-28.014310076062763
68.4588198223699,-49.98576766823679,159.48074042705235,-37.14959437975952
68.45881982236979,-51.158158188025205,157.92068631411226,-29.814783638393017
68.45881982236975,-47.30314071268299,-10.05016042997664,-58.72497252198714
68.45881982237019,-46.10538043492948,324.00845095656837,-31.37554203094075
68.45881982236952,-36.41917318669569,-77.30937124882361,-80.24236546894507
68.45881982236983,-56.4279658997676,90.85621080753212,-44.086215452057374
68.45881982236955,-49.35562484218917,-51.41506823800503,-69.06417083640754
68.4588198223696,-50.612061625628435,79.23991308623867,-31.464053601112006
68.45881982236943,-40.44153602193232,180.63281935136476,-34.79857766574936
68.45881982236988,-41.21875794129897,55.599844507264095,-37.01953312614066
68.45881982236916,-36.41917054063255,540.1035213645913,-37.07325077155949
68.45881982236986,-35.50422382699604,35.86510731610106,-46.83018491156958
68.45881982237015,-31.658508929475847,225.7851524394706,-29.991454970841815
68.45881982236912,-36.97397061185931,19.516441905572357,-54.78848487949015
68.45881982236986,-43.511574883262604,64.54489733849947,-41.112348319269465
68.45881982236955,-36.13146054661366,11.597091524923563,-54.82581019620102
68.4588198223699,-55.22161845985198,23.632030045833275,-48.699107379075976
68.45881982236948,-37.02751443579252,-20.441444585360003,-58.95796265170185
68.4588198223696,-37.35305047148866,121.20876037564896,-26.140387528237007
68.45881982236986,-41.79810722382899,-44.09536188989872,-59.38435368783821
68.45881982237016,-48.08804823798709,197.6112864659318,-32.96888456809821
68.45881982237032,-32.15183699447503,42.342211782815255,-64.50015353853044
68.45881982237006,-52.01269760082325,-12.016596332818164,-47.62484117484965
68.45881982237036,-32.99964664686244,-25.15365258731809,-63.61877523631363
68.45881982236955,-38.42983518626475,-10.921053572411543,-50.29172951819913
68.4588198223707,-30.530349351301567,-14.76510312931606,-61.76891109269184
68.45881982236874,-34.526591728857994,16.37530476624609,-59.39794925937015
68.45881982236972,-50.72573150554138,-5.166085773760532,-53.58735656265525
68.45881982237034,-34.292246725680386,119.95664723706825,-30.602307942988606
68.45881982237046,-41.25248715276753,60.597079573936384,-40.91255929666152
68.45881982237007,-30.56947334833312,92.31605305787099,-40.26187991534431
68.45881982236979,-41.46810816359744,84.4638438696528,-48.45537559599491
68.45881982236968,-36.569300429313365,115.0479745120418,-32.021554150708596
68.45881982237006,-40.47372765163777,203.08486241677235,-35.48325243392234
68.45881982236979,-40.55569272241332,96.71460485893589,-26.688349859189287
68.45881982237012,-51.15241041265847,77.11842978803263,-48.277464676150274
68.45881982236965,-46.37148168695304,-33.470941304845915,-57.51758925635827
68.45881982237047,-38.71501794703015,8.672715578502132,-41.34643731740505
68.45881982236949,-32.60848828022787,75.9925331835063,-45.42138867313624
68.45881982236945,-44.271773240822256,37.981388492814474,-50.303404039608246
68.45881982236968,-55.63528092291068,33.166102107964825,-52.03327628056162
68.45881982237026,-46.06735011563943,34.35451747845899,-58.7739199043253
68.45881982237059,-45.039882487819796,38.206185719433996,-52.814745230966984
68.45881982237026,-36.01828268490651,43.23481943917613,-35.93076622948638
68.45881982237026,-34.33914734480014,100.98247313430093,-57.372946066095295
68.45881982237032,-42.12698840503685,131.2947693217193,-37.695775569579695
68.45881982237034,-41.73731522261552,171.84198227505937,-35.651557425693646
68.45881982237063,-43.41412921181438,3.197571761327822,-55.71995239132885
68.45881982236936,-50.12813182752789,253.31469391037723,-50.35772372298726
68.45881982237007,-48.76402459906589,27.42401512792845,-37.90529569688113
68.45881982237061,-41.52797827500457,96.94662839913613,-36.26065519680732
68.45881982236948,-35.070124166091986,-37.88136395706999,-74.17364707693372
68.45881982237042,-46.62809867557277,58.15090286148698,-38.058505615992466
68.45881982236972,-37.42546200155638,73.76860752600768,-30.72452142913209
68.45881982237012,-34.938269973079905,380.32136436197686,-26.61275626533486
68.45881982236999,-31.873209394597644,9.885659740408293,-43.420367170193174
68.45881982236959,-47.477534060054296,195.7543217068308,-33.90164188777278
68.4588198223694,-45.29282123599311,24.10282485138151,-47.6972153688473
68.45881982236921,-44.07581106062266,26.76808763384848,-35.80051493043385
68.45881982236975,-45.241854024595355,89.53329952003948,-34.665960235618755
68.45881982237012,-33.21656702398842,66.21024401113331,-42.33560896796067
68.45881982236939,-36.43419174452579,441.1514422493473,-41.113929826117456
68.45881982236992,-35.33073209123191,51.42560133599721,-46.268605310620146
68.45881982236988,-40.13175506884761,-21.069846348988307,-59.753085027127504
68.45881982236943,-48.50299410811645,51.898706301212336,-52.99858890764801
68.45881982236936,-33.598627485224576,88.24174743788132,-43.55172749801844
68.45881982237027,-40.09367120070693,10.76074830695186,-35.47550561650574
68.45881982236983,-36.83987221915811,17.205762887610355,-45.483196362751364
68.4588198223698,-38.42201352298174,74.51300966944146,-46.8295200943844
68.4588198223692,-40.03590454634238,121.3045977788973,-32.73263665396654
68.4588198223702,-31.741723856566285,49.27571916052531,-39.19810360162318
68.4588198223701,-37.06044802463255,78.96623562089582,-36.26647880651272
68.45881982236972,-35.41078927378361,125.64402761068818,-36.30263517629696
68.4588198223701,-32.419288605551046,200.15798869424137,-37.96659390130051
68.4588198223705,-57.581095524978565,2.30843310219222,-45.85963268223231
68.45881982236965,-33.247875070235,-37.133199839007794,-67.18834056591841
68.45881982237026,-53.42904962145346,-70.17743599580555,-79.34094436212364
68.45881982237015,-43.132261184281816,16.388299986040543,-40.589009366729954
68.45881982236975,-43.097994765679545,358.32575094024656,-33.05904613723845
68.45881982236988,-44.63031619257835,87.80444139519687,-44.63115181479959
68.45881982237039,-42.703946499997635,472.7241917280673,-19.82088644942023
68.45881982236952,-48.52508020693095,36.48579146219573,-45.18559830882474
68.45881982237057,-58.08941516326509,70.26507853754742,-42.169173418989395
68.45881982237012,-54.50395552216405,98.36594661596503,-46.55129401248333
68.45881982237097,-31.41257443101697,29.410867247209648,-40.88378106050573
68.45881982237012,-32.34857136211318,72.66850921472408,-37.397260583300266
68.45881982237043,-44.13083896688359,61.05613821357012,-41.42584937329501
68.45881982236976,-42.00326420202454,107.87613532244413,-44.81629279449098
68.45881982237003,-46.617617779904286,226.3414591552905,-44.67053573151736
68.45881982237026,-52.12413305564279,118.08239653274981,-53.714482145337975
68.45881982237006,-38.13851564110904,34.4175247381562,-43.83648170729124
68.45881982236963,-51.89227497977126,-49.962642218130895,-61.42972841620892
68.45881982237007,-41.261210897000176,11.380842166610549,-47.76656742686585
68.45881982237016,-46.847738608569365,82.26081632960307,-46.65931780846015
68.45881982237032,-31.55802605756657,-29.5466865422789,-56.26884491684694
68.45881982236921,-43.60047810922508,-22.530109430945767,-49.60053579039525
68.45881982237042,-33.10794009087478,25.56384583192195,-66.69342031163588
68.4588198223694,-50.24123796348772,93.70264564449266,-42.734738034197186
68.45881982236972,-49.141666637473456,-18.390011850837485,-72.14156199509895
68.45881982237006,-38.39322485562112,150.33402756787342,-48.739574650683146
68.45881982237019,-50.71722389425331,356.7664545479035,-23.094841967129298
68.45881982236932,-42.043116993412596,107.98995368183894,-42.22927729389904
68.45881982236948,-31.329296797430338,-29.22021620747043,-51.07141597182911
68.45881982236932,-33.192057297042986,81.6357220766828,-40.83135635611579
68.45881982236976,-42.892563943735325,39.995561370338976,-43.43459588290551
68.45881982236956,-50.6018112228896,61.71252051304159,-34.37714797915312
68.45881982237036,-35.501140363217786,-8.883051738083836,-55.43709750653715
68.45881982236988,-41.25765420630384,87.26020923222669,-36.956103795388984
68.45881982236959,-34.73417161308673,343.0064650554009,-36.89816296781983
68.45881982236916,-41.89637138099375,229.41051760627934,-30.358906291852293
68.45881982237046,-30.859331340723262,279.74959889101876,-29.825452606134352
68.45881982236992,-38.987519002539514,353.25524845487485,-30.765025294006733
68.45881982237,-42.364465224544944,54.83443373969694,-49.96998412288579
68.45881982237006,-44.14449182383093,-19.823054658541615,-62.083325545273446
68.45881982236932,-57.6196950716695,8.088290977522039,-43.593796344081646
68.45881982237012,-33.31365221916771,400.3011323080726,-37.02464896551856
68.45881982237051,-41.594599237362516,-53.73868143568223,-65.97735073484785
68.45881982237046,-46.08592998768114,219.20434155781172,-50.337489621658335
68.4588198223699,-38.62739249265266,104.82046444143252,-38.828297831738176
68.45881982236996,-58.308366155360126,-54.2907399469186,-68.14752780770606
68.45881982236992,-42.27960727637817,3.2923414377749927,-55.39381322833113
68.4588198223701,-73.4529301044985,-38.494813263886726,-66.13009071881302
68.45881982236959,-45.66204406293865,-11.894367623000823,-44.60452315729773
68.45881982236968,-38.76771904237795,20.461206123184205,-43.2860824114478
68.45881982236972,-45.726580576984944,109.3560028670153,-44.176327875056856
68.45881982237006,-44.27610067426669,-50.38782104303916,-62.17506886774269
68.45881982236928,-38.296838373590724,260.9263337951887,-32.1334098375799
68.4588198223702,-38.47284587064931,60.19493389686011,-53.088896233031605
68.45881982237046,-52.592241277564476,-11.84719853223799,-40.86066359358745
68.45881982236897,-58.14673051478236,-7.0248315158706,-61.9486545539697
68.45881982237027,-30.716596454236246,-28.78939810805141,-59.13250992589953
68.4588198223696,-43.38520296922501,34.81314330587588,-38.90443618575098
68.45881982236999,-39.7579822359298,411.22207433475796,-36.83831361783544
68.4588198223701,-47.047312377239614,567.6000668329877,-32.009259036575614
68.4588198223702,-55.896166478183495,111.56751244305738,-40.601729495555716
68.45881982236948,-35.83975509645568,107.56550337033346,-51.511550356180045
68.45881982236972,-41.97325941260017,28.31506501255159,-48.529026752330616
68.45881982237007,-43.30415117800005,88.48034632031185,-49.41679360141327
68.45881982236996,-42.56596869306251,77.32523081121305,-30.751043154857427
68.45881982236943,-35.61938953572481,91.401208260104,-51.00397709301454
68.4588198223696,-31.321476542588357,65.06072652614702,-34.064707815946406
68.45881982237007,-38.12641353001632,47.22895426756695,-44.31529718982693
68.45881982237032,-39.099138696639876,73.0297113496392,-43.34972638613325
68.45881982236935,-45.17921252825515,16.56341477024508,-44.39614960963012
68.4588198223703,-48.0715554972811,177.9486017144429,-28.135657474157718
68.45881982237016,-45.01526706516289,-61.35068921733446,-76.37420913373488
68.45881982236968,-41.57076270883018,32.41398981754882,-40.67651031829905
68.45881982236963,-39.58811138686188,100.49518156247781,-36.35903406200222
68.45881982236935,-40.318579604028336,-18.88080335472503,-65.44100378718471
68.45881982237051,-38.58157807004435,46.97003961971515,-40.80329705966662
68.45881982237006,-68.96148157659157,-7.734649028095153,-36.49985585983109
68.45881982236992,-45.35022305770288,59.6356090933873,-41.953015671104545
68.4588198223703,-45.488878082929574,6.949256423887817,-49.78734950791429
68.45881982237007,-52.773329766050935,25.552456071824746,-44.429666730447295
68.45881982237051,-37.68605952280908,62.48864067304885,-33.52718505906724
68.45881982237046,-33.50498691874326,21.308829257718244,-35.2970873224318
68.45881982237006,-43.01528051917577,20.24495557404493,-42.8317118116523
68.45881982236932,-43.705793024146786,266.78585845027646,-42.09241956699278
68.45881982237015,-48.49410215134816,687.3148619755051,-35.661150358962026
68.45881982236955,-60.97802595848839,-58.016554719764414,-66.79791786713255
68.45881982236976,-42.56846324561949,-65.1270323355525,-72.9589303890994
68.45881982236924,-32.91115965464536,-0.3869957985994321,-48.87028313419778
68.45881982236936,-44.20730665096095,81.32560869803123,-49.4373658242784
68.45881982237077,-33.223099174187034,-6.578235687013045,-43.39191809954217
68.4588198223697,-41.192673717270836,103.63628865588322,-41.61525256316998
68.4588198223699,-40.80365299520696,360.5603264763966,-34.1675043666238
68.45881982237034,-45.027670721782656,21.966391629291017,-65.32112562540692
68.45881982236995,-37.266437272509734,71.47284077804548,-42.62214805407084
68.45881982236988,-41.3197253055814,-53.16857622371602,-61.94477184014189
68.4588198223703,-32.07356383127258,105.12765630400973,-33.68027407997823
68.45881982236963,-36.18995642686059,34.386980710913036,-39.668109211863246
68.45881982236929,-40.41602648542727,185.95463854426245,-36.19093237921618
68.45881982237026,-45.93456307283057,-14.917366991662718,-51.50808497484025
68.45881982237032,-46.10564289248724,-73.25213582254013,-78.56736435153351
68.45881982237032,-31.712776008888376,-24.65146250342989,-59.159311861075246
68.45881982236945,-42.5245025122325,1216.9222614726077,-30.033726485409783
68.45881982236955,-52.516088870848506,34.3156370184649,-53.76241344925206
68.45881982236988,-58.145496270363275,-18.683154681147883,-69.98980864888169
68.45881982236986,-32.3236709980788,-16.847807008127525,-59.245489734721104
68.45881982236975,-43.99391743785598,545.5810559734832,-34.960277358881484
68.45881982236992,-58.9403506972404,-50.61886714851066,-71.40521916372245
68.45881982237,-52.73383959503156,32.71192547909394,-49.73165206596344
68.45881982237019,-42.19120828761249,172.38358050443975,-41.495952157481064
68.45881982236924,-46.98287159766591,29.63048806076578,-54.46940346500855
68.45881982237015,-38.85487740708463,84.10136869105938,-52.76943212231902
68.4588198223698,-36.39193605398423,-13.450216592136332,-52.74053081844268
68.45881982237016,-44.427537664587014,-49.329787255156056,-70.77800545642955
68.45881982236963,-36.73497836605153,7.3301214080274235,-46.73840048417103
68.45881982237023,-52.98119881188197,295.2830718030465,-39.08608554429838
68.45881982236945,-27.427066767775777,68.81871571700317,-40.71731963499469
68.45881982236992,-31.970159465944604,18.946228451053383,-40.08024209595155
68.45881982236956,-29.84807808407075,2.2830296108036885,-66.55121102623166
68.45881982236963,-41.867014004523725,96.65644935554556,-37.89311321959228
68.45881982236948,-48.266106733627865,56.849720210733665,-33.91299937147143
68.45881982236996,-51.027375554277675,-11.10427776413686,-41.6441717952663
68.45881982236905,-40.75264948400028,158.46169244629132,-30.949467487041773
68.45881982237007,-40.64915725277463,57.76401800463928,-41.788958355810514
68.45881982237016,-54.180026581998185,23.815197797868095,-52.395570243734625
68.4588198223697,-40.090746218449844,56.512092908247105,-55.45695450824331
68.45881982237128,-61.45064198684984,156.4837525475525,-49.41758133863531
68.45881982236979,-33.615208996201694,97.4075367106428,-53.4614513615704
68.45881982237,-27.640211283574846,135.33562174382618,-36.3299472934589
68.45881982237023,-45.64186360389627,160.35126970694358,-40.8306052089224
68.45881982237019,-58.597731247120386,43.975603811882124,-42.88499981162068
68.45881982237023,-52.090057963315815,48.82695320590802,-31.1090299699452
68.45881982236945,-38.66564322152216,-29.69237867501262,-45.69257534263431
68.45881982236952,-57.603487025055735,22.184280412301582,-44.29780389645721
68.4588198223701,-29.92807419634763,76.47895228294898,-42.54628582401042
68.45881982236992,-45.9385265229905,-36.04910171810063,-55.7095887329615
68.4588198223697,-48.19221511269463,-12.850875106468395,-55.93163780790616
68.45881982236936,-43.30265927554843,71.07389484079046,-41.92787909707833
68.45881982237016,-44.67262701194563,-54.83484586208225,-70.39307305874208
68.45881982236999,-49.166234827888125,33.62001985130614,-49.08801131701126
68.4588198223694,-35.958445560191045,113.17235257816574,-41.58940106426753
68.45881982236988,-37.306348925208745,91.4956835280698,-50.35706532936022
68.45881982237023,-40.3364534859151,143.6101881750603,-27.993696729014992
68.45881982237016,-30.399857752343774,-37.985629143875165,-61.58097762923056
68.4588198223697,-50.34164896354905,149.09447431587725,-36.57124642710284
68.4588198223692,-36.964282896717,217.3432451446698,-26.457198131340665
68.45881982236975,-35.4853075934223,86.46285364784009,-48.909089982289586
68.45881982237054,-47.83202379807939,218.2790885059517,-31.406120681135874
68.45881982236976,-38.03975348416515,117.35822245747434,-35.342260256673406
68.45881982237042,-46.17157008375483,145.11536654746072,-33.90773008875201
68.45881982237051,-27.845019900434377,68.42023267366935,-37.82034420980046
68.45881982236935,-38.81060604417436,-14.318987323132127,-51.99134076212339
68.45881982237042,-38.93005728265325,8.00347963538286,-73.78328968866579
68.45881982236979,-51.577844391771656,-27.918023931763525,-56.96852023453853
68.4588198223702,-27.462008273696327,107.7215375425527,-31.918186690849637
68.45881982236965,-42.46819960975545,11.218975605231108,-35.78399072694981
68.45881982237034,-36.28426487740018,-0.9382004234955055,-55.460436598718246
68.4588198223705,-41.78080359899678,28.870983075152836,-45.59765269460389
68.45881982237034,-47.73646370955191,-27.822504033697193,-47.290059772110446
68.45881982237006,-48.93085153688407,81.90522536071421,-30.69487700977014
68.45881982236932,-52.92422374903018,-31.32942674901724,-46.273930509891194
68.45881982237042,-34.79901801458488,-5.38050929469539,-56.056081818745376
68.45881982236988,-35.79991118682207,250.351884814207,-31.650582320403785
68.458819822369,-45.27069733224211,389.1413940999666,-39.56132713853652
68.45881982236959,-36.84305430776406,94.26741643883727,-38.0148997050376
68.45881982236888,-49.25207085255129,42.06054272518933,-49.80017079532669
68.45881982237,-39.757509607283794,84.59188114014566,-53.892003462769125
68.45881982237061,-46.90513779633331,288.37189670773404,-34.61440529718729
68.4588198223698,-36.78333650845062,262.2086365251824,-37.80303412066382
68.45881982237077,-48.163377627037974,-36.36531941747554,-55.55579767995449
68.4588198223696,-37.62870166724967,47.61464300683209,-42.65411594342963
68.45881982236924,-33.0833749606461,358.0391465261821,-31.655558002891027
68.45881982237007,-40.864876387057436,261.67053304473563,-37.021904714995514
68.45881982236995,-46.252330414201126,45.871284383715235,-52.78689420618355
68.4588198223702,-40.894231678166115,233.58607887520728,-35.319345028935224
68.4588198223698,-37.52014999823252,91.07982270371329,-49.158661307850224
68.45881982237032,-32.969276411832574,69.82033417812718,-47.44514427578606
68.45881982236995,-40.98460314266955,354.5539490855944,-35.658648730663955
68.45881982236929,-34.82990038639845,-39.88498513465697,-62.80189052032665
68.45881982237047,-43.461617682337184,219.1297816863925,-32.54502207735355
68.45881982236986,-49.843954829195795,42.29306256494003,-43.2274020063264
68.45881982237023,-46.49796136337414,106.10424140580967,-36.47647822550218
68.45881982237007,-48.08688198865927,56.70107530871802,-42.99527265837304
68.4588198223697,-55.906672068188534,242.32394358987813,-35.94088077189641
68.45881982236975,-42.29689888002035,327.37421398842326,-21.098314943033934
68.45881982237047,-41.15180703409377,46.552811842182805,-32.76922782740013
68.45881982237003,-48.93747219985695,86.84847028485999,-39.77942094931159
68.4588198223703,-36.609184220128434,7.742639606691237,-52.018584880749266
68.458819822369,-50.92299729508758,216.2187068578583,-42.641525222346765
68.45881982236976,-34.271119904189895,145.8802809387134,-41.37057593930874
68.45881982236929,-31.66767850030565,37.672507628218874,-47.86691115745225
68.45881982237,-46.28234407487335,334.53072545026134,-46.11853239281988
68.45881982237042,-45.221380147134994,8.046391849609114,-42.99640603147928
68.45881982236948,-44.33536640327694,-39.492370023555225,-64.74245192516635
68.45881982237,-59.4778331910871,26.98434730260444,-44.49410217444497
68.4588198223697,-49.909936095882514,44.02758923701451,-37.75802095565315
68.45881982237042,-41.83178863296708,257.0959331027087,-25.066480442405425
68.45881982236972,-57.980828821614004,54.19483288931386,-39.87000729833079
68.45881982236992,-47.87145012373563,307.575370617801,-44.705002168736385
68.45881982236996,-39.39279639567851,243.62309424931894,-33.30014830332673
68.45881982236959,-45.24442980652583,18.807243347470106,-39.4928694832946
68.45881982236928,-36.40461778875771,232.35925516194257,-40.751743956293616
68.45881982236949,-59.823877194823915,117.68301753551857,-31.660886674437894
68.45881982237047,-37.21025045081575,24.34917261572118,-47.857678952676544
68.4588198223707,-46.162129103958286,341.96049277749916,-28.51165926411
68.45881982237023,-44.16124405692414,146.3246004494294,-35.47267100104911
68.45881982236924,-35.50024184173694,6.170624105164069,-56.56851594513841
68.45881982236976,-30.610747823684537,-20.117010946928936,-45.179054051383005
68.4588198223698,-38.46453209762516,38.283929514338986,-51.64413922432897
68.45881982236986,-46.29752653987072,11.98319886298258,-53.1836403376025
68.45881982237015,-48.54819063668301,64.4206317584212,-65.5133742015327
68.45881982237006,-26.185974569639857,56.2933261952143,-57.43794004191625
68.45881982236959,-37.51525828068196,404.2312235047885,-38.89133714754396
68.45881982237066,-38.840172669321674,285.55436527259616,-36.85318376473447
68.45881982237016,-51.25832481621331,1.879160728954754,-57.003522451017005
68.45881982237007,-45.36145527943417,26.801936117084768,-49.659438174083995
68.45881982236983,-47.4181487974806,-43.68337151669648,-64.20439621870223
68.45881982236945,-52.156538388906036,311.38083955517163,-34.664786355618126
68.45881982237032,-35.51463186006686,13.956089105834192,-40.62724521680885
68.45881982236956,-40.44658948016502,59.59232520103708,-50.39837919340181
68.45881982236968,-33.22538088978464,68.73824554269035,-33.27968369792323
68.45881982236952,-34.25800204986773,75.39933589836663,-46.370808534770624
68.4588198223696,-40.29802001719531,63.10055170684692,-52.782589439652405
68.4588198223702,-36.40308826841516,75.16529477579803,-39.57763502375099
68.45881982237,-37.73341470979052,-16.9732110782888,-55.33968595911729
68.45881982237036,-47.79661661251906,795.8031867195693,-44.27557442771327
68.45881982236936,-49.585688938465985,252.9900524992709,-31.36034514533872
68.45881982237015,-54.197566887733785,-13.341172697858262,-56.643153652692455
68.45881982237003,-33.86006648606903,36.130567072859776,-35.56761108074304
68.45881982237027,-49.80571109111007,41.479041003763626,-34.53093087146074
68.45881982237003,-38.866169144403806,237.78390130972502,-27.97010814796953
68.45881982236988,-55.38409069930669,5.928384893608607,-36.28437957966645
68.45881982237012,-41.064063978291074,176.02171502761306,-34.13464744961187
68.45881982236976,-33.18191179848129,-28.83740246684313,-55.781332698041005
68.45881982237039,-28.52434899773556,112.14453430263261,-37.12415423806921
68.45881982236963,-63.33339102817459,395.6915148829876,-22.57020195034716
68.45881982237,-36.14535119314137,61.69195536398091,-56.02846531751744
68.45881982237036,-55.38047778236803,63.93492114340562,-41.15305648727495
68.45881982237043,-38.5255410673066,267.24666082309176,-28.307000461106004
68.4588198223696,-43.96073518815287,110.25241731646074,-42.35205785971723
68.4588198223701,-38.71287980431178,138.20494590269914,-46.278610351006236
68.45881982237015,-53.049668097608695,61.83118283561166,-41.50780572004192
68.45881982236968,-30.2926879934856,284.9813978957251,-27.42510264709457
68.45881982236956,-33.94681380237265,311.3487581431863,-46.66013825965612
68.45881982237027,-35.01609869313821,220.29970615310265,-51.3431816148167
68.45881982237046,-42.55643452672471,-61.12683724710997,-75.137201235783
68.45881982237003,-50.96368103737162,-11.344004787346007,-43.29736591710528
68.45881982237081,-44.82791273256178,142.42679749866988,-38.64437026819936
68.45881982237026,-44.88386528646069,147.90693023387024,-41.592359362190365
68.45881982237087,-30.51945172614994,-2.1910833578586364,-52.82515122072886
68.45881982236928,-37.19755801998508,309.2646050821802,-28.283678812693946
68.45881982237006,-45.95350397279169,-32.89415368621157,-45.31501482202592
68.4588198223699,-44.00943290976904,-5.592636477196288,-39.45991328651998
68.45881982237027,-40.10352775447779,117.1023474941546,-63.71122695495224
68.45881982236996,-39.95803354441203,106.50133669553283,-62.15821479265369
68.45881982237032,-46.778208771128774,198.03653152326444,-31.101951269237894
68.45881982237015,-41.013848309948955,16.277408930615845,-47.3292741875756
68.4588198223692,-36.52719736376853,169.0032806669165,-38.55238243913812
68.45881982236995,-38.4546595662963,348.7175529169456,-25.768039050226
68.45881982236936,-53.204467992969654,50.48125998518969,-42.820844476719465
68.45881982236949,-41.82685374794257,76.86732987318872,-35.593720079799006
68.45881982237016,-37.606404053271056,29.916812496349078,-42.04608722191021
68.45881982237061,-50.55379861644228,-28.012011632964008,-62.2051995630293
68.45881982237007,-44.085857191359224,317.46937389084735,-29.98412422450639
68.45881982237032,-44.36668594716204,28.716916363664467,-44.51706954859183
68.45881982237006,-35.7362738773189,10.567613391886145,-49.45991567273106
68.4588198223707,-37.99212617290968,187.76962005062367,-34.95566614599477
68.45881982236916,-42.83182065972083,109.76144295390075,-40.921448381254834
68.45881982237,-35.39063417175632,-65.339408569144,-69.79135197032711
68.4588198223703,-39.71404612472036,1449.575286040731,-27.94146289660221
68.45881982236965,-29.839117551046478,296.64116630643065,-36.91015358150821
68.45881982237012,-31.340002361571706,85.33735370031457,-52.65083430252376
68.45881982237012,-36.47640599683666,206.89695616432408,-37.184957801346116
68.45881982237036,-43.781300116710796,-31.286590458994144,-54.73889168440641
68.45881982237006,-47.058541810546075,177.55016534123382,-39.28843959915279
68.4588198223703,-40.0894809089194,191.97794228955982,-38.12318259250055
68.4588198223698,-39.75428188923602,-6.455934314304857,-43.84061989459143
68.45881982236988,-32.76976798162129,170.7823627842468,-36.60966041588844
68.45881982237003,-31.15299893141693,67.71236343775175,-50.24237382514085
68.45881982237006,-40.37029669860108,149.25366381178029,-46.955910441733465
68.45881982236963,-46.87359553355262,181.18726952948907,-36.31624885493254
68.45881982237059,-44.086927890686454,120.36430131161038,-34.84539801395902
68.45881982237046,-66.47478757805835,75.46467681657798,-50.38560331821722
68.45881982236945,-35.761740452573676,44.405346121311574,-57.468000381249325
68.4588198223699,-34.88260453241272,274.10233877160925,-37.97094011332778
68.45881982236999,-44.521090289134925,43.32687537678523,-48.18219095296027
68.45881982236979,-45.69390982398286,96.68274094764755,-43.210504225761234
68.45881982236992,-29.1501878894216,7.114364819495522,-47.61936869490941
68.4588198223701,-45.47584927353806,744.0411381924937,-26.229372819304796
68.4588198223698,-44.29407135817516,655.6814091938347,-24.514852742877714
68.4588198223698,-51.97992097619384,68.19872118763222,-47.201817140481985
68.45881982237007,-41.78853502448011,-4.521679202424589,-52.0888245018201
68.45881982237007,-52.34668574264705,432.61707582670743,-22.42816244859629
68.45881982236948,-40.27314239366324,88.68353143607122,-40.58383642389295
68.4588198223702,-30.564532843695137,75.18413867382847,-44.96910893499862
68.4588198223694,-42.40030631023315,146.99844574675947,-40.88446797015488
68.45881982236995,-54.43544861205367,255.72569389546106,-26.491996206981483
68.45881982236916,-54.75798265158281,66.36189328971385,-43.227990103892736
68.45881982237012,-38.64429454580728,-12.82220944285497,-59.57934909444288
68.45881982237006,-44.350808080337686,92.26175750192891,-38.207545983596816
68.4588198223699,-34.10893806140412,15.172556590583785,-47.370186779433745
68.4588198223699,-50.87571684273675,-31.034232123537908,-49.56892105084276
68.45881982237026,-35.91444911042837,310.55758293613326,-35.34950630484723
68.45881982237027,-54.808745458240125,607.5378542969713,-33.096937169156405
68.45881982236999,-33.248426272575294,4.478304042331227,-38.424754407064476
68.45881982237007,-47.67092216363456,74.03533358930197,-39.21975874864868
68.45881982237047,-54.19855462554794,-53.53702324363954,-66.45930934172382
68.45881982236986,-40.566450767585685,31.72612540185604,-54.27436281970761
68.45881982236979,-37.351639816015826,23.788763564368498,-47.725564696558024
68.45881982236976,-40.81758130079594,-44.19623589799857,-64.40519916536502
68.4588198223703,-48.69191519307401,-67.05809341057419,-71.64013227271063
68.45881982236983,-34.782385531141934,532.3186166042194,-23.168673546858354
68.45881982237061,-44.95597682855976,255.44763251416688,-45.0232277394508
68.45881982236955,-44.66488474815215,-30.894584162099747,-46.33810644242639
68.45881982237036,-39.186152113016135,122.57985091913825,-30.66895616438343
68.45881982237023,-45.69064526723678,2.027747111728795,-52.15977550209643
68.45881982236986,-59.15773494590207,122.61831351192463,-26.826807719180167
68.45881982236988,-31.331632361329632,37.934263845247514,-40.35181976086818
68.45881982237071,-45.94667042787726,-5.817509212981065,-72.05919790370808
68.4588198223696,-62.34667243498516,33.75777468117285,-51.09768392650844
68.45881982236945,-34.83663893719324,60.05993754237524,-33.23819129818215
68.4588198223703,-41.319847840428345,50.08281119428091,-57.57022977715429
68.45881982236963,-30.096613553645756,39.649634887890414,-53.848663847752896
68.45881982237032,-46.19029847685169,37.394378318291665,-41.57746689871751
68.45881982237034,-41.292725864240154,218.86640404266083,-30.20886915164499
68.45881982237034,-33.92422129050412,157.0571924402764,-37.20199361663008
68.45881982236963,-43.97250043052736,95.86070525649752,-40.89280379775131
68.45881982237016,-39.9448329941674,199.02035341728066,-41.761703141246485
68.4588198223701,-43.66918285294098,25.318290072425654,-49.12888980730051
68.458819822369,-45.8211663234518,79.05499040047464,-44.022670328631094
68.45881982236983,-32.545139560204085,9.801090277061842,-54.9526597063879
68.45881982236976,-42.63839156946897,34.167509608608746,-32.13666027811555
68.45881982236932,-40.48107073077397,535.9552499211773,-26.892637406963125
68.45881982237057,-46.55779123248729,-36.10302239260743,-55.07315018446606
68.45881982237026,-47.23300653564016,163.50466098103277,-54.69681964821189
68.4588198223698,-47.53086499804156,49.617935768949906,-54.114334994497185
68.45881982236995,-40.828655635354785,-28.58568901729156,-63.60017091143904
68.45881982236916,-23.55549644597049,-54.794475715466376,-64.26599189700923
68.45881982237054,-60.068660734025684,141.67348681157526,-33.971701033385884
68.45881982236968,-44.562393135715205,238.4025217313864,-40.34433406276976
68.45881982236999,-37.74324840463128,-23.732127982675898,-62.806540463690375
68.45881982236999,-35.738720977129944,119.73343500868934,-45.55773102884627
68.45881982236956,-45.67292136828514,50.46602922799421,-48.493067137103395
68.45881982236976,-53.14982897043314,474.41206250181915,-37.817094428023424
68.45881982236986,-33.43424143129693,86.34798642887516,-44.91285274556881
68.45881982236924,-34.46261102864433,89.14127377685917,-29.013943658809215
68.45881982237003,-43.801826453403514,157.9994012820091,-35.92931107369582
68.4588198223694,-41.52375217332329,61.16457406201161,-38.41887686067501
68.45881982236948,-45.72097644366744,62.92738820018149,-41.337934429586554
68.45881982236939,-49.79653440946914,12.266984062480212,-46.82131260849326
68.45881982236935,-36.98625337511887,-18.883458275626385,-60.40551174414236
68.4588198223694,-45.93623304820553,-10.715302538853066,-64.11973135517948
68.45881982237012,-38.44813721429641,106.1291340824924,-34.24064065955273
68.45881982236996,-43.230263331724714,252.44017303042767,-34.57362690019483
68.45881982236979,-43.13855264883916,313.49103217357,-42.39876105000477
68.45881982237,-42.28275486138715,27.890978444139016,-33.88008570249519
68.45881982236939,-53.755779857870166,16.534584100719265,-38.3100109053647
68.45881982236983,-39.82665036891688,44.895203807426356,-43.41462162808762
68.4588198223701,-46.57678610387913,14.933916385234891,-66.57480327541309
68.4588198223696,-41.67139866156755,41.66105423865605,-50.809407158315146
68.45881982236916,-52.6351704667328,7.99039624636575,-47.06889169637471
68.45881982237087,-41.681651194786,24.02736488458479,-42.92704287157705
68.45881982237047,-32.892731812877706,130.79678645514554,-29.630300179799896
68.45881982237032,-34.74675059025112,221.58614882232115,-26.133891032231126
68.45881982236949,-47.581081679722516,69.52858833867262,-46.91657494423849
68.45881982236975,-38.62000058381633,140.98442515401493,-40.62663384114074
68.45881982236992,-33.14839820096543,32.24767389898338,-66.56057928654558
68.45881982236963,-57.17998188169315,-15.267834514948763,-44.429279691993884
68.45881982236963,-35.13344365128043,184.3474623908813,-46.97282338246526
68.45881982237039,-38.00298882295675,178.9930972198702,-33.96330245921205
68.45881982236959,-40.3791908716606,-16.51207008160318,-45.099187563721166
68.45881982237034,-47.23491291012262,26.33486157594338,-43.59411077861376
68.45881982236949,-52.27641472345428,-16.9316226854519,-48.11455554328135
68.45881982236948,-40.87607931629373,196.05385269120185,-32.44911954395084
68.4588198223697,-54.10416601589696,75.18727874404205,-45.845182377666994
68.45881982236995,-41.865832253412606,260.09084311494536,-31.198670906494787
68.45881982236988,-28.34159188453783,59.06016651857242,-62.49766253118763
68.45881982236956,-28.527995171857324,90.32650489610339,-38.31744891977083
68.45881982236996,-34.200089187413155,222.41475653729253,-31.369429255596636
68.4588198223703,-41.575064145536345,99.62406527930756,-42.13944471737236
68.45881982237007,-55.357149202644415,99.74810315799773,-32.83567741299264
68.45881982237003,-41.42332155185705,31.46822605925772,-49.042158668862946
68.45881982236995,-54.94950577969545,8.921956884836968,-45.38805648673249
68.45881982236976,-46.36338317442858,1.5004334540125175,-46.18150618959467
68.45881982236995,-38.38559238182876,124.05908649798758,-43.979930027459126
68.45881982237026,-42.88075408259295,28.358211915784317,-51.55816580253355
68.45881982236948,-45.94886065380628,220.7843769043768,-24.311245569820482
68.45881982237015,-37.43689990480136,-37.31344165027547,-54.843306858839
68.45881982237019,-32.82199557357853,226.7426020874618,-44.948873837171
68.45881982236965,-56.15173181772653,138.00649929889994,-28.752767756048225
68.4588198223698,-40.337282639530294,4.8219405219541045,-63.16993006850934
68.45881982236986,-36.08437837797271,-18.375217958115307,-50.900517417154056
68.45881982236952,-33.736211436571395,433.3501592066342,-31.876622877174654
68.45881982236979,-54.90229612889364,51.46316341504571,-52.9830016393681
68.45881982237042,-42.78030151931148,43.824176514244286,-37.012007610084886
68.45881982236992,-39.781052470342026,170.56827852958781,-25.284359206198324
68.45881982236959,-46.486873947641605,4.613052520731564,-41.53036629230367
68.45881982236983,-39.423772442797386,148.01768390364484,-53.325218811659205
68.4588198223696,-50.011277236811246,56.39726483692931,-46.075549530570555
68.4588198223698,-61.4727042012621,-0.1369109688125869,-46.983968117261774
68.45881982236948,-29.993716770148726,4.513123106102879,-47.27438806594586
68.4588198223699,-35.18509035141422,83.679510097334,-68.78777071586953
68.45881982236999,-37.97467844956665,86.34098090866537,-52.289183908252
68.45881982236956,-51.2521773229212,121.56905649357212,-41.84585046171249
68.45881982237012,-55.00724794835743,18.964357220624862,-41.3547577778055
68.45881982236996,-46.74871026367021,0.17520673555875277,-48.25892914917757
68.45881982236935,-35.644197651038255,-29.501373055354907,-60.95896460935117
68.45881982236975,-33.683079556182236,134.52602029117853,-45.07868182390597
68.4588198223694,-55.86652847695957,-5.748936604153498,-48.799656789154724
68.45881982237019,-51.73947421843299,205.11178212283428,-31.011803974141515
68.45881982236995,-42.19034231052199,132.65496315914442,-52.48715879058574
68.45881982236999,-34.57859012669361,40.097037260545456,-36.811647022862296
68.4588198223703,-56.118354217682764,110.14737834015973,-40.37824280502649
68.45881982236963,-38.68036218500418,45.95415209631171,-48.378630150586396
68.45881982236956,-48.66881006489957,141.57041065788826,-28.623171740403986
68.4588198223699,-30.10016872579726,-7.867788436992651,-59.464324241250566
68.45881982236935,-35.972176317079644,159.50449689180616,-36.259402320975354
68.45881982236996,-62.230710864275295,90.74936212695653,-32.81220918496079
68.45881982237,-40.59502477442493,311.95761737368787,-48.71946397373094
68.45881982236995,-42.21743078990937,414.92062144151714,-35.34595326753862
68.45881982236996,-41.46416585013415,44.196937669168946,-50.146530111078256
68.45881982237015,-39.45171329457352,302.712600168009,-48.97455612174867
68.45881982236983,-37.964097680478204,67.93074150769367,-51.91743344166806
68.45881982236874,-32.37832811192355,46.45418816207951,-38.4208101612047
68.45881982237042,-30.13463528868252,691.6423050131582,-21.530504693333718
68.45881982237019,-49.50541802947369,168.37093599154178,-33.35639276326155
68.45881982236956,-35.46424503557534,139.862387893145,-36.42177618628906
68.45881982236996,-40.17365111376677,216.69570033542027,-37.291873667529785
68.4588198223696,-53.35455889138392,328.09023696602384,-19.56153250621815
68.45881982236968,-45.24254200560408,93.3680292218337,-39.60023434553776
68.45881982236921,-35.830635941535114,-17.313287364977526,-57.97711269007904
68.45881982236999,-33.74922831058862,-21.880194419843235,-41.48566086335986
68.45881982237019,-36.72464455459482,-19.573572687363605,-58.81755840738765
68.45881982237003,-46.84643015034311,-28.920598483213155,-57.03434404944934
68.45881982236979,-49.47811079997213,78.24396947612003,-32.61434647480053
68.4588198223696,-50.44303196701112,-8.259690371012141,-55.97503423206691
68.45881982237027,-49.66162703818535,-46.236458823819525,-53.37966298292669
68.45881982236979,-58.65426819107762,138.59864914039534,-40.93946867343487
68.45881982237003,-40.34621056589255,230.58031343887785,-38.19397070492104
68.45881982236988,-25.31051177300676,79.15064297344232,-50.815089914812575
68.45881982237039,-40.192436866064874,77.90906461698918,-51.68937212019422
68.45881982237054,-60.84309760325996,-39.44552150024955,-63.40843678396509
68.4588198223697,-45.37011451908227,85.02951161801118,-46.07177991897697
68.45881982237032,-51.46263887755475,207.63123353826197,-35.51836261221499
68.45881982236952,-46.4050506620524,266.973798930939,-37.73804022185892
68.45881982236955,-38.712614151251564,156.21292644633735,-45.30442360862978
68.4588198223696,-56.12371276852357,-44.48135511339512,-54.79764460558383
68.45881982237027,-51.732724246066,-34.17643437527914,-58.18182772643107
68.45881982237003,-30.40428439964383,289.77191279587566,-51.25670528216077
68.45881982236972,-46.11277482175088,-29.681801610573622,-72.04267154188011
68.45881982236949,-37.708198246345226,-29.591698909015165,-55.76752563781826
68.45881982236949,-45.06341046857044,118.04501994612787,-34.41354960669428
68.45881982237003,-34.827484765963646,33.344824721051644,-59.83353450157445
68.45881982236932,-47.70767151487069,59.79644034432185,-48.62807926695819
68.45881982237016,-38.51310308201854,24.56712522229827,-44.55504953892885
68.45881982236956,-36.16938160543498,-18.452035215357576,-45.78526069459493
68.45881982236963,-39.68482141979233,-19.36027935674621,-59.64995665688105
68.45881982236983,-48.756982129921376,43.441081033376605,-38.95326026339065
68.45881982236975,-42.295646912759054,36.5745193805173,-48.65390082752447
68.45881982237015,-38.72481102226877,58.27811886517771,-38.55681658378256
68.45881982236955,-45.973433261799066,52.1844642492981,-45.74079180827556
68.45881982236975,-45.07782359428466,-3.2031505350797906,-69.90642201775582
68.45881982236996,-63.09733750288273,85.66468226265333,-47.50332388940646
68.45881982237015,-54.808820506893476,409.69408294621917,-26.727211748647694
68.45881982236976,-35.82262611650717,62.432308373714186,-37.27542096812558
68.4588198223703,-45.23267062685422,100.98480576587608,-46.29277676780723
68.45881982236963,-33.689688107257695,437.24065493330914,-33.76236582142925
68.45881982236992,-35.5751468000612,275.49692479424107,-28.61006907327316
68.4588198223699,-38.7307451563639,251.98650794438032,-41.008381476086306
68.45881982236976,-38.721431875982084,-28.010707981369954,-69.40112598246633
68.45881982237006,-33.825912738371066,340.2969713371893,-34.405779499193436
68.4588198223703,-33.48593254933003,72.24380557430901,-51.97951201748554
68.4588198223701,-44.542792895147265,987.9290992974754,-38.23522977312492
68.45881982236884,-31.773728784281406,572.4210107156756,-21.24451040914096
68.4588198223699,-46.218452396186315,164.8580943787449,-33.267064620042234
68.45881982236996,-41.145284501101145,159.87296126511293,-30.753274210910664
68.45881982236948,-44.209113556228615,10.973417304930377,-48.526271874109796
68.45881982236956,-54.113704430177314,-18.72215837227089,-56.48892516542167
68.45881982236949,-33.15080326149863,1027.5676604283224,-29.04793122920927
68.4588198223707,-61.982462339451594,40.37085920825949,-50.60227166533433
68.45881982236992,-56.995193071137805,87.26341172078239,-31.49202610360594
68.45881982237003,-37.633861902309086,-37.955177703662,-51.99469068647786
68.45881982237012,-52.299536698882434,3.8004551156912703,-65.02782357270685
68.45881982236972,-37.953294683164586,-5.29571980840614,-51.704799258867126
68.45881982236988,-40.85502883131772,-6.023675769528747,-50.925936801073554
68.45881982237043,-40.485733236694564,2.0893211888218355,-55.63989105645397
68.4588198223701,-39.32764546388484,251.62331833786234,-31.209824723493217
68.45881982237027,-37.22271644630052,32.501765640599785,-34.53435067158177
68.45881982237046,-39.09228484924034,41.53347171624047,-57.74710701835185
68.4588198223703,-43.81346157065919,120.11447788234082,-29.338680015225137
68.45881982237043,-50.244433866214465,188.5437340037908,-51.549068739565264
68.45881982236968,-44.725311699995174,109.18894543197575,-43.0384487749645
68.4588198223702,-48.761351785100416,60.09350081493277,-39.83358331330996
68.45881982236983,-41.20243762666297,210.61436006782307,-43.34573193549009
68.45881982236955,-39.987478433086096,51.4277172979039,-36.97754856869534
68.45881982236943,-40.40302615323791,-15.799206895553898,-47.13528829491543
68.45881982236992,-44.00307131260295,73.07396630878273,-37.32210765266226
68.45881982236999,-38.876904903584595,384.1703116940699,-23.89843714278539
68.45881982237036,-45.14758759504065,65.30718931213906,-48.7395432716862
68.45881982236908,-36.45645817159851,-43.01697077387738,-67.46204440975747
68.45881982236963,-33.470634640973095,81.49565482790425,-39.22206392976225
68.45881982236995,-28.508783369772484,-38.10776345737318,-67.9662098885014
68.45881982236972,-32.74986098524708,5.852582733101608,-65.18643697667261
68.45881982236955,-35.12526449679668,38.345914381294335,-51.97858202772386
68.45881982237042,-28.379573342408225,31.635649230489648,-40.13436544277159
68.4588198223698,-45.552329839586555,-6.930848184619931,-36.3979343946875
68.4588198223701,-45.48789858280795,31.30784915279634,-36.42771461816221
68.45881982237023,-53.84185986760118,69.1671386960111,-61.23815016653544
68.45881982237006,-44.12112228424152,280.887022029386,-44.08192479148121
68.45881982236932,-41.0980395986097,332.03211256440693,-27.869947406115593
68.4588198223697,-41.59918751172047,36.19755582892352,-45.284398478861775
68.45881982236999,-39.258402840823834,-12.240604789708298,-54.57993516294699
68.45881982237046,-42.88170864190969,12.994119460175124,-63.05386961890609
68.45881982236996,-42.120844775484535,63.854655256863644,-39.818709494186976
68.45881982237007,-57.949326233870856,751.8311076484043,-23.4428723659039
68.45881982237016,-40.26084046936541,301.85899010410174,-46.80601001601723
68.45881982236955,-32.31875382303593,-40.83366305870049,-64.55636861194056
68.45881982236983,-37.45676095300294,-49.62781900613192,-64.10860830391378
68.45881982236936,-41.03674038751135,28.479694084657936,-46.38880825704469
68.4588198223697,-31.121093016470237,183.06899316436582,-34.62414332469125
68.45881982237023,-44.06706010002426,179.89542818141496,-34.09681011806306
68.45881982237057,-45.043654000941714,30.191585480867023,-49.921626081536886
68.4588198223697,-40.03139926315985,-13.96809858776228,-55.59963930870836
68.45881982237046,-29.674648262954495,74.45423313514709,-39.12728578655298
68.4588198223701,-38.66834680122877,-7.341646292784009,-48.271854586930665
68.45881982236996,-34.987169091190815,119.7970249909726,-49.91012100127767
68.45881982236943,-52.10725821742902,93.70116120496397,-33.644978929779704
68.4588198223692,-52.19882096720112,152.06564086083435,-37.87431234674419
68.45881982237057,-44.32292747521927,90.83136897381993,-45.57603059962669
68.45881982236921,-49.00761816656165,55.43606252102538,-50.339247955085774
68.45881982236949,-44.65239000871774,196.6252435266439,-31.312678772871138
68.45881982237012,-34.4597269607515,291.17226595283057,-53.827838561082075
68.45881982236965,-43.96558931146923,-36.20623501920134,-53.782589986422295
68.45881982237019,-58.639979399493015,67.2491287112185,-50.69465955976871
68.45881982236936,-45.81755199436576,-23.886521300798492,-66.41544230851079
68.45881982236976,-34.35834167933488,191.93955224972922,-28.150801620148457
68.45881982236975,-49.25490683005275,97.60625852068263,-53.181201654400056
68.45881982236975,-43.559108897802886,70.77214879749931,-33.30089668106021
68.45881982236932,-36.58651171849677,133.91287804199274,-45.372080721258875
68.45881982237027,-45.38985122941934,90.9264432622477,-41.72073599244992
68.45881982237,-47.8562581707759,163.2572418812238,-43.497318693015664
68.4588198223697,-49.54654333229488,175.43081956513498,-36.37189894610388
68.45881982236983,-37.03383503166915,329.1674811972867,-25.51223962126359
68.45881982237003,-51.594583850675505,28.03222565259327,-30.09718503990796
68.45881982237027,-32.82703127266857,80.02875136852914,-34.11423784555405
68.4588198223692,-48.08664275039883,24.51305352908859,-44.6845626377693
68.45881982237081,-50.23698427745027,170.12759176439647,-31.013788546990362
68.45881982236894,-28.383513843052754,-41.85194772719192,-72.93868216118807
68.4588198223694,-51.22375919273067,184.141186333742,-36.20628145078466
68.45881982236929,-40.211868605343945,97.39721017549483,-48.147204131718865
68.45881982236956,-46.65999783079913,-2.190877727056084,-45.97871176803471
68.45881982237032,-34.152693921433155,89.793693944393,-35.400724805251436
68.45881982237006,-57.84801022079681,118.04649309044804,-25.02724566313078
68.45881982236972,-47.251928159037114,21.60267906789015,-57.80696989564724
68.45881982236996,-38.7408786738156,170.49788084950373,-27.606223537076357
68.45881982237012,-37.40555376772363,0.5670115650461272,-49.397028019519404
68.4588198223694,-41.46376655724071,18.42333359169239,-32.95450929664746
68.45881982237019,-32.645283495401046,9.512126626398842,-48.19785034147029
68.45881982237007,-50.561885013268196,33.56324821309498,-53.419195930260734
68.45881982237047,-41.487284261457724,-28.641670728973935,-57.65059314417835
68.45881982236932,-31.43780548041977,3.700344412664136,-55.30535319026973
68.45881982237026,-42.43380429458795,61.69252053677574,-46.085584028729
68.45881982236959,-40.86360299022008,60.84490818921344,-40.44001151619856
68.45881982237027,-50.703200572020314,-37.57807780738946,-60.332061681675306
68.45881982237057,-30.019873383176375,-8.980297980947293,-52.67219232634024
68.4588198223697,-37.06475448486923,107.22093486283964,-38.406514525187575
68.45881982237026,-49.963383971960916,79.455610729146,-38.37694178544363
68.4588198223701,-57.004567384061524,161.48788159535488,-33.87343957430126
68.45881982237051,-35.003332651624,-6.461051064192224,-37.65156419625577
68.45881982237113,-37.989344720601196,158.41200741676946,-30.21122214465327
68.4588198223692,-34.76455497851252,27.780217461049595,-45.48782090530129
68.4588198223705,-32.074926576871675,153.7982469721423,-32.81290282003374
68.45881982237034,-37.624705860106346,192.7369884425023,-34.95849751856996
68.45881982236963,-41.1005906423634,-17.399905032520422,-61.20040561453728
68.45881982236949,-46.96716683260303,105.8726404591372,-49.67997282986065
68.45881982236955,-42.89887831461379,57.756732013085596,-41.547538007880206
68.45881982236915,-51.01289948218211,157.67333652293715,-35.55989291929538
68.45881982236988,-39.12771363093866,162.11343294820531,-35.41482805303679
68.45881982236949,-36.89580882720708,170.5157782333456,-33.56329026115286
68.45881982236979,-61.134487671318084,131.15267880657,-31.811450581420107
68.45881982237032,-43.46037835679645,76.23800641078795,-32.06479044622862
68.4588198223698,-46.20796889242151,284.38231792374035,-43.95680201256382
68.45881982236963,-43.52887463154869,68.3728062495805,-47.468660883606574
68.4588198223698,-59.36899094785986,60.69809819460672,-44.83520729035702
68.45881982236988,-54.201975955599416,410.91075026464904,-40.360755448070066
68.45881982236975,-43.29807732034976,63.62508096722348,-42.992198604470346
68.4588198223697,-45.35870835561635,-52.99905071140962,-76.44192693238982
68.45881982236983,-37.688734401338465,32.26438857226918,-49.62250941936775
68.45881982237006,-31.594051893426734,38.04597931401234,-43.68608691794591
68.45881982236939,-44.87983269857888,45.01208963444516,-38.785106909558465
68.45881982236986,-32.144189200828265,173.1069572464873,-50.99155090841527
68.4588198223702,-64.58076207364941,339.410035418686,-24.319164411830087
68.45881982237026,-55.51653640173148,43.81794338115086,-38.91357124754686
68.45881982237015,-33.29249092236376,-32.41191212414133,-54.677754785799735
68.45881982236959,-36.511173104211636,196.975355198704,-35.73908319646182
68.45881982236986,-34.438363711490574,127.44876475616192,-32.767840961868565
68.45881982236932,-36.744095131280915,348.7959903091196,-42.35351066634281
68.45881982236935,-41.55116050654467,24.5939860161408,-45.704667359798194
68.45881982236995,-47.95417877812531,96.75245612992072,-30.13763211826973
68.45881982236972,-34.79265271346807,375.1287756432018,-39.582577372989235
68.45881982237054,-45.7576105211612,117.7883700723982,-40.6978467813236
68.45881982236986,-39.417257079964784,75.69714425861271,-37.34251054217715
68.45881982236992,-45.23192296156282,-25.98892526514083,-55.9651349553937
68.45881982236992,-36.70416930512555,44.351924848705714,-37.93065028979938
68.45881982236932,-40.07148769202667,334.03427580820033,-32.04515042645587
68.45881982236979,-38.09834829435316,482.44508368951193,-31.466002052897647
68.45881982236904,-43.79875992660841,98.10967454906769,-43.803058991408015
68.45881982236916,-43.347942565832454,-50.817156806619955,-64.73391286759527
68.45881982236986,-35.17505493723131,-28.40535445428517,-73.17341064420417
68.45881982236986,-39.39930429240107,170.17950556724531,-26.36565523321869
68.45881982237034,-42.28992613116836,103.92893544747537,-45.38469404305396
68.45881982236948,-34.951167939330276,61.886644206097465,-41.31896967783302
68.45881982236975,-41.34449103586052,154.11439939302375,-35.600883664504565
68.45881982236928,-33.74925146625173,64.70756153241126,-44.23876208528068
68.45881982236948,-33.522506140437045,69.90160847608013,-34.69642268742752
68.45881982236884,-33.13783748771745,87.78219746502589,-36.145357236055354
68.45881982237036,-50.97480264655863,209.822955255986,-34.65857719201452
68.4588198223694,-38.99169796031609,142.1440483158642,-36.555398768619426
68.45881982237003,-59.23032608388499,-18.502650369532446,-41.102378342965416
68.45881982236983,-61.76958393010508,73.50993378957189,-46.86672163470455
68.45881982236988,-52.45222585314706,36.548478083734935,-41.37117205959912
68.45881982236924,-45.51673685194294,-76.27160467238849,-80.47758694950427
68.45881982237016,-35.65323377476175,-78.2081552377805,-85.53323260297766
68.45881982237027,-37.16381438351792,173.2404856531977,-44.035094000020024
68.4588198223705,-53.60092307963379,443.17674590796906,-45.76864274883259
68.45881982236976,-59.08098229492447,150.80889810076746,-30.39520769964552
68.45881982237012,-57.505693963103674,67.51960373530999,-52.12202610405778
68.45881982236999,-41.74768602203637,-47.53077509235739,-63.61259467250691
68.45881982236945,-48.05712927923147,253.60199581095824,-27.811294358419147
68.45881982236979,-42.082086788411665,10.461448266081351,-56.85339002126754
68.45881982236968,-36.85223308862518,38.39490762542282,-44.12447681151803
68.4588198223698,-30.040419747725522,20.417229294438965,-49.84581195516091
68.45881982237019,-59.22492471713804,18.035891003359584,-35.52518187872729
68.45881982236975,-52.77783281530327,166.7437698331498,-28.58366044326319
68.4588198223694,-45.323929368047274,11.594572808785575,-48.52272673779879
68.45881982236983,-50.011743255060004,509.8723466299897,-25.706856015696435
68.4588198223696,-52.542386331737525,134.47952702883964,-51.516845303148926
68.45881982237043,-50.14096080461804,189.45536769339392,-32.3537845226025
68.4588198223701,-59.06478053035487,-73.64063434643306,-80.84990684363244
68.4588198223701,-35.977123424888866,213.9117491400937,-42.252069816588445
68.45881982236929,-48.74240829456949,-64.36542296894248,-70.01502043555293
68.45881982236968,-45.01833310846827,15.646797483590502,-41.07419269069534
68.45881982237061,-30.75909732641402,40.00589658768232,-34.69513703058785
68.45881982236936,-47.78792909405388,9.982649279319823,-51.85040244505028
68.45881982236943,-42.955223638244334,41.73429705643823,-39.82823137035205
68.45881982237007,-40.95132207881448,-49.413629934707735,-57.10109089451667
68.4588198223705,-44.12037021947041,63.09641540658071,-48.56640494724868
68.4588198223697,-54.487818809447354,305.2161449091212,-49.35717070299841
68.45881982236925,-31.4047256076052,-1.3084654268724738,-48.8693287230896
68.45881982236972,-45.86149104645308,144.8545941778074,-35.74606897143975
68.4588198223701,-52.0209519568176,6.050654241797959,-46.63837895263202
68.45881982237034,-41.014257227862096,227.02755956967943,-35.40484522868562
68.45881982236952,-43.05581611030638,225.55389046501026,-34.13419854232033
68.45881982237023,-57.3233592595342,182.97487530525518,-37.8358886315176
68.45881982236935,-34.60037773320435,58.875365228438255,-44.1660788739356
68.45881982237012,-42.888324947849,12.646024525842027,-50.19749277507087
68.45881982237059,-55.39957194238669,102.29424873463024,-41.34046626368688
68.45881982237039,-48.26761344386682,473.7429032873777,-33.94624196778927
68.45881982236932,-44.6613075143689,-32.08162703420424,-47.83080940239518
68.4588198223705,-37.259441411896546,33.56704815137614,-39.5419055391487
68.45881982236963,-40.90404046814653,62.62870751001066,-54.8217338826996
68.45881982236968,-55.97615469181226,-42.261234192172026,-66.88237400781752
68.4588198223696,-43.17706354174533,60.685992267089304,-67.71014867542105
68.45881982237039,-39.15800689189034,398.501210334055,-38.30921639457661
68.45881982236939,-42.75703326522804,53.207853739461555,-29.63375776892685
68.45881982237023,-52.96988762754453,14.570796816447551,-57.5019389577351
68.45881982236979,-47.39619327773843,7.052888526863432,-40.0826295250152
68.45881982237007,-43.02638448339622,29.662035372238126,-60.10394167049697
68.45881982236904,-36.661225446346116,104.55088888434373,-51.135000008640986
68.45881982236916,-32.69164323149724,99.0822493053231,-40.8711844988693
68.4588198223699,-39.769633425990804,77.7488642861282,-52.38805133700399
68.45881982236901,-54.15280440700596,102.54137853841421,-41.25606511957229
68.45881982236995,-46.67824256072479,-48.24141003005319,-61.736638755466124
68.4588198223699,-35.72079465805748,50.26444456441483,-50.557359767461854
68.45881982236952,-52.06417385485547,-19.88597901089806,-61.401107726656235
68.45881982236996,-42.43597949494068,-35.94312702900822,-59.63900837035181
68.45881982237034,-46.39563518302003,101.39522455261832,-55.39018635292078
68.4588198223703,-42.21071555110589,-27.17681745568634,-44.313906694931106
68.4588198223697,-48.02688583339116,206.57558262756703,-36.62153890862808
68.4588198223707,-57.14755022699768,88.86625199002836,-40.1175393424231
68.45881982236986,-31.53247069423103,-16.427909394746,-39.999467048394145
68.4588198223699,-42.29244886133961,16.425486101671737,-57.05495612223851
68.45881982236939,-54.188326440585975,5.33173040659729,-43.14791582276947
68.45881982237036,-38.91572497298608,105.44829611463643,-37.34111667278616
68.45881982237003,-50.82445349347824,12.10963377557741,-57.68237758080911
68.45881982236965,-32.301539702135926,169.6763064756818,-33.31876037466025
68.45881982237034,-49.54123523156105,170.9876592647782,-30.878050177464512
68.4588198223702,-42.27977553110128,79.08943026371142,-49.46432970963895
68.4588198223702,-37.822457546674805,8.37640604690435,-58.02293883526599
68.45881982236996,-39.47853276124521,170.28505807843516,-36.807835674923794
68.45881982236986,-58.24733593666915,-5.192186906883278,-47.994084530399036
68.4588198223698,-41.935786926882635,120.36048406680476,-37.32482788248872
68.45881982236999,-59.68768952656789,163.79822065208492,-34.34591959118134
68.45881982236983,-49.21755664191814,54.5738247550305,-52.830758092404814
68.45881982236959,-27.872951274093893,-49.24988768048717,-73.46674198792775
68.45881982236968,-50.57391195755636,28.578821051986083,-46.03687510683924
68.45881982236949,-56.06812686956877,110.50912075426753,-41.2921153509932
68.4588198223699,-34.33098199550394,137.5261182522173,-44.05774179275005
68.45881982236932,-38.78267897907617,-14.686137071530592,-53.64947482815512
68.458819822369,-49.73259660166577,82.81484136023111,-44.987803000916124
68.45881982237026,-45.95957040188989,145.58867211752204,-44.00032071273283
68.45881982237007,-48.32892905739069,2.572926817050991,-61.0698859615455
68.45881982237027,-44.3160797183756,-8.039770881136498,-46.518645346024876
68.4588198223696,-30.73770378758056,188.8472364008327,-43.67372576881673
68.45881982236932,-40.10151334856169,75.40640660212479,-44.84067182509504
68.45881982236912,-47.59481820621373,-17.3925655090327,-52.33099292482506
68.4588198223705,-49.947568190251246,-8.646273492638358,-45.486370921950666
68.45881982236939,-37.7305512567235,35.827652924518105,-54.049721936690844
68.45881982237015,-49.39274105863982,21.78604289566126,-56.26464415828269
68.45881982236939,-46.01866421069201,75.42789740327977,-32.95112205530503
68.45881982236986,-60.011089734453485,2.665782088061741,-32.25435930022956
68.45881982236986,-47.1901531999244,8.64339792799207,-48.639480192766136
68.45881982237,-35.19706248009775,212.93341979150907,-38.92793962815889
68.45881982237019,-42.19065561336392,294.709520908513,-35.41425547427476
68.45881982237015,-41.48860122652419,144.80338105709572,-42.08514897124152
68.45881982236992,-41.73167975785862,375.63667473243277,-35.453387675960165
68.45881982237054,-31.115823303797452,-48.46584948733306,-62.54306817880864
68.45881982236995,-37.001913132429245,132.87849527953628,-48.538780196845366
68.45881982237016,-34.26332172840665,76.54174101627731,-42.735251801098116
68.4588198223698,-34.17199236279286,299.73267407056693,-41.26647693236084
68.45881982236956,-31.189178001751607,22.252867526780197,-42.258998440668414
68.45881982237015,-47.62570610893271,134.16070840319816,-58.00812845451739
68.45881982236992,-43.80443810285164,114.98075360465774,-27.077983725697653
68.45881982237047,-41.780190619282656,141.36280905040445,-32.75319991204958
68.45881982236959,-34.821569303583054,18.97311005383675,-40.176239742789576
68.45881982236986,-45.598754526892805,297.9965826927746,-26.819874551770262
68.45881982237036,-44.05936469613226,70.03306883526665,-34.78269108667441
68.45881982237007,-38.32802042098699,253.29634374197258,-28.604190216215642
68.45881982236932,-41.79529840094225,72.34656500035663,-54.01259262876561
68.45881982237007,-27.371519887812845,71.29963911227526,-43.108110170798305
68.45881982237016,-40.83263573723613,27.07336231493993,-57.96422934645417
68.45881982236992,-32.761545489668556,-4.733462860321779,-44.04847404214948
68.45881982236955,-39.27336926204723,-52.616454737777055,-54.38596516961286
68.4588198223697,-47.209519395731256,101.17344075403042,-46.226802788850094
68.4588198223698,-41.10289034637676,140.4162803665541,-30.218763215104417
68.45881982236921,-40.61800356776052,284.79470528092133,-28.25053513689132
68.4588198223703,-32.55504866425143,-11.856242986464826,-36.30318039885061
68.4588198223698,-36.79244616920456,174.53690554093225,-49.11425998974214
68.4588198223697,-38.187599605531744,27.39566584366271,-53.02366567353693
68.45881982236965,-43.49577541457481,61.59733603505251,-64.93313834370508
68.45881982236904,-53.38788257995436,117.40574119227941,-36.32750541071794
68.45881982236992,-29.29284285714714,-24.331574635668275,-59.416009128615535
68.4588198223696,-36.137315002729764,134.03291981175704,-58.75182963230314
68.4588198223696,-37.976898100968626,27.23690550393765,-31.37969931105542
68.45881982236892,-54.05704348512768,71.90340232092977,-32.3557810117582
68.45881982236935,-30.283716565853336,-1.5618714435245873,-55.28702168454478
68.45881982237015,-44.6963426152375,-45.2532405878523,-67.87694229718674
68.45881982237016,-50.4570822981358,159.3696655603909,-32.18744793496682
68.45881982237015,-37.32831635342612,-27.576566740578134,-49.38112060123222
68.45881982236996,-29.52390990017427,7.528284607873714,-60.578579052977986
68.45881982237059,-50.68874852837425,185.01783958551465,-38.92651460386591
68.45881982237046,-45.23557413457267,21.751517455761693,-56.29777115866344
68.45881982236999,-44.90744049093086,360.8411175789041,-43.55406303924879
68.45881982237,-44.903001699763024,-45.52965255324089,-68.87449425650843
68.45881982236952,-39.51753862298356,-17.686075954755186,-44.22479933756195
68.45881982236996,-43.33442365876922,-51.47506728436094,-65.44382511952097
68.45881982236995,-51.090266896225465,-44.8133867011463,-57.98471864761549
68.45881982237007,-43.903415353551736,89.46365094464514,-38.36451621961719
68.4588198223698,-54.126824303616814,293.64636592822546,-45.48278156481152
68.45881982237019,-45.00197517595548,30.628108245534502,-60.73330091238446
68.45881982236968,-38.68274308786231,360.48395415361665,-31.960277772933388
68.45881982237006,-40.59544121941915,-41.09259513041824,-68.84715101228801
68.45881982236986,-60.35961956057759,586.0851185476538,-28.299282964126636
68.45881982236963,-33.79862169725486,287.3559452227737,-44.862393448922724
68.45881982236928,-41.18111629559953,-1.6999121480021806,-39.51703777929012
68.45881982237012,-47.75387443764581,10.387283127981807,-44.01624537772819
68.45881982237023,-61.9319629013656,38.684576738449586,-51.54279710173648
68.45881982237066,-45.96643890960386,127.93702234813065,-46.510837965527564
68.4588198223703,-47.20265404767351,172.02547603453442,-41.02853209328534
68.45881982237036,-50.67719301415035,0.19054154920423727,-52.99390635195728
68.45881982237006,-35.69412781559305,37.756189480648985,-43.51226590914872
68.45881982236949,-36.19121439911781,147.64253266621634,-48.91442792339369
68.45881982236943,-30.868061827169456,21.805327037538746,-44.153904212805905
68.4588198223698,-41.90341248337016,202.82478058540156,-32.239618310643145
68.4588198223699,-51.217332756119596,49.244752900717174,-43.624334572705045
68.45881982236988,-45.622520263983034,21.587354647510516,-45.03911050942816
68.45881982236995,-48.16069163050577,270.4429300819928,-24.52904432883716
68.45881982237012,-28.77859139556891,102.21813694603755,-47.12383459109698
68.45881982236965,-41.412966276103816,52.07966484437605,-57.0644165759008
68.45881982236949,-40.15035541406861,126.1944288306708,-30.458998062409403
68.45881982236932,-63.41714523357316,61.33822165120677,-39.429401482813844
68.45881982237003,-49.78818936121158,120.36021569621332,-37.458658017043
68.45881982236996,-42.9938504118463,753.9876737699545,-40.175627172301375
68.45881982236972,-40.71010625073487,-22.50286156907808,-69.11244286942184
68.4588198223699,-42.43274066930483,152.15579442545084,-41.54756493911636
68.45881982236988,-31.842718340816244,217.5845766488854,-47.71617660933485
68.45881982237059,-34.52602635736907,18.622798167047595,-48.70205352853789
68.45881982237057,-47.2826897267644,60.102011611319874,-43.58855372121203
68.45881982237016,-44.81542112701631,25.990175793051364,-49.10606112926777
68.45881982236976,-66.51301324516037,-1.5959626051740172,-52.76908257122963
68.45881982236983,-44.64765130980547,65.46737444456461,-34.5071254805541
68.4588198223692,-35.598909819147316,20.86106173699922,-34.46707959630544
68.45881982236995,-46.313836568315836,-12.178696294637891,-66.3747361214686
68.4588198223699,-45.53269191732225,447.9756404755543,-50.1132414247651
68.4588198223699,-40.37321170267101,136.73713480858572,-40.2664443708567
68.45881982237007,-41.802478875881,8.383989802605063,-54.552248378239085
68.45881982236915,-39.23211499452051,15.807436642792272,-37.90093777912135
68.45881982237043,-49.448982978002554,297.25107147583174,-28.085045341760416
68.45881982237012,-39.43000925221578,36.84912779576661,-43.093019750483776
68.45881982237039,-42.062160026156,3.6029350719795294,-52.441324059774374
68.45881982236992,-41.15767429996369,-26.698761748100065,-55.94759329080492
68.45881982236996,-38.82080354658366,-57.37562481555622,-72.27919295332137
68.4588198223698,-48.77467929751135,16.249859628036955,-42.98758490881457
68.45881982236929,-26.417425504674775,66.17964225838904,-31.547130688703064
68.45881982236908,-43.79508268314747,0.07507218719877695,-55.60521705407665
68.4588198223698,-44.449949699520864,251.4739801301912,-35.986911555280045
68.45881982237003,-55.78276720912881,608.9165494418764,-30.62445865607627
68.45881982236992,-59.81860531578948,304.2522865724302,-33.767018720631825
68.45881982237027,-32.981565238359,-21.313354547723396,-62.28676444952439
68.45881982237006,-39.147724178382134,31.716223037899162,-40.88894898530252
68.45881982236988,-40.55614297407286,241.52083760231622,-41.04674113805326
68.45881982236972,-54.304943444540555,36.215760319447554,-35.04095958513671
68.45881982236976,-41.95560948055353,52.94066435195379,-42.790890748801445
68.45881982237057,-34.069619620110736,53.86234770347045,-33.44076959167458
68.45881982236986,-53.42674524899884,69.77703274975129,-59.97240934043635
68.45881982237015,-36.823803765289874,87.30106647424154,-55.89005826452795
68.45881982236955,-35.94258885469942,102.66858531110503,-49.84417885105278
68.45881982236952,-42.335036477448874,112.58542752602239,-36.86528804225322
68.45881982237051,-34.03061711251192,138.4693896587289,-36.18983804064626
68.4588198223689,-44.24082966949491,113.15981346840798,-47.73019622363163
68.45881982236963,-46.04593635358296,182.38837554499466,-53.156373696107174
68.45881982237016,-38.311381620456565,-7.677657776233815,-40.79344037079833
68.45881982236959,-44.99174836428107,426.611912149649,-26.39524942507664
68.45881982237027,-61.4176427706238,109.74557758407708,-30.145322723268762
68.4588198223702,-40.85077538377799,251.3385284236128,-28.4744440459075
68.45881982236935,-54.86769545990362,-9.587518345763002,-67.14869760872057
68.4588198223703,-32.055499647547315,253.3231217793198,-34.25749437861909
68.45881982236955,-53.42904122991617,192.5613664743239,-34.31232699391278
68.45881982236924,-34.90412541261243,109.14711265112223,-45.82155354737117
68.4588198223698,-40.55155126311916,82.2667626208229,-34.26934876914266
68.4588198223698,-40.87411499600125,0.1662800906114592,-60.65114914779708
68.45881982237016,-36.69482212564095,51.188906266171145,-32.5326198490523
68.45881982236945,-36.82131061559677,126.41102856377881,-30.563581985157985
68.45881982236936,-38.8357873142193,17.22149165856226,-28.51620216631794
68.45881982236992,-37.8655168553596,-11.843649163640924,-63.86102066458299
68.45881982236949,-55.22316591118954,-12.549507097994484,-68.9031459165647
68.45881982237032,-41.86503509869338,-1.7118331199868497,-41.744196406294954
68.45881982237034,-37.48139313470236,97.50380176002109,-25.15531239221619
68.45881982236935,-35.84956058501668,300.31554182380506,-41.98803386216188
68.45881982236983,-29.723658863038814,5.604592629069094,-38.899070823884344
68.45881982236999,-42.31951674914235,729.3655235905262,-25.677776029378318
68.45881982237026,-35.331508275584234,-7.429940787772882,-40.11005780722182
68.45881982236915,-37.32775874123819,33.98681093321005,-37.91671696297718
68.4588198223692,-37.5526377375488,91.75634987074292,-48.20476959989659
68.4588198223703,-53.17964795112753,272.7286788743853,-37.01803879212315
68.45881982237036,-35.75768720448747,31.89703911683235,-59.70658349420892
68.45881982236928,-58.18510609129967,138.00571604006285,-36.98321767894477
68.45881982236955,-45.36131796023499,219.66241404274953,-41.27157668282846
68.45881982237007,-48.589372865076264,280.2142954638722,-32.564436033707544
68.45881982236976,-63.84172252478939,339.3044416825492,-40.41733862219421
68.45881982236965,-36.28109828080765,629.3473249394524,-27.15897381004734
68.4588198223705,-55.1544243029948,149.9503072716303,-27.84664773061145
68.4588198223696,-33.85437060619046,36.017176000371464,-43.44429893968821
68.45881982237016,-54.887363613025585,26.318055716575707,-51.45118675742274
68.45881982236955,-46.360701483457866,-18.123532372272788,-46.264191659478094
68.45881982236959,-41.35374560476872,89.25140758259786,-40.600104041986384
68.45881982236963,-44.151066759442536,124.98558090295742,-39.536537387150574
68.45881982236986,-37.352981607990934,21.95196303150977,-35.91342024111416
68.45881982237006,-47.05749044340005,5.859355266054145,-41.96158052225434
68.45881982236963,-34.722696338616345,48.78995489219422,-37.23014293703426
68.45881982236999,-52.25911357220985,73.20182120882424,-36.47571462237469
68.45881982236979,-58.716559113985014,5.523577604784302,-42.34447941068598
68.45881982236939,-41.1738270150489,-65.33073838837487,-67.64943455137188
68.45881982236968,-35.197009492001385,120.86217992120693,-37.839616112636996
68.4588198223699,-37.375327393460964,-12.676542170396033,-41.58322758131412
68.45881982236975,-42.79957228481147,-6.323334398055902,-47.547994723945564
68.45881982236948,-43.13904620821685,3.5708051037993904,-41.492744927809625
68.45881982236983,-47.759456661388654,22.202426828120213,-53.37364030730589
68.45881982237,-28.553937631645777,136.54139721330822,-37.36370491511143
68.45881982236996,-48.88158389098356,-18.04944509153795,-53.69832526256031
68.45881982236916,-31.817882354023254,17.644159117228654,-47.30869187007133
68.45881982237036,-57.37305892642741,289.9500981452351,-43.832692623475985
68.45881982237032,-55.56356588069487,151.08916582760443,-47.86528769039124
68.45881982236952,-32.23217688216753,35.762757309502824,-37.89925699886446
68.45881982236999,-45.21634838925009,-35.530039595040165,-61.73818512272504
68.45881982236968,-40.28893874086704,382.64386341813184,-28.966422396915835
68.45881982236992,-51.90908353128971,46.63765486253089,-53.11327956249833
68.45881982237067,-30.778440419836272,-28.790932602478,-57.344798470381
68.45881982236943,-38.20522164787332,82.14836218623402,-41.954507323529164
68.45881982237047,-43.739988033101575,87.4049301068772,-47.81171647093967
68.45881982237012,-40.06133889038804,23.767654463035303,-42.38320944455932
68.45881982237016,-37.24101327565824,23.779242340456364,-37.80350461572722
68.45881982237043,-40.03619604182912,-9.91261276199098,-52.915631294576436
68.45881982237023,-43.46298483576142,536.4411593399043,-25.304194839947026
68.45881982237007,-37.53323084690564,218.44370497136865,-45.019284667017324
68.45881982236963,-36.67412507950877,283.9508739071802,-34.863702033376576
68.45881982237023,-40.152279486129075,348.62549745638097,-25.12881750992192
68.45881982236986,-32.968725847676616,-3.0543252406749155,-36.59208585114241
68.45881982236963,-60.90956468329276,-19.552926347129475,-46.79734632459576
68.45881982237016,-50.11158470720252,88.93532152766059,-34.175136166229834
68.45881982236945,-34.92707092203668,79.37558190010057,-39.99169382390194
68.4588198223699,-42.10902833616205,203.37756440162917,-36.644462543817504
68.45881982236965,-53.91283664217485,100.74034688096569,-32.279344042568034
68.45881982237023,-28.414896630050734,-56.2386347785264,-60.47454120513698
68.45881982237006,-35.050878251172676,499.7284780132036,-24.064236093856028
68.45881982237012,-43.816082195416584,-8.527344781126356,-48.51726629639755
68.45881982237,-34.49762533138655,35.357912078062206,-52.37957828373857
68.45881982237007,-34.98308219046249,306.1018874465066,-34.57720279365666
68.45881982237042,-28.193926130353397,0.7139829107715157,-58.414124332088456
68.45881982236943,-53.11878641675254,262.1786434104037,-25.67456382187443
68.4588198223701,-48.33789291580109,95.3260306915025,-44.634592463566456
68.45881982237007,-37.10080251720037,93.24360802440704,-35.21852651437658
68.45881982237032,-54.69564618618049,93.10795032514257,-34.21672654720636
68.45881982236968,-53.724306605451666,54.70119194658025,-26.619413691412262
68.45881982236948,-35.260523043338324,104.61674623287772,-24.482848961593074
68.45881982236975,-30.219682934001202,134.5291463350259,-50.09771179758003
68.45881982237042,-48.891546827072204,81.17723441096234,-35.60652396521036
68.45881982237034,-39.8259460813531,-21.16193663275261,-65.80150284362975
68.45881982236992,-49.76406438165635,39.962379687355835,-46.43436479294439
68.4588198223701,-45.416255740450815,48.728457021687554,-44.59241316063608
68.45881982236976,-43.027029675481444,-45.627029519033314,-74.52321386863623
68.45881982236936,-44.15447541681367,285.88548106627394,-29.294016890247644
68.45881982237015,-33.7968422072869,72.31331001896888,-51.04887599476289
68.45881982237051,-39.68047003232951,245.03641926037628,-25.783465962380635
68.45881982236949,-30.739103103601405,62.77036515300545,-42.070273880030676
68.45881982237051,-31.237681790628212,2.1502900737013553,-39.09129488535263
68.45881982236924,-36.936891090735635,110.22869833383737,-29.20313256614433
68.45881982237039,-39.93122507585797,270.2365300656683,-29.64115078234679
68.45881982237034,-37.931660021926874,183.74455287735637,-22.998906545885912
68.45881982237026,-53.086910946829356,-1.7855773323154023,-57.1886582567692
68.45881982237039,-51.026491468339955,69.89806136063252,-57.49723003378497
68.4588198223692,-29.747200608987523,180.56623434015168,-20.958874606057996
68.4588198223699,-40.93386138851586,53.243134530975176,-36.645546483300464
68.45881982236915,-42.844573780391116,-24.67810386639894,-56.454790885370755
68.4588198223699,-33.63057306471218,331.10549242166616,-30.061272112354274
68.4588198223694,-47.8266560282544,-18.51005249144673,-58.323716273748374
68.458819822369,-44.399126037022455,89.64081368879486,-43.41346269342393
68.45881982236965,-57.62402597932207,-40.41298852291414,-63.51540019941946
68.45881982236945,-49.0789343285724,176.7974969756379,-35.58215148942371
68.4588198223698,-34.57442510883506,61.16944490130667,-29.96834860261799
68.45881982237003,-50.667643739578615,122.85640253584913,-32.23140287239738
68.45881982236924,-40.02394448859948,-38.71615885670143,-69.05990782851626
68.4588198223696,-48.40282080056686,347.04129624336935,-33.61583373999484
68.45881982237023,-36.54772238915287,114.90503652723372,-49.2628169868976
68.4588198223697,-38.192915337702814,309.86909991098923,-35.804878955354724
68.45881982236963,-44.614363831179446,22.547565486072575,-42.213544529267736
68.45881982236996,-40.36661698935299,242.31503617830552,-46.26026533732684
68.45881982237042,-35.76188521603557,127.8531832924275,-48.5396168856311
68.45881982236885,-46.36477541781046,269.9750828103899,-28.337364163590273
68.4588198223702,-50.32023544876889,455.2520712334389,-32.7739342780921
68.45881982237026,-48.8564949115823,33.02892059309808,-49.20970140149129
68.45881982237046,-53.45713188892909,68.47348830038023,-45.18622439439237
68.45881982237042,-35.99117862828706,136.43963482777735,-29.833675181159236
68.45881982236979,-45.57548957035132,-24.070622328855464,-51.41446566158081
68.45881982236956,-40.992108070227175,205.1583472035059,-54.65457867780194
68.4588198223694,-36.006984074630864,725.9041202568479,-37.77713300840742
68.4588198223701,-44.76552020699135,31.50037911587735,-43.25362211096998
68.4588198223692,-41.88735232566662,311.93657479812913,-40.32391381671972
68.45881982236995,-57.26133690268064,142.9377185381435,-30.21624444909712
68.4588198223701,-40.24981800924803,302.3844171094539,-40.5104248606265
68.4588198223702,-47.13434857630323,325.2205756435604,-30.222373409066215
68.45881982236986,-37.72659094944172,581.2897209370636,-24.54374310758485
68.4588198223691,-59.000928695808696,28.97373568773345,-36.787181815210005
68.45881982237,-34.84386005405534,-22.59755453296498,-66.60572662367198
68.45881982236999,-47.9571800145306,34.674363160024654,-40.2867213435977
68.45881982236986,-35.55268552429375,159.3383298552923,-36.71102552472492
68.45881982236943,-41.57639422052618,68.51364951315975,-36.4509830337414
68.45881982236988,-40.42869989591663,27.00384227656809,-48.36105628656128
