rada,paar,strateegia,ulatus,algus,lopp,aastaid,n,wr,bruto_r,neto_r,oodatav,pf,sharpe,maxdd,avg_win,avg_loss,avg_r,kokku,aastane,teh_aastas,t,p
A_H1,AUDCAD,BREAKOUT_RETEST,ALL,2023-11-28,2026-09-11,2.78,387,28.940568475452196,-83.135412405582,-144.57958422693216,-0.37359065691713733,0.5260431052454184,-3.638780239588449,-76.90012098159653,1.4327533617875734,-1.109265311807783,-0.37359065691713733,-77.16218192307242,-41.16113280282762,138.98893805309734,-6.071852203804243,1.2644327807009859e-09
A_H1,AUDCAD,BREAKOUT_RETEST,TRAIN,2023-11-28,2024-10-30,0.92,121,28.09917355371901,-27.382850028318074,-46.90958317334528,-0.387682505564837,0.5234900940843438,-3.583725203796433,-37.363559835238924,1.515720734054218,-1.1315412428872265,-0.387682505564837,-38.07415076375411,-40.604480820055464,131.53348214285714,-3.4372350160846827,0.0005876854408985999
A_H1,AUDCAD,BREAKOUT_RETEST,VALID,2024-11-04,2025-08-29,0.82,116,26.72413793103448,-34.98074856873614,-52.55858595730192,-0.45309125825260277,0.43356476000941835,-4.8064477664546175,-41.57019145937837,1.297734019662296,-1.0916275360803895,-0.45309125825260277,-41.37721991969821,-48.03323378604247,142.17785234899327,-4.34147442260955,1.4152975633674458e-05
A_H1,AUDCAD,BREAKOUT_RETEST,OOS,2025-09-01,2026-09-11,1.03,149,31.543624161073826,-19.771813808527774,-43.958941329523284,-0.2950264518759952,0.6098193853449896,-2.8312328471568455,-38.72624104087619,1.4617897224007153,-1.1045397870819302,-0.2950264518759952,-36.35703231815203,-35.604886696480406,145.126,-2.8687725044984984,0.004120680639013274
A_H1,AUDCAD,BREAKOUT_RETEST,OOS_HIGH_VOLATILITY,2025-09-03,2026-09-11,1.02,82,37.80487804878049,2.0141600438620606,-10.589554376359354,-0.12914090702877262,0.8163065524891258,-0.8607473269111284,-15.800775664367672,1.5180134116142339,-1.130352355615698,-0.12914090702877262,-10.708215819319589,-10.497840524242685,80.29624664879357,-0.8698312098730424,0.3843926529043844
A_H1,AUDCAD,BREAKOUT_RETEST,ALL_HIGH_VOLATILITY,2023-12-01,2026-09-11,2.78,182,32.417582417582416,-25.3704526028844,-52.16067738716482,-0.2865971285009056,0.6198849809860203,-1.8406063829401573,-44.04652796440773,1.44174115429294,-1.1156374430117744,-0.2865971285009056,-41.5332216528015,-17.57878245236675,65.5576923076923,-3.0667952996190864,0.0021636697316722575
A_H1,AUDCAD,BREAKOUT_RETEST,OOS_LOW_VOLATILITY,2025-09-01,2026-08-17,0.96,67,23.88059701492537,-21.785973852389837,-33.369386953163925,-0.4980505515397601,0.39345026832213414,-3.7461098429874173,-31.368935238841356,1.3528563245495229,-1.0787272185481627,-0.4980505515397601,-28.724721691004085,-29.8396863277666,70.11962750716333,-3.6618294128760605,0.0002504205938302917
A_H1,AUDCAD,BREAKOUT_RETEST,ALL_LOW_VOLATILITY,2023-12-08,2026-08-17,2.69,201,26.368159203980102,-53.76495980269762,-87.877136743821,-0.4371996852926418,0.46181015556961963,-3.233690914027065,-59.983088394933894,1.4227480833382031,-1.1032620618969307,-0.4371996852926418,-59.113216095965115,-28.29817384801421,74.76094704684317,-5.302237024254396,1.1439218305930865e-07
A_H1,AUDCAD,BREAKOUT_RETEST,OOS_TRENDING,2025-09-10,2026-08-26,0.96,52,25.0,-14.783628301213072,-22.86202309856414,-0.4396542903570027,0.4756184932970725,-2.625581062501996,-22.47346047346157,1.5950807454363944,-1.1178993022881352,-0.4396542903570027,-20.785460383251085,-21.640240142380694,54.421203438395416,-2.566510423755474,0.010272753763353792
A_H1,AUDCAD,BREAKOUT_RETEST,ALL_TRENDING,2023-11-28,2026-08-26,2.74,125,26.400000000000002,-31.758768259361158,-51.46590330303915,-0.4117272264243132,0.5046282758637638,-2.2343215214486265,-40.388737165958624,1.58871511758036,-1.1292771976433809,-0.4117272264243132,-40.86289841461834,-17.44276812717992,45.61063936063936,-3.698857456784704,0.00021657218095727515
A_H1,AUDCAD,BREAKOUT_RETEST,OOS_RANGING,2025-09-01,2026-09-03,1.0,55,38.18181818181819,5.357928418363008,-3.8935394233016454,-0.07079162587821174,0.8948466166709653,-0.38591148887715754,-10.115852098141087,1.5777952030476885,-1.089036431979503,-0.07079162587821174,-4.295589504165931,-4.275550722504395,54.73773841961853,-0.3868348812148991,0.6988784522180282
A_H1,AUDCAD,BREAKOUT_RETEST,ALL_RANGING,2023-12-13,2026-09-03,2.72,172,29.651162790697676,-32.20733705114374,-59.80320713528569,-0.3476930647400331,0.5435889159414615,-2.3004378874983646,-48.04038688301071,1.3965892948540253,-1.0828864559738927,-0.3476930647400331,-45.74061690628466,-20.103162823550612,63.13869346733668,-3.7968805964683408,0.00014652832339212551
A_H1,AUDCAD,MEAN_REVERSION,ALL,2023-12-13,2026-09-04,2.72,138,55.79710144927537,17.98512767472785,-4.310183360746155,-0.03123321275903011,0.9372199849874635,-0.22602559777576833,-10.14124919166266,0.8356514024790141,-1.1254973992070534,-0.03123321275903011,-4.853291893079026,-1.809681946165398,50.65778894472362,-0.37305602170951135,0.7091067493032583
A_H1,AUDCAD,MEAN_REVERSION,TRAIN,2023-12-13,2024-10-23,0.86,44,50.0,0.7724173827027795,-6.382771636726306,-0.14506299174377968,0.7422214195612296,-1.039300532573945,-8.602990270681554,0.8353592410556497,-1.125485224543209,-0.14506299174377968,-6.389217871299834,-7.392580754131939,51.18152866242038,-0.9636312191486451,0.3352308491363951
A_H1,AUDCAD,MEAN_REVERSION,VALID,2024-11-06,2025-08-20,0.79,45,55.55555555555556,5.915672710004522,-0.7868259006970366,-0.017485020015489704,0.964331584978947,-0.13350296550364926,-4.696158679861173,0.8509052812958504,-1.1029728966546646,-0.017485020015489704,-0.9984543249547451,-1.2689472120361978,57.2691637630662,-0.11834141256436466,0.9057971454404283
A_H1,AUDCAD,MEAN_REVERSION,OOS,2025-09-02,2026-09-04,1.0,49,61.224489795918366,11.29703758202055,2.8594141766771877,0.05835539136075893,1.1309542878640888,0.4187912881912706,-7.635586215717316,0.823154088508785,-1.1492214988729663,0.05835539136075893,2.6658289625503873,2.6529501014604495,48.76634877384196,0.4197933538922787,0.6746364204658224
A_H1,AUDCAD,MEAN_REVERSION,OOS_HIGH_VOLATILITY,2025-09-18,2026-09-04,0.96,21,57.14285714285714,3.2970375820204443,-0.028708489462011433,-0.001367070926762449,0.9971801375292053,-0.006359307142470863,-4.939755949856217,0.8460086194060427,-1.1312013247038357,-0.001367070926762449,-0.12981763745013586,-0.13508445031945593,21.852564102564102,-0.006234020800567197,0.9950260032689429
A_H1,AUDCAD,MEAN_REVERSION,ALL_HIGH_VOLATILITY,2024-02-01,2026-09-04,2.59,43,55.81395348837209,6.06945496472332,-0.43285310522138054,-0.010066351284218152,0.9792514475619845,-0.04155347741646661,-4.939755949856206,0.8512080363518036,-1.0979918935612982,-0.010066351284218152,-0.6358610213818672,-0.24598635518204848,16.602272727272727,-0.06687408141983843,0.946681946866825
A_H1,AUDCAD,MEAN_REVERSION,OOS_LOW_VOLATILITY,2025-09-02,2026-08-17,0.95,28,64.28571428571429,8.000000000000107,2.8881226661391985,0.10314723807639994,1.2478140032561278,0.5797035557748932,-3.9911346911401413,0.8079177345772799,-1.165439655625184,0.10314723807639994,2.7992805598889614,2.940058540228341,29.387931034482758,0.5658488973324558,0.5714965031968031
A_H1,AUDCAD,MEAN_REVERSION,ALL_LOW_VOLATILITY,2023-12-13,2026-08-17,2.67,95,55.78947368421052,11.915672710004529,-3.877330255524774,-0.040814002689734466,0.9188732645481114,-0.2464343553485134,-9.062679614078451,0.828606889027185,-1.1379403660467995,-0.040814002689734466,-4.244419480759342,-1.6083543733292016,35.51560900716479,-0.40304489261926013,0.686915199370782
A_H1,AUDCAD,MEAN_REVERSION,OOS_RANGING,2025-09-02,2026-09-04,1.0,49,61.224489795918366,11.29703758202055,2.8594141766771877,0.05835539136075893,1.1309542878640888,0.4187912881912706,-7.635586215717316,0.823154088508785,-1.1492214988729663,0.05835539136075893,2.6658289625503873,2.6529501014604495,48.76634877384196,0.4197933538922787,0.6746364204658224
A_H1,AUDCAD,MEAN_REVERSION,ALL_RANGING,2023-12-13,2026-09-04,2.72,138,55.79710144927537,17.98512767472785,-4.310183360746155,-0.03123321275903011,0.9372199849874635,-0.22602559777576833,-10.14124919166266,0.8356514024790141,-1.1254973992070534,-0.03123321275903011,-4.853291893079026,-1.809681946165398,50.65778894472362,-0.37305602170951135,0.7091067493032583
A_H1,AUDCAD,MOMENTUM,ALL,2023-11-28,2026-09-11,2.78,376,28.45744680851064,-82.50230525239519,-143.81589319698395,-0.38248907765155304,0.511894023228094,-3.6928564177658356,-76.72165856548696,1.409577758640657,-1.0953186370689005,-0.38248907765155304,-76.96255445470193,-40.97693393943561,135.03834808259586,-6.162086441658852,7.179263850076723e-10
A_H1,AUDCAD,MOMENTUM,TRAIN,2023-11-28,2024-10-30,0.92,132,24.242424242424242,-47.257158210022304,-69.29322998269026,-0.5249487119900778,0.3802794231541429,-5.573635278192131,-49.91615063337753,1.3287636452030294,-1.118136666291872,-0.5249487119900778,-50.493713749480996,-53.3271448629647,143.0652818991098,-5.353753662733917,8.614812307961017e-08
A_H1,AUDCAD,MOMENTUM,VALID,2024-11-01,2025-08-27,0.82,109,33.02752293577982,-11.452493335594433,-27.812959676231404,-0.25516476767184776,0.6405840402336938,-2.3752548929244495,-29.582763215101217,1.3769667765574072,-1.0600515566068227,-0.25516476767184776,-24.933245811179773,-29.637742623672302,133.5981543624161,-2.145473927081956,0.031914973880371456
A_H1,AUDCAD,MOMENTUM,OOS,2025-09-01,2026-09-11,1.03,135,28.888888888888886,-23.792653706778466,-46.709703538062286,-0.34599780398564656,0.5570158462411273,-3.2009679151282935,-40.9634065809532,1.5059892197945306,-1.0983675323963435,-0.34599780398564656,-38.00932929433727,-37.233797952933365,131.49,-3.243409934270665,0.0011810814520394342
A_H1,AUDCAD,MOMENTUM,OOS_HIGH_VOLATILITY,2025-09-03,2026-09-11,1.02,65,33.84615384615385,-0.06604482722418542,-10.042727282753907,-0.1545034966577524,0.7752613729885692,-0.9421301443194913,-13.900002146335655,1.5747057421794899,-1.0392152002489,-0.1545034966577524,-10.05439978395698,-9.856149420889881,63.64946380697051,-0.9520728995257156,0.34106001198045766
A_H1,AUDCAD,MOMENTUM,ALL_HIGH_VOLATILITY,2023-12-01,2026-09-11,2.78,159,31.446540880503143,-21.090568949211523,-44.97254177841115,-0.28284617470698836,0.6062813838416727,-1.7532788614891064,-36.36585756793955,1.3850508330207072,-1.0479365452242801,-0.28284617470698836,-37.00499893408289,-15.334080812990203,57.27292899408285,-2.9212912772513797,0.00348583758641019
A_H1,AUDCAD,MOMENTUM,OOS_LOW_VOLATILITY,2025-09-01,2026-09-09,1.02,70,24.285714285714285,-23.726608879554284,-36.66697625530838,-0.5238139465044054,0.39649820675148556,-3.7616207514307396,-31.484022357916185,1.4170619555316422,-1.1463590471574774,-0.5238139465044054,-31.079818738475883,-30.544736197166124,68.5455764075067,-3.8013189550554043,0.0001439278850614567
A_H1,AUDCAD,MOMENTUM,ALL_LOW_VOLATILITY,2023-12-08,2026-09-09,2.75,215,26.51162790697674,-59.411736303183666,-96.53955344247393,-0.4490211788022043,0.45798349061443305,-3.3283625639901677,-63.255045936111365,1.4310926056757005,-1.1272900757341067,-0.4490211788022043,-62.57243499934202,-30.009677576942885,78.06038767395626,-5.52375625887262,3.318277230768274e-08
A_H1,AUDCAD,MOMENTUM,OOS_TRENDING,2025-09-09,2026-08-26,0.96,49,32.6530612244898,1.27120640141516,-6.677123392620908,-0.1362678243392022,0.8035172196555296,-0.7285510733089614,-10.999595569703825,1.7066328962547956,-1.0297954464453831,-0.1362678243392022,-6.861572457808562,-7.12996961767014,50.98931623931624,-0.714197701656998,0.4751049378840251
A_H1,AUDCAD,MOMENTUM,ALL_TRENDING,2023-11-28,2026-08-26,2.74,124,31.451612903225808,-19.516043979779134,-39.35866779008049,-0.31740861121032654,0.5770665580247103,-1.7309111826892025,-33.04006784827709,1.3769864387742659,-1.0948369282620807,-0.31740861121032654,-33.20515789811231,-13.679266105788212,45.20059880239521,-2.8669065191366414,0.004145054285812577
A_H1,AUDCAD,MOMENTUM,OOS_RANGING,2025-09-01,2026-09-03,1.0,52,25.0,-17.510108104192067,-26.599365706542077,-0.5115262635873477,0.40766822903502503,-3.169580166180238,-24.54067008387304,1.4082175983357013,-1.1514408842283639,-0.5115262635873477,-23.67081317052454,-23.572436819687848,51.752043596730246,-3.177164200663959,0.0014872280668651872
A_H1,AUDCAD,MOMENTUM,ALL_RANGING,2023-12-11,2026-09-03,2.73,155,25.161290322580644,-42.442409702148495,-68.42334838996086,-0.4414409573545862,0.4660850796407312,-2.777776213009072,-49.60085864288245,1.5315559228128128,-1.1047761153419013,-0.4414409573545862,-50.181999474330475,-22.549103471625752,56.841114457831324,-4.58703243973167,4.49590844509018e-06
A_H1,AUDCAD,TREND_PULLBACK,ALL,2023-11-27,2026-09-11,2.79,209,29.665071770334926,-44.99322862200282,-79.46936813228662,-0.3802362111592661,0.5162098221648295,-2.7146992743980625,-55.22588705401793,1.3676572983755872,-1.1174429974936941,-0.3802362111592661,-55.580568182711346,-25.260170961155325,74.98747544204322,-4.532110640299978,5.83972477663508e-06
A_H1,AUDCAD,TREND_PULLBACK,TRAIN,2023-11-27,2024-10-30,0.93,76,28.947368421052634,-19.189299492231726,-31.456115480751187,-0.4138962563256735,0.4746553249709715,-3.1936391239061948,-26.742636595361834,1.2918629188122444,-1.1088351795300102,-0.4138962563256735,-27.412973224652948,-29.263872595996887,82.12721893491124,-3.0721971209668317,0.0021248935239108757
A_H1,AUDCAD,TREND_PULLBACK,VALID,2024-11-13,2025-08-25,0.78,50,26.0,-20.216994385857365,-28.704183107104466,-0.5740836621420893,0.3324145128582346,-4.211358312423323,-26.981306203602372,1.099448595932919,-1.1620814825468222,-0.5740836621420893,-25.23341924327206,-31.201921535417654,64.30457746478872,-3.7135241408951303,0.0002043929576842629
A_H1,AUDCAD,TREND_PULLBACK,OOS,2025-09-08,2026-09-11,1.0,83,32.53012048192771,-5.586934743913732,-19.309069544430972,-0.23263939210157797,0.6854688445801268,-1.616949131160319,-21.361405505036736,1.5585532051218176,-1.096250108620001,-0.23263939210157797,-18.152301567368845,-18.0740868433633,82.60422343324251,-1.620818097183009,0.10505665611547954
A_H1,AUDCAD,TREND_PULLBACK,OOS_HIGH_VOLATILITY,2025-09-08,2026-09-11,1.0,41,36.58536585365854,3.80237323530724,-2.426524156599298,-0.05918351601461703,0.9101401829289143,-0.2760305423606476,-7.383191144351997,1.6384610398376749,-1.0385938366986316,-0.05918351601461703,-2.7620195477842446,-2.7490318700581162,40.804495912806544,-0.2766910163168392,0.7820173706081761
A_H1,AUDCAD,TREND_PULLBACK,ALL_HIGH_VOLATILITY,2023-12-01,2026-09-11,2.78,97,34.02061855670103,-6.584684615506006,-21.039392541110708,-0.21690095403206916,0.6866396447351366,-1.0194914837176046,-19.691109296005394,1.3970246866336768,-1.0490813625003446,-0.21690095403206916,-19.60304597051381,-7.558575485337382,34.94008875739645,-1.6986639399090306,0.08938252149711223
A_H1,AUDCAD,TREND_PULLBACK,OOS_LOW_VOLATILITY,2025-09-16,2026-08-26,0.94,42,28.57142857142857,-9.389307979220973,-16.88254538783167,-0.4019653663769445,0.5090366038143244,-2.173067417198975,-17.775025038543646,1.4586684117269966,-1.146218877618521,-0.4019653663769445,-15.827438978072506,-16.762995307750515,44.724489795918366,-2.1058389188330606,0.0352183469084566
A_H1,AUDCAD,TREND_PULLBACK,ALL_LOW_VOLATILITY,2024-01-09,2026-08-26,2.63,109,26.605504587155966,-35.40854400649682,-54.95137652186755,-0.5041410690079592,0.41319046547449595,-2.7740089130855305,-44.89203507750285,1.3342392358750017,-1.1705539295280327,-0.5041410690079592,-42.78247801413446,-19.155369168588653,41.51433785192909,-4.49492079507053,6.959584742727287e-06
A_H1,AUDCAD,TREND_PULLBACK,OOS_TRENDING,2025-09-08,2026-09-11,1.0,83,32.53012048192771,-5.586934743913732,-19.309069544430972,-0.23263939210157797,0.6854688445801268,-1.616949131160319,-21.361405505036736,1.5585532051218176,-1.096250108620001,-0.23263939210157797,-18.152301567368845,-18.0740868433633,82.60422343324251,-1.620818097183009,0.10505665611547954
A_H1,AUDCAD,TREND_PULLBACK,ALL_TRENDING,2023-11-27,2026-09-11,2.79,209,29.665071770334926,-44.99322862200282,-79.46936813228662,-0.3802362111592661,0.5162098221648295,-2.7146992743980625,-55.22588705401793,1.3676572983755872,-1.1174429974936941,-0.3802362111592661,-55.580568182711346,-25.260170961155325,74.98747544204322,-4.532110640299978,5.83972477663508e-06
A_H1,AUDJPY,BREAKOUT_RETEST,ALL,2023-11-29,2026-09-10,2.78,545,35.96330275229358,32.38487367960882,-55.500625857242625,-0.10183601074723417,0.8613570591831048,-1.009687426785897,-52.554076481243925,1.7592488047155317,-1.1470297753051202,-0.10183601074723417,-45.62723982415059,-19.671413119542336,195.92642716535434,-1.6839868268919838,0.09218421459925574
A_H1,AUDJPY,BREAKOUT_RETEST,TRAIN,2023-11-29,2024-10-30,0.92,177,38.4180790960452,21.55976111744509,-6.822184822868099,-0.03854341707835084,0.9456514013012762,-0.373096869624338,-14.04947030196203,1.7456504621658437,-1.1516184977077568,-0.03854341707835084,-8.261836314486292,-8.947916055290738,192.40848214285714,-0.3578459708087601,0.7204585857558483
A_H1,AUDJPY,BREAKOUT_RETEST,VALID,2024-11-05,2025-08-29,0.81,149,30.201342281879196,-14.361102116241032,-34.235381332714624,-0.22976765995110485,0.7015025118985583,-2.306492917282154,-32.97650238912018,1.7879328569121729,-1.1028111528246383,-0.22976765995110485,-29.964170921090915,-35.46799100792475,183.239898989899,-2.0798654358814033,0.03753787710790535
A_H1,AUDJPY,BREAKOUT_RETEST,OOS,2025-09-01,2026-09-10,1.02,217,37.78801843317972,24.186214678404745,-15.176247151682047,-0.06993662281881127,0.9045394528506163,-0.708920994525231,-23.09942008346273,1.7536952794911314,-1.177624148666332,-0.06993662281881127,-15.971349980871373,-15.628559852928648,211.923128342246,-0.7173622631364467,0.47315059807039206
A_H1,AUDJPY,BREAKOUT_RETEST,OOS_HIGH_VOLATILITY,2025-09-08,2026-09-10,1.0,88,42.04545454545455,19.321035058358998,5.814582967949021,0.06607480645396614,1.1004353166548704,0.4294583169083902,-10.183060682858969,1.7218484123733706,-1.135172711565994,0.06607480645396614,5.037836041610544,5.01322135611264,87.58038147138966,0.4304859062148564,0.6668422167306061
A_H1,AUDJPY,BREAKOUT_RETEST,ALL_HIGH_VOLATILITY,2023-12-07,2026-09-10,2.76,228,37.280701754385966,18.32251910677344,-12.764824184689093,-0.05598607098547848,0.919726322789064,-0.36331219390644465,-22.609938862789136,1.7206057513038735,-1.112002189129499,-0.05598607098547848,-13.918905309193674,-5.291199823308778,82.69811320754717,-0.6032531486669559,0.5463402955020795
A_H1,AUDJPY,BREAKOUT_RETEST,OOS_LOW_VOLATILITY,2025-09-01,2026-09-02,1.0,129,34.883720930232556,4.865179620045748,-20.990830119631056,-0.1627196133304733,0.7923456862487346,-1.2894904922277177,-24.178996373763084,1.7798804813435132,-1.2033982354772514,-0.1627196133304733,-20.001541172420023,-19.964949442900483,128.73565573770492,-1.2908137255078802,0.1967682772117958
A_H1,AUDJPY,BREAKOUT_RETEST,ALL_LOW_VOLATILITY,2023-12-05,2026-09-02,2.74,314,35.03184713375796,14.062354572835417,-42.24930262839286,-0.13455191919870338,0.823211736744078,-1.0133044099912714,-45.355618310980226,1.788483689851631,-1.1714828848630994,-0.13455191919870338,-36.50832799771015,-15.26045538353642,114.45958083832336,-1.6783351150117944,0.09328169659361163
A_H1,AUDJPY,BREAKOUT_RETEST,OOS_TRENDING,2025-09-03,2026-09-10,1.02,84,30.952380952380953,-6.883442740631104,-21.608688906870686,-0.2572462965103653,0.6798752086165827,-1.7044639892943272,-22.548866213874895,1.7650823238940387,-1.1638074022088916,-0.2572462965103653,-20.080023206945896,-19.75431595433608,82.4758064516129,-1.7201415558466808,0.08540671354841733
A_H1,AUDJPY,BREAKOUT_RETEST,ALL_TRENDING,2023-11-29,2026-09-10,2.78,205,35.12195121951219,8.763132364597382,-22.75146273934062,-0.11098274506995424,0.8490422368208891,-0.6758203431286359,-28.53549806644181,1.7772587886274978,-1.133188688124214,-0.11098274506995424,-21.951466078544335,-8.52438470759892,73.69709645669292,-1.127153339719234,0.2596776545421948
A_H1,AUDJPY,BREAKOUT_RETEST,OOS_RANGING,2025-09-01,2026-09-02,1.0,87,42.5287356321839,23.094572459111614,6.617531961724031,0.07606358576694289,1.1106587192088726,0.47540973363760575,-10.523485319909865,1.7951027597424423,-1.1960254029749264,0.07606358576694289,5.827035238805123,5.814753979707543,86.82172131147541,0.47589758367221574,0.6341473437273917
A_H1,AUDJPY,BREAKOUT_RETEST,ALL_RANGING,2023-12-26,2026-09-02,2.68,232,37.5,25.13082082802805,-14.298277193696684,-0.061630505145244326,0.9151392551546397,-0.39974872488482127,-29.16883963492978,1.772330883219728,-1.1620073381642275,-0.061630505145244326,-15.352694715019165,-6.023098744480492,86.4673469387755,-0.6547944846083468,0.5126000821502803
A_H1,AUDJPY,MEAN_REVERSION,ALL,2023-12-28,2026-09-02,2.68,151,47.019867549668874,-8.999999999999854,-33.961008633606845,-0.2249073419444162,0.6345992195236085,-1.6907530149645966,-32.18951463332916,0.8307154628923402,-1.1617725812370374,-0.2249073419444162,-29.35513709166472,-12.171252085539663,56.39340490797546,-2.766651683132899,0.0056635230974166895
A_H1,AUDJPY,MEAN_REVERSION,TRAIN,2023-12-28,2024-10-30,0.84,50,52.0,1.9999999999998894,-6.258776875261109,-0.12517553750522217,0.7770678832020457,-0.9530706484517804,-10.397541221274121,0.8390782062941912,-1.1697837599545864,-0.12517553750522217,-6.307971804994716,-7.4825839262266935,59.681372549019606,-0.872349860188047,0.38301754474107175
A_H1,AUDJPY,MEAN_REVERSION,VALID,2024-11-05,2025-08-19,0.79,48,43.75,-5.999999999999737,-12.628889571792783,-0.2631018660790163,0.587319205924467,-2.060931095702147,-14.028070317569863,0.8558660835957842,-1.133410271381639,-0.2631018660790163,-12.08532847054402,-15.119135485998958,61.08710801393729,-1.826876999646492,0.06771826519594626
A_H1,AUDJPY,MEAN_REVERSION,OOS,2025-09-02,2026-09-02,1.0,52,44.230769230769226,-6.0,-15.94240144640044,-0.30658464320000844,0.5347310910704212,-2.226183518984477,-17.591686947839158,0.7966311950586185,-1.1815489287154712,-0.30658464320000844,-14.972655069061036,-14.98210057434559,52.035616438356165,-2.2254215187845103,0.026052954280485485
A_H1,AUDJPY,MEAN_REVERSION,OOS_HIGH_VOLATILITY,2025-10-01,2026-08-11,0.86,12,33.33333333333333,-4.000000000000064,-5.788134085009857,-0.48234450708415477,0.3662626832407691,-1.8482933918036653,-5.271870857883121,0.8362997826031779,-1.1416666519278211,-0.48234450708415477,-5.686610460277075,-6.583562000270026,13.95859872611465,-1.713722988361337,0.08657961287123372
A_H1,AUDJPY,MEAN_REVERSION,ALL_HIGH_VOLATILITY,2024-03-08,2026-08-11,2.42,38,44.73684210526316,-3.9999999999999614,-9.285288846503844,-0.24434970648694326,0.6101633946095846,-0.964549718055223,-9.386563287937156,0.8548895922297176,-1.1342100911623356,-0.24434970648694326,-9.047711547181725,-3.8383521740925075,15.683050847457626,-1.5014163519512294,0.13324790711436885
A_H1,AUDJPY,MEAN_REVERSION,OOS_LOW_VOLATILITY,2025-09-02,2026-09-02,1.0,40,47.5,-1.999999999999935,-10.15426736139058,-0.2538566840347645,0.5959559625244787,-1.5980340460307054,-12.622891135248505,0.7882799134702902,-1.1967421770155282,-0.2538566840347645,-9.845945155934476,-9.852345265111385,40.02739726027397,-1.5974870550696083,0.11015718093751059
A_H1,AUDJPY,MEAN_REVERSION,ALL_LOW_VOLATILITY,2023-12-28,2026-09-02,2.68,113,47.78761061946903,-4.999999999999897,-24.675719787103002,-0.21836920165577878,0.6430192710382754,-1.4159230372719047,-25.443893144208584,0.8231050888416843,-1.1715829590602365,-0.21836920165577878,-22.327558646330836,-9.004815340566674,42.201687116564415,-2.316935601819399,0.020507240040712027
A_H1,AUDJPY,MEAN_REVERSION,OOS_RANGING,2025-09-02,2026-09-02,1.0,52,44.230769230769226,-6.0,-15.94240144640044,-0.30658464320000844,0.5347310910704212,-2.226183518984477,-17.591686947839158,0.7966311950586185,-1.1815489287154712,-0.30658464320000844,-14.972655069061036,-14.98210057434559,52.035616438356165,-2.2254215187845103,0.026052954280485485
A_H1,AUDJPY,MEAN_REVERSION,ALL_RANGING,2023-12-28,2026-09-02,2.68,151,47.019867549668874,-8.999999999999854,-33.961008633606845,-0.2249073419444162,0.6345992195236085,-1.6907530149645966,-32.18951463332916,0.8307154628923402,-1.1617725812370374,-0.2249073419444162,-29.35513709166472,-12.171252085539663,56.39340490797546,-2.766651683132899,0.0056635230974166895
A_H1,AUDJPY,MOMENTUM,ALL,2023-11-30,2026-09-11,2.78,484,33.47107438016529,-1.7300888611926784,-78.58314589923764,-0.16236187169263974,0.7867181012835509,-1.5365242927407905,-61.045367133757026,1.7892850806695915,-1.1442463632537623,-0.16236187169263974,-56.53807538649783,-25.907763393598593,174.16847290640396,-2.561399614037899,0.010425136471359231
A_H1,AUDJPY,MOMENTUM,TRAIN,2023-11-30,2024-10-30,0.92,148,31.08108108108108,-12.863842081815093,-36.34237645725912,-0.24555659768418325,0.6919429260573764,-2.279171737905656,-35.93532387148852,1.7745758986261773,-1.1565967430790516,-0.24555659768418325,-31.449672572211185,-33.74762686395009,161.3641791044776,-2.1827517353016432,0.02905409774948864
A_H1,AUDJPY,MOMENTUM,VALID,2024-11-01,2025-08-29,0.82,157,33.75796178343949,3.0305306688438067,-18.189832947987675,-0.11585880858590876,0.8432764292112392,-1.133376053351495,-21.707367557368272,1.8466665572719603,-1.1159919277250152,-0.11585880858590876,-17.919651134892124,-21.307542548969227,190.5124584717608,-1.0288739414174317,0.30353891502747565
A_H1,AUDJPY,MOMENTUM,OOS,2025-09-01,2026-09-11,1.02,179,35.19553072625698,8.103222551778606,-24.05093649399084,-0.13436277370944602,0.8210646249944663,-1.2634929516017464,-29.505819478814832,1.7517518126389806,-1.1587181093986776,-0.13436277370944602,-22.75680538205892,-22.288763739255746,174.81216577540107,-1.2785376229758687,0.20105992786356808
A_H1,AUDJPY,MOMENTUM,OOS_HIGH_VOLATILITY,2025-09-24,2026-09-11,0.96,74,33.78378378378378,0.3146175558455828,-10.517356169430812,-0.142126434722038,0.8084618120057192,-0.8951650170682389,-18.354587314668457,1.7757045558980562,-1.1206116340180046,-0.142126434722038,-10.621458348129465,-10.99844705292009,76.78551136363636,-0.8787782937897203,0.3795214976776453
A_H1,AUDJPY,MOMENTUM,ALL_HIGH_VOLATILITY,2023-12-08,2026-09-11,2.76,211,31.753554502369667,-11.117226085826182,-39.466735342168754,-0.18704613906241116,0.7552558335533304,-1.1866940302600504,-35.7870017515328,1.817766686633345,-1.1198409954625201,-0.18704613906241116,-33.961609846580224,-13.97232294307883,76.53202581926514,-1.9704180654145576,0.04879047682238191
A_H1,AUDJPY,MOMENTUM,OOS_LOW_VOLATILITY,2025-09-01,2026-09-02,1.0,105,36.19047619047619,7.788604995933024,-13.533580324560024,-0.12889124118628595,0.8297691344478869,-0.9284874764092219,-19.253428601933077,1.7359934289159047,-1.1865870242293195,-0.12889124118628595,-13.577472634535237,-13.586109827340909,105.07191780821918,-0.9281696644962971,0.35331956750352234
A_H1,AUDJPY,MOMENTUM,ALL_LOW_VOLATILITY,2023-12-04,2026-09-02,2.74,272,34.92647058823529,10.387137224633475,-37.962494240000126,-0.13956799352941224,0.8157485233149838,-0.9856350934409105,-40.9361856421062,1.769198053305681,-1.1640469452205637,-0.13956799352941224,-33.4185867294023,-13.779910422804232,99.1497005988024,-1.632506452749042,0.1025728402473347
A_H1,AUDJPY,MOMENTUM,OOS_TRENDING,2025-09-05,2026-09-11,1.01,78,30.76923076923077,-6.805010224329041,-20.5879108352759,-0.2639475748112295,0.6646918691445971,-1.729202334529001,-20.842195885309177,1.7005026714745288,-1.1370365731604555,-0.2639475748112295,-19.187966031329328,-18.966640317275107,76.99864864864864,-1.740409971672655,0.08178705582595969
A_H1,AUDJPY,MOMENTUM,ALL_TRENDING,2023-11-30,2026-09-11,2.78,192,34.375,4.6126535017916925,-24.742315885574158,-0.12886622857069874,0.8268266920188674,-0.7639861941448611,-31.682268795060597,1.789904858987401,-1.1339367982439892,-0.12886622857069874,-23.378368626096325,-9.137727826367092,69.09162561576355,-1.2735717567617089,0.20281522693511267
A_H1,AUDJPY,MOMENTUM,OOS_RANGING,2025-09-01,2026-09-02,1.0,72,38.88888888888889,10.908232776107718,-2.265632960792397,-0.031467124455449955,0.956534646994403,-0.1825824509934154,-12.008493997384662,1.7806928593804208,-1.1846598414419132,-0.031467124455449955,-2.977563196583366,-2.9795719341005333,72.04931506849314,-0.1825199548591206,0.8551746956626143
A_H1,AUDJPY,MOMENTUM,ALL_RANGING,2023-12-27,2026-09-02,2.68,204,32.84313725490196,-4.1667327909958285,-37.7965537505564,-0.18527722426743332,0.7602844316957122,-1.160005964945455,-35.25963137289245,1.7891932778558899,-1.1508941851598615,-0.18527722426743332,-32.831400151040356,-13.797794937587682,76.10929519918284,-1.899137704177396,0.05754637285348596
A_H1,AUDJPY,TREND_PULLBACK,ALL,2023-11-27,2026-09-11,2.79,258,40.310077519379846,48.6414831964663,9.499251486223834,0.0368188042101699,1.054190743700612,0.24536581047032305,-22.100954474637348,1.7768474099040488,-1.1382654489856963,0.0368188042101699,7.070106049276648,2.4813215278967293,92.56827111984282,0.4096310080772947,0.6820766469562667
A_H1,AUDJPY,TREND_PULLBACK,TRAIN,2023-11-27,2024-09-30,0.84,82,40.243902439024396,16.98242299941824,4.611791084846594,0.056241354693251144,1.0832144389079637,0.38064491704900105,-11.6621255422252,1.8191622562252396,-1.1310319055221698,0.056241354693251144,3.8233558556689085,4.5651290874547,97.55863192182412,0.3489748347243788,0.7271082023052282
A_H1,AUDJPY,TREND_PULLBACK,VALID,2024-11-07,2025-08-21,0.78,70,50.0,34.05952646963165,25.352204332058026,0.36217434760082895,1.6460552536772668,2.286599577692017,-8.058193933872381,1.8455356077431995,-1.1211869125415421,0.36217434760082895,27.810989369197237,36.80375572905697,89.39685314685315,2.0233826569917155,0.043033710847894424
A_H1,AUDJPY,TREND_PULLBACK,OOS,2025-09-03,2026-09-11,1.02,106,33.9622641509434,-2.400466272583603,-20.464743930680783,-0.19306362198755456,0.7461918947628143,-1.4438921566518685,-20.247420392434524,1.671278608432671,-1.1518681976322422,-0.19306362198755456,-19.31273889192333,-18.997949546873507,104.07661290322581,-1.457172997738868,0.1450686322449548
A_H1,AUDJPY,TREND_PULLBACK,OOS_HIGH_VOLATILITY,2025-09-19,2026-09-11,0.97,57,29.82456140350877,-7.79876671113707,-16.11772102133691,-0.282767035462051,0.6384453480689651,-1.6516438574879688,-18.11619329244849,1.6741890077762027,-1.114473353838309,-0.282767035462051,-15.311893055090431,-15.676810623183401,58.4810393258427,-1.6305957018860016,0.10297565670051423
A_H1,AUDJPY,TREND_PULLBACK,ALL_HIGH_VOLATILITY,2023-12-08,2026-09-11,2.76,138,38.405797101449274,18.825519031792144,1.0837568503113992,0.007853310509502893,1.0115226285586023,0.03889477855568942,-18.174565490095883,1.795064368866729,-1.106525349407356,0.007853310509502893,-0.30709602444478623,-0.11149629344163747,50.05412115193644,0.06458191611500279,0.9485068834970238
A_H1,AUDJPY,TREND_PULLBACK,OOS_LOW_VOLATILITY,2025-09-03,2026-08-24,0.97,49,38.775510204081634,5.398300438553468,-4.347022909343875,-0.08871475325191581,0.8794229934494008,-0.4399566646240174,-12.632472517797734,1.6686745669147742,-1.2017279893574864,-0.08871475325191581,-4.724212148744145,-4.857248527120239,50.41478873239436,-0.43373949068243633,0.6644776261327283
A_H1,AUDJPY,TREND_PULLBACK,ALL_LOW_VOLATILITY,2023-12-01,2026-08-24,2.73,115,44.34782608695652,34.81596416467413,14.274625523406728,0.12412717846440634,1.1893711485489489,0.5467216036187398,-15.9841417203751,1.7579160603938124,-1.177798336823089,0.12412717846440634,13.920043393179338,4.895347652049131,42.172439759036145,0.9028192118416303,0.36662185304389827
A_H1,AUDJPY,TREND_PULLBACK,OOS_TRENDING,2025-09-03,2026-09-11,1.02,106,33.9622641509434,-2.400466272583603,-20.464743930680783,-0.19306362198755456,0.7461918947628143,-1.4438921566518685,-20.247420392434524,1.671278608432671,-1.1518681976322422,-0.19306362198755456,-19.31273889192333,-18.997949546873507,104.07661290322581,-1.457172997738868,0.1450686322449548
A_H1,AUDJPY,TREND_PULLBACK,ALL_TRENDING,2023-11-27,2026-09-11,2.79,258,40.310077519379846,48.6414831964663,9.499251486223834,0.0368188042101699,1.054190743700612,0.24536581047032305,-22.100954474637348,1.7768474099040488,-1.1382654489856963,0.0368188042101699,7.070106049276648,2.4813215278967293,92.56827111984282,0.4096310080772947,0.6820766469562667
A_H1,AUDUSD,BREAKOUT_RETEST,ALL,2023-11-28,2026-09-11,2.79,577,31.022530329289427,-43.82141569677098,-123.47093223133241,-0.2139877508341983,0.7262791385982492,-2.2345967505666464,-72.17252717748795,1.8302371566130857,-1.133375334836871,-0.2139877508341983,-72.48756287380387,-37.0627659771921,207.02283889980353,-3.730593589328025,0.0001910291639080075
A_H1,AUDUSD,BREAKOUT_RETEST,TRAIN,2023-11-28,2024-10-30,0.92,182,31.318681318681318,-12.441042428622222,-35.74241800212998,-0.19638691209961529,0.7462473290740499,-1.9903964550663489,-33.464829976128996,1.8440862998817342,-1.1268426967631107,-0.19638691209961529,-31.27755023807507,-33.4047959362914,197.2566765578635,-1.9118747064950559,0.05589226664493552
A_H1,AUDUSD,BREAKOUT_RETEST,VALID,2024-11-04,2025-08-29,0.82,179,31.843575418994412,-9.888635510162059,-30.87347499309942,-0.17247751392792973,0.7706262130208636,-1.854595813987313,-31.4678849959659,1.819745489777795,-1.103270228774047,-0.17247751392792973,-27.806968970553203,-32.92483594104093,219.3951342281879,-1.6751831460438034,0.09389830331251314
A_H1,AUDUSD,BREAKOUT_RETEST,OOS,2025-09-03,2026-09-11,1.02,216,30.09259259259259,-21.491737757986698,-56.85503923610301,-0.2632177742412176,0.676277756510358,-2.781382410148871,-44.56707875161982,1.827292908048448,-1.1631064785380933,-0.2632177742412176,-44.5457093265363,-43.86218090095705,211.51206434316356,-2.8107356843283995,0.004942837294908298
A_H1,AUDUSD,BREAKOUT_RETEST,OOS_HIGH_VOLATILITY,2025-09-08,2026-09-11,1.0,86,33.72093023255814,0.5082622420128764,-11.7363641821723,-0.13646935095549187,0.8193592010258717,-0.8906924600568722,-15.78767592658441,1.8356677114271984,-1.1398373300624745,-0.13646935095549187,-11.834268654689339,-11.781301491941566,85.5899182561308,-0.8928236704939952,0.3719516081899892
A_H1,AUDUSD,BREAKOUT_RETEST,ALL_HIGH_VOLATILITY,2023-12-04,2026-09-11,2.77,227,31.718061674008812,-15.796122360562798,-42.772443095789576,-0.1884248594528175,0.7522967991115941,-1.2428701347438889,-39.87228408054396,1.8042186013419155,-1.1140398864026286,-0.1884248594528175,-36.1958107171779,-14.984775767820203,82.00964391691394,-2.067788986548484,0.03865986977748315
A_H1,AUDUSD,BREAKOUT_RETEST,OOS_LOW_VOLATILITY,2025-09-03,2026-09-01,0.99,130,27.692307692307693,-21.99999999999957,-45.1186750539307,-0.3470667311840823,0.5922704895544774,-2.946048480148443,-38.62135158777452,1.8205465386600101,-1.1772164941030965,-0.3470667311840823,-37.10221666934193,-37.28272043235399,130.80578512396696,-2.9369603912030398,0.0033144643409590557
A_H1,AUDUSD,BREAKOUT_RETEST,ALL_LOW_VOLATILITY,2023-12-06,2026-09-01,2.74,347,30.835734870317005,-25.025293336208144,-77.36744606280949,-0.2229609396622752,0.7187417234499844,-1.8106711949458214,-56.46986050611018,1.8477449695058354,-1.1461506574997247,-0.2229609396622752,-55.411040676122646,-25.54732868267282,126.74175000000001,-2.9960184284418863,0.002735299027179172
A_H1,AUDUSD,BREAKOUT_RETEST,OOS_TRENDING,2025-09-03,2026-09-11,1.02,91,29.67032967032967,-10.491737757986797,-25.612398949027856,-0.28145493350580064,0.6574149603399041,-1.9314629774863914,-24.21462978093333,1.8203616717992728,-1.1681588138688785,-0.28145493350580064,-23.277834390469554,-22.85426738526469,89.10924932975871,-1.9518466407104396,0.05095641495660441
A_H1,AUDUSD,BREAKOUT_RETEST,ALL_TRENDING,2023-11-28,2026-09-11,2.79,243,26.337448559670783,-53.7188531023689,-87.05267971852047,-0.35824148032312947,0.5708317706009262,-2.5590861786219348,-58.576915780419455,1.8091840177415053,-1.133186909798753,-0.35824148032312947,-59.045867821587606,-27.406853035094148,87.18639489194499,-4.272319151132771,1.934504316980501e-05
A_H1,AUDUSD,BREAKOUT_RETEST,OOS_RANGING,2025-10-06,2026-09-07,0.92,85,28.235294117647058,-13.000000000000004,-26.880852121594778,-0.31624531907758563,0.620677385438959,-2.2410643829595376,-28.399211645112466,1.832689858704901,-1.1617280119756133,-0.31624531907758563,-24.19038338430004,-25.99622549993836,92.39955357142857,-2.1494574869324428,0.031598152645405
A_H1,AUDUSD,BREAKOUT_RETEST,ALL_RANGING,2023-12-12,2026-09-07,2.74,223,29.596412556053814,-24.025293336208588,-55.3928750917017,-0.24839854301211522,0.6887126967713876,-1.6369184641538668,-43.128212613832275,1.8568920381562517,-1.1334251567516838,-0.24839854301211522,-43.75176451066296,-18.971851978753563,81.53228228228228,-2.7071647054780543,0.00678605807152266
A_H1,AUDUSD,MEAN_REVERSION,ALL,2024-01-02,2026-09-10,2.69,134,54.47761194029851,12.000000000000068,-6.064848624465725,-0.04526006436168451,0.9122799902542398,-0.31999074178884385,-14.784098672789392,0.8640255466206678,-1.133421533242204,-0.04526006436168451,-6.50983792994978,-2.475115865929034,49.891437308868504,-0.5244170516902299,0.5999884990859676
A_H1,AUDUSD,MEAN_REVERSION,TRAIN,2024-01-02,2024-10-23,0.8,44,47.72727272727273,-1.9999999999999127,-7.7319000912610045,-0.17572500207411373,0.70216994230541,-1.2873866990211127,-8.811388692156886,0.8680418182447136,-1.128729490191304,-0.17572500207411373,-7.649882456090207,-9.41394952098582,54.66326530612245,-1.1550148572109125,0.24808434240287447
A_H1,AUDUSD,MEAN_REVERSION,VALID,2024-11-26,2025-08-19,0.73,43,51.162790697674424,0.9999999999998536,-4.0119129700460086,-0.09330030162897694,0.828979703808961,-0.708055608661116,-6.8475337655346085,0.8839446384934999,-1.117080715090619,-0.09330030162897694,-4.141359884656581,-5.642263295237193,59.04417293233083,-0.6042450109748013,0.5456807595791042
A_H1,AUDUSD,MEAN_REVERSION,OOS,2025-10-08,2026-09-10,0.92,47,63.829787234042556,13.000000000000133,5.678964436841293,0.12082903057109133,1.2879910366088976,0.8842540198987834,-4.07839814205121,0.8466068224437587,-1.1599553080277332,0.12082903057109133,5.6080920187619565,6.0922554978648735,50.93991097922849,0.8493699285174345,0.395675480741271
A_H1,AUDUSD,MEAN_REVERSION,OOS_HIGH_VOLATILITY,2025-10-10,2026-09-10,0.91,13,38.46153846153847,-2.999999999999945,-4.783152117903336,-0.3679347783002566,0.4768898463676469,-1.3590575404905816,-4.8280661906833995,0.8721056790127385,-1.1429600641208784,-0.3679347783002566,-4.73880233474816,-5.17052172440583,14.216317365269461,-1.2996187416013076,0.19373167298611227
A_H1,AUDUSD,MEAN_REVERSION,ALL_HIGH_VOLATILITY,2024-01-16,2026-09-10,2.65,38,47.368421052631575,-1.9999999999998712,-6.4268279899475935,-0.16912705236704192,0.7129709931659896,-0.630503820229752,-7.784160135598839,0.8868909927803479,-1.1195432929996925,-0.16912705236704192,-6.409054679500992,-2.4682932454259787,14.338326446280991,-1.0264322494363236,0.30468788337757813
A_H1,AUDUSD,MEAN_REVERSION,OOS_LOW_VOLATILITY,2025-10-08,2026-09-10,0.92,34,73.52941176470588,16.000000000000078,10.462116554744629,0.30770931043366556,1.9892730813568502,2.066753930703595,-3.5443693628400386,0.8415070511299628,-1.175062191500493,0.30770931043366556,10.861604312250073,11.824011896514408,36.85014836795253,1.9852198563776688,0.04712001606421401
A_H1,AUDUSD,MEAN_REVERSION,ALL_LOW_VOLATILITY,2024-01-02,2026-09-10,2.69,96,57.291666666666664,13.999999999999943,0.36197936548187126,0.003770618390436159,1.0077432306200345,0.02269103544677605,-13.295298201552551,0.8565423096956813,-1.1401914065312344,0.003770618390436159,-0.1076848300908928,-0.04010722161261748,35.74311926605505,0.037187219362268625,0.9703357290362529
A_H1,AUDUSD,MEAN_REVERSION,OOS_RANGING,2025-10-08,2026-09-10,0.92,47,63.829787234042556,13.000000000000133,5.678964436841293,0.12082903057109133,1.2879910366088976,0.8842540198987834,-4.07839814205121,0.8466068224437587,-1.1599553080277332,0.12082903057109133,5.6080920187619565,6.0922554978648735,50.93991097922849,0.8493699285174345,0.395675480741271
A_H1,AUDUSD,MEAN_REVERSION,ALL_RANGING,2024-01-02,2026-09-10,2.69,134,54.47761194029851,12.000000000000068,-6.064848624465725,-0.04526006436168451,0.9122799902542398,-0.31999074178884385,-14.784098672789392,0.8640255466206678,-1.133421533242204,-0.04526006436168451,-6.50983792994978,-2.475115865929034,49.891437308868504,-0.5244170516902299,0.5999884990859676
A_H1,AUDUSD,MOMENTUM,ALL,2023-11-30,2026-09-11,2.78,525,31.61904761904762,-30.217415266107167,-104.55576190826721,-0.19915383220622326,0.743328370066749,-1.9769725848359696,-68.12044860257996,1.8240751342688133,-1.134685889127828,-0.19915383220622326,-66.60009995424467,-32.580220921344115,188.7364665354331,-3.2972538843908166,0.0009763520169863149
A_H1,AUDUSD,MOMENTUM,TRAIN,2023-11-30,2024-10-30,0.92,170,30.0,-16.753651862834914,-38.69861040565425,-0.22763888473914265,0.709942289760664,-2.258818504643721,-40.848765670659695,1.8572220327800832,-1.1211507065330966,-0.22763888473914265,-33.187657163003514,-35.57691431544403,185.3507462686567,-2.1632595423779493,0.030521222945710136
A_H1,AUDUSD,MOMENTUM,VALID,2024-11-01,2025-08-27,0.82,155,31.61290322580645,-8.608637591124438,-27.30652004864071,-0.17617109708800457,0.7683659774954252,-1.7481977053329343,-28.01821260293852,1.848570654189035,-1.1121366236217305,-0.17617109708800457,-25.031813713831795,-29.75096629433015,189.97902684563758,-1.579077937003376,0.11431818161494833
A_H1,AUDUSD,MOMENTUM,OOS,2025-09-01,2026-09-11,1.03,199,33.165829145728644,-3.855125812147798,-37.41652753802137,-0.18802275144734357,0.7584701507826713,-1.8717877280215374,-38.996476967356784,1.7802755539632744,-1.164772286463139,-0.18802275144734357,-32.552640034147174,-31.858472256316173,193.82600000000002,-1.8966059869636807,0.05787995984091454
A_H1,AUDUSD,MOMENTUM,OOS_HIGH_VOLATILITY,2025-09-05,2026-09-11,1.01,72,40.27777777777778,12.144874187852379,2.129445763777484,0.02957563560802061,1.0441507552950764,0.17408434600828493,-7.9019378933910644,1.7365754406440743,-1.1216567910442015,0.02957563560802061,1.4141813922599944,1.3959002371320306,71.07567567567567,0.17521265479175796,0.8609125410618812
A_H1,AUDUSD,MOMENTUM,ALL_HIGH_VOLATILITY,2023-12-01,2026-09-11,2.78,198,38.38383838383838,25.60481676498072,2.0681501080395206,0.010445202565856165,1.0152533604531728,0.061360366365167916,-16.413163053548786,1.8112456989004877,-1.1113649426917833,0.010445202565856165,0.044402803805865254,0.01597617704509613,71.25073891625617,0.1022882745606413,0.9185278620351907
A_H1,AUDUSD,MOMENTUM,OOS_LOW_VOLATILITY,2025-09-01,2026-09-09,1.02,127,29.133858267716533,-16.000000000000174,-39.545973301798846,-0.31138561654959723,0.6293149020271575,-2.5359682693507546,-39.09757378184571,1.8145269941323767,-1.1853719120521864,-0.31138561654959723,-33.49316728695636,-32.927165764503656,124.3612600536193,-2.562731569373512,0.010385230645318932
A_H1,AUDUSD,MOMENTUM,ALL_LOW_VOLATILITY,2023-12-06,2026-09-09,2.76,325,27.692307692307693,-53.822232031087886,-104.42698799474867,-0.3213138092146113,0.6126146906982941,-2.6023024897363096,-68.13483676943876,1.834908879690955,-1.147101221986956,-0.3213138092146113,-65.86921470308809,-32.2615898909595,117.7641369047619,-4.32307660177152,1.538682786916823e-05
A_H1,AUDUSD,MOMENTUM,OOS_TRENDING,2025-09-01,2026-09-11,1.03,90,30.0,-8.999999999999536,-24.278114218081512,-0.2697568246453501,0.6706598307215467,-1.8246248468810187,-28.57385653697544,1.8310861456610528,-1.1701180976338086,-0.2697568246453501,-22.245545364784835,-21.735210351040347,87.66000000000001,-1.848817767501364,0.06448413089817273
A_H1,AUDUSD,MOMENTUM,ALL_TRENDING,2023-11-30,2026-09-11,2.78,220,29.09090909090909,-28.362289453958958,-59.39751489584188,-0.26998870407200853,0.6629191448871469,-1.7738449914014252,-47.39635725550971,1.8252181369247378,-1.129560741404007,-0.26998870407200853,-45.924325585831724,-19.82947554622735,79.08956692913387,-2.9584716212394135,0.003091687074695759
A_H1,AUDUSD,MOMENTUM,OOS_RANGING,2025-10-03,2026-09-09,0.93,60,41.66666666666667,12.887537592574102,2.7022737900814997,0.04503789650135833,1.0659924291057197,0.24704379777890217,-9.81140607687989,1.7460205303144583,-1.1699496990794274,0.04503789650135833,2.0959801538463996,2.2466968712778757,64.26686217008798,0.23870198595247605,0.8113366766983439
A_H1,AUDUSD,MOMENTUM,ALL_RANGING,2024-01-02,2026-09-09,2.69,187,35.82887700534759,11.887537592574136,-14.279962369371566,-0.07636343513032923,0.8954621109473907,-0.4457082190721436,-20.9678280669383,1.8256845855535226,-1.138340246678813,-0.07636343513032923,-14.937475622800477,-5.845764943735254,69.62461773700305,-0.7304492275409502,0.46511563713079473
A_H1,AUDUSD,TREND_PULLBACK,ALL,2023-11-27,2026-09-11,2.79,304,31.57894736842105,-17.50941847545614,-59.116053301934414,-0.19446070165110005,0.747737401477969,-1.4700856369727713,-50.30012143738156,1.8252839642021355,-1.1266505474295163,-0.19446070165110005,-46.23384615342413,-19.942185418597226,108.96565260058881,-2.455469896581203,0.01407005366005909
A_H1,AUDUSD,TREND_PULLBACK,TRAIN,2023-11-27,2024-10-30,0.93,101,28.71287128712871,-14.699548691890167,-26.8824789984004,-0.266163158400004,0.6630675262237974,-2.07559910137188,-33.225119229352586,1.8242577734732563,-1.108138255960067,-0.266163158400004,-24.2802198326881,-25.959209897707115,109.14275147928994,-1.9966719269510462,0.04586083366422544
A_H1,AUDUSD,TREND_PULLBACK,VALID,2024-11-01,2025-08-29,0.82,84,28.57142857142857,-13.568607970585749,-23.445627867784545,-0.27911461747362554,0.6507045548935446,-2.0913164415734786,-22.654494407401625,1.8198749630198163,-1.118710449671002,-0.27911461747362554,-21.517633963784142,-25.473513433343687,101.93023255813954,-1.898488135186913,0.057631809275107804
A_H1,AUDUSD,TREND_PULLBACK,OOS,2025-09-01,2026-09-11,1.03,119,36.134453781512605,10.758738187019775,-8.787946435749475,-0.07384828937604601,0.8994913555642611,-0.5521153830583094,-17.512479056304265,1.8289950237256967,-1.1504570059994006,-0.07384828937604601,-9.525219412047681,-9.289445325651391,115.906,-0.5594359474244222,0.5758642339580762
A_H1,AUDUSD,TREND_PULLBACK,OOS_HIGH_VOLATILITY,2025-09-09,2026-09-11,1.0,46,34.78260869565217,2.758738187019737,-3.013855531661969,-0.06551859851439064,0.908480446823479,-0.3093646022541905,-8.771569966860792,1.8698386881767128,-1.0977091514163126,-0.06551859851439064,-3.415114186259971,-3.399109545508505,45.78065395095368,-0.3101048365087372,0.7564812344444443
A_H1,AUDUSD,TREND_PULLBACK,ALL_HIGH_VOLATILITY,2023-12-04,2026-09-11,2.77,144,31.25,-9.187158642035449,-25.04358231250535,-0.17391376605906494,0.7699104302408367,-0.9085397268260681,-26.861198969451372,1.8622038030353631,-1.0994217520110776,-0.17391376605906494,-23.21941055632337,-9.09556574473368,51.97233201581028,-1.5123038785457728,0.1304565748264075
A_H1,AUDUSD,TREND_PULLBACK,OOS_LOW_VOLATILITY,2025-09-01,2026-08-28,0.99,73,36.986301369863014,8.000000000000036,-5.774090904087505,-0.07909713567243157,0.8940600995765258,-0.46742352724648684,-13.216474860276861,1.8047913707176875,-1.1848577807275016,-0.07909713567243157,-6.326150488566773,-6.398192544107628,73.85941828254848,-0.4646961314007364,0.6421490791465985
A_H1,AUDUSD,TREND_PULLBACK,ALL_LOW_VOLATILITY,2023-12-06,2026-08-28,2.73,155,30.967741935483872,-12.322259833420695,-37.55154393845239,-0.24226802540937026,0.695498940526451,-1.330156808339521,-34.33244922380858,1.7868752157408914,-1.152537890598273,-0.24226802540937026,-32.32489989280995,-13.34065145958071,56.841114457831324,-2.1965313120648418,0.028053936518950717
A_H1,AUDUSD,TREND_PULLBACK,OOS_TRENDING,2025-09-01,2026-09-11,1.03,119,36.134453781512605,10.758738187019775,-8.787946435749475,-0.07384828937604601,0.8994913555642611,-0.5521153830583094,-17.512479056304265,1.8289950237256967,-1.1504570059994006,-0.07384828937604601,-9.525219412047681,-9.289445325651391,115.906,-0.5594359474244222,0.5758642339580762
A_H1,AUDUSD,TREND_PULLBACK,ALL_TRENDING,2023-11-27,2026-09-11,2.79,304,31.57894736842105,-17.50941847545614,-59.116053301934414,-0.19446070165110005,0.747737401477969,-1.4700856369727713,-50.30012143738156,1.8252839642021355,-1.1266505474295163,-0.19446070165110005,-46.23384615342413,-19.942185418597226,108.96565260058881,-2.455469896581203,0.01407005366005909
A_H1,EURAUD,BREAKOUT_RETEST,ALL,2023-11-28,2026-09-10,2.78,536,32.276119402985074,-25.71896819933486,-131.45498315793236,-0.24525183424987382,0.692907148709797,-2.483270490741634,-74.18510773710514,1.7144952487821206,-1.179235981259612,-0.24525183424987382,-74.49472102403085,-38.779844167172286,192.50147492625368,-4.143710366954445,3.417312977260778e-05
A_H1,EURAUD,BREAKOUT_RETEST,TRAIN,2023-11-28,2024-10-30,0.92,160,34.375,0.6699071565256656,-30.947411027322104,-0.19342131892076314,0.7502218642212859,-1.8387762316491452,-31.58732154694439,1.690039793359145,-1.179996187257858,-0.19342131892076314,-27.74987615040564,-29.765581428218645,173.92857142857144,-1.7636134722252814,0.07779707793955026
A_H1,EURAUD,BREAKOUT_RETEST,VALID,2024-11-01,2025-08-29,0.82,172,34.883720930232556,5.715714853287692,-24.825370891416775,-0.14433355169428358,0.8094642426969474,-1.48427183283697,-25.53294105159357,1.7577846745348205,-1.163325458602732,-0.14433355169428358,-23.303363387868526,-27.603900439100435,209.41,-1.3451755375793997,0.17856855401160265
A_H1,EURAUD,BREAKOUT_RETEST,OOS,2025-09-02,2026-09-10,1.02,203,28.57142857142857,-31.104590209148235,-74.48816541222955,-0.3669367754297022,0.5686261110118074,-3.9088993751910306,-55.388368542771936,1.6929036022838744,-1.1908729265151325,-0.3669367754297022,-53.41651212281673,-52.67122045896841,198.78217158176943,-3.9501518813841754,7.810161684984607e-05
A_H1,EURAUD,BREAKOUT_RETEST,OOS_HIGH_VOLATILITY,2025-09-08,2026-09-10,1.0,101,24.752475247524753,-26.636891089599974,-46.34077661850879,-0.45881957048028504,0.487274286532668,-3.5753126062609435,-40.43873337568201,1.761617821852606,-1.189226607431894,-0.45881957048028504,-37.67107006392869,-37.53040775720395,100.51839237057222,-3.5838674597981055,0.00033854392295795677
A_H1,EURAUD,BREAKOUT_RETEST,ALL_HIGH_VOLATILITY,2023-12-01,2026-09-10,2.78,248,31.85483870967742,-13.847835478922196,-58.598988669108124,-0.2362862446335005,0.7058573195180102,-1.6104512378702902,-45.054733804583016,1.7800078038019016,-1.178814231771943,-0.2362862446335005,-45.685244600772734,-19.73697577959771,89.33136094674556,-2.683313679852061,0.0072896581545394135
A_H1,EURAUD,BREAKOUT_RETEST,OOS_LOW_VOLATILITY,2025-09-02,2026-09-08,1.02,102,32.35294117647059,-4.467699119548261,-28.147388793720744,-0.2759547920953014,0.6579710998477789,-2.0344698557135095,-27.747367520122555,1.6408473753378654,-1.1926862634763808,-0.2759547920953014,-25.26185204051726,-24.923804752934696,100.41913746630728,-2.0504212867744296,0.04032333769571439
A_H1,EURAUD,BREAKOUT_RETEST,ALL_LOW_VOLATILITY,2023-12-08,2026-09-08,2.75,283,32.86219081272085,-9.871132720412682,-69.98079042418532,-0.24728194496178557,0.6877319465485356,-1.8440568169017932,-51.37619857065374,1.6572481296143515,-1.1794992972543157,-0.24728194496178557,-51.65000851669641,-23.210950949412812,102.85149253731343,-3.0588784261042354,0.0022216728839561384
A_H1,EURAUD,BREAKOUT_RETEST,OOS_TRENDING,2025-09-10,2026-09-10,1.0,75,25.333333333333336,-20.22581196282282,-36.05076264454176,-0.4806768352605568,0.4633783625138065,-3.298263952432018,-34.63282967361903,1.638432016610337,-1.1996601957167528,-0.4806768352605568,-30.739073896119784,-30.82637732745608,75.25755494505495,-3.29261526879951,0.000992601998786924
A_H1,EURAUD,BREAKOUT_RETEST,ALL_TRENDING,2023-11-28,2026-09-10,2.78,203,30.541871921182267,-20.400969666145706,-58.86749586657794,-0.289987664367379,0.6457667755331249,-1.8243909262133755,-44.90065049779163,1.7308932211248989,-1.1786019544419974,-0.289987664367379,-45.561489618602835,-19.619229513993062,72.90634218289085,-3.0442706996732563,0.002332451611680497
A_H1,EURAUD,BREAKOUT_RETEST,OOS_RANGING,2025-09-02,2026-08-17,0.95,86,30.23255813953488,-7.878778246325283,-26.68285440402195,-0.3102657488839762,0.6217100251850255,-2.1926211750637274,-24.054922670580893,1.6866383734865233,-1.175590868577859,-0.3102657488839762,-24.036247235410535,-25.064398970868474,90.26293103448276,-2.140218499296874,0.032337112827937275
A_H1,EURAUD,BREAKOUT_RETEST,ALL_RANGING,2023-12-08,2026-08-17,2.69,211,36.018957345971565,10.829535719199978,-32.3455095129234,-0.15329625361575072,0.7961566086903017,-0.97607953519495,-29.71782541865776,1.66227270142039,-1.175394332006467,-0.15329625361575072,-29.103984570586718,-11.997288158674724,78.40055951169889,-1.6012784314366117,0.10931526397462399
A_H1,EURAUD,MEAN_REVERSION,ALL,2023-12-08,2026-08-26,2.72,130,48.46153846153846,-3.999999999999848,-30.424672473352764,-0.23403594210271358,0.6239067641268521,-1.6056070346725964,-29.49976170242996,0.8011420616409989,-1.2074122739811297,-0.23403594210271358,-26.74261945085936,-10.82587027445323,47.86542338709677,-2.6460618177922153,0.008143493308665706
A_H1,EURAUD,MEAN_REVERSION,TRAIN,2023-12-08,2024-10-24,0.88,41,60.97560975609756,9.000000000000124,0.7730922090196302,0.01885590753706415,1.0399972446060544,0.1295473354407162,-5.164277689818409,0.8040691553888909,-1.208039792231415,0.01885590753706415,0.5764877594060414,0.6562170773017906,46.651869158878505,0.12144674758727579,0.9033371916545014
A_H1,EURAUD,MEAN_REVERSION,VALID,2024-12-04,2025-08-25,0.72,32,37.5,-7.999999999999938,-14.252527066062711,-0.44539147081445973,0.40234481907001796,-3.022749835553182,-13.614899733514429,0.7995734283273603,-1.1923704102995516,-0.44539147081445973,-13.440825073889574,-18.102383896054352,44.272727272727266,-2.5698575900166576,0.010174032921531628
A_H1,EURAUD,MEAN_REVERSION,OOS,2025-09-09,2026-08-26,0.96,57,45.614035087719294,-5.000000000000037,-16.94523761630968,-0.2972848704615733,0.5507694009318501,-2.2611776560686465,-17.07203361231392,0.7990515330281662,-1.2167928217755486,-0.2972848704615733,-15.85238486055982,-16.4828286712993,59.48357142857143,-2.213469770565174,0.026865275108054476
A_H1,EURAUD,MEAN_REVERSION,OOS_HIGH_VOLATILITY,2025-09-09,2026-08-26,0.96,21,52.38095238095239,1.0000000000000488,-2.6196786846928863,-0.12474660403299459,0.7791778994457351,-0.5627230555001584,-5.08516770852866,0.8403291525120967,-1.1863299362325952,-0.12474660403299459,-2.692447073703863,-2.8080983845378604,21.915000000000003,-0.5508503364194994,0.5817362747113721
A_H1,EURAUD,MEAN_REVERSION,ALL_HIGH_VOLATILITY,2024-02-01,2026-08-26,2.56,38,55.26315789473685,4.000000000000086,-2.76465218420834,-0.0727540048475879,0.862861868861175,-0.2759079347921177,-5.085167708528637,0.8283316524619642,-1.185859816818211,-0.0727540048475879,-2.913672202036288,-1.1472471841138754,14.828525641025642,-0.4416792559572155,0.6587213227857407
A_H1,EURAUD,MEAN_REVERSION,OOS_LOW_VOLATILITY,2025-09-30,2026-08-26,0.9,36,41.66666666666667,-6.000000000000087,-14.325558931616794,-0.3979321925449109,0.4459757570317583,-2.5139294018213114,-13.32020850215222,0.7687812787399506,-1.2312989577483837,-0.3979321925449109,-13.524066109055067,-14.897517083266953,39.96656534954408,-2.3859201995437975,0.01703644737147858
A_H1,EURAUD,MEAN_REVERSION,ALL_LOW_VOLATILITY,2023-12-08,2026-08-26,2.71,92,45.65217391304348,-7.999999999999936,-27.660020289144423,-0.30065239444722197,0.5445936118396484,-1.7445647962657838,-26.213717201891008,0.7875472662305159,-1.2147401094165218,-0.30065239444722197,-24.5440813235938,-9.859123259862058,33.90817356205852,-2.873616571673763,0.004058012907631525
A_H1,EURAUD,MEAN_REVERSION,OOS_RANGING,2025-09-09,2026-08-26,0.96,57,45.614035087719294,-5.000000000000037,-16.94523761630968,-0.2972848704615733,0.5507694009318501,-2.2611776560686465,-17.07203361231392,0.7990515330281662,-1.2167928217755486,-0.2972848704615733,-15.85238486055982,-16.4828286712993,59.48357142857143,-2.213469770565174,0.026865275108054476
A_H1,EURAUD,MEAN_REVERSION,ALL_RANGING,2023-12-08,2026-08-26,2.72,130,48.46153846153846,-3.999999999999848,-30.424672473352764,-0.23403594210271358,0.6239067641268521,-1.6056070346725964,-29.49976170242996,0.8011420616409989,-1.2074122739811297,-0.23403594210271358,-26.74261945085936,-10.82587027445323,47.86542338709677,-2.6460618177922153,0.008143493308665706
A_H1,EURAUD,MOMENTUM,ALL,2023-11-27,2026-09-11,2.79,435,30.804597701149426,-36.57468707517644,-123.90415731090876,-0.2848371432434684,0.6481506461204705,-2.6361234269654705,-73.73629869498161,1.703335823931442,-1.169937401055555,-0.2848371432434684,-72.2029880909779,-36.801484056057,155.9212463199215,-4.4030915994223,1.0671908017956255e-05
A_H1,EURAUD,MOMENTUM,TRAIN,2023-11-27,2024-10-30,0.93,145,29.655172413793103,-20.4044336148623,-49.60759408118477,-0.34212133849092946,0.590272909548693,-3.2244936849355,-44.50630280636118,1.6620262595562767,-1.1870070906088694,-0.34212133849092946,-39.926993601558735,-42.345101813767386,156.69008875739644,-3.1018783998731925,0.00192296931182101
A_H1,EURAUD,MOMENTUM,VALID,2024-11-04,2025-08-29,0.82,128,33.59375,-1.6688100841537121,-24.519239383861187,-0.19155655768641552,0.749609973596294,-1.7391946678273138,-24.50566582809117,1.707091769302659,-1.152049240751477,-0.19155655768641552,-22.70032038475679,-27.06388500960699,156.88590604026845,-1.5709458488260657,0.11619522755915979
A_H1,EURAUD,MOMENTUM,OOS,2025-09-02,2026-09-11,1.02,161,29.81366459627329,-13.501443376160408,-48.58827983980867,-0.301790558011234,0.6318043363851727,-2.8017364818910075,-40.98681538430644,1.7369776076224799,-1.167815973501661,-0.301790558011234,-39.41906790820765,-38.70453294230519,157.2332887700535,-2.8350973364913474,0.0045811725379347745
A_H1,EURAUD,MOMENTUM,OOS_HIGH_VOLATILITY,2025-09-11,2026-09-11,1.0,70,30.0,-4.344153180888219,-17.92163618841804,-0.2560233741202577,0.6732380935570885,-1.588126511939266,-23.99934543752552,1.7583107139090517,-1.1193094118471045,-0.2560233741202577,-16.948843203176867,-16.959406719301086,70.04794520547945,-1.587582912227315,0.11238068470938689
A_H1,EURAUD,MOMENTUM,ALL_HIGH_VOLATILITY,2023-12-01,2026-09-11,2.78,178,32.58426966292135,-2.741642005849444,-35.10032057608692,-0.19719281222520743,0.7426543093688014,-1.1499419919176948,-38.70101273948487,1.7464368829792485,-1.1366138315740277,-0.19719281222520743,-30.786581497365283,-12.402416613067347,64.0536945812808,-1.9169634923310979,0.0552425698265917
A_H1,EURAUD,MOMENTUM,OOS_LOW_VOLATILITY,2025-09-02,2026-09-08,1.02,91,29.67032967032967,-9.157290195272193,-30.666643651390643,-0.33699608408121584,0.6023363691052479,-2.348528120353058,-30.492868769362058,1.7203851916218136,-1.2049538097684314,-0.33699608408121584,-27.05588407395938,-26.69835325746176,89.58962264150944,-2.3669419515048133,0.017935745699700467
A_H1,EURAUD,MOMENTUM,ALL_LOW_VOLATILITY,2023-12-11,2026-09-08,2.74,253,29.64426877470356,-32.83304506932698,-87.07468522123594,-0.3441687162894701,0.589743678663401,-2.4807387478377145,-59.41694010345717,1.6689320801046983,-1.1923853439836423,-0.3441687162894701,-59.12330494552812,-27.85050534533704,92.31593406593407,-4.106794356895005,4.011881056986688e-05
A_H1,EURAUD,MOMENTUM,OOS_TRENDING,2025-09-11,2026-09-11,1.0,49,24.489795918367346,-9.437824128314029,-20.210791265294375,-0.41246512786315054,0.5135444967995151,-2.2456176323816277,-19.167357251272076,1.7780215871011942,-1.1228932516353702,-0.41246512786315054,-18.65680843859011,-18.668312285082976,49.03356164383562,-2.244848980080355,0.02477782918454774
A_H1,EURAUD,MOMENTUM,ALL_TRENDING,2023-11-27,2026-09-11,2.79,161,27.95031055900621,-21.623847521130983,-52.674173741402456,-0.32716878100249974,0.6045356031201123,-1.8588866973882263,-43.913567073444824,1.7893681815241163,-1.1482391543964456,-0.32716878100249974,-41.834720121358394,-17.653303067356685,57.70878312070657,-3.104880567360161,0.0019035587065254767
A_H1,EURAUD,MOMENTUM,OOS_RANGING,2025-09-02,2026-08-17,0.96,73,31.506849315068493,-3.124883889759513,-19.246201442430504,-0.26364659510178773,0.6736361592259058,-1.673158214443654,-21.79480852144279,1.7271917172078983,-1.1794322187642434,-0.26364659510178773,-18.088702918345014,-18.846182954656776,76.3989971346705,-1.6355152995617974,0.10194107007840447
A_H1,EURAUD,MOMENTUM,ALL_RANGING,2023-12-11,2026-08-17,2.68,180,31.11111111111111,-15.673101481988525,-53.31748448242686,-0.2962082471245937,0.6374609034245619,-1.799751594370266,-45.500963972910505,1.6740958890238813,-1.186023018288421,-0.2962082471245937,-42.31685311859664,-18.54045751849115,67.08673469387755,-2.948020454595016,0.003198159027940628
A_H1,EURAUD,TREND_PULLBACK,ALL,2023-11-27,2026-09-11,2.79,241,29.045643153526974,-42.77885968750006,-88.78098122348541,-0.3683858142053337,0.5631554366976521,-2.626201987053932,-61.148539387207926,1.635020667089701,-1.1884937305249383,-0.3683858142053337,-59.74123647954733,-27.85152040199055,86.46881139489194,-4.384367020447664,1.163235138368357e-05
A_H1,EURAUD,TREND_PULLBACK,TRAIN,2023-11-27,2024-10-29,0.92,75,33.33333333333333,-2.7465626872587254,-17.175556210524153,-0.22900741614032205,0.7107540559689545,-1.500629979878569,-22.657637390650375,1.6881960134027036,-1.187609130911835,-0.22900741614032205,-16.384580844962983,-17.629481188251116,81.28709198813057,-1.4414296684639059,0.1494633335760911
A_H1,EURAUD,TREND_PULLBACK,VALID,2024-11-04,2025-08-29,0.82,81,30.864197530864196,-10.195431279120259,-24.177319696225698,-0.2984854283484654,0.6326950461110521,-2.2188330721559275,-23.31543509613263,1.6658496149409479,-1.175420715531239,-0.2984854283484654,-22.065974197593253,-26.3295971724783,99.27936241610738,-2.0041842747228538,0.04505032443533086
A_H1,EURAUD,TREND_PULLBACK,OOS,2025-09-11,2026-09-11,1.0,84,23.809523809523807,-28.836865721121065,-46.24074772218588,-0.5504850919307843,0.39822860971199564,-4.211292415913905,-38.87186194825178,1.5300152993843885,-1.2006414642167758,-0.5504850919307843,-37.477773298985674,-37.497882011686414,84.05753424657534,-4.20985093292938,2.555392343506213e-05
A_H1,EURAUD,TREND_PULLBACK,OOS_HIGH_VOLATILITY,2025-09-11,2026-09-11,1.0,58,27.586206896551722,-13.23507578767817,-24.52843930462745,-0.4229041259418526,0.5078675164281311,-2.5325918965559744,-28.109197405733134,1.5820431956002072,-1.1866935817673991,-0.4229041259418526,-22.152150424318062,-22.16550146045886,58.03972602739726,-2.5317250158540237,0.011350296517446123
A_H1,EURAUD,TREND_PULLBACK,ALL_HIGH_VOLATILITY,2023-12-04,2026-09-11,2.77,146,28.08219178082192,-31.336187962023587,-57.69333015360511,-0.39515979557263775,0.533975396077113,-2.240581417953677,-47.292381971324524,1.6123308051713692,-1.1790370777679167,-0.39515979557263775,-44.56498882902514,-19.195533384822205,52.746290801186944,-3.7277020744122282,0.00019323361205403344
A_H1,EURAUD,TREND_PULLBACK,OOS_LOW_VOLATILITY,2025-09-12,2026-09-09,0.99,26,15.384615384615385,-15.601789933442898,-21.71230841755843,-0.8350887852907088,0.19583814383852383,-4.373309628845606,-19.37988665933881,1.321903714521115,-1.2272692398019496,-0.8350887852907088,-19.686636121873047,-19.844558431907455,26.233425414364643,-4.353809265821231,1.33792123993004e-05
A_H1,EURAUD,TREND_PULLBACK,ALL_LOW_VOLATILITY,2023-12-21,2026-09-09,2.72,90,28.888888888888886,-15.44267172547643,-34.203954095670525,-0.38004393439633916,0.5565302674032447,-1.6574945364182125,-32.64383737916836,1.6509266256110782,-1.2051257243993523,-0.38004393439633916,-29.56138651367668,-12.093489358151821,33.10422960725075,-2.7329495672004027,0.006276994284994508
A_H1,EURAUD,TREND_PULLBACK,OOS_TRENDING,2025-09-11,2026-09-11,1.0,84,23.809523809523807,-28.836865721121065,-46.24074772218588,-0.5504850919307843,0.39822860971199564,-4.211292415913905,-38.87186194825178,1.5300152993843885,-1.2006414642167758,-0.5504850919307843,-37.477773298985674,-37.497882011686414,84.05753424657534,-4.20985093292938,2.555392343506213e-05
A_H1,EURAUD,TREND_PULLBACK,ALL_TRENDING,2023-11-27,2026-09-11,2.79,241,29.045643153526974,-42.77885968750006,-88.78098122348541,-0.3683858142053337,0.5631554366976521,-2.626201987053932,-61.148539387207926,1.635020667089701,-1.1884937305249383,-0.3683858142053337,-59.74123647954733,-27.85152040199055,86.46881139489194,-4.384367020447664,1.163235138368357e-05
A_H1,EURCHF,BREAKOUT_RETEST,ALL,2023-11-28,2026-09-11,2.79,404,31.435643564356436,-48.572764798339094,-130.7454250939453,-0.32362728983649824,0.58936836054581,-3.057144309862624,-74.74810414843512,1.4776010433010918,-1.1494612187479565,-0.32362728983649824,-73.87478102647285,-38.220282749316084,144.95186640471513,-5.103812560871261,3.3287799183767675e-07
A_H1,EURCHF,BREAKOUT_RETEST,TRAIN,2023-11-28,2024-10-29,0.92,143,34.26573426573427,0.5420425080246432,-27.04070611734737,-0.18909584697445714,0.7468795513920548,-1.744197476444315,-26.7815461344307,1.6283407289602052,-1.136482998259547,-0.18909584697445714,-24.69357189415815,-26.530034004946668,155.44866071428572,-1.6729007666798457,0.09434683286054302
A_H1,EURCHF,BREAKOUT_RETEST,VALID,2024-11-01,2025-08-28,0.82,123,25.203252032520325,-37.29314129879131,-59.92332365869354,-0.4871814931601101,0.43399469184214434,-4.989967053182206,-45.56444781544522,1.482170323150371,-1.1507674312647287,-0.4871814931601101,-45.63251863968841,-52.381523848386024,149.7525,-4.522339819949373,6.115976652232291e-06
A_H1,EURCHF,BREAKOUT_RETEST,OOS,2025-09-01,2026-09-11,1.03,138,34.05797101449276,-11.821666007572421,-43.7813953179044,-0.31725648781090143,0.585798639497006,-2.935158290984308,-36.881255070869834,1.3174331226069593,-1.1615467261585877,-0.31725648781090143,-36.190010061622615,-35.44029004753815,134.412,-2.9740759083034605,0.0029387236694056185
A_H1,EURCHF,BREAKOUT_RETEST,OOS_HIGH_VOLATILITY,2025-10-01,2026-09-11,0.94,68,35.294117647058826,-6.626252123188978,-21.51268288695426,-0.3163629836316803,0.5576101206795612,-2.267991400801269,-20.617068105081803,1.1298188036423922,-1.1051894130539015,-0.3163629836316803,-19.760894581048472,-20.79110465588029,71.99130434782609,-2.2042245686999764,0.027508554749735126
A_H1,EURCHF,BREAKOUT_RETEST,ALL_HIGH_VOLATILITY,2023-12-06,2026-09-11,2.77,196,31.122448979591837,-30.868443841741087,-67.47799477465367,-0.3442754835441514,0.5531035568508316,-2.363270833893176,-50.7875963068164,1.369089647353149,-1.1184626908384872,-0.3442754835441514,-49.87230694446608,-22.09990155132363,70.88019801980198,-3.9298780138523757,8.498896753161844e-05
A_H1,EURCHF,BREAKOUT_RETEST,OOS_LOW_VOLATILITY,2025-09-01,2026-09-09,1.02,70,32.857142857142854,-5.195413884383444,-22.268712430950135,-0.3181244632992876,0.6098165585413948,-1.98658249255185,-21.271832354737164,1.513204585874334,-1.2143067639587197,-0.3181244632992876,-20.475197716615835,-20.09574561642732,68.5455764075067,-2.007547858684659,0.04469136008758712
A_H1,EURCHF,BREAKOUT_RETEST,ALL_LOW_VOLATILITY,2023-12-07,2026-09-09,2.76,204,31.372549019607842,-19.704320956597982,-64.37233235643173,-0.3155506488060379,0.609717465025889,-2.065352103456408,-49.50009288634741,1.571335017942959,-1.1781269536055794,-0.3155506488060379,-48.431122395220584,-21.35342015817493,73.99304865938431,-3.4293651036574735,0.0006049950891657829
A_H1,EURCHF,BREAKOUT_RETEST,OOS_TRENDING,2025-09-10,2026-08-21,0.94,47,31.914893617021278,-8.889468943138825,-19.65064892451978,-0.41809891328765486,0.4865176552828225,-2.395773704445501,-17.73605800395892,1.2412484723707589,-1.1959180003150363,-0.41809891328765486,-18.160797196276988,-19.16773804798443,49.903343023255815,-2.3250371837859762,0.02006997200846139
A_H1,EURCHF,BREAKOUT_RETEST,ALL_TRENDING,2023-11-28,2026-08-21,2.73,158,33.54430379746836,-12.769377374252052,-44.160426266405786,-0.27949636877472017,0.6384928258908161,-1.6307904146489212,-37.70871501108917,1.4716227358503446,-1.163394583490229,-0.27949636877472017,-36.590859062736094,-15.385312795761552,57.941265060240966,-2.692977389382531,0.0070817071433064704
A_H1,EURCHF,BREAKOUT_RETEST,OOS_RANGING,2025-09-01,2026-09-11,1.03,53,33.9622641509434,-3.2476328723738117,-15.850222482323971,-0.29906080155328246,0.6139224795175441,-1.6744255778569572,-15.96277997807405,1.4002380597170536,-1.1729859302065981,-0.29906080155328246,-15.042446264271735,-14.681591261215111,51.62200000000001,-1.6966269882778526,0.08976720409864081
A_H1,EURCHF,BREAKOUT_RETEST,ALL_RANGING,2023-12-13,2026-09-11,2.74,152,32.89473684210527,-9.915016827122825,-41.540725171360194,-0.2732942445484223,0.6480384056160174,-1.552955091029283,-39.33866183923722,1.5297115218095245,-1.1571206006062393,-0.2732942445484223,-34.878296330459726,-14.473808488688844,55.40718562874252,-2.5721580164969726,0.010106675092968587
A_H1,EURCHF,MEAN_REVERSION,ALL,2023-12-13,2026-09-11,2.74,112,53.57142857142857,9.451339431015391,-14.320487929959356,-0.12786149937463712,0.7657444967639417,-0.8253376211974892,-17.842776079898027,0.7801904808963094,-1.1756137843026524,-0.12786149937463712,-13.821979278428454,-5.278040021273355,40.82634730538923,-1.3670059043836404,0.17162345482634445
A_H1,EURCHF,MEAN_REVERSION,TRAIN,2023-12-13,2024-10-30,0.88,34,47.05882352941176,-2.00000000000008,-8.73741804675416,-0.2569828837280635,0.5945640791523772,-1.5780485299467755,-10.389156843262448,0.800828603240948,-1.1972597610338516,-0.2569828837280635,-8.532545590983098,-9.650204421715669,38.68691588785047,-1.4793732410237073,0.1390405878058174
A_H1,EURCHF,MEAN_REVERSION,VALID,2024-11-01,2025-08-27,0.82,39,66.66666666666666,13.94038458666411,6.411000338638112,0.1643846240676439,1.4380831016923874,1.211179392192306,-5.85839249211495,0.8094311871531462,-1.1257085021033606,0.1643846240676439,6.437469533896967,7.919004392810591,47.641304347826086,1.0958445566179547,0.2731468057399271
A_H1,EURCHF,MEAN_REVERSION,OOS,2025-09-05,2026-09-11,1.02,39,46.15384615384615,-2.4890451556486406,-11.99407022184331,-0.3075402620985464,0.5192185220577097,-1.9470577310090966,-13.89239459262016,0.7196089075523112,-1.187953836084996,-0.3075402620985464,-11.481227742316236,-11.313756070004267,38.3955525606469,-1.9623237999953735,0.04972479801397123
A_H1,EURCHF,MEAN_REVERSION,OOS_HIGH_VOLATILITY,2025-10-06,2026-09-11,0.93,8,25.0,-3.027324656635779,-4.865314545413188,-0.6081643181766485,0.23965219258322912,-1.949577581072947,-4.81956458490721,0.7667433818062124,-1.0664668848376022,-0.6081643181766485,-4.791088501281737,-5.137602137676723,8.594117647058823,-1.88098299054953,0.05997423269355906
A_H1,EURCHF,MEAN_REVERSION,ALL_HIGH_VOLATILITY,2023-12-27,2026-09-11,2.7,33,42.42424242424242,-3.0869400699717597,-9.229535978010892,-0.2796829084245725,0.5539960657687778,-0.9924891552635876,-10.068208707278004,0.8188791667920612,-1.0891497006894604,-0.2796829084245725,-8.970046250977292,-3.414706091491626,12.199645748987855,-1.632334388375036,0.1026090626979359
A_H1,EURCHF,MEAN_REVERSION,OOS_LOW_VOLATILITY,2025-09-05,2026-09-11,1.01,31,51.61290322580645,0.5382795009871387,-7.128755676430124,-0.229959860530004,0.6156638145440773,-1.2798816770504047,-9.78053070288556,0.7137170982705737,-1.2365486165839537,-0.229959860530004,-7.026799420057017,-6.939796184662961,30.602027027027024,-1.2881770911478527,0.1976843246524833
A_H1,EURCHF,MEAN_REVERSION,ALL_LOW_VOLATILITY,2023-12-13,2026-09-11,2.74,79,58.22784810126582,12.538279500987155,-5.090951951948465,-0.06444242977149957,0.8741049797651711,-0.34877394549424523,-10.510090510981929,0.7684156634497762,-1.225396135473884,-0.06444242977149957,-5.330040088593602,-1.9768068201404532,28.797155688622755,-0.5776739488671956,0.5634842705415033
A_H1,EURCHF,MEAN_REVERSION,OOS_RANGING,2025-09-05,2026-09-11,1.02,39,46.15384615384615,-2.4890451556486406,-11.99407022184331,-0.3075402620985464,0.5192185220577097,-1.9470577310090966,-13.89239459262016,0.7196089075523112,-1.187953836084996,-0.3075402620985464,-11.481227742316236,-11.313756070004267,38.3955525606469,-1.9623237999953735,0.04972479801397123
A_H1,EURCHF,MEAN_REVERSION,ALL_RANGING,2023-12-13,2026-09-11,2.74,112,53.57142857142857,9.451339431015391,-14.320487929959356,-0.12786149937463712,0.7657444967639417,-0.8253376211974892,-17.842776079898027,0.7801904808963094,-1.1756137843026524,-0.12786149937463712,-13.821979278428454,-5.278040021273355,40.82634730538923,-1.3670059043836404,0.17162345482634445
A_H1,EURCHF,MOMENTUM,ALL,2023-11-29,2026-09-09,2.78,384,35.41666666666667,-2.850438019616922,-85.0353908345588,-0.2214463302983302,0.704279783902175,-1.975093039418954,-64.72777064872469,1.489103934695568,-1.1594900240046615,-0.2214463302983302,-58.70824023812439,-27.26095580405634,138.1832512315271,-3.2924976017350196,0.0009930174474872544
A_H1,EURCHF,MOMENTUM,TRAIN,2023-11-29,2024-10-28,0.91,128,41.40625,17.547807736948727,-8.789618808819537,-0.06866889694390263,0.9020276536480285,-0.5865949901135918,-16.919369480831413,1.5268997152458563,-1.196204049557999,-0.06866889694390263,-9.522801567352479,-10.365990862473373,139.9760479041916,-0.5609400780822502,0.5748383872039278
A_H1,EURCHF,MOMENTUM,VALID,2024-11-04,2025-08-28,0.81,123,26.82926829268293,-25.106946149937578,-48.894194569343725,-0.39751377698653434,0.518212039130631,-3.908800976756187,-40.013433806008166,1.5936572081707907,-1.1276098048775534,-0.39751377698653434,-39.313689650900564,-45.8940007015196,151.26515151515153,-3.5247366191240475,0.00042390403738590265
A_H1,EURCHF,MOMENTUM,OOS,2025-09-02,2026-09-09,1.02,131,38.16793893129771,6.708700393371968,-24.925250361995083,-0.1902690867327869,0.7346317140860303,-1.651556563513373,-28.05747821148785,1.380035246818615,-1.1595927494188374,-0.1902690867327869,-22.9388672141705,-22.57365134017536,128.62298387096774,-1.666747490457026,0.09556462538983057
A_H1,EURCHF,MOMENTUM,OOS_HIGH_VOLATILITY,2025-09-30,2026-09-04,0.93,58,34.48275862068966,-4.27689960942134,-17.448768678236657,-0.3008408392799424,0.6049887839703404,-1.8761368380530292,-20.24342430048909,1.3362037476466917,-1.1624432534518552,-0.3008408392799424,-16.4178830241022,-17.61767489456564,62.67603550295858,-1.8047944582280957,0.0711068519233582
A_H1,EURCHF,MOMENTUM,ALL_HIGH_VOLATILITY,2023-12-01,2026-09-04,2.76,166,31.32530120481928,-21.168297015119855,-53.45265539778777,-0.3220039481794444,0.5913134189483819,-1.9586949324773713,-46.875519396521234,1.487281917271366,-1.1472922376833228,-0.3220039481794444,-42.23491154646568,-18.032971827024745,60.15029761904762,-3.253883153860176,0.0011383909317168595
A_H1,EURCHF,MOMENTUM,OOS_LOW_VOLATILITY,2025-09-02,2026-09-09,1.02,73,41.0958904109589,10.985600002793305,-7.476481683758425,-0.10241755731175924,0.8497315536919957,-0.648296953800182,-19.126074111742064,1.4092562462665639,-1.1570736993431476,-0.10241755731175924,-7.801889238996895,-7.665894430273346,71.67540322580645,-0.6542599537243391,0.5129443414701287
A_H1,EURCHF,MOMENTUM,ALL_LOW_VOLATILITY,2023-12-07,2026-09-09,2.76,217,38.24884792626728,16.317858995502906,-33.336092899530016,-0.15362254792410146,0.7873461166614648,-1.0136490161803715,-42.54769120525806,1.4870616621412915,-1.1698672452034122,-0.15362254792410146,-29.749535353462363,-12.021211990480774,78.70829195630586,-1.6830895601908513,0.09235775517324196
A_H1,EURCHF,MOMENTUM,OOS_TRENDING,2025-09-09,2026-08-20,0.94,58,36.206896551724135,-2.055131142793634,-15.92038238934259,-0.2744893515403895,0.6307623157173534,-1.6945576558045297,-16.22233160347779,1.295072019546358,-1.165321481076111,-0.2744893515403895,-15.126826369724732,-15.93996305963361,61.404347826086955,-1.646913483306578,0.09957583007571102
A_H1,EURCHF,MOMENTUM,ALL_TRENDING,2023-11-29,2026-08-20,2.72,162,36.41975308641975,1.227857918110522,-33.79368719623925,-0.20860300738419288,0.7182135348552202,-1.2190800087956206,-33.58405239099581,1.459879547536007,-1.1643357330180937,-0.20860300738419288,-29.691980910455797,-12.130589176396745,59.4678391959799,-2.0120957214680875,0.04420984761408753
A_H1,EURCHF,MOMENTUM,OOS_RANGING,2025-09-02,2026-09-09,1.02,41,39.02439024390244,6.944718648050875,-2.9375773457930423,-0.07164822794617176,0.9000944536409883,-0.3206112092310197,-10.411486578278984,1.6541230520051302,-1.1761418471150051,-0.07164822794617176,-3.284495259928788,-3.2258694391677722,40.256048387096776,-0.32356017359853967,0.7462710440494755
A_H1,EURCHF,MOMENTUM,ALL_RANGING,2023-12-19,2026-09-09,2.72,138,32.608695652173914,-4.891520938890323,-34.07786805289544,-0.2469410728470684,0.68200033209887,-1.3119505290367632,-38.07067093163836,1.6241189099132514,-1.1522926774085134,-0.2469410728470684,-29.77545949020336,-12.16890148337062,50.65778894472362,-2.16537883256785,0.03035868571952971
A_H1,EURCHF,TREND_PULLBACK,ALL,2023-11-27,2026-08-20,2.73,245,31.83673469387755,-28.523573536182262,-80.99952440360305,-0.3306103036881757,0.5873088093008347,-2.4287215569994594,-58.4818434359524,1.477846007748829,-1.1752785210060581,-0.3306103036881757,-56.465171222634034,-26.262531995149317,89.75551654964895,-4.012639966015391,6.004345555687962e-05
A_H1,EURCHF,TREND_PULLBACK,TRAIN,2023-11-27,2024-09-23,0.82,102,39.21568627450981,7.999233543839875,-12.55485913914203,-0.12308685430531402,0.8284587240039335,-1.0040562666063586,-21.917194217965775,1.5158425460676377,-1.1804606609975412,-0.12308685430531402,-12.630735336133526,-15.159309685554035,124.185,-0.909962648560565,0.3628422083742331
A_H1,EURCHF,TREND_PULLBACK,VALID,2024-11-12,2025-08-28,0.79,54,25.925925925925924,-9.534303773911978,-20.049502028553903,-0.37128707460285004,0.54597509205042,-2.4027925682668436,-20.293000426769613,1.722140998361958,-1.103986900140533,-0.37128707460285004,-18.55128281528663,-22.913060297199316,68.484375,-2.133621660222868,0.032873763457288874
A_H1,EURCHF,TREND_PULLBACK,OOS,2025-09-09,2026-08-20,0.94,89,26.96629213483146,-26.988503306110164,-48.39516323590711,-0.5437658790551361,0.38680902468980927,-4.480495193760577,-38.90417904102812,1.2720130326931554,-1.2142073233929669,-0.5437658790551361,-38.822192076058315,-40.56149163429584,94.22391304347826,-4.354521618794534,1.3335782006240748e-05
A_H1,EURCHF,TREND_PULLBACK,OOS_HIGH_VOLATILITY,2025-10-08,2026-08-20,0.87,48,29.166666666666668,-10.944156340142328,-21.675445535505396,-0.4515717819896958,0.4674684432571067,-2.712734179589817,-22.234100383404776,1.3590860288114786,-1.1971367629078262,-0.4515717819896958,-19.817005565973766,-22.530087058311732,55.48101265822785,-2.523223195583464,0.011628456873068238
A_H1,EURCHF,TREND_PULLBACK,ALL_HIGH_VOLATILITY,2023-12-01,2026-08-20,2.72,130,28.46153846153846,-25.983113738660773,-51.64341217864161,-0.3972570167587816,0.5239941738653419,-2.1693373724606744,-44.077072034409525,1.536481710504706,-1.1665939297560832,-0.3972570167587816,-41.0097411308028,-17.64550346518028,47.81722054380664,-3.576898446971504,0.0003476951720271515
A_H1,EURCHF,TREND_PULLBACK,OOS_LOW_VOLATILITY,2025-09-09,2026-08-14,0.93,41,24.390243902439025,-16.044346965967836,-26.71971770040172,-0.6517004317171151,0.30091208276601644,-3.9198912274603663,-23.385821417699447,1.1501108381275034,-1.2329298736024756,-0.6517004317171151,-23.702265853543057,-25.34832164218748,44.305473372781066,-3.770832607028332,0.00016270378818816766
A_H1,EURCHF,TREND_PULLBACK,ALL_LOW_VOLATILITY,2023-12-08,2026-08-14,2.68,113,35.39823008849557,-3.54045979752148,-29.904637039571245,-0.26464280565992254,0.6544976122320317,-1.3094336566536984,-28.434894101598395,1.4162357649326447,-1.1856721594092743,-0.26464280565992254,-26.586727812219902,-10.880315811647002,42.115561224489795,-2.144872223380888,0.031963064641078454
A_H1,EURCHF,TREND_PULLBACK,OOS_TRENDING,2025-09-09,2026-08-20,0.94,89,26.96629213483146,-26.988503306110164,-48.39516323590711,-0.5437658790551361,0.38680902468980927,-4.480495193760577,-38.90417904102812,1.2720130326931554,-1.2142073233929669,-0.5437658790551361,-38.822192076058315,-40.56149163429584,94.22391304347826,-4.354521618794534,1.3335782006240748e-05
A_H1,EURCHF,TREND_PULLBACK,ALL_TRENDING,2023-11-27,2026-08-20,2.73,245,31.83673469387755,-28.523573536182262,-80.99952440360305,-0.3306103036881757,0.5873088093008347,-2.4287215569994594,-58.4818434359524,1.477846007748829,-1.1752785210060581,-0.3306103036881757,-56.465171222634034,-26.262531995149317,89.75551654964895,-4.012639966015391,6.004345555687962e-05
A_H1,EURGBP,BREAKOUT_RETEST,ALL,2023-11-28,2026-09-11,2.78,496,28.830645161290324,-76.92357207074026,-216.99801802526463,-0.43749600408319483,0.5129949359515822,-4.423951247718708,-89.57280185221619,1.5984510105530858,-1.2622564094457676,-0.43749600408319483,-89.11598392457064,-54.91126110707347,178.13569321533922,-7.382028142491355,1.5587531265737198e-13
A_H1,EURGBP,BREAKOUT_RETEST,TRAIN,2023-11-28,2024-10-30,0.92,163,28.22085889570552,-26.46231945570746,-74.89545206755551,-0.45948130102794793,0.5000627268814719,-4.61790315751169,-54.250559732062875,1.628570570824694,-1.2804247720127473,-0.45948130102794793,-53.46191584653794,-56.45983764067548,177.18973214285714,-4.4291393818566975,9.460986643450298e-06
A_H1,EURGBP,BREAKOUT_RETEST,VALID,2024-11-01,2025-08-28,0.82,161,27.95031055900621,-28.633653883679195,-65.60553731350933,-0.4074878094006791,0.5361511098220898,-4.306796749915361,-50.56091399091962,1.685150410256395,-1.219287118750406,-0.4074878094006791,-48.9019898023252,-55.84480000560303,196.0175,-3.9031917908455958,9.493241694258359e-05
A_H1,EURGBP,BREAKOUT_RETEST,OOS,2025-09-01,2026-09-11,1.02,171,30.409356725146196,-20.827598731353625,-75.34759591865888,-0.44062921589858994,0.5081109891722831,-4.3103792581304115,-54.67762877242741,1.496778457492646,-1.2872275269603066,-0.44062921589858994,-53.69823788471828,-52.85657763730751,166.99933155080214,-4.361703833668563,1.2905348685254836e-05
A_H1,EURGBP,BREAKOUT_RETEST,OOS_HIGH_VOLATILITY,2025-09-02,2026-09-11,1.02,78,32.05128205128205,-6.899010882849119,-28.63422628763678,-0.36710546522611254,0.5504947508928097,-2.4961183839358,-29.592007800232846,1.4026969694818456,-1.2019179344279793,-0.36710546522611254,-25.41501644895835,-24.95921279575001,76.37935656836461,-2.522461128838795,0.011653682908991714
A_H1,EURGBP,BREAKOUT_RETEST,ALL_HIGH_VOLATILITY,2023-12-06,2026-09-11,2.77,243,29.629629629629626,-35.37451584053011,-96.55557120189943,-0.3973480296374462,0.539220405425341,-2.8432399712994885,-63.23973578579805,1.5693431686991746,-1.2254285342002338,-0.3973480296374462,-62.77693119397553,-30.049433725634245,87.87698019801981,-4.728017665630442,2.2672246346999714e-06
A_H1,EURGBP,BREAKOUT_RETEST,OOS_LOW_VOLATILITY,2025-09-01,2026-08-31,1.0,93,29.03225806451613,-13.928587848504511,-46.71336963102211,-0.5022942971077646,0.47793706097112554,-3.583389669221077,-37.53271994593624,1.5838909463915354,-1.355733714902933,-0.5022942971077646,-37.92079865031348,-38.0223529557537,93.31936813186813,-3.5772526726479246,0.00034722449910429276
A_H1,EURGBP,BREAKOUT_RETEST,ALL_LOW_VOLATILITY,2023-12-27,2026-08-31,2.68,251,27.88844621513944,-42.54905623021011,-120.9598310248337,-0.4819116773897757,0.48488667152744236,-3.513582531783211,-70.53072058667334,1.6265993357248487,-1.2973579255556527,-0.4819116773897757,-70.90450926965306,-36.93956159843729,93.74003067484662,-5.749425811662929,8.954703423214028e-09
A_H1,EURGBP,BREAKOUT_RETEST,OOS_TRENDING,2025-09-03,2026-08-20,0.96,58,27.586206896551722,-14.247738051805324,-33.40811585141609,-0.5760019974382085,0.38570367690721896,-3.6428479990359017,-29.16241212878371,1.311015612298331,-1.2948658487664138,-0.5760019974382085,-28.777320607506596,-29.75185460743688,60.35470085470085,-3.571079315799607,0.0003555132070174327
A_H1,EURGBP,BREAKOUT_RETEST,ALL_TRENDING,2023-11-28,2026-08-20,2.72,202,31.18811881188119,-18.771585709679105,-74.21757098294069,-0.3674137177373301,0.5747416275730842,-2.3465269583881736,-54.10895437628831,1.592157283292375,-1.2555646030961172,-0.3674137177373301,-53.31786945110616,-24.395084569658497,74.15125628140703,-3.872950765509535,0.00010752555541637676
A_H1,EURGBP,BREAKOUT_RETEST,OOS_RANGING,2025-09-05,2026-09-08,1.0,71,30.985915492957744,-8.275505889575589,-30.18559610681725,-0.425149240941088,0.5290596098769076,-2.6435492526415647,-29.179639801717382,1.5414013820305825,-1.3080903369691852,-0.425149240941088,-26.57460486757788,-26.466372655818205,70.66144414168937,-2.649874623081906,0.008052164622566416
A_H1,EURGBP,BREAKOUT_RETEST,ALL_RANGING,2023-12-12,2026-09-08,2.74,186,29.56989247311828,-27.59338411425911,-80.94015992944348,-0.4351621501582983,0.5205912522086498,-2.6777997757399654,-57.73452107507493,1.5980570539236667,-1.2888038007270621,-0.4351621501582983,-56.296995640731396,-26.068771635916466,67.86863136863137,-4.433023436058739,9.29207610811389e-06
A_H1,EURGBP,MEAN_REVERSION,ALL,2023-12-12,2026-09-03,2.72,125,55.2,13.757484902616708,-22.76378632828379,-0.18211029062627032,0.6819694967703684,-1.2371337237755275,-23.094112013895483,0.707443210965296,-1.2781672836587359,-0.18211029062627032,-20.867142352598613,-8.232630984011102,45.8856783919598,-2.041893439752028,0.04116210266401277
A_H1,EURGBP,MEAN_REVERSION,TRAIN,2023-12-12,2024-10-29,0.88,37,54.054054054054056,3.0000000000002123,-8.566426126818282,-0.23152503045454817,0.6211874173734697,-1.4578270558552886,-12.034716793483469,0.7023732006131864,-1.3302288317107065,-0.23152503045454817,-8.394615812153639,-9.46711666061878,41.96972049689441,-1.3687963220785127,0.17106295089491974
A_H1,EURGBP,MEAN_REVERSION,VALID,2024-11-06,2025-08-25,0.8,39,43.58974358974359,-4.999999999999867,-14.67686476367412,-0.37632986573523386,0.46061079905131386,-2.6477442995350504,-12.780278357193486,0.737252475956775,-1.2368253115881498,-0.37632986573523386,-13.836976405528144,-16.996618160668366,48.7833904109589,-2.3674038803459774,0.01791337245667446
A_H1,EURGBP,MEAN_REVERSION,OOS,2025-09-02,2026-09-03,1.0,49,65.3061224489796,15.757484902616365,0.4795045622086167,0.009785807392012586,1.0220428211680506,0.07127331840707979,-7.612258357239332,0.6947757954086413,-1.2796071112275238,0.009785807392012586,0.25704920314422175,0.2572254904854354,49.03356164383562,0.07124892226794062,0.9431996459797845
A_H1,EURGBP,MEAN_REVERSION,OOS_HIGH_VOLATILITY,2025-09-19,2026-09-03,0.95,20,75.0,10.757484902616188,5.357221870033087,0.2678610935016544,1.9406683921749142,1.4369483488518435,-3.3787566226586185,0.7368229682586652,-1.1390245307693785,0.2678610935016544,5.422552559631755,5.698863735031567,20.991379310344826,1.4026059192178644,0.1607343857386625
A_H1,EURGBP,MEAN_REVERSION,ALL_HIGH_VOLATILITY,2023-12-12,2026-09-03,2.72,45,55.55555555555556,5.757484902616399,-5.912627561817211,-0.13139172359593804,0.7550743820087037,-0.5438857848126456,-12.16196369445186,0.729115008695482,-1.207025138960213,-0.13139172359593804,-5.945460588218198,-2.224938408228294,16.518844221105528,-0.8976853468953124,0.36935332360791095
A_H1,EURGBP,MEAN_REVERSION,OOS_LOW_VOLATILITY,2025-09-02,2026-08-28,0.99,29,58.620689655172406,5.000000000000178,-4.877717307824472,-0.16819714854567144,0.696247534385318,-0.9081639146499835,-6.822922816360421,0.6576753487762672,-1.3381831864184182,-0.16819714854567144,-4.899808656753701,-4.9694587756967,29.42291666666667,-0.9016134454224932,0.36726224611439817
A_H1,EURGBP,MEAN_REVERSION,ALL_LOW_VOLATILITY,2023-12-27,2026-08-28,2.67,80,55.00000000000001,8.000000000000309,-16.851158766466575,-0.2106394845808322,0.6447666023266136,-1.1409690219351243,-18.132155005065453,0.6951296895276906,-1.3176906973801374,-0.2106394845808322,-15.864924604065644,-6.266407362576087,29.969230769230773,-1.8641508307414807,0.06230052601006619
A_H1,EURGBP,MEAN_REVERSION,OOS_RANGING,2025-09-02,2026-09-03,1.0,49,65.3061224489796,15.757484902616365,0.4795045622086167,0.009785807392012586,1.0220428211680506,0.07127331840707979,-7.612258357239332,0.6947757954086413,-1.2796071112275238,0.009785807392012586,0.25704920314422175,0.2572254904854354,49.03356164383562,0.07124892226794062,0.9431996459797845
A_H1,EURGBP,MEAN_REVERSION,ALL_RANGING,2023-12-12,2026-09-03,2.72,125,55.2,13.757484902616708,-22.76378632828379,-0.18211029062627032,0.6819694967703684,-1.2371337237755275,-23.094112013895483,0.707443210965296,-1.2781672836587359,-0.18211029062627032,-20.867142352598613,-8.232630984011102,45.8856783919598,-2.041893439752028,0.04116210266401277
A_H1,EURGBP,MOMENTUM,ALL,2023-11-28,2026-09-10,2.78,497,27.16297786720322,-92.69041937726965,-244.91174059454116,-0.49278016216205467,0.4740619067907927,-5.009529404982474,-91.91726153682649,1.6352202923415402,-1.286371491880246,-0.49278016216205467,-91.77581742171543,-59.26403800315465,178.67052165354332,-8.355042662829318,0.0
A_H1,EURGBP,MOMENTUM,TRAIN,2023-11-28,2024-10-25,0.91,162,25.308641975308642,-38.230937968046746,-90.23957562313308,-0.5570344174267474,0.42411732875775604,-5.794617177469966,-63.47321934488619,1.620933486963346,-1.2950235420547958,-0.5570344174267474,-60.077855173829896,-63.69639596871244,178.76283987915406,-5.516246108549716,3.463171971418433e-08
A_H1,EURGBP,MOMENTUM,VALID,2024-11-01,2025-08-22,0.8,141,32.62411347517731,-7.113592576867059,-42.25097263003333,-0.29965228815626477,0.641514354574828,-2.8811952457897414,-37.94323410243845,1.643665682282934,-1.240627305421561,-0.29965228815626477,-35.3636286245005,-41.850412159131324,175.17091836734693,-2.584944615276022,0.009739464092469063
A_H1,EURGBP,MOMENTUM,OOS,2025-09-01,2026-09-10,1.02,194,24.742268041237114,-47.34588883235585,-112.42119234137476,-0.5794906821720348,0.4117431920681033,-6.205101643537375,-67.70076856009103,1.6393301065749115,-1.30896600997925,-0.5794906821720348,-68.12854357683429,-67.26440940353429,189.46122994652407,-6.278987069610944,3.4078606603316075e-10
A_H1,EURGBP,MOMENTUM,OOS_HIGH_VOLATILITY,2025-09-02,2026-09-09,1.02,73,21.91780821917808,-22.93895940355087,-44.18982658089487,-0.6053400901492447,0.3816262868029769,-4.120757179929662,-36.74144464006312,1.7044708435036275,-1.25370807152549,-0.6053400901492447,-36.16271946911086,-35.71709980328421,71.86859838274933,-4.1530663212471595,3.28049611404424e-05
A_H1,EURGBP,MOMENTUM,ALL_HIGH_VOLATILITY,2023-12-04,2026-09-09,2.76,195,28.205128205128204,-32.031286771273244,-84.78203788257862,-0.43477968144912116,0.5151224884100996,-2.7585682404935246,-57.440440784284895,1.6376444953114486,-1.248946322319345,-0.43477968144912116,-57.965527944707226,-26.928468386013893,70.5884539147671,-4.584945763615474,4.541042959660402e-06
A_H1,EURGBP,MOMENTUM,OOS_LOW_VOLATILITY,2025-09-01,2026-09-10,1.02,121,26.446280991735538,-24.40692942880498,-68.23136576047989,-0.5638955847973545,0.4297309629858705,-4.665277876629398,-49.482053770703146,1.6067597381105534,-1.3443559256181752,-0.5638955847973545,-50.07391267592609,-49.25592068864282,118.16911764705883,-4.720828303273152,2.348861532386337e-06
A_H1,EURGBP,MOMENTUM,ALL_LOW_VOLATILITY,2023-12-08,2026-09-10,2.76,300,26.333333333333332,-61.65913260599646,-160.67320693874257,-0.5355773564624752,0.44520365921006505,-4.275207102075452,-80.40186171249223,1.6320802447677898,-1.310441385861529,-0.5355773564624752,-80.5363479611474,-44.76761074808324,108.81330685203575,-7.098666625526109,1.2596590437397026e-12
A_H1,EURGBP,MOMENTUM,OOS_TRENDING,2025-09-11,2026-09-10,1.0,70,27.142857142857142,-11.728204810534951,-34.85282621502511,-0.4978975173575016,0.47348518953301966,-3.1344587163238624,-29.05604481170424,1.6496059208213298,-1.297947817855498,-0.4978975173575016,-29.919228118241925,-30.004736476020845,70.24038461538461,-3.129090569352297,0.001753482516563043
A_H1,EURGBP,MOMENTUM,ALL_TRENDING,2023-11-28,2026-09-10,2.78,207,28.502415458937197,-30.722635205291922,-91.55131530453073,-0.44227688552913397,0.5154666373994371,-2.84507002207307,-61.51554283202084,1.6507809645838525,-1.2766715690201216,-0.44227688552913397,-60.78358623756306,-28.57462952339911,74.41609251968505,-4.745092700626719,2.0841086887379845e-06
A_H1,EURGBP,MOMENTUM,OOS_RANGING,2025-09-02,2026-09-07,1.01,72,22.22222222222222,-23.41122020901893,-47.58126907773707,-0.6608509594130149,0.35675352014074807,-4.4676153186297265,-37.5477406453522,1.6493274514266538,-1.3209019339386343,-0.6608509594130149,-38.30338952457035,-37.99984204032227,71.26829268292683,-4.490491122659146,7.1059136836915116e-06
A_H1,EURGBP,MOMENTUM,ALL_RANGING,2023-12-27,2026-09-07,2.69,184,25.543478260869566,-43.14476817448622,-100.680584939857,-0.5471770920644402,0.43197415854718335,-3.5085145354959337,-64.28736243401096,1.6290617466019894,-1.2937699783222663,-0.5471770920644402,-64.1129326817818,-31.640660309324197,68.29878048780488,-5.758716740906344,8.475578905375869e-09
A_H1,EURGBP,TREND_PULLBACK,ALL,2023-11-27,2026-09-10,2.78,304,26.644736842105267,-64.2966454941978,-153.98265773242923,-0.5065219004356225,0.4627261559999878,-4.0419715138723795,-80.11136763870635,1.6372505426337862,-1.2852015770662149,-0.5065219004356225,-79.19006337821051,-43.093658874620125,109.17994100294985,-6.744637496161555,1.5341061754270413e-11
A_H1,EURGBP,TREND_PULLBACK,TRAIN,2023-11-27,2024-10-18,0.89,119,24.369747899159663,-34.12621788778241,-71.04594444140051,-0.5970247432050463,0.3955467845674423,-5.4359208668608385,-53.50351091131247,1.6031584934586118,-1.3059726750188916,-0.5970247432050463,-51.4266090609059,-55.471180902859295,133.32745398773005,-5.13554824665909,2.813226944731184e-07
A_H1,EURGBP,TREND_PULLBACK,VALID,2024-11-01,2025-08-29,0.82,93,31.182795698924732,-6.516746243122139,-29.11368247773927,-0.3130503492230029,0.6303342463688885,-2.4041285000555184,-32.86966002167245,1.7118307667240291,-1.2305746048865016,-0.3130503492230029,-25.94886067583957,-30.632682650429686,113.2275,-2.178829225163469,0.029344357021523937
A_H1,EURGBP,TREND_PULLBACK,OOS,2025-09-03,2026-09-10,1.02,92,25.0,-23.653681363293266,-53.82303081328946,-0.5850329436227115,0.4039903480512013,-4.364583252121714,-41.51738198132659,1.5862002351321787,-1.3087773365410085,-0.5850329436227115,-42.14504104315383,-41.65226653798523,90.57412398921832,-4.398804132151145,1.088490082468141e-05
A_H1,EURGBP,TREND_PULLBACK,OOS_HIGH_VOLATILITY,2025-09-03,2026-09-10,1.02,37,32.432432432432435,-1.6536813632931397,-12.515677650505257,-0.33826155812176373,0.5943736363004141,-1.521698472088614,-12.449407342135455,1.5282925169619235,-1.2342075141619335,-0.33826155812176373,-12.068298287587675,-11.892851125354898,36.42654986522911,-1.5336294762295015,0.12512083249515982
A_H1,EURGBP,TREND_PULLBACK,ALL_HIGH_VOLATILITY,2023-12-01,2026-09-10,2.77,137,31.386861313868614,-11.53655967243687,-47.11490388202718,-0.3439044078980086,0.5989210158515257,-1.7748268136474719,-40.51089327706314,1.636174048991942,-1.2496849786029862,-0.3439044078980086,-38.40357199287774,-16.030498267552893,49.39708785784798,-2.9557356629888543,0.0031192429867730187
A_H1,EURGBP,TREND_PULLBACK,OOS_LOW_VOLATILITY,2025-09-11,2026-08-20,0.94,55,20.0,-22.000000000000135,-41.3073531627842,-0.7510427847778945,0.30518012399856254,-4.736439270282625,-34.34632957974411,1.6493722913179114,-1.3511465538018461,-0.7510427847778945,-34.204663585306925,-35.9673248579255,58.56778425655977,-4.58990736923701,4.4344275651475584e-06
A_H1,EURGBP,TREND_PULLBACK,ALL_LOW_VOLATILITY,2023-12-06,2026-08-20,2.7,163,22.085889570552148,-54.76008582176106,-107.80113325223549,-0.6613566457192361,0.35309967282001153,-4.142424517083865,-66.60057367938003,1.6344843625689245,-1.312146222871786,-0.6613566457192361,-66.51463418087371,-33.26626204621239,60.25885627530365,-6.812993325542205,9.559020242022598e-12
A_H1,EURGBP,TREND_PULLBACK,OOS_TRENDING,2025-09-03,2026-09-10,1.02,92,25.0,-23.653681363293266,-53.82303081328946,-0.5850329436227115,0.4039903480512013,-4.364583252121714,-41.51738198132659,1.5862002351321787,-1.3087773365410085,-0.5850329436227115,-42.14504104315383,-41.65226653798523,90.57412398921832,-4.398804132151145,1.088490082468141e-05
A_H1,EURGBP,TREND_PULLBACK,ALL_TRENDING,2023-11-27,2026-09-10,2.78,304,26.644736842105267,-64.2966454941978,-153.98265773242923,-0.5065219004356225,0.4627261559999878,-4.0419715138723795,-80.11136763870635,1.6372505426337862,-1.2852015770662149,-0.5065219004356225,-79.19006337821051,-43.093658874620125,109.17994100294985,-6.744637496161555,1.5341061754270413e-11
A_H1,EURJPY,BREAKOUT_RETEST,ALL,2023-11-28,2026-09-10,2.78,571,35.90192644483363,35.306813244818755,-65.73867667021894,-0.11512903094609271,0.845919346455187,-1.1646873552428834,-59.12504512086079,1.7605482908236998,-1.1657133231942005,-0.11512903094609271,-51.06819799092972,-22.65920161441669,205.273375984252,-1.9425003339103428,0.05207655955570134
A_H1,EURJPY,BREAKOUT_RETEST,TRAIN,2023-11-28,2024-10-29,0.92,217,36.86635944700461,18.83361811489658,-15.733351587426878,-0.07250392436602247,0.9006506565567234,-0.7799643837855472,-30.38001499028421,1.7828821190378883,-1.1559410300033424,-0.07250392436602247,-16.421730314851768,-17.764654035490835,236.59477611940298,-0.7469681129627327,0.45508280899791376
A_H1,EURJPY,BREAKOUT_RETEST,VALID,2024-11-07,2025-08-29,0.81,168,36.30952380952381,10.946839511676771,-13.282037946893638,-0.0790597496838907,0.8909115309964674,-0.8046235289374921,-24.162978083225962,1.7782409821549892,-1.1378947463397007,-0.0790597496838907,-13.892626503294814,-16.905718737633034,208.00677966101694,-0.723117086900275,0.46960795241924447
A_H1,EURJPY,BREAKOUT_RETEST,OOS,2025-09-01,2026-09-10,1.02,184,34.78260869565217,7.526355618245439,-34.512875944505794,-0.1875699779592706,0.7608619997030394,-1.7881862899586405,-35.65325629088102,1.7157676591308288,-1.2026833844073235,-0.1875699779592706,-30.479861335793025,-29.952736612648103,180.1769436997319,-1.807057884983368,0.07075325427904833
A_H1,EURJPY,BREAKOUT_RETEST,OOS_HIGH_VOLATILITY,2025-10-01,2026-09-10,0.94,71,29.577464788732392,-6.890255999617413,-20.341808286266907,-0.2865043420600973,0.6492739769763252,-1.8198181293946316,-19.540625274004743,1.79320635018902,-1.1599828328047266,-0.2865043420600973,-18.96076499601844,-20.006417664856137,75.38590116279069,-1.766087010104175,0.07738125242170257
A_H1,EURJPY,BREAKOUT_RETEST,ALL_HIGH_VOLATILITY,2023-12-01,2026-09-10,2.77,255,33.72549019607843,-1.1460445843212277,-38.62703022171675,-0.1514785498890853,0.7986308487743249,-1.0426253423497187,-43.44610205685526,1.781336678608803,-1.1350413288880108,-0.1514785498890853,-33.70968793196515,-13.777312481242676,91.94348469891412,-1.7363524620104933,0.08250153231226864
A_H1,EURJPY,BREAKOUT_RETEST,OOS_LOW_VOLATILITY,2025-09-01,2026-08-31,0.99,113,38.05309734513274,14.41661161786285,-14.171067658238883,-0.12540767839149453,0.8358364525762074,-0.9314094461183611,-20.84103142632886,1.6779487634977588,-1.2331837784091786,-0.12540767839149453,-14.21422146841409,-14.295705968346173,113.7004132231405,-0.9285361967648794,0.35312950069628934
A_H1,EURJPY,BREAKOUT_RETEST,ALL_LOW_VOLATILITY,2023-12-27,2026-08-31,2.68,314,37.261146496815286,32.452857829139965,-30.773176595293684,-0.09800374711876969,0.8689550073562036,-0.7408339669555677,-33.3153793493902,1.7440676505274348,-1.1920258462284445,-0.09800374711876969,-28.81587694235581,-11.921464804029668,117.26840490797545,-1.2122583981567299,0.22541348335889744
A_H1,EURJPY,BREAKOUT_RETEST,OOS_TRENDING,2025-09-04,2026-09-10,1.02,60,36.666666666666664,4.091994928361098,-8.043124706998876,-0.13405207844998127,0.8230578685452132,-0.723900723287805,-11.240211944087042,1.7005963329668938,-1.196216948217646,-0.13405207844998127,-8.281311655155765,-8.1583477270188,59.07008086253369,-0.7295765274537143,0.46564907424299573
A_H1,EURJPY,BREAKOUT_RETEST,ALL_TRENDING,2023-11-28,2026-09-10,2.78,212,39.62264150943396,33.57902098087099,0.5280476206212787,0.0024907906633079187,1.0035865895063578,0.015084403319515468,-17.525675600087197,1.7590046189750856,-1.1502214091662961,0.0024907906633079187,-1.6410813125506185,-0.5930942416471519,76.21358267716536,0.025158218085819747,0.9799287635354885
A_H1,EURJPY,BREAKOUT_RETEST,OOS_RANGING,2025-09-01,2026-08-31,0.99,82,34.146341463414636,3.4343606898843353,-16.968068721406127,-0.20692766733422105,0.7368868569749901,-1.3430545771483304,-22.28610414786978,1.697198546453032,-1.1942523707794632,-0.20692766733422105,-16.286967851702904,-16.379161641430994,82.50826446280992,-1.3389114683237808,0.18059949573761558
A_H1,EURJPY,BREAKOUT_RETEST,ALL_RANGING,2023-12-27,2026-08-31,2.68,229,33.624454148471614,-0.2722077360521822,-44.59748660301437,-0.19474884979482257,0.7495407622349541,-1.297182961673313,-41.985886698812,1.7333164553405875,-1.171466142527892,-0.19474884979482257,-37.395401568955464,-16.04640625160645,85.52377300613496,-2.1226361227692023,0.03378435552560699
A_H1,EURJPY,MEAN_REVERSION,ALL,2023-12-26,2026-09-02,2.68,148,49.32432432432432,-2.0000000000000595,-29.219354316872234,-0.19742806970859617,0.6700638010317833,-1.4631593373197596,-26.870793953814943,0.8128940494491941,-1.1808082656888452,-0.19742806970859617,-25.910195396535574,-10.575104255530421,55.16020408163265,-2.3966772238141054,0.016544490588882077
A_H1,EURJPY,MEAN_REVERSION,TRAIN,2023-12-26,2024-10-28,0.84,52,55.769230769230774,5.999999999999915,-3.3257719823754375,-0.06395715350721995,0.8774171663941716,-0.5016310916195305,-5.993089066480007,0.8208634965328551,-1.1796005818186186,-0.06395715350721995,-3.521368900269306,-4.188735328756199,62.068627450980394,-0.4591451991005414,0.6461299005573071
A_H1,EURJPY,MEAN_REVERSION,VALID,2024-11-08,2025-08-25,0.79,39,43.58974358974359,-4.999999999999904,-10.496125961650337,-0.26913143491411123,0.5807093504796063,-1.882546013668893,-11.633201061587982,0.8551134828358473,-1.137866144084534,-0.26913143491411123,-10.148988973727647,-12.609750380824547,49.119827586206895,-1.6774496246871728,0.09345459234763398
A_H1,EURJPY,MEAN_REVERSION,OOS,2025-09-02,2026-09-02,1.0,56,46.42857142857143,-4.000000000000047,-16.27771322386113,-0.2906734504260916,0.5527701619256912,-2.17102739912955,-16.200761516661068,0.7738091596582416,-1.2132250458325138,-0.2906734504260916,-15.27761577078266,-15.287235877381555,56.03835616438356,-2.170284278313965,0.029985316881126156
A_H1,EURJPY,MEAN_REVERSION,OOS_HIGH_VOLATILITY,2025-10-17,2026-08-14,0.82,17,41.17647058823529,-3.0000000000000266,-5.746989132383098,-0.3380581842578293,0.49951642257488543,-1.5359685220958006,-6.841051242202001,0.8194119166432687,-1.148287254888598,-0.3380581842578293,-5.669940150845953,-6.837948080845857,20.62873754152824,-1.3943456653673523,0.16321324731562736
A_H1,EURJPY,MEAN_REVERSION,ALL_HIGH_VOLATILITY,2024-03-06,2026-08-14,2.44,46,50.0,-1.9739765377835283e-13,-6.783378354266929,-0.14746474683188976,0.7409030160960749,-0.6384383307659726,-10.938171795993545,0.8433681785821525,-1.1382976722459321,-0.14746474683188976,-6.774994047404448,-2.8348906435987753,18.856902356902356,-0.9971550502590224,0.31868925540825743
A_H1,EURJPY,MEAN_REVERSION,OOS_LOW_VOLATILITY,2025-09-02,2026-09-02,1.0,39,48.717948717948715,-1.0000000000000182,-10.53072409147803,-0.2700185664481546,0.5773149510364313,-1.6606948522585794,-11.163802273268153,0.7570081439269158,-1.2456939413044714,-0.2700185664481546,-10.185168582846849,-10.191776500656779,39.026712328767125,-1.6601264131345301,0.09688902432536017
A_H1,EURJPY,MEAN_REVERSION,ALL_LOW_VOLATILITY,2023-12-26,2026-09-02,2.68,102,49.01960784313725,-1.9999999999998628,-22.435975962605305,-0.2199605486529932,0.640332519399238,-1.3482685500713552,-21.83676915231422,0.7988759500480329,-1.1996110281732109,-0.2199605486529932,-20.52582475442406,-8.206097438608728,38.01581632653061,-2.2084843688043945,0.027210526265896373
A_H1,EURJPY,MEAN_REVERSION,OOS_RANGING,2025-09-02,2026-09-02,1.0,56,46.42857142857143,-4.000000000000047,-16.27771322386113,-0.2906734504260916,0.5527701619256912,-2.17102739912955,-16.200761516661068,0.7738091596582416,-1.2132250458325138,-0.2906734504260916,-15.27761577078266,-15.287235877381555,56.03835616438356,-2.170284278313965,0.029985316881126156
A_H1,EURJPY,MEAN_REVERSION,ALL_RANGING,2023-12-26,2026-09-02,2.68,148,49.32432432432432,-2.0000000000000595,-29.219354316872234,-0.19742806970859617,0.6700638010317833,-1.4631593373197596,-26.870793953814943,0.8128940494491941,-1.1808082656888452,-0.19742806970859617,-25.910195396535574,-10.575104255530421,55.16020408163265,-2.3966772238141054,0.016544490588882077
A_H1,EURJPY,MOMENTUM,ALL,2023-11-28,2026-09-11,2.78,467,34.68950749464668,10.674650734109967,-75.08455997989735,-0.1607806423552406,0.7902323956588242,-1.4839029777899206,-58.67207343798175,1.746031348236159,-1.1735791422759183,-0.1607806423552406,-54.94093169632812,-24.896916318744534,167.72050147492624,-2.4761153388434516,0.013282066252775504
A_H1,EURJPY,MOMENTUM,TRAIN,2023-11-28,2024-10-28,0.91,154,38.961038961038966,22.683388180513628,-2.8407687219671374,-0.01844655014264375,0.973965462993157,-0.16556858022400603,-15.577417063637233,1.7712437282956943,-1.1608020470181784,-0.01844655014264375,-4.336821298285754,-4.73283612015607,168.40868263473052,-0.15832738752309589,0.8741988281938529
A_H1,EURJPY,MOMENTUM,VALID,2024-11-01,2025-08-29,0.82,151,33.11258278145696,-4.316521595353228,-26.938594779695137,-0.17840128993175589,0.7676759881537962,-1.7405569341281977,-25.41888394547893,1.780281960752915,-1.1480464635380285,-0.17840128993175589,-24.728324170269456,-29.238186441354486,183.8425,-1.577443267301173,0.11469356640065831
A_H1,EURJPY,MOMENTUM,OOS,2025-09-01,2026-09-11,1.02,162,32.098765432098766,-7.692215851050429,-45.30519647823508,-0.2796617066557721,0.6590352602020987,-2.566054764665072,-40.98359474833221,1.684006859209045,-1.2079413923373215,-0.2796617066557721,-37.424285843201055,-36.73419364484486,158.20989304812835,-2.5966093084109994,0.009414894401991836
A_H1,EURJPY,MOMENTUM,OOS_HIGH_VOLATILITY,2025-09-08,2026-09-11,1.0,63,26.984126984126984,-13.958918649491478,-25.924195802119847,-0.4114951714622198,0.515195178075212,-2.5510290515387983,-25.069373358590454,1.6205455047811856,-1.1624667257260868,-0.4114951714622198,-23.266337684184023,-23.169376294841438,62.699591280653955,-2.557133043639166,0.010553884391355073
A_H1,EURJPY,MOMENTUM,ALL_HIGH_VOLATILITY,2023-12-04,2026-09-11,2.77,190,33.68421052631579,-3.9276609361190076,-32.23068463092399,-0.169635182268021,0.7750667405420801,-1.0192621881725714,-42.09828788494811,1.7353016555981031,-1.137222147533354,-0.169635182268021,-28.857900629283286,-11.574622494870868,68.64243323442136,-1.6957677782987817,0.0899298668848485
A_H1,EURJPY,MOMENTUM,OOS_LOW_VOLATILITY,2025-09-01,2026-08-31,0.99,99,35.35353535353536,6.266702798441042,-19.381000676115228,-0.19576768359712352,0.7559070500309276,-1.3690649919457112,-26.231456400506847,1.7148309456454331,-1.2406263089641467,-0.19576768359712352,-18.450765585443584,-18.553797838703943,99.61363636363637,-1.3648416451465393,0.17230282650239914
A_H1,EURJPY,MOMENTUM,ALL_LOW_VOLATILITY,2023-12-01,2026-08-31,2.75,274,35.03649635036496,11.60231167022904,-45.40055564235153,-0.1656954585487282,0.7873440331388124,-1.1664866008012675,-38.64662855630665,1.75096273228905,-1.1993987524837098,-0.1656954585487282,-38.230786334897594,-16.076427333149233,99.67978087649402,-1.9339778626426316,0.05311584971700167
A_H1,EURJPY,MOMENTUM,OOS_TRENDING,2025-09-02,2026-09-11,1.02,52,26.923076923076923,-9.745366696702245,-20.54189911384048,-0.3950365214200092,0.5381266723930026,-2.1600903990346736,-19.88917738115624,1.7095200217458733,-1.1703994583758603,-0.3950365214200092,-18.95494913761905,-18.600275974036496,50.91957104557641,-2.182886878046,0.02904414160225466
A_H1,EURJPY,MOMENTUM,ALL_TRENDING,2023-11-28,2026-09-11,2.78,181,35.35911602209944,10.021554001531692,-19.559082000528797,-0.10806122652225854,0.8548609063211037,-0.6126625973931156,-29.333707494208237,1.800029171797923,-1.1518029828683405,-0.10806122652225854,-19.251666065580263,-7.3922082283518264,65.0051622418879,-1.0223197052951338,0.30662960975004916
A_H1,EURJPY,MOMENTUM,OOS_RANGING,2025-09-01,2026-08-28,0.99,73,38.35616438356164,8.290942067914829,-10.18911819404987,-0.139576961562327,0.8188942407835559,-0.8346053005491884,-21.28253015149255,1.6454099692652302,-1.250235496299474,-0.139576961562327,-10.36317957039673,-10.506078860650215,74.06458333333333,-0.8285854001213512,0.4073390522622442
A_H1,EURJPY,MOMENTUM,ALL_RANGING,2023-12-22,2026-08-28,2.68,194,34.02061855670103,-2.4129066578981195,-41.249065440100686,-0.21262404866031281,0.7304307655218135,-1.3014987549600667,-34.746632127321384,1.6934754681345088,-1.1954566120076426,-0.21262404866031281,-35.04847945378129,-14.870530195381292,72.37844739530132,-2.1307867650498022,0.03310671318564573
A_H1,EURJPY,TREND_PULLBACK,ALL,2023-11-27,2026-09-11,2.79,263,39.163498098859314,36.726359397291425,-7.42211551616888,-0.028220971544368364,0.9601967324616769,-0.19081033037670883,-29.315150644910158,1.7383290288179534,-1.1654375342776129,-0.028220971544368364,-9.621522197199695,-3.564598584013312,94.36222986247543,-0.31855223771376473,0.7500660766365401
A_H1,EURJPY,TREND_PULLBACK,TRAIN,2023-11-27,2024-10-23,0.9,90,43.333333333333336,25.775726114857996,12.225115249183808,0.1358346138798201,1.209447608780006,0.9175299442720192,-11.756348360949087,1.8100893316115547,-1.1444778173268007,0.1358346138798201,11.907753092034667,13.260723394017049,99.61363636363637,0.8721317641059422,0.3831364993923736
A_H1,EURJPY,TREND_PULLBACK,VALID,2024-11-11,2025-08-14,0.76,80,41.25,17.400247354946345,5.856757323021466,0.07320946653776832,1.1087125738946881,0.5113805032905109,-9.206984617546354,1.8100162919332667,-1.1462506449101348,0.07320946653776832,5.129059198018515,6.843292581045213,105.86956521739131,0.4445325788353413,0.6566575800733747
A_H1,EURJPY,TREND_PULLBACK,OOS,2025-09-02,2026-09-11,1.02,93,33.33333333333333,-6.449614072512902,-25.50398808837417,-0.2742364310577868,0.6564094762480619,-1.947035512370067,-26.021230190396004,1.5717376903742182,-1.1972234917737896,-0.2742364310577868,-23.178626347454312,-22.75658562015952,91.0676943699732,-1.9675835200885807,0.049115977444860626
A_H1,EURJPY,TREND_PULLBACK,OOS_HIGH_VOLATILITY,2025-10-02,2026-09-11,0.94,55,27.27272727272727,-11.648823922792847,-21.43644343019257,-0.38975351691259214,0.542484698704351,-2.277284884551611,-23.1675233880556,1.694506904663602,-1.1713511750036651,-0.38975351691259214,-19.699575026875806,-20.78052595916485,58.39752906976744,-2.2100468106948012,0.02710191371075421
A_H1,EURJPY,TREND_PULLBACK,ALL_HIGH_VOLATILITY,2023-12-04,2026-09-11,2.77,141,39.00709219858156,21.065047278660394,0.7858753689143629,0.005573584176697609,1.0080133437281882,0.02745670161859325,-23.167523388055645,1.7973948663705936,-1.1403586311798641,0.005573584176697609,-0.6744964862909653,-0.24420621738054926,50.939910979228486,0.04568028760750156,0.9635650756160732
A_H1,EURJPY,TREND_PULLBACK,OOS_LOW_VOLATILITY,2025-09-02,2026-07-17,0.87,38,42.10526315789473,5.19920985027994,-4.067544658181591,-0.10704064889951555,0.8514074316293818,-0.5075900092004729,-8.29072948964309,1.4566415519779201,-1.2442640677194687,-0.10704064889951555,-4.332544095181257,-4.975327360377991,43.783911671924294,-0.4728763391320677,0.6363014064639676
A_H1,EURJPY,TREND_PULLBACK,ALL_LOW_VOLATILITY,2023-12-01,2026-07-17,2.63,118,38.983050847457626,13.661312118631098,-9.623080776751795,-0.08155153200637115,0.888268994769911,-0.3841515029350938,-17.50118779611065,1.663133443567972,-1.1962113775122012,-0.08155153200637115,-10.24453799074212,-4.032868912874566,44.942127215849844,-0.6224675670129366,0.5336344636912789
A_H1,EURJPY,TREND_PULLBACK,OOS_TRENDING,2025-09-02,2026-09-11,1.02,93,33.33333333333333,-6.449614072512902,-25.50398808837417,-0.2742364310577868,0.6564094762480619,-1.947035512370067,-26.021230190396004,1.5717376903742182,-1.1972234917737896,-0.2742364310577868,-23.178626347454312,-22.75658562015952,91.0676943699732,-1.9675835200885807,0.049115977444860626
A_H1,EURJPY,TREND_PULLBACK,ALL_TRENDING,2023-11-27,2026-09-11,2.79,263,39.163498098859314,36.726359397291425,-7.42211551616888,-0.028220971544368364,0.9601967324616769,-0.19081033037670883,-29.315150644910158,1.7383290288179534,-1.1654375342776129,-0.028220971544368364,-9.621522197199695,-3.564598584013312,94.36222986247543,-0.31855223771376473,0.7500660766365401
A_H1,EURUSD,BREAKOUT_RETEST,ALL,2023-11-28,2026-09-10,2.78,559,31.663685152057248,-31.276805754071905,-128.80117780249657,-0.2304135559973105,0.712323617075765,-2.3509962268556883,-74.5342605478727,1.801854431074549,-1.172066523829036,-0.2304135559973105,-73.89802461406283,-38.26926808205976,200.76179941002948,-3.9229908599216974,8.74564703949865e-05
A_H1,EURUSD,BREAKOUT_RETEST,TRAIN,2023-11-28,2024-10-30,0.92,187,33.155080213903744,-2.1440414235790755,-38.7793572686248,-0.20737624207820748,0.7403539141798944,-2.100010002547156,-41.658732778802666,1.7834728980637715,-1.194837415588629,-0.20737624207820748,-33.408026494058284,-35.723809347521495,203.27901785714286,-2.0141689176492967,0.0439918018276273
A_H1,EURUSD,BREAKOUT_RETEST,VALID,2024-11-04,2025-08-28,0.81,153,30.718954248366014,-13.340104692148978,-32.29423272317613,-0.21107341649134725,0.7292615714887313,-2.095390647825827,-29.11901655041349,1.8508044623238264,-1.1253022872867544,-0.21107341649134725,-28.66221168798473,-33.98953523468319,188.1590909090909,-1.8895052962995713,0.0588241537704981
A_H1,EURUSD,BREAKOUT_RETEST,OOS,2025-09-01,2026-09-10,1.02,218,31.19266055045872,-14.792659638343828,-56.57281611739079,-0.2595083308137192,0.6820643076148103,-2.735007819912662,-47.99059670696908,1.7847809542797295,-1.1862528067227494,-0.2595083308137192,-44.41262825373057,-43.64368242900885,212.89973262032086,-2.7675741225612662,0.005647520137686435
A_H1,EURUSD,BREAKOUT_RETEST,OOS_HIGH_VOLATILITY,2025-09-16,2026-09-10,0.98,81,29.629629629629626,-9.792659638344565,-22.64485658640678,-0.27956613069638003,0.6531842369362194,-1.876101966104458,-22.754319028787528,1.777031802040921,-1.145502102375244,-0.27956613069638003,-20.870784025262235,-21.245016986035747,82.64036312849161,-1.8573888734017474,0.06325584833063336
A_H1,EURUSD,BREAKOUT_RETEST,ALL_HIGH_VOLATILITY,2023-12-04,2026-09-10,2.77,239,33.054393305439326,-4.675008652910807,-39.978429978845156,-0.16727376560186258,0.7813823786618903,-1.111337740244005,-34.9352925351682,1.8087439508859369,-1.1429325131177137,-0.16727376560186258,-34.513022314760434,-14.181444264396637,86.34495548961425,-1.8489557962431622,0.06446419584953667
A_H1,EURUSD,BREAKOUT_RETEST,OOS_LOW_VOLATILITY,2025-09-01,2026-09-09,1.02,137,32.11678832116788,-4.9999999999992575,-33.92795953098401,-0.24764933964221905,0.6988044741041085,-2.039255870752554,-33.52178682963408,1.7890077645918063,-1.21122904487122,-0.24764933964221905,-29.75114050919472,-29.23382418725665,134.1534852546917,-2.060777124528373,0.03932430781684415
A_H1,EURUSD,BREAKOUT_RETEST,ALL_LOW_VOLATILITY,2023-12-08,2026-09-09,2.75,318,30.50314465408805,-27.601797101161107,-89.54290958594574,-0.28158147668536393,0.6604379214188099,-2.19414258573472,-60.49136448462795,1.7954457461231834,-1.1932178595470337,-0.28158147668536393,-60.41816329340397,-28.59694245547032,115.57164179104477,-3.639592531957181,0.00027306980011898574
A_H1,EURUSD,BREAKOUT_RETEST,OOS_TRENDING,2025-09-09,2026-09-04,0.98,95,29.47368421052631,-11.638410732417006,-29.463232942018625,-0.3101392941265118,0.6251618887094823,-2.254588071287193,-29.877779753121537,1.7549757576015033,-1.173172450072548,-0.3101392941265118,-26.18957691606808,-26.578763613339408,96.65389972144847,-2.235215070191992,0.025403232584449764
A_H1,EURUSD,BREAKOUT_RETEST,ALL_TRENDING,2023-11-28,2026-09-04,2.77,274,30.656934306569344,-25.12255684814571,-72.10426910173251,-0.2631542667946442,0.6744736235310416,-1.9158503787409797,-52.97121123080571,1.7785270684999506,-1.1657923308196227,-0.2631542667946442,-52.64277140553073,-23.68520342668855,99.08762376237624,-3.1858634961621375,0.001443226750478921
A_H1,EURUSD,BREAKOUT_RETEST,OOS_RANGING,2025-09-01,2026-09-10,1.02,79,36.708860759493675,7.999999999999909,-7.679186700550508,-0.09720489494367732,0.8721885181812448,-0.5847259470886885,-15.282317038930849,1.8069982159721762,-1.2016426992748725,-0.09720489494367732,-8.159559295549968,-7.97648746078009,77.15173796791444,-0.5916883996347986,0.554059265968101
A_H1,EURUSD,BREAKOUT_RETEST,ALL_RANGING,2024-01-09,2026-09-10,2.67,173,34.104046242774565,4.00000000000024,-26.604707737293495,-0.15378443778782366,0.801681176205398,-0.867566311197489,-25.815070182229892,1.8228218636714784,-1.1767648920518483,-0.15378443778782366,-24.70144356372438,-10.082880950210493,64.80846153846154,-1.4174569411176172,0.15634937493764056
A_H1,EURUSD,MEAN_REVERSION,ALL,2024-01-25,2026-09-10,2.62,143,46.85314685314685,-8.999999999999627,-32.68769258999911,-0.22858526286712663,0.6283209566568219,-1.6985479288515009,-33.58607900321988,0.8247511557971651,-1.1571844740580153,-0.22858526286712663,-28.41526470427811,-11.96641417408495,54.52061586638831,-2.7508407445116463,0.0059442534092044585
A_H1,EURUSD,MEAN_REVERSION,TRAIN,2024-01-25,2024-10-29,0.76,42,40.476190476190474,-7.999999999999892,-15.440761675438635,-0.3676371827485389,0.4734250887996684,-2.765620299654638,-17.299742376318385,0.8166028748564557,-1.1729204219199352,-0.3676371827485389,-14.504644861783323,-18.6682816041571,55.380866425992785,-2.408448290886048,0.016020495582912853
A_H1,EURUSD,MEAN_REVERSION,VALID,2024-12-05,2025-08-28,0.73,39,48.717948717948715,-0.9999999999998508,-6.0087839498369515,-0.1540713833291526,0.732284213598027,-1.119729765286873,-8.600695186217733,0.8650449573139225,-1.122231906940074,-0.1540713833291526,-6.017908184525799,-8.169343435395149,53.55169172932331,-0.9555621282260092,0.33929350279836923
A_H1,EURUSD,MEAN_REVERSION,OOS,2025-09-02,2026-09-10,1.02,62,50.0,1.127986593019159e-13,-11.238146964723517,-0.18126043491489544,0.6893683560653171,-1.4193987977964388,-14.233910150626883,0.804523366996316,-1.167044236826107,-0.18126043491489544,-10.909212960295623,-10.695129786837487,60.711796246648795,-1.434378400000647,0.15146430820773915
A_H1,EURUSD,MEAN_REVERSION,OOS_HIGH_VOLATILITY,2025-10-07,2026-09-10,0.93,16,50.0,-1.2256862191861728e-13,-2.4915913464084682,-0.15572445915052927,0.7297241691588525,-0.6287562970955237,-5.134237576095224,0.8408883710961205,-1.1523372893971788,-0.15572445915052927,-2.5405008901127846,-2.7424857584074425,17.289940828402365,-0.6048470759476364,0.5452806109518529
A_H1,EURUSD,MEAN_REVERSION,ALL_HIGH_VOLATILITY,2024-01-25,2026-09-10,2.62,40,42.5,-6.0000000000000835,-11.911701853110781,-0.2977925463277695,0.5468378344132977,-1.1675268091708317,-15.515588851079155,0.8455315246804036,-1.1428581640294626,-0.2977925463277695,-11.41762035814262,-4.517124944920425,15.250521920668058,-1.8908387937857156,0.05864586685872797
A_H1,EURUSD,MEAN_REVERSION,OOS_LOW_VOLATILITY,2025-09-02,2026-08-14,0.95,46,50.0,2.3447910280083306e-13,-8.746555618315053,-0.1901425134416316,0.6755689280897537,-1.3328381472538056,-9.437780686569063,0.791874669918123,-1.172159696801386,-0.1901425134416316,-8.586861359452492,-9.042335092777353,48.559248554913296,-1.2972400590267386,0.19454860136589502
A_H1,EURUSD,MEAN_REVERSION,ALL_LOW_VOLATILITY,2024-01-29,2026-08-14,2.54,103,48.54368932038835,-2.999999999999546,-20.77599073688832,-0.20170864793095458,0.6630571580791438,-1.2897135528321635,-22.70302412931621,0.8176858303768642,-1.1634015519949346,-0.20170864793095458,-19.188516288293243,-8.051807584880155,40.58333333333333,-2.054650784824624,0.039912746708632874
A_H1,EURUSD,MEAN_REVERSION,OOS_RANGING,2025-09-02,2026-09-10,1.02,62,50.0,1.127986593019159e-13,-11.238146964723517,-0.18126043491489544,0.6893683560653171,-1.4193987977964388,-14.233910150626883,0.804523366996316,-1.167044236826107,-0.18126043491489544,-10.909212960295623,-10.695129786837487,60.711796246648795,-1.434378400000647,0.15146430820773915
A_H1,EURUSD,MEAN_REVERSION,ALL_RANGING,2024-01-25,2026-09-10,2.62,143,46.85314685314685,-8.999999999999627,-32.68769258999911,-0.22858526286712663,0.6283209566568219,-1.6985479288515009,-33.58607900321988,0.8247511557971651,-1.1571844740580153,-0.22858526286712663,-28.41526470427811,-11.96641417408495,54.52061586638831,-2.7508407445116463,0.0059442534092044585
A_H1,EURUSD,MOMENTUM,ALL,2023-11-29,2026-09-08,2.78,524,31.297709923664126,-33.99326136352194,-129.35698112703145,-0.24686446779967833,0.6955968948920929,-2.442513358213386,-74.6103706188618,1.8024141162816276,-1.18042471165894,-0.24686446779967833,-73.95815987833238,-38.40849931652336,188.74852071005918,-4.069685162267082,4.7076712211602256e-05
A_H1,EURUSD,MOMENTUM,TRAIN,2023-11-29,2024-10-29,0.92,176,30.681818181818183,-13.999999999999174,-50.24677418273238,-0.28549303512916124,0.6583287333874575,-2.850046348356756,-46.50315339216616,1.792869911158694,-1.2054241752893597,-0.28549303512916124,-40.548118590746896,-43.275184261929624,191.89253731343283,-2.7294755849694248,0.006343514617946688
A_H1,EURUSD,MOMENTUM,VALID,2024-11-01,2025-08-29,0.82,159,31.446540880503143,-10.158631344000074,-31.15150639028237,-0.1959214238382539,0.7460159242319514,-1.9641458768182367,-28.444699382422368,1.8299981808456038,-1.1252423434180052,-0.1959214238382539,-27.886859047203405,-32.747744049060415,192.9393687707641,-1.783043239554,0.07457926492244527
A_H1,EURUSD,MOMENTUM,OOS,2025-09-01,2026-09-08,1.02,188,31.382978723404253,-11.834630019522692,-49.77279423583032,-0.26474890550973573,0.6793810850251841,-2.5847126176350437,-41.08694551724207,1.7875752058224341,-1.2034087703825886,-0.26474890550973573,-40.33993066077225,-39.860425190929625,185.08625336927224,-2.604978273091529,0.009188008612806886
A_H1,EURUSD,MOMENTUM,OOS_HIGH_VOLATILITY,2025-09-17,2026-08-20,0.92,55,30.909090909090907,-3.9999999999997846,-13.383777964169113,-0.2433414175303475,0.6995590654487639,-1.3398946422050029,-16.75875986932217,1.833137688458756,-1.1722925965254727,-0.2433414175303475,-13.002896840870438,-14.012839885800755,59.61053412462908,-1.2870353889946988,0.1980819536139946
A_H1,EURUSD,MOMENTUM,ALL_HIGH_VOLATILITY,2023-12-01,2026-08-20,2.72,180,30.0,-17.999999999999773,-45.698806349485416,-0.2538822574971412,0.6862722304680252,-1.4947474466274469,-40.395413303700764,1.8512051960286453,-1.1560625947224785,-0.2538822574971412,-37.788683507234566,-16.033969115722122,66.27520161290322,-2.463363737422718,0.013764020240631503
A_H1,EURUSD,MOMENTUM,OOS_LOW_VOLATILITY,2025-09-01,2026-09-08,1.02,133,31.57894736842105,-7.834630019522906,-36.389016271661205,-0.2736016261027158,0.6712606615715181,-2.2440883044943494,-32.28159060078363,1.7691332485648754,-1.2164023374877577,-0.2736016261027158,-31.42292424369422,-31.02082951463799,130.93867924528303,-2.2616832665348188,0.02371697932004757
A_H1,EURUSD,MOMENTUM,ALL_LOW_VOLATILITY,2023-12-08,2026-09-08,2.75,343,32.06997084548105,-14.993261363522207,-82.49272915862156,-0.24050358355283252,0.7033953970745471,-1.925267157392114,-58.40235760322915,1.778462131678546,-1.193663363275801,-0.24050358355283252,-57.646094039080566,-26.8185795272334,124.65746268656716,-3.1935882442755545,0.0014051638377616804
A_H1,EURUSD,MOMENTUM,OOS_TRENDING,2025-09-09,2026-09-03,0.98,82,30.48780487804878,-7.834630019523074,-23.595651923806496,-0.2877518527293475,0.6527571901350031,-1.9111252748941427,-24.45938526563779,1.774231864461144,-1.1921306760585102,-0.2877518527293475,-21.648342690254186,-22.034491635779673,83.66061452513966,-1.8920628438100553,0.058482608161851246
A_H1,EURUSD,MOMENTUM,ALL_TRENDING,2023-11-29,2026-09-03,2.76,256,30.46875,-22.834630019522187,-68.10246981004596,-0.26602527269549203,0.6751188025851894,-1.854201450347747,-52.69344671094487,1.8143617687969698,-1.1776555493045484,-0.26602527269549203,-50.649367972898894,-22.578023962951356,92.76190476190476,-3.0802932927991034,0.0020679684397149067
A_H1,EURUSD,MOMENTUM,OOS_RANGING,2025-09-01,2026-09-08,1.02,76,32.89473684210527,-0.9999999999998036,-17.054830260855894,-0.22440566132705123,0.7247139349129075,-1.362429538449831,-19.794698345815654,1.7959315367025637,-1.2147670329101958,-0.22440566132705123,-16.333776263845856,-16.102207170169603,74.82210242587601,-1.373111781195729,0.16971759909095852
A_H1,EURUSD,MOMENTUM,ALL_RANGING,2024-01-10,2026-09-08,2.66,181,34.806629834254146,6.175938577079869,-27.370487645483088,-0.15121816378719938,0.8040377970305249,-0.8757478238433627,-28.807488230772027,1.7825681296073763,-1.1836633882266763,-0.15121816378719938,-25.331207846372806,-10.395610366836038,68.01466049382717,-1.4286211882411843,0.15311314085997818
A_H1,EURUSD,TREND_PULLBACK,ALL,2023-11-28,2026-09-04,2.77,366,30.601092896174865,-31.32807455360087,-96.92265697056786,-0.26481600265182476,0.6757979590181472,-2.209155462340462,-64.91323353867817,1.8038832239170652,-1.1769983387766896,-0.26481600265182476,-63.40069227817055,-30.475624728030315,132.3579207920792,-3.673599892201815,0.00023915712022937186
A_H1,EURUSD,TREND_PULLBACK,TRAIN,2023-11-28,2024-10-25,0.91,144,31.25,-10.10775410145578,-39.71746133325759,-0.2758157037031777,0.6669167842637407,-2.504862093420334,-38.865295334561075,1.7672088028242448,-1.2044632066701877,-0.2758157037031777,-33.72988483155444,-36.40505619642616,158.42168674698794,-2.3881288220022068,0.016934404720486462
A_H1,EURUSD,TREND_PULLBACK,VALID,2024-11-06,2025-08-25,0.8,107,29.906542056074763,-10.38569043262228,-24.00362032429571,-0.2243329002270627,0.7142376748018174,-1.8810004399836824,-27.501241565978507,1.8748414827077753,-1.1199806369459273,-0.2243329002270627,-22.148082352982623,-26.88717719239937,133.8416095890411,-1.6818420650860553,0.09259946937996677
A_H1,EURUSD,TREND_PULLBACK,OOS,2025-09-09,2026-09-04,0.99,115,30.434782608695656,-10.834630019522805,-33.201575313014544,-0.28870935054795255,0.6531283328212166,-2.257943207408648,-33.96524234323015,1.7861599287134708,-1.1964646602248252,-0.28870935054795255,-29.06087442770673,-29.415190128826406,116.67708333333334,-2.241656954168503,0.024983551957118877
A_H1,EURUSD,TREND_PULLBACK,OOS_HIGH_VOLATILITY,2025-09-17,2026-09-02,0.96,45,33.33333333333333,5.195843755245733e-13,-7.208782091882316,-0.1601951575973848,0.791388697611953,-0.773735846983433,-14.797272903377024,1.8231510328080864,-1.1518682528001205,-0.1601951575973848,-7.370241508782294,-7.678722609589483,46.96071428571429,-0.7574110345129275,0.44880364731126354
A_H1,EURUSD,TREND_PULLBACK,ALL_HIGH_VOLATILITY,2023-12-01,2026-09-02,2.75,150,33.33333333333333,-0.4934445340772511,-22.72357427286296,-0.15149049515241975,0.800583346576667,-0.7945056076273385,-30.827694621826385,1.8245331897063612,-1.1395023375818105,-0.15149049515241975,-21.502801786472414,-8.414961310662218,54.460735586481114,-1.3185628784322156,0.18731529086291032
A_H1,EURUSD,TREND_PULLBACK,OOS_LOW_VOLATILITY,2025-09-09,2026-09-04,0.99,70,28.57142857142857,-10.834630019523331,-25.992793221132214,-0.3713256174447459,0.5750111999788703,-2.300534618470146,-27.031287621426426,1.7584166006425093,-1.223222504679648,-0.3713256174447459,-23.41648436984848,-23.713866153788064,71.02083333333334,-2.2839411588732927,0.022374989285348423
A_H1,EURUSD,TREND_PULLBACK,ALL_LOW_VOLATILITY,2023-12-07,2026-09-04,2.74,212,28.77358490566038,-29.83463001952367,-72.51552111438413,-0.3420543448791704,0.6005655521092145,-2.214441043461361,-52.323149151753725,1.787376479564105,-1.2022879891906921,-0.3420543448791704,-52.56645054973609,-23.825701095734473,77.35564435564436,-3.6659458755544594,0.00024642604521663003
A_H1,EURUSD,TREND_PULLBACK,OOS_TRENDING,2025-09-09,2026-09-04,0.99,115,30.434782608695656,-10.834630019522805,-33.201575313014544,-0.28870935054795255,0.6531283328212166,-2.257943207408648,-33.96524234323015,1.7861599287134708,-1.1964646602248252,-0.28870935054795255,-29.06087442770673,-29.415190128826406,116.67708333333334,-2.241656954168503,0.024983551957118877
A_H1,EURUSD,TREND_PULLBACK,ALL_TRENDING,2023-11-28,2026-09-04,2.77,366,30.601092896174865,-31.32807455360087,-96.92265697056786,-0.26481600265182476,0.6757979590181472,-2.209155462340462,-64.91323353867817,1.8038832239170652,-1.1769983387766896,-0.26481600265182476,-63.40069227817055,-30.475624728030315,132.3579207920792,-3.673599892201815,0.00023915712022937186
A_H1,GBPAUD,BREAKOUT_RETEST,ALL,2023-11-28,2026-09-11,2.79,555,31.891891891891895,-26.17066653988484,-165.8375663978357,-0.2988064259420463,0.6461690882179659,-3.0442384206557547,-81.7545577954421,1.7110395817892416,-1.2399247946416176,-0.2988064259420463,-81.9845656099923,-45.9330994117944,199.12942043222003,-5.082266558207687,3.7295752752797284e-07
A_H1,GBPAUD,BREAKOUT_RETEST,TRAIN,2023-11-28,2024-10-29,0.92,181,34.806629834254146,5.564086227185996,-41.436275851559955,-0.22892970083734782,0.7215519671103187,-2.256525911180152,-38.930646982963026,1.7043690024070628,-1.2611146017220758,-0.22892970083734782,-35.146336460704916,-37.54564293187762,196.75669642857144,-2.1642870018031077,0.030442329679408076
A_H1,GBPAUD,BREAKOUT_RETEST,VALID,2024-11-05,2025-08-29,0.81,170,35.294117647058826,11.020807449055235,-28.046245754596406,-0.16497791620350827,0.7880397292871627,-1.6852611071439907,-31.33254198636799,1.7378693844876594,-1.2028946256714177,-0.16497791620350827,-25.743272180707024,-30.738147897886492,209.77195945945945,-1.5171130404459534,0.1292381463871024
A_H1,GBPAUD,BREAKOUT_RETEST,OOS,2025-09-02,2026-09-11,1.02,203,26.60098522167488,-41.7555602161261,-95.15554503845071,-0.4687465272830084,0.4894051729985776,-5.028635455906112,-62.77837724380117,1.6890110325146528,-1.2507526227801473,-0.4687465272830084,-62.136978076182444,-61.26681313090086,198.2506684491979,-5.088512456247474,3.6088308141835057e-07
A_H1,GBPAUD,BREAKOUT_RETEST,OOS_HIGH_VOLATILITY,2025-09-04,2026-09-03,0.99,97,25.773195876288657,-21.23145686509905,-43.95658528551936,-0.45316067304659136,0.4950595794888696,-3.441729194526899,-35.613872568604386,1.7238571319117577,-1.2090696331015738,-0.45316067304659136,-36.153259775146154,-36.33057746850373,97.60123966942149,-3.4311120097600436,0.0006011123405875729
A_H1,GBPAUD,BREAKOUT_RETEST,ALL_HIGH_VOLATILITY,2023-12-01,2026-09-03,2.75,256,27.734375,-43.214786645262656,-100.5386800908486,-0.39272921910487735,0.5491573218998478,-2.856289736335097,-65.06488476795023,1.7248311551715305,-1.2054145519352826,-0.39272921910487735,-64.29045100472636,-31.19361881652074,92.94632206759442,-4.740303378884305,2.1339845028833793e-06
A_H1,GBPAUD,BREAKOUT_RETEST,OOS_LOW_VOLATILITY,2025-09-02,2026-09-11,1.02,106,27.358490566037734,-20.524103351027044,-51.198959752931344,-0.4830090542729372,0.48444859812143165,-3.697440017276407,-42.12591239654473,1.6589712916550794,-1.289728924817255,-0.4830090542729372,-40.69701633870032,-39.96761711676176,103.52005347593584,-3.741466198756038,0.00018294978666455464
A_H1,GBPAUD,BREAKOUT_RETEST,ALL_LOW_VOLATILITY,2023-12-11,2026-09-11,2.75,295,35.932203389830505,21.04412010537779,-60.34658998982508,-0.2045647118299155,0.7493262622319761,-1.474907840046825,-50.31111625891438,1.7018018298067656,-1.2737438304197999,-0.2045647118299155,-46.97237238395691,-20.590026244916025,107.21268656716417,-2.4465427155282145,0.01442337051883924
A_H1,GBPAUD,BREAKOUT_RETEST,OOS_TRENDING,2025-09-03,2026-09-10,1.02,66,24.242424242424242,-18.538019010037083,-35.70900363671866,-0.5410455096472525,0.43086795061951794,-3.4026410396307325,-29.598327287874703,1.6896194424876747,-1.2548582943304292,-0.5410455096472525,-30.46835717748345,-30.00836886578424,64.8024193548387,-3.433938345814753,0.0005948794876737828
A_H1,GBPAUD,BREAKOUT_RETEST,ALL_TRENDING,2023-11-28,2026-09-10,2.78,211,29.85781990521327,-23.290519703416926,-75.79244634516341,-0.3592059068491157,0.5867879934683751,-2.2967177012713647,-53.515503386545504,1.7084161267592421,-1.239342313047268,-0.3592059068491157,-54.10150165157282,-24.397393493478592,75.77949852507373,-3.8324189749799196,0.00012688939736293925
A_H1,GBPAUD,BREAKOUT_RETEST,OOS_RANGING,2025-09-09,2026-08-26,0.96,80,28.749999999999996,-11.000000000000362,-33.19588235769624,-0.41494852947120303,0.5434273796636478,-2.7783740553088987,-32.26129499257291,1.7178610483719599,-1.2755559029868655,-0.41494852947120303,-28.823307554399037,-29.86998209993693,83.4857142857143,-2.719754003513874,0.00653304979517122
A_H1,GBPAUD,BREAKOUT_RETEST,ALL_RANGING,2023-12-07,2026-08-26,2.72,216,32.870370370370374,-2.8695534656682717,-58.505643840388515,-0.2708594622240209,0.6759218018494209,-1.7242312889009264,-48.61130542377167,1.7186445040259917,-1.245030369836096,-0.2708594622240209,-45.49740100085634,-20.02578484342209,79.53024193548387,-2.841556171640551,0.004489394246421696
A_H1,GBPAUD,MEAN_REVERSION,ALL,2023-12-07,2026-08-26,2.72,120,52.5,6.000000000000438,-25.025596149532074,-0.20854663457943395,0.6537344797973559,-1.36766489323163,-25.11868777345412,0.7499564170980368,-1.2679447443282177,-0.20854663457943395,-22.636876959001796,-9.01732305727565,44.18346774193548,-2.253929993681815,0.02420057242369733
A_H1,GBPAUD,MEAN_REVERSION,TRAIN,2023-12-07,2024-10-28,0.89,42,35.714285714285715,-11.999999999999813,-22.838712581263614,-0.543778870982467,0.32490854579406664,-3.875060506069478,-19.644069603127868,0.7327889030299616,-1.2529831898782604,-0.543778870982467,-20.62045732545279,-22.858534096776495,47.20153846153846,-3.655317084274752,0.0002568642995230963
A_H1,GBPAUD,MEAN_REVERSION,VALID,2024-11-05,2025-08-29,0.81,32,56.25,4.0000000000001545,-3.6398857270510967,-0.11374642897034677,0.7896557881750311,-0.7098620784258944,-6.781159131696734,0.7591410943161065,-1.2360303874815013,-0.11374642897034677,-3.7284483083300457,-4.580468988017561,39.486486486486484,-0.6390351094751618,0.5228000920133655
A_H1,GBPAUD,MEAN_REVERSION,OOS,2025-09-08,2026-08-26,0.96,46,65.21739130434783,14.000000000000096,1.453002158782632,0.031587003451796346,1.0687392603277537,0.21841109433454964,-5.406336745217477,0.753029367801233,-1.3211174297033972,0.031587003451796346,1.2342405145516766,1.2846690881926914,47.86752136752136,0.21410812131763066,0.8304627427534883
A_H1,GBPAUD,MEAN_REVERSION,OOS_HIGH_VOLATILITY,2025-09-24,2026-08-21,0.91,15,60.0,3.0000000000000053,-0.4686570226453578,-0.03124380150969052,0.9381398565020815,-0.12201501321742687,-2.2800318576828738,0.7897129936301901,-1.2626789942195116,-0.03124380150969052,-0.5434776383625328,-0.5995447155637712,16.552114803625376,-0.11615346126094654,0.9075309195490138
A_H1,GBPAUD,MEAN_REVERSION,ALL_HIGH_VOLATILITY,2023-12-07,2026-08-21,2.7,35,51.42857142857142,1.0000000000001692,-6.811663823305766,-0.19461896638016474,0.675112963778731,-0.6831530696694179,-7.699302622465898,0.7863660697273431,-1.2333090046116435,-0.19461896638016474,-6.758544213312367,-2.556359829677246,12.952127659574469,-1.1230044783554847,0.26143559246719117
A_H1,GBPAUD,MEAN_REVERSION,OOS_LOW_VOLATILITY,2025-09-08,2026-08-26,0.96,31,67.74193548387096,11.000000000000089,1.9216591814279895,0.061989005852515794,1.141696418300481,0.35343117046587724,-4.182550021501008,0.737307813874537,-1.3561804909937287,0.061989005852515794,1.7874324485730453,1.860670196284131,32.258547008547005,0.3464681322809979,0.7289909296181705
A_H1,GBPAUD,MEAN_REVERSION,ALL_LOW_VOLATILITY,2023-12-13,2026-08-26,2.7,85,52.94117647058824,5.00000000000027,-18.213932326226306,-0.21428155677913302,0.6449982406243883,-1.1848898251229485,-18.718465278197872,0.7353925560463146,-1.2826649337077618,-0.21428155677913302,-17.029263015814568,-6.681688219942639,31.487068965517242,-1.9467999001168026,0.051558728953740474
A_H1,GBPAUD,MEAN_REVERSION,OOS_RANGING,2025-09-08,2026-08-26,0.96,46,65.21739130434783,14.000000000000096,1.453002158782632,0.031587003451796346,1.0687392603277537,0.21841109433454964,-5.406336745217477,0.753029367801233,-1.3211174297033972,0.031587003451796346,1.2342405145516766,1.2846690881926914,47.86752136752136,0.21410812131763066,0.8304627427534883
A_H1,GBPAUD,MEAN_REVERSION,ALL_RANGING,2023-12-07,2026-08-26,2.72,120,52.5,6.000000000000438,-25.025596149532074,-0.20854663457943395,0.6537344797973559,-1.36766489323163,-25.11868777345412,0.7499564170980368,-1.2679447443282177,-0.20854663457943395,-22.636876959001796,-9.01732305727565,44.18346774193548,-2.253929993681815,0.02420057242369733
A_H1,GBPAUD,MOMENTUM,ALL,2023-11-28,2026-09-11,2.79,493,27.180527383367142,-103.13089182241373,-230.95437086042816,-0.46846728369255203,0.4854472858885162,-4.805060955092672,-90.66871297649695,1.6260488605323589,-1.2502643960216273,-0.46846728369255203,-90.52338799862237,-57.063011939901465,176.88433202357564,-8.021908020251766,8.881784197001252e-16
A_H1,GBPAUD,MOMENTUM,TRAIN,2023-11-28,2024-10-25,0.91,166,26.506024096385545,-39.16023340088233,-83.58352760716366,-0.5035152265491787,0.4592113117091765,-5.280601358867767,-59.767025756142054,1.6130691987808776,-1.26687354388133,-0.5035152265491787,-57.329144060476125,-60.817802727854065,182.625,-5.034511215504253,4.79069630188178e-07
A_H1,GBPAUD,MOMENTUM,VALID,2024-11-01,2025-08-27,0.82,133,26.31578947368421,-29.365132843388558,-60.38036723956954,-0.453987723605786,0.49085342947683935,-4.505064320699738,-47.60714601458608,1.663170267855427,-1.2101155776990762,-0.453987723605786,-45.99550918598353,-53.0055013916469,163.01426174496643,-4.069246660087147,4.716539381233176e-05
A_H1,GBPAUD,MOMENTUM,OOS,2025-09-01,2026-09-11,1.03,193,28.497409326424872,-33.605525578142846,-85.76511147889042,-0.4443788159528001,0.5084239053396562,-4.620782676423172,-58.136453676227276,1.6128098761825005,-1.2642728599197677,-0.4443788159528001,-58.366163337704236,-57.40674535267405,187.98200000000003,-4.68205019050184,2.840199149645173e-06
A_H1,GBPAUD,MOMENTUM,OOS_HIGH_VOLATILITY,2025-09-03,2026-09-04,1.0,76,28.947368421052634,-14.280215580778924,-32.20593304629896,-0.4237622769249863,0.5122918623952619,-2.8590561043520735,-31.655455615334393,1.5376966215058365,-1.222875161470877,-0.4237622769249863,-28.035043867797505,-27.986511493689157,75.84426229508198,-2.861989974907873,0.004209902229038498
A_H1,GBPAUD,MOMENTUM,ALL_HIGH_VOLATILITY,2023-12-06,2026-09-04,2.75,198,24.747474747474747,-62.55550336317327,-108.46369740683,-0.5477964515496464,0.4025525183265686,-3.861298589782174,-69.5119784068565,1.4914583777351018,-1.2184238786298656,-0.5477964515496464,-66.77691878535799,-33.053366917197614,72.10319042871386,-6.398655676713404,1.5675083453459138e-10
A_H1,GBPAUD,MOMENTUM,OOS_LOW_VOLATILITY,2025-09-01,2026-09-11,1.03,117,28.205128205128204,-19.32530999736392,-53.55917843259146,-0.45777075583411503,0.5060683654517271,-3.6424723293094123,-42.16261484615501,1.662885379300277,-1.2908856660654833,-0.45777075583411503,-42.14706865684352,-41.317999673611816,113.95800000000001,-3.690768308658494,0.0002235777171879505
A_H1,GBPAUD,MOMENTUM,ALL_LOW_VOLATILITY,2023-12-01,2026-09-11,2.78,292,29.10958904109589,-37.57538845924042,-118.82330022219445,-0.40692911034998097,0.5492841317286742,-3.069903026042711,-71.05570006774371,1.7036363153213656,-1.2735864107464276,-0.40692911034998097,-70.40362147393816,-35.47559203651301,105.0768472906404,-5.117555552612468,3.095209129000409e-07
A_H1,GBPAUD,MOMENTUM,OOS_TRENDING,2025-09-01,2026-09-08,1.02,67,20.8955223880597,-28.197151457987953,-45.8306400358577,-0.6840394035202642,0.31478606690184363,-4.80808100619813,-37.65215111795015,1.5038939168814076,-1.261984054192404,-0.6840394035202642,-37.14155095911509,-36.60976161306638,65.78427419354838,-4.852305472327794,1.2203446169145593e-06
A_H1,GBPAUD,MOMENTUM,ALL_TRENDING,2023-11-28,2026-09-08,2.78,189,22.75132275132275,-64.72229264470789,-112.25153686444949,-0.5939234754732777,0.3808250545784575,-4.03258919716452,-68.82979646048273,1.6055948949717642,-1.241726831152297,-0.5939234754732777,-68.0099753175967,-33.6442751531708,68.01206896551724,-6.7223619320499095,1.788036385619307e-11
A_H1,GBPAUD,MOMENTUM,OOS_RANGING,2025-09-08,2026-08-25,0.96,82,41.46341463414634,17.59162587984537,-5.6550017368429355,-0.06896343581515775,0.9075688151294193,-0.43594209033474285,-14.16571839380244,1.6331078638625147,-1.2745972730868425,-0.06896343581515775,-6.311816924765468,-6.559475280143512,85.32905982905983,-0.42735348334403594,0.669121882971526
A_H1,GBPAUD,MOMENTUM,ALL_RANGING,2023-12-08,2026-08-25,2.71,200,32.0,-12.513180614407885,-65.5129012207752,-0.32756450610387605,0.6170296697661608,-2.048824561414531,-51.44832637982606,1.6492548759013754,-1.2578324505769356,-0.32756450610387605,-49.08128612407688,-22.023334135251794,73.71342078708375,-3.3747879269002885,0.0007387259426367976
A_H1,GBPAUD,TREND_PULLBACK,ALL,2023-11-27,2026-09-09,2.78,262,26.33587786259542,-61.738666073175594,-128.44463257884684,-0.49024668923223985,0.46501101415188195,-3.7029542097864336,-72.63708557205535,1.6180251528894884,-1.2439811820115108,-0.49024668923223985,-72.9947019742468,-37.51036299874146,94.09587020648966,-6.178936126634816,6.453499956649011e-10
A_H1,GBPAUD,TREND_PULLBACK,TRAIN,2023-11-27,2024-10-09,0.87,83,28.915662650602407,-14.330603185701515,-36.42486071791197,-0.43885374358930085,0.512662469009458,-3.2464765157269855,-30.16684377746589,1.5965713221914752,-1.2668232618730062,-0.43885374358930085,-31.079520025741246,-34.875623607897424,95.6332807570978,-3.0244526133470195,0.0024908348844139283
A_H1,GBPAUD,TREND_PULLBACK,VALID,2024-11-22,2025-08-29,0.77,89,23.595505617977526,-26.248111222038354,-47.51829967260312,-0.5339134794674508,0.4292129346825112,-4.547823972275761,-37.578019017388634,1.7015326057050912,-1.224271829300148,-0.5339134794674508,-38.3378289051549,-46.778508708432675,116.09732142857143,-3.9818743354052253,6.837392952352417e-05
A_H1,GBPAUD,TREND_PULLBACK,OOS,2025-09-03,2026-09-09,1.02,89,26.96629213483146,-20.15995166543571,-43.26486108719557,-0.4861220346875907,0.46493251822434334,-3.539863293764318,-34.85420730772605,1.5664099623738494,-1.2439800028333534,-0.4861220346875907,-35.65928458275466,-35.21803811020966,87.62061994609164,-3.5676178879830465,0.00036024132027367983
A_H1,GBPAUD,TREND_PULLBACK,OOS_HIGH_VOLATILITY,2025-09-03,2026-09-04,1.0,46,32.608695652173914,-0.9817838754024576,-11.775927538051848,-0.2559984247402576,0.681683432290418,-1.2551392503182162,-12.759377554717155,1.6812308912692915,-1.1933674486158459,-0.2559984247402576,-11.502898873599666,-11.48073548340447,45.90573770491803,-1.256427233469135,0.20896111295426456
A_H1,GBPAUD,TREND_PULLBACK,ALL_HIGH_VOLATILITY,2023-12-04,2026-09-04,2.75,128,26.5625,-29.560498283142515,-58.839373850441525,-0.4596826082065744,0.4796687385372785,-2.4726064193064134,-46.517764601495905,1.5953303281443303,-1.2029851596526462,-0.4596826082065744,-45.1166339516262,-19.591083711571933,46.51940298507463,-4.101501842535704,4.104772378976662e-05
A_H1,GBPAUD,TREND_PULLBACK,OOS_LOW_VOLATILITY,2025-09-03,2026-09-09,1.02,43,20.930232558139537,-19.17816779003325,-31.488933549143727,-0.7323007802126448,0.2821285900060969,-4.18513020740917,-26.65356620642374,1.3750417475481131,-1.2901267434434336,-0.7323007802126448,-27.296245189605063,-26.936155033791522,42.333557951482476,-4.217944070832597,2.4653994869616724e-05
A_H1,GBPAUD,TREND_PULLBACK,ALL_LOW_VOLATILITY,2023-12-04,2026-09-09,2.77,129,26.356589147286826,-30.178167790033044,-66.37492010388586,-0.5145342643712082,0.4559882012077522,-2.688760533439155,-48.52650110006633,1.6363280707099206,-1.2843165737686648,-0.5145342643712082,-49.15580964224364,-21.69905956328152,46.65074257425743,-4.471134138895798,7.780587529371275e-06
A_H1,GBPAUD,TREND_PULLBACK,OOS_TRENDING,2025-09-03,2026-09-09,1.02,89,26.96629213483146,-20.15995166543571,-43.26486108719557,-0.4861220346875907,0.46493251822434334,-3.539863293764318,-34.85420730772605,1.5664099623738494,-1.2439800028333534,-0.4861220346875907,-35.65928458275466,-35.21803811020966,87.62061994609164,-3.5676178879830465,0.00036024132027367983
A_H1,GBPAUD,TREND_PULLBACK,ALL_TRENDING,2023-11-27,2026-09-09,2.78,262,26.33587786259542,-61.738666073175594,-128.44463257884684,-0.49024668923223985,0.46501101415188195,-3.7029542097864336,-72.63708557205535,1.6180251528894884,-1.2439811820115108,-0.49024668923223985,-72.9947019742468,-37.51036299874146,94.09587020648966,-6.178936126634816,6.453499956649011e-10
A_H1,GBPJPY,BREAKOUT_RETEST,ALL,2023-12-01,2026-09-11,2.78,573,33.33333333333333,-8.762292090009545,-120.03351629659825,-0.20948257643385385,0.7349621403822179,-2.1609987987760535,-73.32677696781403,1.742714376398591,-1.1855810528500763,-0.20948257643385385,-71.54739160441262,-36.41262461749648,206.39866863905326,-3.6006291296145982,0.00031744812035272574
A_H1,GBPJPY,BREAKOUT_RETEST,TRAIN,2023-12-01,2024-10-30,0.91,192,33.85416666666667,-1.941176105712433,-35.969154419661834,-0.18733934593573873,0.7588737214793069,-1.947636296258649,-35.79449981023721,1.7415736390443397,-1.1745782752562515,-0.18733934593573873,-31.517036817630817,-33.982476107705004,210.5945945945946,-1.8596656271790752,0.06293284800450616
A_H1,GBPJPY,BREAKOUT_RETEST,VALID,2024-11-05,2025-08-29,0.81,163,31.28834355828221,-10.844792786440332,-37.27570761830997,-0.22868532281171763,0.7108483880448394,-2.3468371069549505,-36.02232647073163,1.7968303958387075,-1.1510183732686075,-0.22868532281171763,-32.1966587563402,-37.988399790026705,200.45707070707073,-2.116245554376615,0.034323928667585824
A_H1,GBPJPY,BREAKOUT_RETEST,OOS,2025-09-01,2026-09-11,1.03,217,34.56221198156682,5.023676802143199,-45.63533815207539,-0.2103010974750018,0.7372040826397364,-2.172355143511225,-41.80766105430621,1.706904122219663,-1.2229094881588036,-0.2103010974750018,-38.009328170992205,-37.233796845107115,211.35800000000003,-2.201158662018607,0.027724793603702835
A_H1,GBPJPY,BREAKOUT_RETEST,OOS_HIGH_VOLATILITY,2025-09-08,2026-09-11,1.01,90,32.22222222222222,-3.5977730300523127,-21.2901883058409,-0.23655764784267666,0.7026270777391235,-1.6229765800091898,-23.11962317220838,1.734622465254253,-1.1736760622658076,-0.23655764784267666,-19.874913701404072,-19.742129656743955,89.32744565217392,-1.6290748909490023,0.10329716592748239
A_H1,GBPJPY,BREAKOUT_RETEST,ALL_HIGH_VOLATILITY,2023-12-07,2026-09-11,2.76,248,34.274193548387096,3.470071100971781,-36.88577876947128,-0.14873297890915838,0.8024973210318089,-1.0091850318977877,-35.23589003585056,1.7632367616369833,-1.1457724141632812,-0.14873297890915838,-32.50636558819551,-13.264978064949684,89.77403369672943,-1.6773406467828036,0.09347588850342281
A_H1,GBPJPY,BREAKOUT_RETEST,OOS_LOW_VOLATILITY,2025-09-01,2026-09-01,1.0,127,36.22047244094488,8.621449832195507,-24.345149846234488,-0.19169409327743692,0.7614598231772808,-1.5077240724325947,-25.48662062097745,1.6894295146543785,-1.2599865125967393,-0.19169409327743692,-22.63263018776427,-22.6462268418993,127.08698630136986,-1.507207993666001,0.13175735194061122
A_H1,GBPJPY,BREAKOUT_RETEST,ALL_LOW_VOLATILITY,2023-12-01,2026-09-01,2.75,325,32.61538461538461,-12.232363190981332,-83.14773752712696,-0.2558391923911599,0.6875684561602808,-2.0011033134528775,-60.37901517220148,1.7262577467262952,-1.2152103136078278,-0.2558391923911599,-57.844012041214,-26.965889200602156,118.23331673306772,-3.3177316451130205,0.0009075162936991177
A_H1,GBPJPY,BREAKOUT_RETEST,OOS_TRENDING,2025-10-01,2026-09-11,0.94,71,33.80281690140845,1.0017196966633304,-13.828774199369128,-0.1947714675967483,0.7514862842224018,-1.2006717738180284,-19.744132647697,1.7423810502634274,-1.1839557320359868,-0.1947714675967483,-13.526292851407584,-14.260795951999272,75.16739130434783,-1.1669136937023956,0.2432452252562105
A_H1,GBPJPY,BREAKOUT_RETEST,ALL_TRENDING,2023-12-01,2026-09-11,2.78,211,34.59715639810427,4.641886794517633,-32.324072715813905,-0.15319465742091898,0.7996481821836989,-0.9457674458853231,-33.332584027140356,1.7672943217161148,-1.169105494210799,-0.15319465742091898,-29.132820542283298,-11.665718603198961,76.00369822485207,-1.5758258715482023,0.11506593830636058
A_H1,GBPJPY,BREAKOUT_RETEST,OOS_RANGING,2025-09-01,2026-08-26,0.98,91,41.75824175824176,20.653777523510513,-1.9456777097485434,-0.021381073733500476,0.9704571688741964,-0.1405927384375607,-10.01145827517126,1.6819441377589293,-1.242633112162035,-0.021381073733500476,-2.8647335690286546,-2.9138733380407067,92.58426183844011,-0.1393846670783553,0.8891461879831195
A_H1,GBPJPY,BREAKOUT_RETEST,ALL_RANGING,2023-12-26,2026-08-26,2.66,238,36.134453781512605,15.227641533503444,-34.04541500949764,-0.14304796222478,0.8119059685348191,-0.9591058102135757,-33.97469543721968,1.7087986822668149,-1.1908033005555505,-0.14304796222478,-30.52379589934372,-12.77769217122431,89.34172661870504,-1.565409012202156,0.11748703662891935
A_H1,GBPJPY,MEAN_REVERSION,ALL,2023-12-28,2026-08-19,2.64,150,50.0,3.1441516057384433e-13,-29.33928046917175,-0.19559520312781167,0.6728381799414191,-1.466199844929405,-27.525866709320145,0.8045188185725605,-1.195709224828184,-0.19559520312781167,-26.009784632440525,-10.775770095954096,56.77461139896373,-2.383206713438321,0.017162554039319655
A_H1,GBPJPY,MEAN_REVERSION,TRAIN,2023-12-28,2024-10-28,0.83,48,54.166666666666664,4.000000000000184,-5.298872991469503,-0.11039318732228132,0.799949104851063,-0.823433573302776,-9.365324615376059,0.8149519810734067,-1.2039829317899124,-0.11039318732228132,-5.395213271446265,-6.446491725372927,57.671052631578945,-0.7512253759552107,0.45251703082611616
A_H1,GBPJPY,MEAN_REVERSION,VALID,2024-11-06,2025-08-20,0.79,45,46.666666666666664,-2.99999999999975,-10.042310146287631,-0.2231624476952807,0.6399168549857256,-1.6631073704990877,-12.599370949226774,0.849835935656429,-1.1620360331280268,-0.2231624476952807,-9.770348699283392,-12.264502010368684,57.2691637630662,-1.4742329859757939,0.14041887136583053
A_H1,GBPJPY,MEAN_REVERSION,OOS,2025-09-01,2026-08-19,0.96,55,49.09090909090909,-1.000000000000115,-13.759494227976198,-0.25017262232683996,0.5976826611967161,-1.8904079272523107,-19.807993808709323,0.7570779777936335,-1.2214499867287252,-0.25017262232683996,-13.105812768341352,-13.564089428439086,57.0703125,-1.8558024735127794,0.0634817178904763
A_H1,GBPJPY,MEAN_REVERSION,OOS_HIGH_VOLATILITY,2025-09-09,2026-06-17,0.77,15,53.333333333333336,0.9999999999998969,-1.727722346386915,-0.11518148975912766,0.7868225559935222,-0.5034682836750081,-7.8285362629977655,0.7971123064677814,-1.1578029711613096,-0.11518148975912766,-1.7842713395968657,-2.3130056880265815,19.497330960854093,-0.44160111851023365,0.658777874472869
A_H1,GBPJPY,MEAN_REVERSION,ALL_HIGH_VOLATILITY,2024-03-07,2026-06-17,2.28,45,57.77777777777777,7.00000000000007,-0.017087360183291267,-0.00037971911518425036,0.9992215008549236,-0.0016889420291873645,-7.828536262997754,0.8435391748529832,-1.1552161003347818,-0.00037971911518425036,-0.2369574805445973,-0.10409413043963589,19.755108173076923,-0.0025490672546531028,0.997966140795647
A_H1,GBPJPY,MEAN_REVERSION,OOS_LOW_VOLATILITY,2025-09-01,2026-08-19,0.96,40,47.5,-2.0000000000000133,-12.031771881589284,-0.3007942970397321,0.5389415373210421,-1.930203159018585,-14.72545183903582,0.7402214183518868,-1.2426656585845302,-0.3007942970397321,-11.527218280781248,-11.934158353226643,41.50568181818182,-1.8948692212137426,0.05810972973318518
A_H1,GBPJPY,MEAN_REVERSION,ALL_LOW_VOLATILITY,2023-12-28,2026-08-19,2.64,105,46.666666666666664,-6.999999999999758,-29.32219310898846,-0.2792589819903663,0.5670664575608698,-1.7591372372937049,-27.353725928570995,0.7838141397298873,-1.2094479634955881,-0.2792589819903663,-25.834042848953644,-10.69561591167516,39.74222797927461,-2.859356238698521,0.004245017782136262
A_H1,GBPJPY,MEAN_REVERSION,OOS_RANGING,2025-09-01,2026-08-19,0.96,55,49.09090909090909,-1.000000000000115,-13.759494227976198,-0.25017262232683996,0.5976826611967161,-1.8904079272523107,-19.807993808709323,0.7570779777936335,-1.2214499867287252,-0.25017262232683996,-13.105812768341352,-13.564089428439086,57.0703125,-1.8558024735127794,0.0634817178904763
A_H1,GBPJPY,MEAN_REVERSION,ALL_RANGING,2023-12-28,2026-08-19,2.64,150,50.0,3.1441516057384433e-13,-29.33928046917175,-0.19559520312781167,0.6728381799414191,-1.466199844929405,-27.525866709320145,0.8045188185725605,-1.195709224828184,-0.19559520312781167,-26.009784632440525,-10.775770095954096,56.77461139896373,-2.383206713438321,0.017162554039319655
A_H1,GBPJPY,MOMENTUM,ALL,2023-11-29,2026-09-11,2.78,460,36.08695652173913,31.560488211295052,-61.150948958276324,-0.13293684556147026,0.8246748742141518,-1.2055826143034656,-53.58834300995905,1.7327412588265132,-1.1863469317125084,-0.13293684556147026,-48.207805754766206,-21.06336983995185,165.36909448818898,-2.0107066675868723,0.0443564493518156
A_H1,GBPJPY,MOMENTUM,TRAIN,2023-11-29,2024-10-30,0.92,145,41.37931034482759,32.929831788575164,5.964951186593491,0.04113759439029994,1.0605924308246464,0.3574427708294338,-15.855104576202649,1.7401464156053925,-1.1581627499968241,0.04113759439029994,4.563390643690068,4.985570285548646,158.09328358208955,0.34232121051830544,0.7321091750624715
A_H1,GBPJPY,MOMENTUM,VALID,2024-11-01,2025-08-29,0.82,148,31.756756756756754,-8.18019307864958,-33.28133725981343,-0.22487390040414476,0.7178633425769985,-2.1633381840543198,-31.03122921804249,1.8017111666007297,-1.1679382385153239,-0.22487390040414476,-29.34854834194429,-34.398282563300405,179.59136212624583,-1.9638691654591602,0.04954526650345503
A_H1,GBPJPY,MOMENTUM,OOS,2025-09-03,2026-09-11,1.02,167,35.32934131736527,6.810849501369466,-33.83456288505638,-0.20260217296440944,0.7444141100004823,-1.840934399761181,-30.128415593090207,1.6702684609939542,-1.2257444637379602,-0.20260217296440944,-29.89264801854429,-29.43940915557224,163.96975806451613,-1.8578672136851184,0.06318787332551912
A_H1,GBPJPY,MOMENTUM,OOS_HIGH_VOLATILITY,2025-09-08,2026-09-11,1.0,61,42.62295081967213,11.855338342977612,-0.3176799599903253,-0.00520786819656271,0.9922994178828116,-0.028708013696403523,-11.102432486472924,1.5744745735510943,-1.1786862534948224,-0.00520786819656271,-0.9107329714440171,-0.9064099806492254,60.7091280653951,-0.02877670499128093,0.9770426799084115
A_H1,GBPJPY,MOMENTUM,ALL_HIGH_VOLATILITY,2023-12-08,2026-09-11,2.76,174,37.35632183908046,16.23128158920805,-12.542278261940467,-0.07208205897666935,0.8987215313162742,-0.407248384975991,-24.407449278334102,1.7122654570821765,-1.1361425043328621,-0.07208205897666935,-13.28185870161832,-5.037574097017905,63.111717974180735,-0.6762059590809161,0.49890988963910954
A_H1,GBPJPY,MOMENTUM,OOS_LOW_VOLATILITY,2025-09-03,2026-09-01,0.99,106,31.132075471698112,-5.044488841608147,-33.51688292506606,-0.31619700872703826,0.6321934247371721,-2.334282766509122,-29.03212478685864,1.7457424329186315,-1.2483066193339851,-0.31619700872703826,-29.24828885730697,-29.467723546738757,106.95165745856353,-2.323874319540668,0.02013223100467565
A_H1,GBPJPY,MOMENTUM,ALL_LOW_VOLATILITY,2023-12-01,2026-09-01,2.75,285,35.43859649122807,16.32920662208702,-47.44942601574857,-0.16648921409034587,0.7879707967310569,-1.187444192282258,-44.87436183408297,1.7459187549986104,-1.2162348927750446,-0.16648921409034587,-39.57477243746482,-16.745378883016592,103.68152390438246,-1.968724526642632,0.0489847332373341
A_H1,GBPJPY,MOMENTUM,OOS_TRENDING,2025-10-02,2026-09-11,0.94,56,42.857142857142854,14.442513767006961,2.011791671215521,0.035924851271705735,1.0518145588617467,0.18864319946172273,-9.559517470818113,1.7016065044152242,-1.2133363885859332,0.035924851271705735,1.4289972124566397,1.5223967186557719,59.632653061224495,0.18280711774314434,0.8549493635758589
A_H1,GBPJPY,MOMENTUM,ALL_TRENDING,2023-11-29,2026-09-11,2.78,166,37.95180722891566,21.33026312104984,-9.369806125319545,-0.05644461521276835,0.9214709067622003,-0.30525239507870644,-20.760244177781495,1.7451835092583927,-1.1584113321223135,-0.05644461521276835,-10.461239931958733,-3.894536787101144,59.67667322834646,-0.5091090554886852,0.6106757847953592
A_H1,GBPJPY,MOMENTUM,OOS_RANGING,2025-09-03,2026-08-19,0.96,73,32.87671232876712,-2.631664265637408,-21.141084878174254,-0.2896039024407432,0.6455850871510854,-1.8474547241929267,-19.9379470124044,1.60456579618247,-1.2173604895215007,-0.2896039024407432,-19.62516230710437,-20.438612386462452,76.3989971346705,-1.8058904654572383,0.07093545070377028
A_H1,GBPJPY,MOMENTUM,ALL_RANGING,2023-12-25,2026-08-19,2.65,188,38.82978723404255,27.67593081279244,-12.16936910076126,-0.06473068670617692,0.9116244807683217,-0.37796890368595176,-30.011804229265703,1.719606999736683,-1.19739721810034,-0.06473068670617692,-13.161854549519225,-5.18566738312165,70.93698347107438,-0.6153166080516094,0.5383456516320915
A_H1,GBPJPY,TREND_PULLBACK,ALL,2023-11-28,2026-09-10,2.78,253,35.573122529644266,15.519401676602016,-31.12218906227349,-0.12301260498922327,0.8374396232480376,-0.8232394630759613,-40.35549539755433,1.7814204587117008,-1.174540063474396,-0.12301260498922327,-28.60173735590228,-11.396124978736289,90.86356932153392,-1.3736988823215508,0.16953518403130952
A_H1,GBPJPY,TREND_PULLBACK,TRAIN,2023-11-28,2024-09-30,0.84,93,40.86021505376344,21.704700787683137,5.960681833006809,0.06409335304308397,1.0943721493532563,0.4588629562017499,-13.530858266676038,1.8190034805102306,-1.1483900077523992,0.06409335304308397,5.092594256847294,6.108229038172186,111.00735294117648,0.41999933198899964,0.6744859416955342
A_H1,GBPJPY,TREND_PULLBACK,VALID,2024-11-01,2025-08-15,0.79,64,37.5,6.5335569829631845,-3.651386745145582,-0.05705291789289972,0.9214451960935867,-0.3571180776553294,-12.992480497532831,1.7846101320776426,-1.1620507478752249,-0.05705291789289972,-4.213447082896094,-5.331114487884614,81.44947735191639,-0.31656119100101143,0.7515765874069502
A_H1,GBPJPY,TREND_PULLBACK,OOS,2025-09-05,2026-09-10,1.01,96,29.166666666666668,-12.718856094044297,-33.43148415013472,-0.34824462656390337,0.5913348729641121,-2.514861972646229,-29.743385765340413,1.7276809233857457,-1.2030375000725824,-0.34824462656390337,-29.07309868244845,-28.75961612090302,94.76756756756757,-2.531161777413419,0.011368540019049522
A_H1,GBPJPY,TREND_PULLBACK,OOS_HIGH_VOLATILITY,2025-10-02,2026-09-10,0.94,55,30.909090909090907,-4.718856094044389,-14.966470499956477,-0.2721176454537541,0.6592620009440124,-1.5458473690979522,-15.15262993984512,1.703365897518434,-1.1558865988886804,-0.2721176454537541,-14.337904479841157,-15.193570875849094,58.56778425655977,-1.498023267321436,0.13412720541155032
A_H1,GBPJPY,TREND_PULLBACK,ALL_HIGH_VOLATILITY,2023-12-08,2026-09-10,2.76,129,36.434108527131784,11.449204052915091,-8.64502436688979,-0.06701569276658753,0.9064910754827848,-0.3237538395693885,-22.374839801073108,1.7831128695201441,-1.12745523456508,-0.06701569276658753,-9.449363234933783,-3.53626465160759,46.78972194637537,-0.5375694138235906,0.5908743510291639
A_H1,GBPJPY,TREND_PULLBACK,OOS_LOW_VOLATILITY,2025-09-05,2026-09-02,0.99,41,26.82926829268293,-7.999999999999911,-18.465013650178243,-0.4503661865897132,0.5125760299743024,-2.1342755791895858,-20.030742790554534,1.7652586906352281,-1.262761974905525,-0.4503661865897132,-17.201533669159062,-17.385328381254183,41.482686980609415,-2.121822174495435,0.03385267379940027
A_H1,GBPJPY,TREND_PULLBACK,ALL_LOW_VOLATILITY,2023-12-01,2026-09-02,2.75,119,34.45378151260504,3.070197623686842,-22.546431142898495,-0.18946580792351678,0.7637381610838385,-0.8687123382159339,-27.090919077234975,1.7776442895269708,-1.223459577096209,-0.18946580792351678,-21.16297264357917,-8.27908503723459,43.24850746268657,-1.440999759608167,0.14958475070366717
A_H1,GBPJPY,TREND_PULLBACK,OOS_TRENDING,2025-09-05,2026-09-10,1.01,96,29.166666666666668,-12.718856094044297,-33.43148415013472,-0.34824462656390337,0.5913348729641121,-2.514861972646229,-29.743385765340413,1.7276809233857457,-1.2030375000725824,-0.34824462656390337,-29.07309868244845,-28.75961612090302,94.76756756756757,-2.531161777413419,0.011368540019049522
A_H1,GBPJPY,TREND_PULLBACK,ALL_TRENDING,2023-11-28,2026-09-10,2.78,253,35.573122529644266,15.519401676602016,-31.12218906227349,-0.12301260498922327,0.8374396232480376,-0.8232394630759613,-40.35549539755433,1.7814204587117008,-1.174540063474396,-0.12301260498922327,-28.60173735590228,-11.396124978736289,90.86356932153392,-1.3736988823215508,0.16953518403130952
A_H1,GBPUSD,BREAKOUT_RETEST,ALL,2023-11-28,2026-09-10,2.78,595,33.27731092436974,-7.2791846968728375,-116.2334225845186,-0.19535029005801446,0.7497839791857597,-2.0519915004856477,-70.68196358902763,1.7590852180528924,-1.1701065384357463,-0.19535029005801446,-70.50332683926017,-35.52602445142653,213.9013287401575,-3.4223726710275124,0.0006207716523201068
A_H1,GBPUSD,BREAKOUT_RETEST,TRAIN,2023-11-28,2024-10-30,0.92,191,32.98429319371728,-5.412131448098169,-43.61369965374027,-0.22834397724471345,0.7104633663320192,-2.3933646159074367,-35.790289015681424,1.6987151012305912,-1.1768183674317774,-0.22834397724471345,-36.523345872091795,-38.89629045355106,207.0111275964392,-2.298945650212761,0.0215080257299316
A_H1,GBPUSD,BREAKOUT_RETEST,VALID,2024-11-01,2025-08-27,0.82,188,34.57446808510639,5.776762954540647,-24.11670863871161,-0.12828036509952984,0.8309007213567063,-1.363919460087137,-32.26003173246508,1.8231065902575379,-1.15950111386546,-0.12828036509952984,-22.914078840124386,-27.233427912003506,229.65551839464882,-1.234039916495273,0.2171880305263918
A_H1,GBPUSD,BREAKOUT_RETEST,OOS,2025-09-01,2026-09-10,1.02,215,32.55813953488372,-6.643816203315314,-47.39733484760318,-0.22045272022141016,0.7214792345086344,-2.30336064920523,-40.46267488434353,1.7539699061457932,-1.1736222639848874,-0.22045272022141016,-39.04454301013889,-38.33448296517623,209.96991978609628,-2.3307872398953062,0.019764581292048167
A_H1,GBPUSD,BREAKOUT_RETEST,OOS_HIGH_VOLATILITY,2025-09-03,2026-09-10,1.02,100,31.0,-6.143487025887946,-22.528992213933456,-0.22528992213933458,0.7111410907926039,-1.629130007306979,-23.72053368735617,1.789163697703442,-1.1303343020686978,-0.22528992213933458,-20.928147526687823,-20.59052545772787,98.18548387096774,-1.6441146560132072,0.10015252114386919
A_H1,GBPUSD,BREAKOUT_RETEST,ALL_HIGH_VOLATILITY,2023-12-01,2026-09-10,2.77,272,32.720588235294116,-8.644005393709005,-51.92344530967243,-0.19089501952085453,0.751180248200477,-1.3709271731908388,-42.78853960604481,1.7612978400493216,-1.1403221479456942,-0.19089501952085453,-42.040132383734665,-17.85283616070974,98.07305034550839,-2.2830950636998404,0.022424769277646917
A_H1,GBPUSD,BREAKOUT_RETEST,OOS_LOW_VOLATILITY,2025-09-01,2026-09-02,1.0,115,33.91304347826087,-0.5003291774273653,-24.868342633669734,-0.21624645768408465,0.7302260844557592,-1.6463827286460138,-24.611285573385587,1.7259953538820207,-1.212923176777218,-0.21624645768408465,-22.911307774869304,-22.87019123052184,114.76434426229508,-1.6480721931527784,0.09933785763280989
A_H1,GBPUSD,BREAKOUT_RETEST,ALL_LOW_VOLATILITY,2023-12-07,2026-09-02,2.74,321,33.95638629283489,3.3648206968361345,-62.021070720986394,-0.19321205832082988,0.7554031169855097,-1.4858473363741258,-47.97943465905592,1.7572785817438814,-1.1960586609956108,-0.19321205832082988,-47.923286711670784,-21.20401972809646,117.24525,-2.458550185176703,0.013949927798485806
A_H1,GBPUSD,BREAKOUT_RETEST,OOS_TRENDING,2025-09-03,2026-09-04,1.0,90,30.0,-8.238954646619373,-24.962577703600655,-0.2773619744844517,0.6558818918240349,-1.9343379132859382,-24.914491826560358,1.7621536736246441,-1.15144010938835,-0.2773619744844517,-22.753859114202825,-22.712981733522998,89.81557377049181,-1.9363228680547928,0.05282816970389437
A_H1,GBPUSD,BREAKOUT_RETEST,ALL_TRENDING,2023-11-28,2026-09-04,2.77,271,31.73431734317343,-15.418698487734963,-64.94008668588859,-0.23963131618409073,0.6977768883494687,-1.7325281635482686,-49.029427884119684,1.7434252066816656,-1.1614846187054695,-0.23963131618409073,-49.10629544457381,-21.67149257659836,98.00272277227722,-2.881017376705855,0.003963937860693267
A_H1,GBPUSD,BREAKOUT_RETEST,OOS_RANGING,2025-09-01,2026-09-10,1.02,81,40.74074074074074,16.82819096515295,1.2550582332030458,0.01549454608892649,1.021964219392316,0.09377232553473376,-12.768993603150902,1.7695785885623725,-1.1904382331115677,0.01549454608892649,0.3952907357199109,0.3860247967832242,79.10494652406418,0.09488889197055664,0.924403079630399
A_H1,GBPUSD,BREAKOUT_RETEST,ALL_RANGING,2023-12-13,2026-09-10,2.74,214,36.915887850467286,22.678596932071827,-16.002678879121614,-0.07477887326692344,0.8988555552520139,-0.4580548770108016,-20.518232464262365,1.8001697993039338,-1.1719710594380175,-0.07477887326692344,-16.65224862280753,-6.424067395987532,78.00748502994013,-0.7586758501290439,0.44804648675886405
A_H1,GBPUSD,MEAN_REVERSION,ALL,2024-01-02,2026-09-10,2.69,146,47.94520547945205,-5.99999999999976,-32.071746526931484,-0.21966949675980468,0.6423179282332793,-1.6108152970044491,-29.43622947141128,0.8227680953107481,-1.1798093841932087,-0.21966949675980468,-27.993994088438146,-11.49883089832553,54.30397148676171,-2.6412309444800717,0.008260538945466411
A_H1,GBPUSD,MEAN_REVERSION,TRAIN,2024-01-02,2024-10-30,0.83,46,54.347826086956516,3.9999999999999045,-5.162769330434971,-0.1122341158790211,0.7939942946580382,-0.8346731208299187,-6.49800687133546,0.7959409446833194,-1.1933949022627597,-0.1122341158790211,-5.2499496119019495,-6.314081762630009,55.6341059602649,-0.7589703101113713,0.44787031744859584
A_H1,GBPUSD,MEAN_REVERSION,VALID,2024-11-05,2025-08-29,0.81,44,47.72727272727273,-1.9999999999999019,-8.611195209924366,-0.1957089820437356,0.6763659693156148,-1.4165529269803774,-10.117424866460944,0.8569820115596753,-1.1568616283772848,-0.1957089820437356,-8.463461847811827,-10.337796158898149,54.29391891891892,-1.2752154006840175,0.20223301171071228
A_H1,GBPUSD,MEAN_REVERSION,OOS,2025-09-02,2026-09-10,1.02,55,41.81818181818181,-8.999999999999792,-19.18182064632036,-0.34876037538764293,0.4951674570866616,-2.561456974215054,-18.41933062991584,0.8180253109638255,-1.1873875874527609,-0.34876037538764293,-17.705212412221172,-17.371345984339236,53.857238605898125,-2.5884892688714283,0.009639795054638967
A_H1,GBPUSD,MEAN_REVERSION,OOS_HIGH_VOLATILITY,2025-09-02,2026-09-10,1.02,17,47.05882352941176,-0.9999999999998834,-3.786853535504039,-0.222756090323767,0.6353267053883661,-0.8924755142937048,-7.066785122565955,0.824672801672476,-1.1538039943204275,-0.222756090323767,-3.8002583980415894,-3.7227871411042557,16.646782841823057,-0.9018942401668495,0.36711305134857497
A_H1,GBPUSD,MEAN_REVERSION,ALL_HIGH_VOLATILITY,2024-01-02,2026-09-10,2.69,52,42.30769230769231,-7.999999999999638,-16.104016563131232,-0.30969262621406213,0.5347982431152322,-1.3674232587252653,-16.201724240118143,0.8415116899282459,-1.1539091247184212,-0.30969262621406213,-15.11140534669565,-5.911646542951409,19.341140529531568,-2.2421444791736254,0.02495203609882002
A_H1,GBPUSD,MEAN_REVERSION,OOS_LOW_VOLATILITY,2025-09-02,2026-08-07,0.93,38,39.473684210526315,-7.9999999999999085,-15.394967110816324,-0.4051307134425349,0.4424571170140952,-2.5946431343983196,-14.825217520022992,0.8144799825858784,-1.200528993461065,-0.4051307134425349,-14.45425297680477,-15.482177197533542,40.942477876106196,-2.4996682300128032,0.012430966204141303
A_H1,GBPUSD,MEAN_REVERSION,ALL_LOW_VOLATILITY,2024-01-04,2026-08-07,2.59,94,51.06382978723404,1.999999999999877,-15.967729963800256,-0.16986946770000272,0.7099320501206017,-1.0115398430978084,-19.612297254928336,0.8141772811110618,-1.1967008577637221,-0.16986946770000272,-15.175877035491702,-6.1571092959490485,36.29334038054969,-1.6279214648814708,0.10354153937130262
A_H1,GBPUSD,MEAN_REVERSION,OOS_RANGING,2025-09-02,2026-09-10,1.02,55,41.81818181818181,-8.999999999999792,-19.18182064632036,-0.34876037538764293,0.4951674570866616,-2.561456974215054,-18.41933062991584,0.8180253109638255,-1.1873875874527609,-0.34876037538764293,-17.705212412221172,-17.371345984339236,53.857238605898125,-2.5884892688714283,0.009639795054638967
A_H1,GBPUSD,MEAN_REVERSION,ALL_RANGING,2024-01-02,2026-09-10,2.69,146,47.94520547945205,-5.99999999999976,-32.071746526931484,-0.21966949675980468,0.6423179282332793,-1.6108152970044491,-29.43622947141128,0.8227680953107481,-1.1798093841932087,-0.21966949675980468,-27.993994088438146,-11.49883089832553,54.30397148676171,-2.6412309444800717,0.008260538945466411
A_H1,GBPUSD,MOMENTUM,ALL,2023-11-28,2026-09-11,2.79,513,28.26510721247563,-78.91011869657311,-177.5449439778733,-0.34609150872879785,0.5932304275490354,-3.4910823838513627,-83.673694430165,1.785727827733944,-1.1860746711937367,-0.34609150872879785,-83.87440040922638,-48.04070689521217,184.06016699410608,-5.828259419830147,5.600846453290842e-09
A_H1,GBPUSD,MOMENTUM,TRAIN,2023-11-28,2024-10-30,0.92,170,28.823529411764703,-25.98607274073038,-61.081997876463504,-0.35930586986155,0.5807297265495143,-3.637844328812148,-46.91366479609653,1.7266214790609344,-1.2040202508301592,-0.35930586986155,-46.585543258262994,-49.32088433138494,184.2507418397626,-3.494330258034239,0.00047525271468651376
A_H1,GBPUSD,MOMENTUM,VALID,2024-11-04,2025-08-29,0.81,148,29.054054054054053,-17.962429021032506,-42.31205490829531,-0.28589226289388725,0.6517354445094212,-2.816829647601895,-37.508455799699114,1.841440650539552,-1.1570857417285338,-0.28589226289388725,-35.433427253129835,-41.60873346342494,182.010101010101,-2.5400583625969517,0.01108339721153384
A_H1,GBPUSD,MOMENTUM,OOS,2025-09-03,2026-09-11,1.02,195,27.17948717948718,-34.96161693481024,-74.15089119311446,-0.38026098047751006,0.5620019498091172,-3.93460141174936,-54.918716078982335,1.7951723504572694,-1.1922184913193643,-0.38026098047751006,-53.24271109738798,-52.49831439766916,190.94839142091155,-3.976125163968695,7.004726779458181e-05
A_H1,GBPUSD,MOMENTUM,OOS_HIGH_VOLATILITY,2025-09-03,2026-09-11,1.02,86,29.069767441860467,-9.961616934810865,-24.765265626489672,-0.28796820495918224,0.6475410937445917,-1.9399980126156446,-26.677635077376806,1.8199599336022032,-1.151873179779422,-0.28796820495918224,-22.576346400753565,-22.1636276508134,84.21313672922253,-1.9604717501945772,0.04994067672853064
A_H1,GBPUSD,MOMENTUM,ALL_HIGH_VOLATILITY,2023-12-01,2026-09-11,2.78,192,30.208333333333332,-17.54167211569537,-49.25306385153037,-0.2565263742267207,0.6804047470912252,-1.5551698493936204,-40.521257615776896,1.8078911258882997,-1.1500802175600873,-0.2565263742267207,-40.01465337325657,-16.798900904452363,69.09162561576355,-2.5924819222316016,0.00952861890006984
A_H1,GBPUSD,MOMENTUM,OOS_LOW_VOLATILITY,2025-09-10,2026-09-09,0.99,109,25.688073394495415,-24.99999999999938,-49.38562556662478,-0.45307913363875946,0.5013102528085033,-3.6062148075508498,-38.88654609581062,1.7730405797921507,-1.2226019975408025,-0.45307913363875946,-39.608521777294314,-39.79700860464735,109.67561983471074,-3.5950902109435328,0.0003242791907940301
A_H1,GBPUSD,MOMENTUM,ALL_LOW_VOLATILITY,2023-12-07,2026-09-09,2.76,318,27.358490566037734,-58.36844658087771,-124.75155873489763,-0.39230049916634474,0.5525802083603386,-3.1620222252526684,-71.80999507625498,1.7709522956310397,-1.2070320712328921,-0.39230049916634474,-72.14278738931957,-37.09679549108385,115.34210526315789,-5.250305097190767,1.518474950223947e-07
A_H1,GBPUSD,MOMENTUM,OOS_TRENDING,2025-09-03,2026-09-07,1.01,83,19.27710843373494,-34.99999999999924,-51.82690412793868,-0.6244205316619118,0.3547387628801109,-4.787286741348378,-42.933044096714134,1.7807721505471386,-1.1987949035327294,-0.6244205316619118,-40.8824603253113,-40.649787876056266,82.37975543478261,-4.805274901785431,1.5453901931472558e-06
A_H1,GBPUSD,MOMENTUM,ALL_TRENDING,2023-11-28,2026-09-07,2.77,220,24.09090909090909,-61.58005518088301,-103.78305894765995,-0.471741177034818,0.47531527974594207,-3.2943774361720592,-65.44570678432801,1.7739196976471214,-1.1844359456464513,-0.471741177034818,-65.28794976508992,-31.716726861177293,79.32379072063179,-5.4863431184185565,4.1033950681779174e-08
A_H1,GBPUSD,MOMENTUM,OOS_RANGING,2025-10-06,2026-09-10,0.93,69,31.88405797101449,-2.9999999999996616,-16.494160991870054,-0.2390458114763776,0.7063891524234855,-1.4631793896982122,-16.754176527786356,1.8037629955609402,-1.1952541892385262,-0.2390458114763776,-15.791133727369866,-16.904404299059685,74.34292035398231,-1.4096208402417874,0.1586516699954441
A_H1,GBPUSD,MOMENTUM,ALL_RANGING,2023-12-13,2026-09-10,2.74,179,29.608938547486037,-21.368446580879205,-55.3696875778763,-0.30932786356355474,0.6307844169115425,-1.82960710787013,-44.922902238185145,1.784831149183137,-1.190204273687163,-0.30932786356355474,-43.51184478340886,-18.81179410636551,65.31443556443557,-3.028863943244853,0.002454752074056543
A_H1,GBPUSD,TREND_PULLBACK,ALL,2023-11-27,2026-09-07,2.78,328,28.96341463414634,-41.63923487660072,-106.49103661763603,-0.3246677945659635,0.6158227402495589,-2.597049173671491,-67.48472365639135,1.7968570036075968,-1.1896671757955268,-0.3246677945659635,-66.60556153651494,-32.636592882728564,118.14792899408285,-4.32717080225094,1.5103683895789644e-05
A_H1,GBPUSD,TREND_PULLBACK,TRAIN,2023-11-27,2024-10-25,0.91,129,30.23255813953488,-11.242539622690419,-38.66620643313921,-0.29973803436542024,0.6420049935394759,-2.595459491203012,-35.90796154759476,1.7779862391231922,-1.2000852195438187,-0.29973803436542024,-32.92348217837115,-35.55318772869968,141.91942771084337,-2.474504138795707,0.01334212748638608
A_H1,GBPUSD,TREND_PULLBACK,VALID,2024-11-13,2025-08-25,0.78,90,31.11111111111111,-6.0000000000003455,-20.883002315288675,-0.23203335905876304,0.7111453043557963,-1.7853966174866642,-24.152767148893528,1.836173943572021,-1.1660624634726657,-0.23203335905876304,-19.567196202928915,-24.4249491704428,115.74823943661971,-1.574340853531909,0.1154086697465595
A_H1,GBPUSD,TREND_PULLBACK,OOS,2025-09-03,2026-09-07,1.01,109,25.688073394495415,-24.396695253909954,-46.94182786920813,-0.4306589712771388,0.5155087602092566,-3.41832476607855,-40.515027805510904,1.783824342746451,-1.1961593761247995,-0.4306589712771388,-38.10288198723877,-37.88060190388289,108.18546195652175,-3.431169071765753,0.0006009859041491428
A_H1,GBPUSD,TREND_PULLBACK,OOS_HIGH_VOLATILITY,2025-09-03,2026-09-07,1.01,42,28.57142857142857,-5.396695253910392,-12.646355947460115,-0.30110371303476463,0.6322622354367814,-1.4333515172406155,-17.19461430076439,1.811937303331587,-1.1463201195813055,-0.30110371303476463,-12.227077022597733,-12.141493193845431,41.68614130434783,-1.4387373147597242,0.15022496276862185
A_H1,GBPUSD,TREND_PULLBACK,ALL_HIGH_VOLATILITY,2023-12-01,2026-09-07,2.77,130,30.76923076923077,-9.39669525391054,-31.13131120738222,-0.2394716246721709,0.7019567046657447,-1.1823703990186238,-28.39958824116139,1.8330250142474989,-1.160581241969802,-0.2394716246721709,-27.681568640104516,-11.05947282409553,47.01237623762376,-1.9661612070414036,0.04927999199983035
A_H1,GBPUSD,TREND_PULLBACK,OOS_LOW_VOLATILITY,2025-09-10,2026-09-01,0.97,67,23.88059701492537,-18.999999999999556,-34.295471921748025,-0.5118727152499705,0.4512663550483889,-3.3041622871631517,-28.59768202638734,1.7627396223075986,-1.2254765858562666,-0.5118727152499705,-29.480395646961643,-30.117492440708194,68.74087078651685,-3.262054830619744,0.0011060774730342615
A_H1,GBPUSD,TREND_PULLBACK,ALL_LOW_VOLATILITY,2023-12-07,2026-09-01,2.74,193,27.979274611398964,-30.24253962269016,-72.46256457197853,-0.37545370244548465,0.5687940549767314,-2.348747841963509,-51.86705909468213,1.7700692163713783,-1.2089662032808126,-0.37545370244548465,-52.444878850171726,-23.7959085840289,70.56381381381382,-3.884400719444556,0.00010258259913031864
A_H1,GBPUSD,TREND_PULLBACK,OOS_TRENDING,2025-09-03,2026-09-07,1.01,109,25.688073394495415,-24.396695253909954,-46.94182786920813,-0.4306589712771388,0.5155087602092566,-3.41832476607855,-40.515027805510904,1.783824342746451,-1.1961593761247995,-0.4306589712771388,-38.10288198723877,-37.88060190388289,108.18546195652175,-3.431169071765753,0.0006009859041491428
A_H1,GBPUSD,TREND_PULLBACK,ALL_TRENDING,2023-11-27,2026-09-07,2.78,328,28.96341463414634,-41.63923487660072,-106.49103661763603,-0.3246677945659635,0.6158227402495589,-2.597049173671491,-67.48472365639135,1.7968570036075968,-1.1896671757955268,-0.3246677945659635,-66.60556153651494,-32.636592882728564,118.14792899408285,-4.32717080225094,1.5103683895789644e-05
A_H1,NZDUSD,BREAKOUT_RETEST,ALL,2023-11-28,2026-09-09,2.78,621,32.689210950080515,-12.600345429083758,-140.02727793233072,-0.22548675995544398,0.7205783793778366,-2.402322896350944,-78.26416456275918,1.7788438575245646,-1.1988817727507592,-0.22548675995544398,-76.84005831551816,-40.925593473901046,223.46822660098525,-4.004693559729986,6.209792729561237e-05
A_H1,NZDUSD,BREAKOUT_RETEST,TRAIN,2023-11-28,2024-10-30,0.92,200,33.0,-1.8514265772691454,-44.88739059878898,-0.22443695299394492,0.7234897497808866,-2.345610617550174,-38.57989754157267,1.7795146651997,-1.2114578992684266,-0.22443695299394492,-37.44605785726214,-39.9493204073041,217.41071428571428,-2.249730236069028,0.024466074934423654
A_H1,NZDUSD,BREAKOUT_RETEST,VALID,2024-11-04,2025-08-29,0.82,185,32.432432432432435,-7.662937135597827,-42.19946573588277,-0.2281052201939609,0.7144068797024312,-2.4663929622182237,-37.61563435267921,1.7593554430436973,-1.1820863385480367,-0.2281052201939609,-35.61410987848252,-41.70379494457755,226.7491610738255,-2.227795345308206,0.02589416540053424
A_H1,NZDUSD,BREAKOUT_RETEST,OOS,2025-09-02,2026-09-09,1.02,236,32.6271186440678,-3.0859817162167857,-52.94042159765896,-0.2243238203290634,0.7228778744180485,-2.420602170228858,-46.87621602925645,1.7934546570348646,-1.2014869823229153,-0.2243238203290634,-42.49679207012298,-41.91653728763502,231.71774193548387,-2.442866736602153,0.014571116669239714
A_H1,NZDUSD,BREAKOUT_RETEST,OOS_HIGH_VOLATILITY,2025-09-08,2026-09-09,1.0,97,34.02061855670103,2.808462384732592,-14.946760120563898,-0.1540903105212773,0.8013801189803006,-1.05782773807997,-19.76611295974645,1.8274645934299654,-1.1758295578711369,-0.1540903105212773,-14.735451687560275,-14.707594384662803,96.80122950819673,-1.058913246562695,0.2896392909178056
A_H1,NZDUSD,BREAKOUT_RETEST,ALL_HIGH_VOLATILITY,2023-12-18,2026-09-09,2.73,266,31.203007518796994,-17.112801850274252,-64.50739624970052,-0.24250900845752074,0.699093566641741,-1.7257133421549025,-52.84937617313052,1.8056569870547834,-1.1714586129794948,-0.24250900845752074,-48.896435904226365,-21.822075991322333,97.54668674698794,-2.849726714869973,0.004375680822916284
A_H1,NZDUSD,BREAKOUT_RETEST,OOS_LOW_VOLATILITY,2025-09-02,2026-09-01,1.0,139,31.654676258992804,-5.894444100949378,-37.993661477095074,-0.27333569407982067,0.6718555366079432,-2.30927795216819,-36.99599931004657,1.767947204738539,-1.2187719840588505,-0.27333569407982067,-32.5590657923095,-32.650234194716376,139.47733516483515,-2.3053230289845237,0.02114848872143371
A_H1,NZDUSD,BREAKOUT_RETEST,ALL_LOW_VOLATILITY,2023-12-01,2026-09-01,2.75,353,33.711048158640224,3.512456421190511,-76.24870716552465,-0.21600200330176955,0.7330586629320739,-1.728800341484146,-56.003785273859755,1.7595775891715992,-1.2206770952006194,-0.21600200330176955,-54.99907587688146,-25.188341664773105,128.29179104477612,-2.867693673610446,0.0041347565049330015
A_H1,NZDUSD,BREAKOUT_RETEST,OOS_TRENDING,2025-09-08,2026-09-03,0.98,124,25.0,-30.191537615267087,-56.25498266982104,-0.45366921507920194,0.4968323001819743,-3.905635856935623,-46.85536277440643,1.791828209410639,-1.2021683565758157,-0.45366921507920194,-43.68959954058356,-44.24979153047393,126.15877437325905,-3.8720758959398776,0.00010791233672402534
A_H1,NZDUSD,BREAKOUT_RETEST,ALL_TRENDING,2023-11-28,2026-09-03,2.76,289,25.259515570934255,-68.56911855046147,-128.69251147554195,-0.4453028078738476,0.5040245598806142,-3.4894928056227243,-75.4093907111463,1.791521167235082,-1.2012664661282542,-0.4453028078738476,-73.134104987581,-37.85940589783282,104.61570862239842,-5.799796800910115,6.6395324793688815e-09
A_H1,NZDUSD,BREAKOUT_RETEST,OOS_RANGING,2025-10-07,2026-08-19,0.87,69,49.275362318840585,33.00000000000011,18.400008093995176,0.26666678397094457,1.4316451756219364,1.5686543157293644,-11.170221124663637,1.794930345223909,-1.2179321041033635,0.26666678397094457,19.239253686015,22.55457484286496,79.75395569620254,1.4590684870933146,0.14454625862185289
A_H1,NZDUSD,BREAKOUT_RETEST,ALL_RANGING,2023-12-13,2026-08-19,2.68,188,44.148936170212764,57.86321722232713,19.503433632129504,0.103741668256008,1.154486060113983,0.5855385132779101,-17.15700523603222,1.756031816584477,-1.2023543537560202,0.103741668256008,19.06040450284099,6.718276306005566,70.06836734693877,0.9591209806375671,0.33749780208745706
A_H1,NZDUSD,MEAN_REVERSION,ALL,2023-12-08,2026-08-28,2.72,127,44.881889763779526,-12.999999999999886,-38.09906492419654,-0.29999263719839797,0.5457569854268437,-2.0494011503546736,-34.37890651402815,0.8030646458427969,-1.1981964248176564,-0.29999263719839797,-32.15191227290539,-13.29675334255489,46.713746223564954,-3.3791423523996538,0.0007271234721000219
A_H1,NZDUSD,MEAN_REVERSION,TRAIN,2023-12-08,2024-10-23,0.87,40,50.0,4.1744385725905886e-14,-8.224773357601885,-0.2056193339400471,0.6607743245130944,-1.3635763972506891,-11.409340426374047,0.8010477172522373,-1.2122863851323316,-0.2056193339400471,-8.09104308958062,-9.208477696677853,45.79937304075235,-1.2743235363195864,0.20254877856309728
A_H1,NZDUSD,MEAN_REVERSION,VALID,2024-11-12,2025-08-28,0.79,44,36.36363636363637,-11.99999999999994,-20.04538667832244,-0.45557696996187363,0.39197957380927695,-3.519821583513918,-19.70110042053981,0.8076807320682733,-1.1774385139791004,-0.45557696996187363,-18.366705970269535,-22.691443123390652,55.80208333333333,-3.1255163969989552,0.0017749317455830749
A_H1,NZDUSD,MEAN_REVERSION,OOS,2025-10-07,2026-08-28,0.89,43,48.837209302325576,-0.9999999999999878,-9.828904888272213,-0.228579183448191,0.63132035252002,-1.5584006731727678,-11.711381648102758,0.801468512138205,-1.2118065292352058,-0.228579183448191,-9.570016170776064,-10.689623841753782,48.325384615384614,-1.4700282991378812,0.14155408971399686
A_H1,NZDUSD,MEAN_REVERSION,OOS_HIGH_VOLATILITY,2025-11-19,2026-07-30,0.69,14,57.14285714285714,1.9999999999999019,-0.36293983390533735,-0.02592427385038124,0.9481822933204768,-0.11358916488071884,-4.160641585116864,0.8301533059395947,-1.1673610469036824,-0.02592427385038124,-0.4306567618349577,-0.6211343336044006,20.211462450592887,-0.09453705189645074,0.9246825510707462
A_H1,NZDUSD,MEAN_REVERSION,ALL_HIGH_VOLATILITY,2024-01-15,2026-07-30,2.54,46,43.47826086956522,-5.999999999999984,-13.828622872276888,-0.3006222363538454,0.542378803576499,-1.2875758106882653,-13.84503320027417,0.8194935010871989,-1.1622497266931104,-0.3006222363538454,-13.127376947216163,-5.393911871418267,18.124595469255663,-2.051245134349705,0.04024308054684056
A_H1,NZDUSD,MEAN_REVERSION,OOS_LOW_VOLATILITY,2025-10-07,2026-08-28,0.89,29,44.827586206896555,-2.999999999999889,-9.465965054366876,-0.32641258808161644,0.5184081912146425,-1.8270511645041838,-9.53346555301443,0.7838163313373501,-1.2284735851095265,-0.32641258808161644,-9.178888914713701,-10.255383102986059,32.59153846153846,-1.7234444017056805,0.08480819125880323
A_H1,NZDUSD,MEAN_REVERSION,ALL_LOW_VOLATILITY,2023-12-08,2026-08-28,2.72,81,45.67901234567901,-6.999999999999902,-24.270442051919648,-0.2996350870607364,0.5476595681418541,-1.6188229649855919,-24.442826330379972,0.7941841835485256,-1.2194376555276158,-0.2996350870607364,-21.899344876613092,-8.690549158254301,29.793806646525677,-2.6691861869372455,0.007603528839452256
A_H1,NZDUSD,MEAN_REVERSION,OOS_RANGING,2025-10-07,2026-08-28,0.89,43,48.837209302325576,-0.9999999999999878,-9.828904888272213,-0.228579183448191,0.63132035252002,-1.5584006731727678,-11.711381648102758,0.801468512138205,-1.2118065292352058,-0.228579183448191,-9.570016170776064,-10.689623841753782,48.325384615384614,-1.4700282991378812,0.14155408971399686
A_H1,NZDUSD,MEAN_REVERSION,ALL_RANGING,2023-12-08,2026-08-28,2.72,127,44.881889763779526,-12.999999999999886,-38.09906492419654,-0.29999263719839797,0.5457569854268437,-2.0494011503546736,-34.37890651402815,0.8030646458427969,-1.1981964248176564,-0.29999263719839797,-32.15191227290539,-13.29675334255489,46.713746223564954,-3.3791423523996538,0.0007271234721000219
A_H1,NZDUSD,MOMENTUM,ALL,2023-11-28,2026-09-11,2.79,519,32.5626204238921,-10.735284369889921,-116.72190360114524,-0.2248976947998945,0.720820477164859,-2.1901674251167518,-72.02112038186223,1.7832375975793806,-1.1945401645487446,-0.2248976947998945,-70.45548037039535,-35.43286844889809,186.21291748526522,-3.6564201364849045,0.0002557620446359543
A_H1,NZDUSD,MOMENTUM,TRAIN,2023-11-28,2024-10-30,0.92,185,30.270270270270274,-16.237798098083964,-54.59047812116218,-0.29508366551979553,0.646640992471104,-3.0422316592628356,-45.85416329882908,1.7839223100710557,-1.1975978874817153,-0.29508366551979553,-43.11211072667063,-45.83815864568369,201.10491071428572,-2.9178758391357973,0.0035242464894629233
A_H1,NZDUSD,MOMENTUM,VALID,2024-11-01,2025-08-27,0.82,147,38.095238095238095,22.161293246078596,-5.340470241398025,-0.0363297295333199,0.9500136827153881,-0.33416104145448233,-21.668162772782573,1.8124673471623989,-1.1740510074999162,-0.0363297295333199,-6.65815892431878,-8.098317725853088,180.1736577181208,-0.30183447007004993,0.7627782523139768
A_H1,NZDUSD,MOMENTUM,OOS,2025-09-02,2026-09-11,1.02,186,30.107526881720432,-18.658779517884554,-58.593858110291094,-0.31502074252844675,0.626220015928723,-3.1034186531825507,-48.45198115964079,1.752971969895283,-1.2058483724955917,-0.31502074252844675,-45.346171687687544,-44.56817925101544,181.64839572192514,-3.1403716996671105,0.0016873359799134402
A_H1,NZDUSD,MOMENTUM,OOS_HIGH_VOLATILITY,2025-09-23,2026-09-11,0.97,72,43.05555555555556,20.94571431742369,7.493000267856619,0.10406944816467527,1.1592729528122387,0.613851245525165,-6.226152653242856,1.7592911824287898,-1.147439667986241,0.10406944816467527,6.964313298309088,7.214511710957394,74.4985835694051,0.6034695784987981,0.5461963474376055
A_H1,NZDUSD,MOMENTUM,ALL_HIGH_VOLATILITY,2023-12-14,2026-09-11,2.74,205,37.5609756097561,26.707916219340063,-10.015699641040728,-0.048857071419710865,0.932461349906457,-0.2931778210869712,-25.536961562179084,1.7958457465845536,-1.1585611103754014,-0.048857071419710865,-11.420417856885411,-4.3242217984093,74.72679640718563,-0.4855901417394874,0.6272577874061303
A_H1,NZDUSD,MOMENTUM,OOS_LOW_VOLATILITY,2025-09-02,2026-08-27,0.98,114,21.929824561403507,-39.60449383530824,-66.08685837814771,-0.5797092840188396,0.3976511822405693,-5.037076523619549,-50.44351867805739,1.7451361463537338,-1.2327557532246187,-0.5797092840188396,-48.904614420427976,-49.498443899724506,115.98467966573816,-4.993794431315663,5.92044147484927e-07
A_H1,NZDUSD,MOMENTUM,ALL_LOW_VOLATILITY,2023-12-01,2026-08-27,2.74,309,29.449838187702266,-35.44320058923002,-104.03250514063704,-0.3366747739179192,0.6078848164967258,-2.6150735525414626,-68.44909704970428,1.77229209646708,-1.2170233299043183,-0.3366747739179192,-65.72834369109603,-32.37067652102655,112.86225,-4.3270189402773624,1.511409695753585e-05
A_H1,NZDUSD,MOMENTUM,OOS_TRENDING,2025-09-02,2026-09-11,1.02,98,25.510204081632654,-23.27376629396217,-44.21975592750241,-0.4512219992602287,0.49301270693788685,-3.4208344248046827,-38.77703651127323,1.7200353435508853,-1.1948032810448568,-0.4512219992602287,-36.31814868332015,-35.64224663934107,95.70721925133691,-3.4615670064001938,0.0005370404139628526
A_H1,NZDUSD,MOMENTUM,ALL_TRENDING,2023-11-28,2026-09-11,2.79,247,28.74493927125506,-34.27376629396185,-84.46789726302018,-0.3419752925628347,0.5983869397232355,-2.3820207972474146,-59.70820185314716,1.7725872167674677,-1.1950090321222182,-0.3419752925628347,-58.04448384565477,-26.77492414204814,88.62156188605107,-3.97671370174679,6.9874205864906e-05
A_H1,NZDUSD,MOMENTUM,OOS_RANGING,2025-10-07,2026-08-19,0.87,53,35.84905660377358,3.61498677607754,-7.641466604315308,-0.14417861517576053,0.8151783538022226,-0.7788951078275249,-14.750753666513072,1.7738746331620858,-1.2160319010116158,-0.14417861517576053,-7.864774574094846,-9.033540701172882,61.260284810126585,-0.724481675272018,0.46877007321587927
A_H1,NZDUSD,MOMENTUM,ALL_RANGING,2023-12-19,2026-08-19,2.67,142,33.80281690140845,2.7762800221557393,-26.626595747031573,-0.18751123765515193,0.7628035349247742,-0.9647388253319471,-30.15929028537507,1.783934447934608,-1.1942069068924763,-0.18751123765515193,-24.47172640335139,-9.989933162833653,53.25,-1.5754119047435309,0.11516139827721483
A_H1,NZDUSD,TREND_PULLBACK,ALL,2023-11-27,2026-09-11,2.79,336,33.92857142857143,3.2699271093625795,-66.04132388801581,-0.19655155919052325,0.7529245594550067,-1.5265041839939002,-51.9289649091341,1.7653580589092066,-1.204018660376871,-0.19655155919052325,-50.06558489445365,-22.05497567998984,120.55402750491159,-2.548453863743416,0.01082015978163886
A_H1,NZDUSD,TREND_PULLBACK,TRAIN,2023-11-27,2024-10-30,0.92,112,33.92857142857143,1.6687388276853234,-21.793427567691374,-0.19458417471153014,0.7567775931824359,-1.5037696789349313,-26.33483847620929,1.784459213544774,-1.2108496984107135,-0.19458417471153014,-20.4989508290917,-22.01315935799294,121.38872403560832,-1.4444455054327598,0.14861369819862968
A_H1,NZDUSD,TREND_PULLBACK,VALID,2024-11-01,2025-08-25,0.81,87,35.63218390804598,6.1260050609383105,-10.195073579733494,-0.11718475379004016,0.8466477308935517,-0.837223710908105,-14.940247335512712,1.815687956689291,-1.1871678613768126,-0.11718475379004016,-10.50562122795553,-12.759424821853782,106.99242424242425,-0.7549611990441314,0.45027226364122885
A_H1,NZDUSD,TREND_PULLBACK,OOS,2025-09-01,2026-09-11,1.02,137,32.846715328467155,-4.52481677926106,-34.05282274059094,-0.24856074993132074,0.6937912364624522,-2.06843756242192,-32.850765154141136,1.7145564876351136,-1.2087811378714246,-0.24856074993132074,-29.817093551066197,-29.23331074732285,133.7947860962567,-2.093066875426855,0.036343185159567915
A_H1,NZDUSD,TREND_PULLBACK,OOS_HIGH_VOLATILITY,2025-09-10,2026-09-11,1.0,61,37.704918032786885,5.33686706935225,-6.524942238084179,-0.1069662661981013,0.8560601079620028,-0.585526225212653,-12.101872459659745,1.6872208064840266,-1.1929215996636002,-0.1069662661981013,-6.888920858688308,-6.893472795413924,61.041780821917804,-0.5853258054822521,0.5583286664700253
A_H1,NZDUSD,TREND_PULLBACK,ALL_HIGH_VOLATILITY,2024-01-17,2026-09-11,2.65,149,32.88590604026846,-4.868389042024466,-32.43093785897065,-0.2176573010669171,0.7259984403994733,-1.1714698699877062,-32.18354931743184,1.753662765577957,-1.1836041337229055,-0.2176573010669171,-28.75200351378163,-12.018758588120694,56.27947259565667,-1.9061156531849894,0.05663520226144003
A_H1,NZDUSD,TREND_PULLBACK,OOS_LOW_VOLATILITY,2025-09-01,2026-08-25,0.98,76,28.947368421052634,-9.861683848613307,-27.527880502506765,-0.3622089539803522,0.5821311575647677,-2.351842282982498,-28.448107162986513,1.7431346997476131,-1.219941553647301,-0.3622089539803522,-24.624537599419916,-25.11533913755548,77.7563025210084,-2.325129733430041,0.02006502418736389
A_H1,NZDUSD,TREND_PULLBACK,ALL_LOW_VOLATILITY,2023-12-04,2026-08-25,2.72,183,34.42622950819672,6.1383161513870315,-35.05728380957782,-0.1915698568829389,0.7610155886255607,-1.0983739349489376,-32.50300846599969,1.7719917458760737,-1.2224396983314203,-0.1915698568829389,-30.889481755151294,-12.682961869526144,67.17663316582914,-1.812869933997366,0.06985188445599455
A_H1,NZDUSD,TREND_PULLBACK,OOS_TRENDING,2025-09-01,2026-09-11,1.02,137,32.846715328467155,-4.52481677926106,-34.05282274059094,-0.24856074993132074,0.6937912364624522,-2.06843756242192,-32.850765154141136,1.7145564876351136,-1.2087811378714246,-0.24856074993132074,-29.817093551066197,-29.23331074732285,133.7947860962567,-2.093066875426855,0.036343185159567915
A_H1,NZDUSD,TREND_PULLBACK,ALL_TRENDING,2023-11-27,2026-09-11,2.79,336,33.92857142857143,3.2699271093625795,-66.04132388801581,-0.19655155919052325,0.7529245594550067,-1.5265041839939002,-51.9289649091341,1.7653580589092066,-1.204018660376871,-0.19655155919052325,-50.06558489445365,-22.05497567998984,120.55402750491159,-2.548453863743416,0.01082015978163886
A_H1,USDCAD,BREAKOUT_RETEST,ALL,2023-11-28,2026-09-09,2.78,480,33.541666666666664,-20.61172141575719,-106.12506530118267,-0.22109388604413058,0.7096797478910783,-2.1635734905074244,-69.84079705575029,1.6113028456462697,-1.1459085374615425,-0.22109388604413058,-66.89477337632306,-32.79466345135258,172.55905511811025,-3.608472444413033,0.0003080052213646489
A_H1,USDCAD,BREAKOUT_RETEST,TRAIN,2023-11-28,2024-10-29,0.92,154,35.064935064935064,1.5990292046478398,-26.62490749273577,-0.1728890096930894,0.7652838532904556,-1.6456217396772699,-29.28291157483569,1.6075849477152018,-1.1343449466935664,-0.1728890096930894,-24.46517826820418,-26.28778054339196,167.40625,-1.5783544622385632,0.11448420056297381
A_H1,USDCAD,BREAKOUT_RETEST,VALID,2024-11-01,2025-08-29,0.82,152,27.631578947368425,-31.045267697447535,-54.55868907600623,-0.35893874392109365,0.565535286058378,-3.773449672873699,-43.18105147544969,1.690907435082737,-1.1416072849952834,-0.35893874392109365,-42.83267155218719,-49.37936779323567,185.06,-3.419826530383415,0.0006266107969492563
A_H1,USDCAD,BREAKOUT_RETEST,OOS,2025-09-01,2026-09-09,1.02,172,37.7906976744186,10.834517077042484,-22.597848023965692,-0.13138283734863776,0.8180379660451483,-1.244184607383712,-27.97165598077388,1.5629547492146698,-1.1606533338590581,-0.13138283734863776,-21.50539990009307,-21.109493281896576,168.42627345844505,-1.2573150894696068,0.2086395621105932
A_H1,USDCAD,BREAKOUT_RETEST,OOS_HIGH_VOLATILITY,2025-09-05,2026-09-09,1.01,77,42.857142857142854,17.841384683544177,4.002696540420505,0.05198307195351305,1.0810795060298357,0.32231078009017405,-8.374190854835684,1.6172801879230472,-1.1219897650236375,0.05198307195351305,3.3029067774992704,3.277824577567756,76.42459239130436,0.3235218581676114,0.74630005641
A_H1,USDCAD,BREAKOUT_RETEST,ALL_HIGH_VOLATILITY,2023-12-01,2026-09-09,2.77,215,35.81395348837209,3.2083360130139944,-31.70181818613807,-0.14745031714482823,0.7918609555704478,-0.9719855094939779,-39.2103829409651,1.5663500274257383,-1.103701234042898,-0.14745031714482823,-28.55920900254798,-11.430043322620076,77.5975790513834,-1.6179121424147018,0.10568153309753647
A_H1,USDCAD,BREAKOUT_RETEST,OOS_LOW_VOLATILITY,2025-09-01,2026-09-02,1.0,95,33.68421052631579,-7.006867606501698,-26.600544564386215,-0.280005732256697,0.6444840070677385,-2.058246232856538,-26.19045505500136,1.5069316405466557,-1.1876564612996694,-0.280005732256697,-24.015109982361015,-24.029401899772584,95.06506849315069,-2.0575417158984153,0.039634146509535784
A_H1,USDCAD,BREAKOUT_RETEST,ALL_LOW_VOLATILITY,2023-12-05,2026-09-02,2.74,262,31.297709923664126,-26.820057428771193,-76.95320104467865,-0.293714507804117,0.6371733475397652,-2.1420090967207854,-54.50370538034892,1.6480533146715528,-1.1782976269319219,-0.293714507804117,-54.80027004390489,-25.154757230419534,95.59990009990011,-3.546036791862195,0.0003910716025909977
A_H1,USDCAD,BREAKOUT_RETEST,OOS_TRENDING,2025-09-01,2026-08-27,0.98,101,34.65346534653465,-4.728755423208119,-24.122223893996527,-0.23883389994055967,0.6830157040266391,-1.8414214814841043,-26.17688399102416,1.485053986670041,-1.1530168701128478,-0.23883389994055967,-22.13067567702256,-22.4690415285705,102.758356545961,-1.825598697343695,0.0679107321780219
A_H1,USDCAD,BREAKOUT_RETEST,ALL_TRENDING,2023-11-28,2026-08-27,2.75,247,32.79352226720648,-13.132413540592,-57.46493848760427,-0.2326515728243088,0.6953242413309121,-1.6533147605588938,-47.18060810308623,1.6190766020140097,-1.136205682233368,-0.2326515728243088,-44.963657104531926,-19.54452784057321,89.94690927218345,-2.7397497582907766,0.00614859787884825
A_H1,USDCAD,BREAKOUT_RETEST,OOS_RANGING,2025-09-11,2026-09-01,0.97,35,42.857142857142854,8.228373856529004,1.0703328410539326,0.030580938315826645,1.044408932434489,0.12432270060136125,-5.335877200978989,1.6781386365213227,-1.2050873353382954,0.030580938315826645,0.7037058949573405,0.7240975513675751,36.01056338028169,0.12256585517390009,0.9024508941517047
A_H1,USDCAD,BREAKOUT_RETEST,ALL_RANGING,2023-12-07,2026-09-01,2.74,146,29.45205479452055,-21.09169526063487,-47.08104352189379,-0.322472900834889,0.6056728714551968,-1.7760539893888707,-40.807740708972574,1.6817409140786377,-1.159183522594905,-0.322472900834889,-38.38752724472104,-16.227867684636298,53.37987987987988,-2.937269497770842,0.003311162194575612
A_H1,USDCAD,MEAN_REVERSION,ALL,2023-12-12,2026-09-11,2.75,118,45.76271186440678,-9.234527856965117,-30.139485293539643,-0.25541936689440375,0.5967483231269053,-1.6736900987125443,-27.80483912151367,0.8259563508315663,-1.167830128725691,-0.25541936689440375,-26.48339700614879,-10.598820419713139,42.970588235294116,-2.77351424713057,0.005545441210946134
A_H1,USDCAD,MEAN_REVERSION,TRAIN,2023-12-12,2024-10-03,0.81,49,44.89795918367347,-4.9999999999995985,-13.506816825569635,-0.27564932297080885,0.5724957209636999,-2.1398610199991,-14.831661102461723,0.8221709131629035,-1.1701695153760558,-0.27564932297080885,-12.861622782633386,-15.62353795979121,60.463682432432435,-1.926354939552543,0.05406006978438693
A_H1,USDCAD,MEAN_REVERSION,VALID,2024-11-11,2025-08-19,0.77,33,57.57575757575758,4.999999999999771,-0.49096628118617147,-0.01487776609655065,0.9701478600697789,-0.0962896519618059,-4.774073257862977,0.8397703307959051,-1.1747573261648834,-0.01487776609655065,-0.6530958404220799,-0.8480759783692116,42.894128113879,-0.08445739162934555,0.9326927783091679
A_H1,USDCAD,MEAN_REVERSION,OOS,2025-09-15,2026-09-11,0.99,36,36.11111111111111,-9.234527856965292,-16.14170218678384,-0.44838061629955106,0.39544070538477727,-2.795376035744644,-14.05406224253596,0.8121728130921925,-1.1608673372601017,-0.44838061629955106,-15.0777239817256,-15.279887468512754,36.525,-2.775213348804516,0.005516550585181523
A_H1,USDCAD,MEAN_REVERSION,OOS_HIGH_VOLATILITY,2025-09-15,2026-09-11,0.99,14,28.57142857142857,-5.234527856965299,-7.802172692028403,-0.5572980494306002,0.2954304270294095,-2.2740890751266485,-8.338319807543904,0.8178749475530367,-1.107367248224055,-0.5572980494306002,-7.57733258294413,-7.683477827470908,14.204166666666667,-2.2576863638243276,0.02396521997694867
A_H1,USDCAD,MEAN_REVERSION,ALL_HIGH_VOLATILITY,2024-01-16,2026-09-11,2.65,45,44.44444444444444,-4.234527856965103,-11.862140370111526,-0.26360311933581165,0.5848043253089293,-1.085378385970997,-12.860304519496557,0.8353929747732117,-1.1427999946230303,-0.26360311933581165,-11.39554267497459,-4.458035666375393,16.962074303405572,-1.7678603077781172,0.07708425984194633
A_H1,USDCAD,MEAN_REVERSION,OOS_LOW_VOLATILITY,2025-09-15,2026-09-11,0.99,22,40.909090909090914,-3.9999999999999942,-8.33952949475543,-0.3790695224888832,0.4663137046773329,-1.7687668778696672,-7.0077285590186005,0.809638531109595,-1.2020212519032145,-0.3790695224888832,-8.1153158726052,-8.228656650263522,22.320833333333333,-1.7560089904253566,0.07908687346571286
A_H1,USDCAD,MEAN_REVERSION,ALL_LOW_VOLATILITY,2023-12-12,2026-09-11,2.75,73,46.57534246575342,-5.000000000000019,-18.277344923428114,-0.25037458799216594,0.6041390893498624,-1.281497332394812,-18.16143867342005,0.8204053955717746,-1.1838750864838066,-0.25037458799216594,-17.02832429279245,-6.571860886804048,26.58349950149551,-2.12360168216976,0.03370346477634767
A_H1,USDCAD,MEAN_REVERSION,OOS_RANGING,2025-09-15,2026-09-11,0.99,36,36.11111111111111,-9.234527856965292,-16.14170218678384,-0.44838061629955106,0.39544070538477727,-2.795376035744644,-14.05406224253596,0.8121728130921925,-1.1608673372601017,-0.44838061629955106,-15.0777239817256,-15.279887468512754,36.525,-2.775213348804516,0.005516550585181523
A_H1,USDCAD,MEAN_REVERSION,ALL_RANGING,2023-12-12,2026-09-11,2.75,118,45.76271186440678,-9.234527856965117,-30.139485293539643,-0.25541936689440375,0.5967483231269053,-1.6736900987125443,-27.80483912151367,0.8259563508315663,-1.167830128725691,-0.25541936689440375,-26.48339700614879,-10.598820419713139,42.970588235294116,-2.77351424713057,0.005545441210946134
A_H1,USDCAD,MOMENTUM,ALL,2023-11-30,2026-09-08,2.77,420,34.04761904761905,-1.5167403142981428,-80.72741924174905,-0.19220814105178344,0.751292073082925,-1.7087486603991888,-61.63400506355341,1.7053134228112412,-1.1717950855731283,-0.19220814105178344,-57.178505161867534,-26.369158484943544,151.58596837944665,-2.8442864415067004,0.0044511012964747465
A_H1,USDCAD,MOMENTUM,TRAIN,2023-11-30,2024-10-30,0.91,132,33.33333333333333,-1.6725160790110034,-27.382579995489472,-0.2074437878446172,0.7360169413469441,-1.7878500550891463,-33.030483971787405,1.735135690258267,-1.1787335268960595,-0.2074437878446172,-24.934434541610205,-26.92200220534464,144.3502994011976,-1.709657883895084,0.08732915507276662
A_H1,USDCAD,MOMENTUM,VALID,2024-11-01,2025-08-29,0.82,132,36.36363636363637,5.757693517833955,-15.543030160884221,-0.11775022849154713,0.8401787641677201,-1.064446044832856,-20.643702456013568,1.7022826321113405,-1.1577690059789116,-0.11775022849154713,-15.494989402817062,-18.533436716720665,160.71,-0.9646930898402201,0.3346985573822794
A_H1,USDCAD,MOMENTUM,OOS,2025-09-01,2026-09-08,1.02,153,33.33333333333333,-2.6019177531211586,-34.25264429645182,-0.22387349213367203,0.7146966431732935,-1.9949143857201794,-37.54064925647079,1.6824369166529292,-1.1770286965269727,-0.22387349213367203,-30.040877790883435,-29.58589299280182,150.22379032258064,-2.0132634991334375,0.044086916149192135
A_H1,USDCAD,MOMENTUM,OOS_HIGH_VOLATILITY,2025-09-02,2026-09-08,1.01,61,40.98360655737705,13.01607372761692,1.5999416670812323,0.026228551919364466,1.038253309331507,0.1401643710872962,-9.201621077993272,1.7369945341866364,-1.1618033802106855,0.026228551919364466,0.9744367069702164,0.9618670766127879,60.21689189189189,0.141072831236954,0.8878124065088282
A_H1,USDCAD,MOMENTUM,ALL_HIGH_VOLATILITY,2024-01-08,2026-09-08,2.66,168,36.30952380952381,10.371248797851635,-17.97153368137503,-0.10697341477008945,0.8543296273102525,-0.6040128491283098,-20.703699674717857,1.7278639447589228,-1.1530021898286853,-0.10697341477008945,-17.82120335469837,-7.1029197218682505,63.06474820143885,-0.9858423830221668,0.32421046407008003
A_H1,USDCAD,MOMENTUM,OOS_LOW_VOLATILITY,2025-09-01,2026-09-02,1.0,92,28.26086956521739,-15.617991480738088,-35.852585963533045,-0.3897020213427505,0.5417145987835725,-2.8638344241475764,-36.43451774396853,1.6299776690243648,-1.185333414517675,-0.3897020213427505,-30.716006456030765,-30.66388809966698,91.81147540983606,-2.8667731980600233,0.00414680073308471
A_H1,USDCAD,MOMENTUM,ALL_LOW_VOLATILITY,2023-12-06,2026-09-02,2.74,251,32.27091633466135,-13.88798911214974,-64.63555681931972,-0.2575121785630268,0.6787752693201701,-1.8036730337928586,-52.887147143524416,1.6861783650958955,-1.183623555247572,-0.2575121785630268,-48.85366588374329,-21.70198545105828,91.58616383616385,-2.9859308011859933,0.0028271661018965943
A_H1,USDCAD,MOMENTUM,OOS_TRENDING,2025-09-01,2026-08-27,0.99,91,30.76923076923077,-11.55652357991851,-30.0955012579492,-0.3307197940433978,0.5972134089056831,-2.408992868540225,-29.987256905099148,1.59366889283494,-1.1860036548782147,-0.3307197940433978,-26.602112868989813,-26.932411067557293,92.32708333333333,-2.3916171135690556,0.01677433139284812
A_H1,USDCAD,MOMENTUM,ALL_TRENDING,2023-11-30,2026-08-27,2.74,222,32.432432432432435,-13.17323355211219,-55.048467774932845,-0.24796607105825605,0.6868778819513595,-1.6421294753376756,-47.48908645922141,1.6771755584243482,-1.1720340532099058,-0.24796607105825605,-43.535357620107604,-18.84105432649592,81.08550000000001,-2.717141678584274,0.006584841345426806
A_H1,USDCAD,MOMENTUM,OOS_RANGING,2025-09-12,2026-09-08,0.99,29,31.03448275862069,-1.1077791806995356,-7.3258564029364495,-0.25261573803229137,0.6855623600847679,-0.9808724985586309,-7.400717734488271,1.7747138127445452,-1.164914035881868,-0.25261573803229137,-7.3256272655830905,-7.42839003990734,29.42291666666667,-0.9737975916896697,0.3301570491220054
A_H1,USDCAD,MOMENTUM,ALL_RANGING,2023-12-08,2026-09-08,2.75,118,35.59322033898305,4.994093288617579,-17.262434991415926,-0.14629182196115192,0.8067256925942569,-0.6803747936134544,-16.923571239656876,1.7155545365299365,-1.1752069148114905,-0.14629182196115192,-16.83267521885786,-6.479204066145905,42.885074626865666,-1.1285898345290262,0.2590709009423713
A_H1,USDCAD,TREND_PULLBACK,ALL,2023-11-27,2026-08-27,2.75,328,32.31707317073171,-14.459831946036655,-75.41785413612868,-0.22993248212234355,0.7075317345926886,-1.8331780673579203,-57.36491495590362,1.7212164199002435,-1.1615621380430385,-0.22993248212234355,-54.41842933071393,-24.860325473695298,119.32470119521912,-3.0393197813990436,0.0023711302041720117
A_H1,USDCAD,TREND_PULLBACK,TRAIN,2023-11-27,2024-10-30,0.92,105,34.285714285714285,4.213359611718932,-16.21581634506714,-0.15443634614349658,0.7946073700909,-1.1746675855989013,-30.13245398553145,1.7426254380226416,-1.144207711795395,-0.15443634614349658,-15.842741431819917,-17.050807074177865,113.80192878338279,-1.1283265902778612,0.25918201775260363
A_H1,USDCAD,TREND_PULLBACK,VALID,2024-11-04,2025-08-29,0.82,92,31.521739130434785,-6.601373046973012,-20.8647601572441,-0.22679087127439237,0.7131652982531415,-1.739674150259554,-21.92990578969586,1.7888499363017845,-1.1546255287300933,-0.22679087127439237,-19.553581216775317,-23.408194348542864,112.76174496644295,-1.5713789463685353,0.1160946533360876
A_H1,USDCAD,TREND_PULLBACK,OOS,2025-09-01,2026-08-27,0.99,128,32.03125,-9.071818510782572,-34.79863330266482,-0.2718643226770689,0.6609523526808617,-2.29536900451552,-33.31169479112949,1.6545799167770474,-1.179728849316365,-0.2718643226770689,-30.232929167003185,-30.59825464141859,129.86666666666667,-2.2788128038261224,0.02267819546125116
A_H1,USDCAD,TREND_PULLBACK,OOS_HIGH_VOLATILITY,2025-09-02,2026-08-25,0.97,50,44.0,12.686608759663823,3.502091851193354,0.07004183702386708,1.1056330934256353,0.34535295530788257,-4.817027614438086,1.666156849373366,-1.1840485298221677,0.07004183702386708,3.0311574637474026,3.11112926527628,51.29915730337079,0.34095185957046664,0.7331398230145936
A_H1,USDCAD,TREND_PULLBACK,ALL_HIGH_VOLATILITY,2024-02-06,2026-08-25,2.55,136,38.970588235294116,19.006374473066057,-3.4172361904869515,-0.025126736694756995,0.9639759709569523,-0.12880265279554887,-12.611796077709892,1.7253334878110136,-1.1428904945116947,-0.025126736694756995,-4.670172446454901,-1.858872308674675,53.35553168635875,-0.2056385514425409,0.8370732613468188
A_H1,USDCAD,TREND_PULLBACK,OOS_LOW_VOLATILITY,2025-09-01,2026-08-27,0.99,78,24.358974358974358,-21.7584272704464,-38.300725153858174,-0.4910349378699766,0.448776002607261,-3.5229619332585647,-33.83502252256852,1.6411750474549947,-1.1776788314492046,-0.4910349378699766,-32.28546339727855,-32.66936836753926,79.1375,-3.4975512630467636,0.00046955046200980455
A_H1,USDCAD,TREND_PULLBACK,ALL_LOW_VOLATILITY,2023-12-01,2026-08-27,2.74,187,26.737967914438503,-37.466206419102626,-75.2349092120283,-0.40232571771138126,0.5318599576408659,-2.560801935559763,-55.104502432644864,1.7095070707891569,-1.1730676113247163,-0.40232571771138126,-53.67764736920322,-24.524182181363596,68.37012012012012,-4.235099529682889,2.2845049748809743e-05
A_H1,USDCAD,TREND_PULLBACK,OOS_TRENDING,2025-09-01,2026-08-27,0.99,128,32.03125,-9.071818510782572,-34.79863330266482,-0.2718643226770689,0.6609523526808617,-2.29536900451552,-33.31169479112949,1.6545799167770474,-1.179728849316365,-0.2718643226770689,-30.232929167003185,-30.59825464141859,129.86666666666667,-2.2788128038261224,0.02267819546125116
A_H1,USDCAD,TREND_PULLBACK,ALL_TRENDING,2023-11-27,2026-08-27,2.75,328,32.31707317073171,-14.459831946036655,-75.41785413612868,-0.22993248212234355,0.7075317345926886,-1.8331780673579203,-57.36491495590362,1.7212164199002435,-1.1615621380430385,-0.22993248212234355,-54.41842933071393,-24.860325473695298,119.32470119521912,-3.0393197813990436,0.0023711302041720117
A_H1,USDCHF,BREAKOUT_RETEST,ALL,2023-11-28,2026-09-11,2.78,529,34.97164461247637,16.636339050501185,-63.930187576247526,-0.12085101621218813,0.8377128427667347,-1.1828139050236848,-53.910946752846066,1.783796350301854,-1.145152652273519,-0.12085101621218813,-49.935627780616684,-22.001293751886784,189.98746312684364,-1.973702928737637,0.048415531965114944
A_H1,USDCHF,BREAKOUT_RETEST,TRAIN,2023-11-28,2024-10-29,0.92,167,34.73053892215569,3.2660641384874642,-23.854819939261805,-0.14284323316923236,0.8117874447607909,-1.3633690493040351,-27.11481718462341,1.7739520983667012,-1.1627893728856007,-0.14284323316923236,-22.52419223315927,-24.226451268345063,181.53794642857144,-1.307639277461773,0.1909956881427224
A_H1,USDCHF,BREAKOUT_RETEST,VALID,2024-11-01,2025-08-29,0.82,157,34.394904458598724,3.3253777720954565,-17.99716241208473,-0.11463160772028491,0.84496990391371,-1.1205214101802898,-21.756803320931816,1.8165004107754825,-1.127069753339425,-0.11463160772028491,-17.763124345613356,-21.125407025370702,190.5124584717608,-1.0172045512393326,0.30905613139275134
A_H1,USDCHF,BREAKOUT_RETEST,OOS,2025-09-02,2026-09-11,1.02,204,35.78431372549019,11.044897139918229,-20.90180726355726,-0.10245983952724147,0.8605838768125605,-1.0250428453954663,-27.46639613242685,1.7674257660095654,-1.1444571616966068,-0.10245983952724147,-20.48750522465328,-20.059885456643535,199.22727272727275,-1.0372482421361606,0.29962018036293236
A_H1,USDCHF,BREAKOUT_RETEST,OOS_HIGH_VOLATILITY,2025-09-02,2026-09-11,1.02,97,31.958762886597935,-7.766262583963679,-21.186377818829783,-0.2184162661735029,0.7160114395764283,-1.5697259480232169,-25.95236393923216,1.7231144870702384,-1.1303473775455632,-0.2184162661735029,-19.820021282094945,-19.451175899590766,94.98458445040215,-1.5862920253705524,0.11267308047165647
A_H1,USDCHF,BREAKOUT_RETEST,ALL_HIGH_VOLATILITY,2023-12-04,2026-09-11,2.77,245,34.69387755102041,0.8251793266194092,-32.91590882481809,-0.13435064826456364,0.8177102153467305,-0.9116614464015204,-31.9442369363515,1.7370967843813812,-1.1285570968577219,-0.13435064826456364,-29.722975955589014,-11.953512256637023,88.42514822134387,-1.517500116511262,0.1291404640990157
A_H1,USDCHF,BREAKOUT_RETEST,OOS_LOW_VOLATILITY,2025-09-02,2026-09-08,1.02,107,39.25233644859813,18.81115972388191,0.2845705552725246,0.002659537899743221,1.0037781057290835,0.018733419835464525,-8.449977088394423,1.800131709988592,-1.1587840194499743,0.002659537899743221,-0.832482065013429,-0.8196327370912915,105.34164420485175,0.01888030078049376,0.9849365944406252
A_H1,USDCHF,BREAKOUT_RETEST,ALL_LOW_VOLATILITY,2023-12-07,2026-09-08,2.75,282,34.751773049645394,11.811159723881804,-34.73343409816705,-0.12316820602186898,0.8372099532483894,-0.874930810586815,-35.517463582625055,1.8227545182315095,-1.1595835700263857,-0.12316820602186898,-31.33875450938436,-12.77205084504438,102.48805970149253,-1.4513148165002707,0.146692217391301
A_H1,USDCHF,BREAKOUT_RETEST,OOS_TRENDING,2025-09-08,2026-08-25,0.96,73,35.61643835616438,3.971053912479466,-6.967565265050838,-0.09544609952124435,0.8692015047335726,-0.5873277346846472,-22.361996246933348,1.7808421208914536,-1.1333927746431625,-0.09544609952124435,-7.4021264904215345,-7.690782062963287,75.96367521367522,-0.5757566402668649,0.5647796850291416
A_H1,USDCHF,BREAKOUT_RETEST,ALL_TRENDING,2023-11-28,2026-08-25,2.74,198,36.36363636363637,14.08735905852224,-14.56991422304946,-0.07358542536893667,0.8977806703227074,-0.44170399851713904,-22.90600482594045,1.7773040088038081,-1.1312365306105052,-0.07358542536893667,-15.246666068275093,-5.857553021068618,72.24725274725274,-0.7312287479321518,0.46463944344706976
A_H1,USDCHF,BREAKOUT_RETEST,OOS_RANGING,2025-09-02,2026-09-11,1.02,87,39.08045977011494,12.725118381523162,-1.2554713285055537,-0.01443070492535119,0.9795500741297344,-0.09189279992825078,-11.313110850348295,1.7687350652159177,-1.1583483687895613,-0.01443070492535119,-2.129767616184086,-2.0804621617617647,84.96457219251337,-0.09298698646472169,0.9259138997231342
A_H1,USDCHF,BREAKOUT_RETEST,ALL_RANGING,2023-12-07,2026-09-11,2.76,199,34.17085427135678,0.20025514606347983,-30.49277585736141,-0.15323002943397693,0.7983720697957913,-0.9264462393142698,-34.41048896093455,1.7755900063346848,-1.1544495899856484,-0.15323002943397693,-27.71874409301198,-11.086354374782005,72.03642220019822,-1.539822614430415,0.12360359796241749
A_H1,USDCHF,MEAN_REVERSION,ALL,2023-12-08,2026-09-11,2.76,153,48.36601307189542,-5.000000000000277,-28.32125413420034,-0.18510623617124405,0.6891078659217357,-1.3732257388203086,-32.561750143755354,0.8483171256751818,-1.1531230561286556,-0.18510623617124405,-25.260682458969352,-10.0223026395428,55.49478649453823,-2.2801402338485155,0.022599372653507643
A_H1,USDCHF,MEAN_REVERSION,TRAIN,2023-12-08,2024-10-29,0.89,36,58.333333333333336,5.999999999999799,0.04465500759311314,0.001240416877586476,1.0025335753292053,0.00781747432018916,-5.789662028883535,0.8414260970713869,-1.1750195353937338,0.001240416877586476,-0.13391674959882804,-0.1504893386682693,40.458461538461535,0.00737416806620419,0.994116318475412
A_H1,USDCHF,MEAN_REVERSION,VALID,2024-11-01,2025-08-28,0.82,53,41.509433962264154,-9.000000000000007,-16.278071496546918,-0.3071334244631494,0.5363897137579168,-2.4923952092747768,-19.406885968728282,0.8560667880754209,-1.1326303494905219,-0.3071334244631494,-15.260547315689688,-18.258183502893953,64.5275,-2.2588241529102535,0.023894325486444767
A_H1,USDCHF,MEAN_REVERSION,OOS,2025-09-02,2026-09-11,1.02,64,48.4375,-2.000000000000073,-12.087837645246532,-0.18887246320697706,0.6848833922287382,-1.4743167132449753,-17.186873784744392,0.8474854814130667,-1.162420835425806,-0.18887246320697706,-11.682766586282622,-11.425693313246166,62.50267379679145,-1.49187170666542,0.13573278116124765
A_H1,USDCHF,MEAN_REVERSION,OOS_HIGH_VOLATILITY,2025-10-09,2026-09-11,0.92,15,53.333333333333336,1.0000000000000586,-1.0356930556211101,-0.069046203708074,0.870841715402856,-0.2674074193024615,-5.838916530196925,0.8728870161146616,-1.145541312076915,-0.069046203708074,-1.1061634157320754,-1.2018779756226228,16.305803571428573,-0.256476736612942,0.7975827413228356
A_H1,USDCHF,MEAN_REVERSION,ALL_HIGH_VOLATILITY,2023-12-08,2026-09-11,2.76,42,45.23809523809524,-3.999999999999888,-9.566462513670501,-0.2277729169921548,0.6335199148486277,-0.8797561492818855,-15.134830600577143,0.8703775188277896,-1.1349406683216738,-0.2277729169921548,-9.323694446469377,-3.487728113586863,15.233862959285004,-1.4607703127357097,0.14407848553655067
A_H1,USDCHF,MEAN_REVERSION,OOS_LOW_VOLATILITY,2025-09-02,2026-09-03,1.0,49,46.93877551020408,-3.000000000000132,-11.052144589625419,-0.22555397121684528,0.6357368329398814,-1.5591221216180007,-14.244074541657204,0.8386501649951205,-1.1669653224812768,-0.22555397121684528,-10.694906311515329,-10.67420422518005,48.89959016393443,-1.5607220421227253,0.11858934817713207
A_H1,USDCHF,MEAN_REVERSION,ALL_LOW_VOLATILITY,2023-12-13,2026-09-03,2.72,111,49.549549549549546,-1.00000000000039,-18.75479162052984,-0.16896208667144,0.7114340500400625,-1.0727748138381943,-23.15872614894623,0.8406962625860991,-1.1605908225493802,-0.16896208667144,-17.57569181409979,-6.85616245657833,40.787474849094565,-1.769728515394991,0.07677237722844654
A_H1,USDCHF,MEAN_REVERSION,OOS_RANGING,2025-09-02,2026-09-11,1.02,64,48.4375,-2.000000000000073,-12.087837645246532,-0.18887246320697706,0.6848833922287382,-1.4743167132449753,-17.186873784744392,0.8474854814130667,-1.162420835425806,-0.18887246320697706,-11.682766586282622,-11.425693313246166,62.50267379679145,-1.49187170666542,0.13573278116124765
A_H1,USDCHF,MEAN_REVERSION,ALL_RANGING,2023-12-08,2026-09-11,2.76,153,48.36601307189542,-5.000000000000277,-28.32125413420034,-0.18510623617124405,0.6891078659217357,-1.3732257388203086,-32.561750143755354,0.8483171256751818,-1.1531230561286556,-0.18510623617124405,-25.260682458969352,-10.0223026395428,55.49478649453823,-2.2801402338485155,0.022599372653507643
A_H1,USDCHF,MOMENTUM,ALL,2023-11-28,2026-09-10,2.78,493,30.425963488843816,-49.44037434707188,-128.09082853289254,-0.2598191248131695,0.6775473393414546,-2.5322008764101143,-75.62898836755359,1.7943223022620316,-1.158131702251304,-0.2598191248131695,-73.50880332106287,-37.96937563379702,177.23252952755908,-4.223280201173769,2.4077217421591968e-05
A_H1,USDCHF,MOMENTUM,TRAIN,2023-11-28,2024-10-30,0.92,157,33.12101910828025,-3.34458845799744,-30.334979211110806,-0.19321642809624717,0.7533977030640815,-1.8002164708953365,-31.904139131452315,1.7822455227674987,-1.1715404418573403,-0.19321642809624717,-27.30763925565345,-29.298133982656328,170.66741071428572,-1.726629900009858,0.084234152506939
A_H1,USDCHF,MOMENTUM,VALID,2024-11-01,2025-08-29,0.82,161,32.91925465838509,-1.9999999999996945,-25.01871318031068,-0.15539573403919676,0.796808387037788,-1.5397685642608876,-26.39460014899484,1.8511312719956767,-1.1400802832970516,-0.15539573403919676,-23.374750305306147,-27.608014210302812,195.36627906976744,-1.3977953274176347,0.16217453792467906
A_H1,USDCHF,MOMENTUM,OOS,2025-09-03,2026-09-10,1.02,175,25.71428571428571,-44.09578588907475,-72.73713614147108,-0.4156407779512633,0.5186119486164235,-4.253505358750505,-54.24334174867238,1.7413693497694203,-1.1622981298545771,-0.4156407779512633,-52.440103471313584,-51.88912759353439,172.2877358490566,-4.286855323266724,1.812202333373314e-05
A_H1,USDCHF,MOMENTUM,OOS_HIGH_VOLATILITY,2025-09-09,2026-09-10,1.0,74,20.27027027027027,-33.095785889074534,-43.84670704824008,-0.5925230682194605,0.3507817393500848,-4.5242056836265885,-36.292270721620156,1.5793994198251233,-1.144706751620626,-0.5925230682194605,-35.87879021257876,-35.82037192802001,73.84836065573771,-4.528848276622007,5.9306063975306245e-06
A_H1,USDCHF,MOMENTUM,ALL_HIGH_VOLATILITY,2023-12-01,2026-09-10,2.77,182,28.021978021978022,-34.24567713194265,-59.83706731213547,-0.32877509512162345,0.5991032429021229,-2.024003426372885,-48.85955947608035,1.7533525575269489,-1.1393744102748844,-0.32877509512162345,-45.935439300116556,-19.887870109447924,65.62240868706812,-3.370705842023773,0.000749758693647129
A_H1,USDCHF,MOMENTUM,OOS_LOW_VOLATILITY,2025-09-03,2026-09-09,1.02,101,29.7029702970297,-11.000000000000215,-28.890429093231013,-0.28604385240822783,0.6542596563569765,-2.070553331641381,-29.828032322942622,1.8223543147415702,-1.1769163174011001,-0.28604385240822783,-25.828135984395672,-25.483866681251786,99.43463611859838,-2.0867876782132315,0.03690733144430913
A_H1,USDCHF,MOMENTUM,ALL_LOW_VOLATILITY,2023-12-06,2026-09-09,2.76,308,31.493506493506494,-18.194697215129235,-70.82053335444856,-0.22993679660535246,0.7131456334741871,-1.747126918638098,-54.054539152185924,1.8151153149296408,-1.1700792365053256,-0.22993679660535246,-52.223807596714856,-23.502632905386957,111.7149950347567,-2.9009756139939276,0.0037200282699560994
A_H1,USDCHF,MOMENTUM,OOS_TRENDING,2025-09-09,2026-08-25,0.96,66,28.78787878787879,-12.677588665025024,-22.89245580334327,-0.34685539095974655,0.5767723943183991,-2.2187625786876386,-21.959679198439186,1.641985288924475,-1.1508548147427295,-0.34685539095974655,-20.92579334109832,-21.73058715958157,68.8757142857143,-2.1719495957363306,0.029859464992594287
A_H1,USDCHF,MOMENTUM,ALL_TRENDING,2023-11-28,2026-08-25,2.74,194,31.443298969072163,-17.02217712302246,-46.31978169146953,-0.2387617612962347,0.6965025668560926,-1.4775237823026692,-43.51052491182264,1.7426267157325472,-1.1475188823395106,-0.2387617612962347,-38.21692424563802,-16.113629814073292,70.7877122877123,-2.445999739645182,0.01444511048127417
A_H1,USDCHF,MOMENTUM,OOS_RANGING,2025-09-03,2026-09-10,1.02,71,28.169014084507044,-11.418197224049516,-23.54498119718257,-0.3316194534814446,0.606083240074639,-2.0501294915508175,-23.9104895081815,1.8113241099704385,-1.1719894783645364,-0.3316194534814446,-21.51241632665839,-21.217201721115696,69.89959568733154,-2.066203703296247,0.03880924933360386
A_H1,USDCHF,MOMENTUM,ALL_RANGING,2023-12-07,2026-09-10,2.76,177,32.7683615819209,-3.418197224049596,-32.7679668154527,-0.1851297560195068,0.763458885667677,-1.0542020314062184,-33.675139559761355,1.8234779549435602,-1.1641150269090692,-0.1851297560195068,-29.202976048190976,-11.773553408067672,64.19985104270108,-1.7504248562069018,0.08004503006751928
A_H1,USDCHF,TREND_PULLBACK,ALL,2023-11-27,2026-08-25,2.74,276,29.347826086956523,-33.28990207850759,-75.8460916039823,-0.27480467972457356,0.6566987007668394,-2.047611917344061,-55.98745463880152,1.7911786226899473,-1.132982359189067,-0.27480467972457356,-54.35986035040272,-24.88947837873531,100.70829170829171,-3.389764873302031,0.0006995259411510801
A_H1,USDCHF,TREND_PULLBACK,TRAIN,2023-11-27,2024-10-10,0.87,106,31.132075471698112,-6.764615331287105,-24.340913000906017,-0.22963125472552845,0.7084492793034035,-1.8469123152037819,-25.165228446808385,1.7923283231376992,-1.1436677762253435,-0.22963125472552845,-22.397820978005544,-25.3359019829959,122.13406940063092,-1.7206034761936413,0.08532280224452982
A_H1,USDCHF,TREND_PULLBACK,VALID,2024-11-05,2025-08-04,0.74,69,30.434782608695656,-5.143350461378698,-14.035523586802396,-0.20341338531597675,0.7365532697480286,-1.416205585204081,-17.56638377485227,1.8686186226062749,-1.1099273887819618,-0.20341338531597675,-13.670495184081632,-17.973093712548717,92.99723247232471,-1.2198764183114865,0.22251172655441187
A_H1,USDCHF,TREND_PULLBACK,OOS,2025-09-09,2026-08-25,0.96,101,26.732673267326735,-21.381936285841785,-37.46965501627389,-0.37098668332944446,0.5548193177977874,-2.933079225665313,-31.076999101936742,1.7295423222077746,-1.1373959150795108,-0.37098668332944446,-31.873857498250313,-33.003665428744725,105.40071428571429,-2.8711950975009017,0.004089230586837411
A_H1,USDCHF,TREND_PULLBACK,OOS_HIGH_VOLATILITY,2025-09-09,2026-08-24,0.95,45,33.33333333333333,0.28694071943485455,-6.064107467478531,-0.13475794372174515,0.8132174028888699,-0.6697162248969754,-7.743247145317145,1.7601346170410195,-1.0822042241031273,-0.13475794372174515,-6.281400902180367,-6.582289002207952,47.23060344827586,-0.6537103034965048,0.5132984638263516
A_H1,USDCHF,TREND_PULLBACK,ALL_HIGH_VOLATILITY,2023-12-01,2026-08-24,2.73,126,30.952380952380953,-8.610778196480155,-25.788881660874868,-0.20467366397519737,0.7316467049388048,-1.0196203403918167,-27.85079357511624,1.8028616101438433,-1.1046032696147672,-0.20467366397519737,-23.643109510240766,-9.418716241351067,46.20632530120482,-1.6837323164060933,0.09223341290372344
A_H1,USDCHF,TREND_PULLBACK,OOS_LOW_VOLATILITY,2025-09-12,2026-08-25,0.95,56,21.428571428571427,-21.66887700527664,-31.405547548795358,-0.5608133490856314,0.3925563590585785,-3.5711580613980454,-27.31322729749085,1.6913019536662188,-1.1750266134724994,-0.5608133490856314,-27.30776691332907,-28.51693625107198,58.94524495677233,-3.48079701476069,0.0004999242009904314
A_H1,USDCHF,TREND_PULLBACK,ALL_LOW_VOLATILITY,2023-12-06,2026-08-25,2.72,146,27.397260273972602,-26.67912388202747,-51.522471167949014,-0.3528936381366371,0.579860719368674,-1.9525997002289084,-42.0565592313143,1.7777352994824394,-1.1569045579928923,-0.3528936381366371,-41.07058587914922,-17.67675797822852,53.702416918429,-3.2195318828548958,0.0012840008152190663
A_H1,USDCHF,TREND_PULLBACK,OOS_TRENDING,2025-09-09,2026-08-25,0.96,101,26.732673267326735,-21.381936285841785,-37.46965501627389,-0.37098668332944446,0.5548193177977874,-2.933079225665313,-31.076999101936742,1.7295423222077746,-1.1373959150795108,-0.37098668332944446,-31.873857498250313,-33.003665428744725,105.40071428571429,-2.8711950975009017,0.004089230586837411
A_H1,USDCHF,TREND_PULLBACK,ALL_TRENDING,2023-11-27,2026-08-25,2.74,276,29.347826086956523,-33.28990207850759,-75.8460916039823,-0.27480467972457356,0.6566987007668394,-2.047611917344061,-55.98745463880152,1.7911786226899473,-1.132982359189067,-0.27480467972457356,-54.35986035040272,-24.88947837873531,100.70829170829171,-3.389764873302031,0.0006995259411510801
A_H1,USDJPY,BREAKOUT_RETEST,ALL,2023-11-28,2026-09-10,2.78,557,32.675044883303414,-19.53939822144735,-88.89217015670961,-0.15959096976069947,0.7880420085131563,-1.626176016338253,-62.6990348642135,1.8158990217979787,-1.1183621123305114,-0.15959096976069947,-61.05403049903983,-28.7283441606063,200.04351032448378,-2.713519305495013,0.006657268908382363
A_H1,USDJPY,BREAKOUT_RETEST,TRAIN,2023-11-28,2024-10-30,0.92,185,34.054054054054056,1.2442943659959598,-21.22046841884719,-0.1147052346964713,0.8437240444850279,-1.1571936466545831,-28.82534089999439,1.8185392527725732,-1.1130200110124535,-0.1147052346964713,-20.576702801676383,-22.095820689816826,200.50816023738872,-1.1115420035662822,0.2663351205817519
A_H1,USDJPY,BREAKOUT_RETEST,VALID,2024-11-05,2025-08-28,0.81,180,32.22222222222222,-8.054471060523415,-25.20511224356787,-0.14002840135315484,0.8111228929487847,-1.4996230303204552,-23.30261140529911,1.8662420857233293,-1.093829124717385,-0.14002840135315484,-23.62285810937741,-28.289562133079027,222.11148648648648,-1.3499971282834886,0.17701690402748826
A_H1,USDJPY,BREAKOUT_RETEST,OOS,2025-09-02,2026-09-10,1.02,191,31.413612565445025,-14.729221526919881,-44.389497045160006,-0.2324057436919372,0.7043660430351888,-2.3210331544037177,-38.86278949064999,1.7626783419956917,-1.1461847142358894,-0.2324057436919372,-37.0088698861375,-36.401061330959536,187.03150134048258,-2.3455281401749626,0.019000144273295216
A_H1,USDJPY,BREAKOUT_RETEST,OOS_HIGH_VOLATILITY,2025-09-03,2026-09-10,1.02,82,29.268292682926827,-12.258562604415511,-22.888153460237966,-0.27912382268582886,0.6432483168406673,-1.9007987053723574,-23.462184603019075,1.7195394448348764,-1.1061568989012929,-0.27912382268582886,-21.040330511517492,-20.750706168651355,80.72911051212938,-1.9157020765991577,0.05540302797004104
A_H1,USDJPY,BREAKOUT_RETEST,ALL_HIGH_VOLATILITY,2023-12-01,2026-09-10,2.77,239,28.870292887029287,-37.147984739002666,-61.54143337653459,-0.2574955371403121,0.6671164959953988,-1.8071104307282535,-47.04837524847642,1.7874253870289762,-1.087492853420788,-0.2574955371403121,-47.11028332503234,-20.519975608208473,86.17448173741363,-3.0094996908941116,0.0026167834504025045
A_H1,USDJPY,BREAKOUT_RETEST,OOS_LOW_VOLATILITY,2025-09-02,2026-09-02,1.0,109,33.02752293577982,-2.470658922504375,-21.501343584922036,-0.197260032889193,0.7499643084403613,-1.4602486906488035,-26.76923354115762,1.7914376067695688,-1.177987636008582,-0.197260032889193,-20.223665420673033,-20.23601030588943,109.07465753424657,-1.4597488622272983,0.14435910755347758
A_H1,USDJPY,BREAKOUT_RETEST,ALL_LOW_VOLATILITY,2023-12-04,2026-09-02,2.74,315,35.55555555555556,17.60858651755536,-27.074685837368776,-0.08595138361069453,0.8834609673581901,-0.6427363138182239,-34.152722663258615,1.832573326244537,-1.14444777525496,-0.08595138361069453,-26.138001684344005,-10.455953507342997,114.82410179640719,-1.0645635354371528,0.287073488448331
A_H1,USDJPY,BREAKOUT_RETEST,OOS_TRENDING,2025-09-03,2026-09-10,1.02,60,36.666666666666664,2.4310339960439307,-5.037962931848952,-0.0839660488641492,0.8818154521730442,-0.46023350643172606,-9.516669598197824,1.7086349821160292,-1.1217876983789896,-0.0839660488641492,-5.4628689553917535,-5.380521933215254,59.07008086253369,-0.46384200573150874,0.6427609456188561
A_H1,USDJPY,BREAKOUT_RETEST,ALL_TRENDING,2023-11-28,2026-09-10,2.78,213,32.3943661971831,-11.285152290436436,-32.794403091700055,-0.15396433376385002,0.7914641914694026,-0.9809072062124934,-29.942527048841672,1.8038535284426147,-1.0920853927377812,-0.15396433376385002,-29.39680645306494,-11.75175267480536,76.49778761061947,-1.6367912293715252,0.1016740989650029
A_H1,USDJPY,BREAKOUT_RETEST,OOS_RANGING,2025-09-02,2026-09-02,1.0,94,31.914893617021278,-5.470658922504503,-22.76048090482817,-0.24213277558327842,0.7001332713196765,-1.6835458075422502,-28.18773112489713,1.7713835768349455,-1.1859685657793206,-0.24213277558327842,-21.093494271148295,-21.10629697527352,94.06438356164384,-1.682969546766326,0.09238098688001983
A_H1,USDJPY,BREAKOUT_RETEST,ALL_RANGING,2023-12-27,2026-09-02,2.68,219,32.87671232876712,-6.3914134824452065,-39.51500349192892,-0.1804338058992188,0.7666739182454188,-1.1648425045457313,-38.0737358804158,1.8033371490247592,-1.1520767225966775,-0.1804338058992188,-34.08373477661888,-14.387377541219248,81.62219387755101,-1.9080297195036269,0.05638737520371162
A_H1,USDJPY,MEAN_REVERSION,ALL,2023-12-27,2026-09-02,2.68,156,40.38461538461539,-30.000000000000476,-52.79642007201555,-0.3384385902052279,0.5038625611140437,-2.6232613796902653,-43.728342074016254,0.851087115010481,-1.1442463259965143,-0.3384385902052279,-41.51498376583913,-18.136955654949773,58.20122574055158,-4.29474911736032,1.748909990095804e-05
A_H1,USDJPY,MEAN_REVERSION,TRAIN,2023-12-27,2024-10-23,0.82,48,45.83333333333333,-4.0000000000004725,-11.47200704530897,-0.23900014677727022,0.6153258864922002,-1.8280426788120903,-12.293756738212947,0.8341207953247728,-1.147025559325153,-0.23900014677727022,-11.060479213382834,-13.29924071036258,58.440000000000005,-1.6567304174256576,0.0975739904390791
A_H1,USDJPY,MEAN_REVERSION,VALID,2024-11-12,2025-08-21,0.77,39,38.46153846153847,-8.999999999999854,-12.742875831305255,-0.326740405930904,0.5168388766106109,-2.3506174187297955,-14.680566272218808,0.9087394536546096,-1.0989153181718498,-0.326740405930904,-12.14697272527605,-15.492791070725643,50.69306049822064,-2.06176896332714,0.039229737269138365
A_H1,USDJPY,MEAN_REVERSION,OOS,2025-09-02,2026-09-02,1.0,68,36.76470588235294,-18.00000000000012,-29.49838292818995,-0.4337997489439699,0.41259666408134704,-3.681184387726868,-26.786795824201583,0.828795728436301,-1.1678668869557551,-0.4337997489439699,-25.829803293843334,-25.844981625283893,68.04657534246576,-3.6799243553819876,0.0002333031500700855
A_H1,USDJPY,MEAN_REVERSION,OOS_HIGH_VOLATILITY,2025-10-30,2026-08-12,0.78,11,45.45454545454545,-0.9999999999998868,-2.5074233206487655,-0.22794757460443324,0.6264609429787288,-0.8336780527036657,-4.712253966024771,0.8410380378569258,-1.1187689183222325,-0.22794757460443324,-2.5304130491026755,-3.2201858641185854,14.048076923076923,-0.7377110228708459,0.4606900723343712
A_H1,USDJPY,MEAN_REVERSION,ALL_HIGH_VOLATILITY,2024-04-19,2026-08-12,2.31,33,48.484848484848484,-0.9999999999997655,-4.314228910927556,-0.13073420942204714,0.7684051652720245,-0.48831761190115097,-7.587702177998956,0.8946323714474309,-1.0957851090639088,-0.13073420942204714,-4.382091337608318,-1.9182704336184742,14.264201183431952,-0.7427379766283314,0.4576403327579779
A_H1,USDJPY,MEAN_REVERSION,OOS_LOW_VOLATILITY,2025-09-02,2026-09-02,1.0,57,35.08771929824561,-17.000000000000234,-26.990959607541182,-0.4735256071498453,0.37959893088841834,-3.702259745435748,-24.886103998079623,0.8257351510811448,-1.175828719707137,-0.4735256071498453,-23.90426693454475,-23.918503739316876,57.03904109589041,-3.700992499208161,0.00021475782523272535
A_H1,USDJPY,MEAN_REVERSION,ALL_LOW_VOLATILITY,2023-12-27,2026-09-02,2.68,123,38.21138211382114,-29.00000000000071,-48.48219116108798,-0.3941641557812031,0.4477265044582411,-2.7426656455397302,-41.14945755123337,0.8362631979255619,-1.155086335047229,-0.3941641557812031,-38.83466282382299,-16.756869468291324,45.88942798774259,-4.490235304644712,7.114453584478042e-06
A_H1,USDJPY,MEAN_REVERSION,OOS_RANGING,2025-09-02,2026-09-02,1.0,68,36.76470588235294,-18.00000000000012,-29.49838292818995,-0.4337997489439699,0.41259666408134704,-3.681184387726868,-26.786795824201583,0.828795728436301,-1.1678668869557551,-0.4337997489439699,-25.829803293843334,-25.844981625283893,68.04657534246576,-3.6799243553819876,0.0002333031500700855
A_H1,USDJPY,MEAN_REVERSION,ALL_RANGING,2023-12-27,2026-09-02,2.68,156,40.38461538461539,-30.000000000000476,-52.79642007201555,-0.3384385902052279,0.5038625611140437,-2.6232613796902653,-43.728342074016254,0.851087115010481,-1.1442463259965143,-0.3384385902052279,-41.51498376583913,-18.136955654949773,58.20122574055158,-4.29474911736032,1.748909990095804e-05
A_H1,USDJPY,MOMENTUM,ALL,2023-11-29,2026-09-11,2.78,449,32.73942093541203,-24.414745127374786,-81.61578699263467,-0.18177235410386341,0.7580379801894462,-1.695520196195563,-59.27122380510512,1.7394045530975735,-1.1169147559535695,-0.18177235410386341,-57.61246491972858,-26.54982191601415,161.4146161417323,-2.827839190007155,0.004686334068813469
A_H1,USDJPY,MOMENTUM,TRAIN,2023-11-29,2024-10-30,0.92,148,37.16216216216216,9.414301435862047,-9.49767395109979,-0.06417347264256615,0.9077462980393655,-0.5840248740270085,-21.150475276739733,1.6991638149357462,-1.107007352393181,-0.06417347264256615,-10.34707612859751,-11.195489544339122,160.88392857142858,-0.560151974025101,0.5753757819068686
A_H1,USDJPY,MOMENTUM,VALID,2024-11-01,2025-08-29,0.82,144,27.77777777777778,-26.62212892588238,-40.66452751518352,-0.28239255218877446,0.6417859292848832,-2.8297112027019415,-37.00445311090647,1.8213914327934166,-1.0915402387203863,-0.28239255218877446,-34.27057462217823,-39.902039481937955,174.7375415282392,-2.568799746198703,0.010205141138254437
A_H1,USDJPY,MOMENTUM,OOS,2025-09-01,2026-09-11,1.03,157,33.12101910828025,-7.206917637354463,-31.45358552635136,-0.20034130908504053,0.7397010443175974,-1.8071750352385254,-28.55911599279912,1.718900041771934,-1.1508227399856374,-0.20034130908504053,-28.069369223840035,-27.450552710622745,152.918,-1.8311365867044778,0.06708015882475005
A_H1,USDJPY,MOMENTUM,OOS_HIGH_VOLATILITY,2025-09-03,2026-09-11,1.02,62,27.419354838709676,-14.770428704732536,-22.66549960215896,-0.3655725742283703,0.5533368223921947,-2.227533870309211,-22.806754493141966,1.6516795648173346,-1.1276456045345253,-0.3655725742283703,-20.709164311123473,-20.325951192421797,60.711796246648795,-2.2510421129013807,0.02438287021592389
A_H1,USDJPY,MOMENTUM,ALL_HIGH_VOLATILITY,2023-12-12,2026-09-11,2.75,179,30.726256983240223,-24.58253343025833,-42.87947733084948,-0.23955015268630997,0.6822585960276943,-1.4727076870309757,-37.58025901662404,1.67402523140522,-1.0883134278881983,-0.23955015268630997,-35.89153129187527,-14.93384093875263,65.11927290836653,-2.441677480825844,0.014619200473268368
A_H1,USDJPY,MOMENTUM,OOS_LOW_VOLATILITY,2025-09-01,2026-09-02,1.0,95,36.84210526315789,7.5635110673780765,-8.788085924192407,-0.09250616762307796,0.874621299715577,-0.6324956133973534,-11.497438109083792,1.751549987721311,-1.1682055915739715,-0.09250616762307796,-9.282541732309014,-9.264429826599585,94.80532786885246,-0.633144659862022,0.52663918042512
A_H1,USDJPY,MOMENTUM,ALL_LOW_VOLATILITY,2023-12-01,2026-09-02,2.75,269,34.20074349442379,1.1677883028835243,-37.65468704401803,-0.13998024923426777,0.8129199192640003,-0.9911714375702437,-37.27518144874371,1.778490017152785,-1.1371512351529618,-0.13998024923426777,-33.15856347312428,-13.619464934031,97.7634328358209,-1.6441320566511615,0.10014892757899285
A_H1,USDJPY,MOMENTUM,OOS_TRENDING,2025-09-03,2026-09-11,1.02,54,27.77777777777778,-10.330737190060706,-16.5443875731471,-0.3063775476508723,0.6197363341346086,-1.6772701066332754,-16.31261886379498,1.7975524222560244,-1.1155813822304474,-0.3063775476508723,-15.66390791666652,-15.364858109156533,52.87801608579089,-1.6949711495152204,0.09008089389416307
A_H1,USDJPY,MOMENTUM,ALL_TRENDING,2023-11-29,2026-09-11,2.78,178,30.337078651685395,-21.641840203591862,-40.071743328184,-0.2251221535291236,0.7060657373181172,-1.337214139770097,-34.919730560734905,1.7825404817267942,-1.0994268495276684,-0.2251221535291236,-34.108688988163514,-13.92657668916366,63.990649606299215,-2.2302456546129115,0.025731138864075076
A_H1,USDJPY,MOMENTUM,OOS_RANGING,2025-09-01,2026-09-02,1.0,63,44.44444444444444,19.85881363818753,8.368126283425461,0.13282740132421367,1.2031319071059872,0.7101089381532543,-9.920672452809121,1.7701305306134867,-1.1770151021072046,0.13282740132421367,7.986929307980817,7.969927128950793,62.87090163934426,0.7108376288920917,0.4771848597614077
A_H1,USDJPY,MOMENTUM,ALL_RANGING,2023-12-27,2026-09-02,2.68,148,41.21621621621622,29.25244218038248,6.521986530104887,0.04406747655476275,1.065454021107772,0.22725562292558207,-14.565884622564528,1.7403974692827189,-1.1453133229441488,0.04406747655476275,5.128727756628737,1.883516691576892,55.21654749744637,0.37205819196333856,0.7098495233428246
A_H1,USDJPY,TREND_PULLBACK,ALL,2023-11-27,2026-09-11,2.79,267,28.83895131086142,-45.9295824537766,-74.14791215268242,-0.27770753615236865,0.6469557652505562,-2.059180199741061,-53.84348802855248,1.7646300277767522,-1.105391706797328,-0.27770753615236865,-53.49514622113054,-24.01967836659359,95.79739685658153,-3.4377408140762853,0.0005865888737315306
A_H1,USDJPY,TREND_PULLBACK,TRAIN,2023-11-27,2024-10-25,0.91,108,25.0,-28.26429583776747,-39.1201118114293,-0.36222325751323425,0.5617763480392604,-3.0526999653797766,-33.52575187865418,1.8573936652684344,-1.1020955651071236,-0.36222325751323425,-33.0240727276835,-35.65950593071031,118.81626506024097,-2.910435984239723,0.0036092489507533188
A_H1,USDJPY,TREND_PULLBACK,VALID,2024-11-04,2025-08-05,0.75,79,32.91139240506329,-6.533043874502248,-13.998385502830489,-0.17719475320038594,0.7588897164954945,-1.3498428321184865,-18.58384540011565,1.694601301438055,-1.0954343271739606,-0.17719475320038594,-13.686551395044278,-17.87438951585513,105.69505494505495,-1.1669961302257936,0.2432119323166928
A_H1,USDJPY,TREND_PULLBACK,OOS,2025-09-03,2026-09-11,1.02,80,30.0,-11.132242741506879,-21.029414838422646,-0.26286768548028305,0.6645847890909403,-1.7449502779673507,-20.720515817065266,1.7361353891321976,-1.1195832888856319,-0.26286768548028305,-19.554625245235325,-19.23637988488349,78.54838709677419,-1.7610002351886278,0.07823836319274835
A_H1,USDJPY,TREND_PULLBACK,OOS_HIGH_VOLATILITY,2025-09-03,2026-09-11,1.02,51,31.372549019607842,-6.132242741506966,-12.319029503100003,-0.24154959810000007,0.6836634197576825,-1.2869910781083294,-13.931123020972247,1.663985127750189,-1.1126511870600864,-0.24154959810000007,-11.99145273265957,-11.787230395848047,50.07459677419355,-1.2988287516561774,0.19400270520726104
A_H1,USDJPY,TREND_PULLBACK,ALL_HIGH_VOLATILITY,2023-12-08,2026-09-11,2.76,139,31.654676258992804,-16.30499994128791,-30.069990502796305,-0.21633086692659212,0.7111964578667738,-1.1571364876216141,-29.248458473788506,1.682936322836734,-1.0959914600801328,-0.21633086692659212,-26.88545728617783,-10.736755645290119,50.416832174776566,-1.9213399420744801,0.05468886472044998
A_H1,USDJPY,TREND_PULLBACK,OOS_LOW_VOLATILITY,2025-09-17,2026-08-21,0.92,29,27.586206896551722,-4.999999999999916,-8.710385335322641,-0.3003581150111256,0.6333067255677164,-1.2290189962233773,-7.5399868520734215,1.8804359118962144,-1.1311367919282076,-0.3003581150111256,-8.59367953160428,-9.279602129331177,31.431008902077153,-1.1805338211392113,0.2377879671020211
A_H1,USDJPY,TREND_PULLBACK,ALL_LOW_VOLATILITY,2023-12-01,2026-08-21,2.72,123,26.01626016260163,-27.624582512488644,-41.58366272213658,-0.33807855871655756,0.5903959480344986,-1.7252697802649994,-35.27765052964303,1.8730608451148234,-1.1156220853385816,-0.33807855871655756,-34.760804767310205,-14.53827274741446,45.242447129909365,-2.844700356882187,0.00444532190211655
A_H1,USDJPY,TREND_PULLBACK,OOS_TRENDING,2025-09-03,2026-09-11,1.02,80,30.0,-11.132242741506879,-21.029414838422646,-0.26286768548028305,0.6645847890909403,-1.7449502779673507,-20.720515817065266,1.7361353891321976,-1.1195832888856319,-0.26286768548028305,-19.554625245235325,-19.23637988488349,78.54838709677419,-1.7610002351886278,0.07823836319274835
A_H1,USDJPY,TREND_PULLBACK,ALL_TRENDING,2023-11-27,2026-09-11,2.79,267,28.83895131086142,-45.9295824537766,-74.14791215268242,-0.27770753615236865,0.6469557652505562,-2.059180199741061,-53.84348802855248,1.7646300277767522,-1.105391706797328,-0.27770753615236865,-53.49514622113054,-24.01967836659359,95.79739685658153,-3.4377408140762853,0.0005865888737315306
B_D1,AUDCAD,BREAKOUT_RETEST,ALL,2006-06-29,2026-09-10,20.2,169,39.64497041420118,19.629941349781475,9.739653103427855,0.05763108345223583,1.0971591286034286,0.12411565983894467,-10.392760793814649,1.6415521944929266,-0.9827876855646887,0.05763108345223583,8.57840344402958,0.40827124562514694,8.366393331526158,0.5578286214963257,0.5769614163618983
B_D1,AUDCAD,BREAKOUT_RETEST,TRAIN,2006-06-29,2013-12-23,7.49,64,40.625,13.979812380473607,10.251357105977366,0.16017745478089634,1.2634834917233106,0.32251528967750287,-6.445432698110509,1.8907067568574167,-1.0238689097977751,0.16017745478089634,10.057517148279317,1.2885151599327793,8.55010972933431,0.8823775523401257,0.3775726706781368
B_D1,AUDCAD,BREAKOUT_RETEST,VALID,2014-02-11,2017-11-06,3.73,32,34.375,2.1650097846227125,0.30273374447499,0.009460429514843438,1.016113811925456,0.020823461083718613,-7.5096727933398055,1.7354504238633084,-0.8946295675248288,0.009460429514843438,0.03012372560098342,0.008065599370965515,8.56891495601173,0.04024065011772764,0.9679012697534912
B_D1,AUDCAD,BREAKOUT_RETEST,OOS,2018-01-24,2026-09-10,8.63,73,41.0958904109589,3.4851191846851575,-0.8144377470244984,-0.01115668146608902,0.9808593243707462,-0.02576256720019625,-10.392760793814649,1.3911888896745623,-0.9895373124944502,-0.01115668146608902,-1.373656024485248,-0.1602034180030354,8.461837511900983,-0.07566904047416954,0.9396824074753216
B_D1,AUDCAD,BREAKOUT_RETEST,OOS_HIGH_VOLATILITY,2018-09-13,2026-04-09,7.57,38,47.368421052631575,7.13174004525952,5.189524378138888,0.13656643100365495,1.2740697414143063,0.2433942112981116,-5.093815183481787,1.3402541566405493,-0.9467525220695503,0.13656643100365495,5.01712241914043,0.6487559119842556,5.0197106690777575,0.6696728631990584,0.5030663543384275
B_D1,AUDCAD,BREAKOUT_RETEST,ALL_HIGH_VOLATILITY,2007-07-02,2026-04-09,18.77,80,40.0,8.765053980889185,4.773969957034392,0.059674624462929905,1.104033042639614,0.09334992571982553,-8.474107177538837,1.5832171092604792,-0.956020365402103,0.059674624462929905,4.173284546021572,0.21805299280832635,4.26196032672112,0.40444015565713604,0.6858890764743428
B_D1,AUDCAD,BREAKOUT_RETEST,OOS_LOW_VOLATILITY,2018-01-24,2026-09-10,8.63,35,34.285714285714285,-3.6466208605743664,-6.003962125163383,-0.17154177500466808,0.745757002028735,-0.27402363298473525,-9.61691963883663,1.4675909892255816,-1.02674147808132,-0.17154177500466808,-6.085463300088323,-0.7251341224584262,4.05704538241828,-0.804854004419364,0.42090393338383647
B_D1,AUDCAD,BREAKOUT_RETEST,ALL_LOW_VOLATILITY,2006-11-15,2026-09-10,19.82,83,40.963855421686745,13.86488736889228,8.485912794169334,0.10223991318276306,1.1734870659621879,0.15205702696534848,-12.682993141219557,1.6882270413598874,-0.9982409512666701,0.10223991318276306,8.014970971698787,0.3897705917945249,4.187836717778699,0.6769407696997257,0.4984435353226422
B_D1,AUDCAD,BREAKOUT_RETEST,OOS_TRENDING,2018-11-06,2026-08-06,7.75,27,44.44444444444444,2.931014867808236,1.385840105540466,0.05132741131631356,1.0870392269709084,0.0717613554016948,-7.635695067453541,1.442321477203514,-1.0614678413934469,0.05132741131631356,1.1615966973119285,0.1491669524906758,3.4847173144876322,0.1997508970617866,0.8416754057409497
B_D1,AUDCAD,BREAKOUT_RETEST,ALL_TRENDING,2006-06-29,2026-08-06,20.1,74,39.189189189189186,7.03223156016631,2.6414397347748935,0.035695131551012074,1.0558901681396538,0.049092071753179874,-9.419090387132245,1.7207827290426787,-1.0502502090547288,0.035695131551012074,1.9534809419255783,0.0962779987097262,3.6808525125970313,0.2201167095738498,0.825780261577175
B_D1,AUDCAD,BREAKOUT_RETEST,OOS_RANGING,2018-01-24,2026-02-02,8.02,29,34.48275862068966,-2.74619919127406,-4.535900197774704,-0.15641035164740358,0.755725935636852,-0.2402351010178557,-7.792479882631742,1.4032997853683784,-0.9773104237609731,-0.15641035164740358,-4.6419316966533675,-0.5905653811770439,3.613868986693961,-0.680533110112494,0.4961669643392992
B_D1,AUDCAD,BREAKOUT_RETEST,ALL_RANGING,2011-03-30,2026-02-02,14.85,59,37.28813559322034,6.770631434345544,3.2410181037294175,0.05493251023270199,1.0951827044503897,0.0816708072809363,-9.499243368229948,1.6950687305252763,-0.9202836207520717,0.05493251023270199,2.7592699934691822,0.18349281021932118,3.973769131477042,0.3146962286657691,0.7529923079694762
B_D1,AUDCAD,MEAN_REVERSION,ALL,2010-05-18,2026-01-26,15.69,30,56.666666666666664,3.9999999999999467,2.1329214975134105,0.07109738325044702,1.1546292908382436,0.09761304857974712,-4.372588846454972,0.9368644432786172,-1.0610595414017756,0.07109738325044702,2.0048876466752352,0.12657011074350688,1.9116364270760642,0.3866925945697501,0.6989837991695207
B_D1,AUDCAD,MEAN_REVERSION,TRAIN,2010-05-18,2013-05-13,2.99,12,50.0,-6.417089082333405e-14,-0.7462099082583828,-0.062184159021531904,0.8828962807753143,-0.11934066483869327,-3.143356210586079,0.9376672762700394,-1.0620355943131032,-0.062184159021531904,-0.803267797984375,-0.2696433965348688,4.017415215398717,-0.20625558438252078,0.8365912710684058
B_D1,AUDCAD,MEAN_REVERSION,VALID,2014-09-17,2017-01-24,2.35,6,50.0,1.3211653993039363e-14,-0.31368498145413526,-0.05228083024235588,0.9007172268354459,-0.07611310010223565,-2.075847293129607,0.9486085638341453,-1.053170224318857,-0.05228083024235588,-0.34326674233524646,-0.14593278899558415,2.5482558139534883,-0.11679211535847595,0.9070247920232302
B_D1,AUDCAD,MEAN_REVERSION,OOS,2018-01-23,2026-01-26,8.01,12,66.66666666666666,3.9999999999999964,3.1928163872259283,0.26606803226882736,1.7491269547541362,0.33117007621410777,-2.1308735945401724,0.9318582733267275,-1.065512449846973,0.26606803226882736,3.185095228467394,0.3922933684869623,1.4984615384615383,0.9371711503523261,0.34867052715140745
B_D1,AUDCAD,MEAN_REVERSION,OOS_HIGH_VOLATILITY,2018-09-12,2020-12-23,2.28,2,50.0,-9.880984919163893e-15,-0.11606061025061631,-0.05803030512530816,0.8909629595979952,-0.03818243706470291,-1.0644145312704412,0.9483539210198271,-1.0644145312704434,-0.05803030512530816,-0.12615502719383054,-0.055335480293250416,0.8769507803121248,-0.05766217674892228,0.9540177221239259
B_D1,AUDCAD,MEAN_REVERSION,ALL_HIGH_VOLATILITY,2012-01-24,2020-12-23,8.91,6,33.33333333333333,-2.0000000000000147,-2.3155555438851536,-0.38592592398085895,0.4514066583834816,-0.30533911132508973,-2.199383534606303,0.95267032159607,-1.0552240467693235,-0.38592592398085895,-2.3196771698682395,-0.2629349292448735,0.6730651105651106,-0.9116529110319658,0.3619514596915696
B_D1,AUDCAD,MEAN_REVERSION,OOS_LOW_VOLATILITY,2018-01-23,2026-01-26,8.01,10,70.0,4.000000000000006,3.3088769974765455,0.33088769974765453,2.034788748569373,0.38360507400843774,-2.1308735945401946,0.9295017522277134,-1.065878422705816,0.33088769974765453,3.315432840863175,0.4081196033746126,1.2487179487179485,1.0855558346311789,0.2776755485153819
B_D1,AUDCAD,MEAN_REVERSION,ALL_LOW_VOLATILITY,2010-05-18,2026-01-26,15.69,24,62.5,5.999999999999961,4.448477041398564,0.18535321005827352,1.4646958950663018,0.23191883556654685,-4.182412243104094,0.9347569928362902,-1.0636530945717542,0.18535321005827352,4.427263026212547,0.27642544698869287,1.5293091416608513,0.9187429094744042,0.35823006014185266
B_D1,AUDCAD,MEAN_REVERSION,OOS_RANGING,2018-01-23,2026-01-26,8.01,12,66.66666666666666,3.9999999999999964,3.1928163872259283,0.26606803226882736,1.7491269547541362,0.33117007621410777,-2.1308735945401724,0.9318582733267275,-1.065512449846973,0.26606803226882736,3.185095228467394,0.3922933684869623,1.4984615384615383,0.9371711503523261,0.34867052715140745
B_D1,AUDCAD,MEAN_REVERSION,ALL_RANGING,2010-05-18,2026-01-26,15.69,30,56.666666666666664,3.9999999999999467,2.1329214975134105,0.07109738325044702,1.1546292908382436,0.09761304857974712,-4.372588846454972,0.9368644432786172,-1.0610595414017756,0.07109738325044702,2.0048876466752352,0.12657011074350688,1.9116364270760642,0.3866925945697501,0.6989837991695207
B_D1,AUDCAD,MOMENTUM,ALL,2006-07-04,2026-08-05,20.09,169,40.23668639053255,17.661001442597282,7.5126492742924125,0.04445354600173025,1.0742869206798755,0.0958854563481223,-10.501854656433373,1.5976885894432233,-1.0012888594836309,0.04445354600173025,6.184278124807774,0.29916740845061796,8.413145699877335,0.4297509909274332,0.6673767868594749
B_D1,AUDCAD,MOMENTUM,TRAIN,2006-07-04,2013-12-11,7.44,64,40.625,9.455020592542395,5.467338874615832,0.08542716991587238,1.1384584256141554,0.17679902053646,-8.517886279015796,1.7290216511632759,-1.0391374751481404,0.08542716991587238,4.955018872425443,0.6522505912198717,8.603606919396393,0.48220261540528214,0.629662019095619
B_D1,AUDCAD,MOMENTUM,VALID,2014-06-08,2017-12-15,3.52,33,27.27272727272727,-8.210751536887134,-10.080222401364473,-0.30546128488983254,0.5868062337552752,-0.7655335813986672,-9.718972033370644,1.5906277785895968,-1.0164946836946187,-0.30546128488983254,-9.81776836793291,-2.892348641794107,9.372667185069984,-1.4364470392043307,0.15087517620067614
B_D1,AUDCAD,MOMENTUM,OOS,2018-01-12,2026-08-05,8.56,72,45.83333333333333,16.416732386942016,12.125532801041054,0.16841017779223685,1.3255431926553216,0.36920696469923014,-7.149718856182807,1.4961397316541705,-0.9550532908601688,0.16841017779223685,12.185319668362071,1.3521089938094866,8.40997761432683,1.0802859138877758,0.2800148803796354
B_D1,AUDCAD,MOMENTUM,OOS_HIGH_VOLATILITY,2018-09-25,2026-07-07,7.78,35,40.0,3.2755033489671916,1.4400416378444307,0.04114404679555517,1.0781899108145305,0.0708331593759964,-5.139661036021059,1.418376606486825,-0.8770109929986247,0.04114404679555517,1.1900977405424618,0.1521624346300543,4.498152709359606,0.1975848026792629,0.8433699260961238
B_D1,AUDCAD,MOMENTUM,ALL_HIGH_VOLATILITY,2007-02-08,2026-07-07,19.41,83,37.34939759036144,4.167470368425634,-0.10907159469635873,-0.00131411559875131,0.9977789128492563,-0.0021024044098786887,-6.258821038437656,1.5805880371638357,-0.9443711682072168,-0.00131411559875131,-0.7874428819496404,-0.040724092099486686,4.27644942869234,-0.009262188913425394,0.9926099481300279
B_D1,AUDCAD,MOMENTUM,OOS_LOW_VOLATILITY,2018-01-12,2026-08-05,8.56,37,51.35135135135135,13.141229037974828,10.685491163196621,0.28879705846477355,1.567476245813718,0.42591451334669106,-4.374704945618523,1.5534388765143197,-1.0461026383653032,0.28879705846477355,10.865907013956955,1.2121482684060325,4.321794051806844,1.2462101024113126,0.21268727115880837
B_D1,AUDCAD,MOMENTUM,ALL_LOW_VOLATILITY,2007-01-12,2026-08-05,19.56,83,43.373493975903614,13.493531074171642,7.895699539938146,0.0951289101197367,1.1584207919657463,0.14012831618784852,-8.90272509082094,1.6037707061127913,-1.0604265080877098,0.0951289101197367,7.352877895223564,0.363358429634264,4.242932120363891,0.6197719370526329,0.535407946881288
B_D1,AUDCAD,MOMENTUM,OOS_TRENDING,2019-07-18,2026-08-05,7.05,34,44.11764705882353,4.868332536433178,2.878949201074377,0.08467497650218757,1.1506884016735084,0.13835635194780016,-5.364527602111513,1.4656175338834514,-1.005542831956705,0.08467497650218757,2.6150466364173397,0.3668345257575867,4.822718446601941,0.36736062630698674,0.7133500371474628
B_D1,AUDCAD,MOMENTUM,ALL_TRENDING,2006-07-04,2026-08-05,20.09,77,37.66233766233766,2.274620267382867,-2.383826067325372,-0.0309587800951347,0.9521199420408323,-0.04463684207416531,-8.517886279015796,1.6346077763248466,-1.0372385745988735,-0.0309587800951347,-3.0342975883993817,-0.15327473661981283,3.833208395802099,-0.20005877683471582,0.8414346128884265
B_D1,AUDCAD,MOMENTUM,OOS_RANGING,2018-01-12,2025-12-18,7.93,29,48.275862068965516,7.212958214037345,5.438398250636533,0.18753097415988046,1.3827664604567518,0.27742631696446773,-3.3791944644245286,1.403323935550166,-0.9472091231377198,0.18753097415988046,5.3384950830171585,0.6578740117208159,3.6562823610631687,0.7813161324824177,0.4346165840813412
B_D1,AUDCAD,MOMENTUM,ALL_RANGING,2010-04-19,2025-12-18,15.67,67,46.26865671641791,14.070386180029606,10.028251599107362,0.14967539700160243,1.2807980114542674,0.2330588090371968,-5.891409320089592,1.4755371365068852,-0.9920388786835024,0.14967539700160243,9.9024031943453,0.604543443149419,4.276782593498776,0.9224531903961409,0.35629223599663806
B_D1,AUDCAD,TREND_PULLBACK,ALL,2006-07-04,2026-07-16,20.03,68,38.23529411764706,5.571002443622835,1.5685302126679663,0.023066620774528916,1.035963815853056,0.030502839441813884,-9.972858430076414,1.7377942735935241,-1.038431450018182,0.023066620774528916,0.9259300493635658,0.04601848740093395,3.3944239442394424,0.1365248424258668,0.8914063869967146
B_D1,AUDCAD,TREND_PULLBACK,TRAIN,2006-07-04,2013-12-11,7.44,37,40.54054054054054,5.860928940498777,3.7271998805866895,0.10073513190774837,1.1664012431708488,0.1594134672432484,-6.343118004130233,1.741738018867624,-1.018130472837621,0.10073513190774837,3.427401462712387,0.4540579884039442,4.97396025027604,0.4347851622835568,0.6637183759346956
B_D1,AUDCAD,TREND_PULLBACK,VALID,2014-01-21,2016-11-16,2.82,4,0.0,-3.9999999999999867,-4.237958595587079,-1.0594896488967698,0.0,-84.65988823935089,-3.1611300493831984,0.0,-1.0594896488967698,-1.0594896488967698,-4.171085217291126,-1.4994924895457729,1.4184466019417474,-142.1677829655792,0.0
B_D1,AUDCAD,TREND_PULLBACK,OOS,2018-10-23,2026-07-16,7.73,27,40.74074074074074,3.710073503124046,2.079288927668356,0.07701070102475392,1.1224747114898628,0.10028245482332719,-6.827820781425553,1.7324164391288421,-1.0610807439218068,0.07701070102475392,1.828788475489307,0.2347528387165232,3.4933581296493093,0.27879519425585536,0.7804020027221918
B_D1,AUDCAD,TREND_PULLBACK,OOS_HIGH_VOLATILITY,2018-10-23,2026-05-19,7.57,17,47.05882352941176,6.342736105763819,5.455362461295712,0.3209036741938654,1.5754316647284408,0.31838775110330836,-4.297015689055628,1.8669790200353575,-1.053385522109683,0.3209036741938654,5.406620894846603,0.6979883347263183,2.2456600361663654,0.8760094817033799,0.3810248792242157
B_D1,AUDCAD,TREND_PULLBACK,ALL_HIGH_VOLATILITY,2007-06-17,2026-05-19,18.92,42,45.23809523809524,11.304144100598384,9.121136736611797,0.2171699223002809,1.3770782991768087,0.22476694653682577,-7.519490545654362,1.7531636618251276,-1.0516944712202443,0.2171699223002809,9.078050550022754,0.4602928451330923,2.21972218202865,0.9777048733079012,0.32822031080756275
B_D1,AUDCAD,TREND_PULLBACK,OOS_LOW_VOLATILITY,2019-07-18,2026-07-16,7.0,10,30.0,-2.6326626026397744,-3.3760735336273555,-0.33760735336273556,0.5496660529132855,-0.3198686805478238,-5.470976713696429,1.373582890044802,-1.0709746005373944,-0.33760735336273556,-3.394314691983702,-0.49244413907553186,1.4295499021526419,-0.8460033033630517,0.3975509014640779
B_D1,AUDCAD,TREND_PULLBACK,ALL_LOW_VOLATILITY,2007-02-05,2026-07-16,19.44,23,26.08695652173913,-5.733141656975564,-7.3031643170907765,-0.3175288833517729,0.5766184549675957,-0.2747806381988407,-7.224854168906081,1.6577400748431517,-1.014682633302923,-0.3175288833517729,-7.2145218304166985,-0.3844153433983699,1.1830376003379806,-1.2115763070262895,0.22567460858687882
B_D1,AUDCAD,TREND_PULLBACK,OOS_TRENDING,2018-10-23,2026-07-16,7.73,27,40.74074074074074,3.710073503124046,2.079288927668356,0.07701070102475392,1.1224747114898628,0.10028245482332719,-6.827820781425553,1.7324164391288421,-1.0610807439218068,0.07701070102475392,1.828788475489307,0.2347528387165232,3.4933581296493093,0.27879519425585536,0.7804020027221918
B_D1,AUDCAD,TREND_PULLBACK,ALL_TRENDING,2006-07-04,2026-07-16,20.03,68,38.23529411764706,5.571002443622835,1.5685302126679663,0.023066620774528916,1.035963815853056,0.030502839441813884,-9.972858430076414,1.7377942735935241,-1.038431450018182,0.023066620774528916,0.9259300493635658,0.04601848740093395,3.3944239442394424,0.1365248424258668,0.8914063869967146
B_D1,AUDJPY,BREAKOUT_RETEST,ALL,2006-07-19,2026-09-01,20.12,127,37.00787401574803,3.585128564162366,-1.3867180675368287,-0.010919039901864793,0.9831210977487267,-0.020124455539466297,-26.344478984785514,1.7185142358765975,-1.0269610894217114,-0.010919039901864793,-2.518818055418137,-0.12671012294829254,6.311981221934958,-0.09026993939617868,0.9280727074883104
B_D1,AUDJPY,BREAKOUT_RETEST,TRAIN,2006-07-19,2013-10-23,7.26,43,39.53488372093023,6.485978825300674,4.818914965746691,0.11206778990108583,1.1787424754764835,0.18844411577189654,-9.425948623413172,1.8693538059328259,-1.036926912888898,0.11206778990108583,4.476695061802793,0.6047501300527669,5.919996230682246,0.5078741327151474,0.6115416164237466
B_D1,AUDJPY,BREAKOUT_RETEST,VALID,2014-01-29,2017-11-02,3.76,24,25.0,-6.536233697875478,-7.414239886817684,-0.30892666195073687,0.5970916283643244,-0.6140075155743131,-8.152419184155601,1.831260272706509,-1.0223223068364855,-0.30892666195073687,-7.3284961266718796,-2.0043220663596983,6.384559359067735,-1.1904573571286643,0.23386668085910767
B_D1,AUDJPY,BREAKOUT_RETEST,OOS,2018-01-10,2026-09-01,8.64,60,40.0,3.635383436737171,1.2086068535341663,0.020143447558902773,1.0328470530458802,0.03956739844264521,-11.304564758288793,1.5834830312126245,-1.0220829415435784,0.020143447558902773,0.6827686258383592,0.07878061880222109,6.943916349809887,0.11630834641531425,0.9074081710255748
B_D1,AUDJPY,BREAKOUT_RETEST,OOS_HIGH_VOLATILITY,2018-06-24,2025-07-01,7.02,25,48.0,5.819475033115797,4.9508686250962,0.19803474500384802,1.3669645660954237,0.26984278929898614,-5.101949116033044,1.5368563723352882,-1.0378006033020968,0.19803474500384802,4.830397060632419,0.6742659124784112,3.5613299531981277,0.7149484278899683,0.474640911064127
B_D1,AUDJPY,BREAKOUT_RETEST,ALL_HIGH_VOLATILITY,2006-10-18,2025-07-01,18.7,55,40.0,5.316051602909873,3.4649657651898087,0.06299937754890561,1.1015824518544746,0.07751646120410294,-14.594961533595152,1.707947768504573,-1.033632883088206,0.06299937754890561,2.9862998260616447,0.1574619598557092,2.9408212560386473,0.3352285266939816,0.7374527045722572
B_D1,AUDJPY,BREAKOUT_RETEST,OOS_LOW_VOLATILITY,2018-01-10,2026-09-01,8.64,35,34.285714285714285,-2.1840915963786287,-3.742261771562034,-0.1069217649017724,0.8394125673272808,-0.16364843961899794,-6.38403073468533,1.630109690089961,-1.0131990457670246,-0.1069217649017724,-3.956513140358664,-0.4661098469727398,4.050617870722434,-0.4810445001361982,0.6304848717693881
B_D1,AUDJPY,BREAKOUT_RETEST,ALL_LOW_VOLATILITY,2010-02-03,2026-09-01,16.57,69,33.33333333333333,-4.7309230387475,-7.562563114525899,-0.10960236397863622,0.8389225212515976,-0.16851337520488088,-14.512561421492464,1.712490639384397,-1.0206488656601527,-0.10960236397863622,-7.838414194297805,-0.4912601495581592,4.16290882061447,-0.6860574318970304,0.4926768927743794
B_D1,AUDJPY,BREAKOUT_RETEST,OOS_TRENDING,2018-04-22,2026-09-01,8.36,29,41.37931034482759,2.532271926801675,1.3841973954500728,0.047730944670692166,1.081518663302967,0.06683259095083117,-5.053120074778372,1.5303605090926906,-0.9988311008036597,0.047730944670692166,1.1440320897416312,0.13613894471475874,3.4683202357563854,0.19325364862450514,0.8467603250180644
B_D1,AUDJPY,BREAKOUT_RETEST,ALL_TRENDING,2006-07-19,2026-09-01,20.12,51,37.254901960784316,1.5322719268016438,-0.5715736720325642,-0.011207326902599297,0.9824436998291817,-0.013133121650597625,-12.908629152576712,1.683423127499282,-1.0173941592037163,-0.011207326902599297,-1.025310357139786,-0.051208505786359826,2.534732616682542,-0.058909722708131974,0.9530240139015029
B_D1,AUDJPY,BREAKOUT_RETEST,OOS_RANGING,2018-01-10,2025-11-05,7.82,24,37.5,-0.8968884900645255,-1.8743241531326715,-0.07809683971386132,0.8801785419196746,-0.10295770582823056,-5.094812173453722,1.529813075980653,-1.04284278913057,-0.07809683971386132,-2.0557757573463897,-0.2652979009024503,3.0693277310924367,-0.28790078299412397,0.7734226875380319
B_D1,AUDJPY,BREAKOUT_RETEST,ALL_RANGING,2010-02-03,2025-11-05,15.75,50,36.0,-1.443719932433392,-3.3800999431167447,-0.0676019988623349,0.8977369556445466,-0.0899948693902102,-11.243390900443838,1.648494196637423,-1.0329061088309484,-0.0676019988623349,-3.745900941197411,-0.2420552550479238,3.173879040667362,-0.3571968065276397,0.7209444764428086
B_D1,AUDJPY,MEAN_REVERSION,ALL,2009-10-15,2025-10-07,15.98,45,37.77777777777778,-11.228348232170763,-12.70362636082954,-0.2823028080184342,0.5604936581883002,-0.4863828799628557,-15.277210869799262,0.9529812312883343,-1.032296689026115,-0.2823028080184342,-12.129698741189,-0.8060188824650427,2.8163553803975323,-1.9441994200582353,0.05187140770611909
B_D1,AUDJPY,MEAN_REVERSION,TRAIN,2009-10-15,2012-12-14,3.16,13,38.46153846153847,-2.999999999999992,-3.3900673846454836,-0.26077441420349873,0.5903939168855031,-0.5187708896571963,-4.191498338007804,0.977268280054898,-1.0345510981149966,-0.26077441420349873,-3.397836374341745,-1.0863010040843668,4.107482698961937,-0.9229101085624863,0.35605405229282416
B_D1,AUDJPY,MEAN_REVERSION,VALID,2014-01-28,2017-06-29,3.42,13,30.76923076923077,-5.228348232170763,-5.627844654766512,-0.4329111272897317,0.393054590022766,-0.9036418710323628,-7.1235257187164835,0.9111404984403944,-1.0302674053920098,-0.4329111272897317,-5.5336468561912096,-1.652255061555108,3.8046875,-1.6703540195294844,0.09484934121125033
B_D1,AUDJPY,MEAN_REVERSION,OOS,2018-02-07,2025-10-07,7.66,19,42.10526315789473,-3.0000000000000067,-3.6857143214175427,-0.19398496428513382,0.6754245111448468,-0.30241148681625685,-5.393304971270208,0.9587221922332019,-1.0323174417530145,-0.19398496428513382,-3.7106817088959243,-0.4922152559321269,2.479367631296892,-0.837152580625348,0.4025068079753247
B_D1,AUDJPY,MEAN_REVERSION,OOS_HIGH_VOLATILITY,2018-12-25,2025-04-07,6.28,7,28.57142857142857,-3.000000000000008,-3.1836324341251814,-0.4548046334464545,0.37939331594557163,-0.4920953260862178,-3.103988769635535,0.9731194466386812,-1.0259742654805089,-0.4548046334464545,-3.1682652431685,-0.5110804718791662,1.1140522875816994,-1.233517947426098,0.2173825849153046
B_D1,AUDJPY,MEAN_REVERSION,ALL_HIGH_VOLATILITY,2012-02-20,2025-04-07,13.13,14,28.57142857142857,-5.999999999999995,-6.368943190673785,-0.45492451361955605,0.3795197333329021,-0.5009467053076253,-6.175635533142088,0.9738986681722179,-1.0264537863362655,-0.45492451361955605,-6.237797842928405,-0.48941695942683605,1.0664233576642335,-1.8150588803525525,0.06951486142809271
B_D1,AUDJPY,MEAN_REVERSION,OOS_LOW_VOLATILITY,2018-02-07,2025-10-07,7.66,12,50.0,1.9984014443252818e-15,-0.5020818872923629,-0.041840157274363576,0.9193523144044413,-0.050338945606322544,-3.1316751009117794,0.9539231074313754,-1.0376034219801025,-0.041840157274363576,-0.5601639453114982,-0.07327613293213187,1.5659163987138265,-0.13935111613632836,0.889172699039928
B_D1,AUDJPY,MEAN_REVERSION,ALL_LOW_VOLATILITY,2009-10-15,2025-10-07,15.98,31,41.935483870967744,-5.228348232170767,-6.334683170155753,-0.20434461839212106,0.6601522784839327,-0.2860302180517192,-9.64078575258711,0.946545096862524,-1.0355427460760316,-0.20434461839212106,-6.283876405110911,-0.4053568254774098,1.9401559287183001,-1.143337495961518,0.2528984926914597
B_D1,AUDJPY,MEAN_REVERSION,OOS_RANGING,2018-02-07,2025-10-07,7.66,19,42.10526315789473,-3.0000000000000067,-3.6857143214175427,-0.19398496428513382,0.6754245111448468,-0.30241148681625685,-5.393304971270208,0.9587221922332019,-1.0323174417530145,-0.19398496428513382,-3.7106817088959243,-0.4922152559321269,2.479367631296892,-0.837152580625348,0.4025068079753247
B_D1,AUDJPY,MEAN_REVERSION,ALL_RANGING,2009-10-15,2025-10-07,15.98,45,37.77777777777778,-11.228348232170763,-12.70362636082954,-0.2823028080184342,0.5604936581883002,-0.4863828799628557,-15.277210869799262,0.9529812312883343,-1.032296689026115,-0.2823028080184342,-12.129698741189,-0.8060188824650427,2.8163553803975323,-1.9441994200582353,0.05187140770611909
B_D1,AUDJPY,MOMENTUM,ALL,2006-06-08,2026-08-18,20.19,175,42.285714285714285,29.778611926106876,22.62444292082561,0.12928253097614636,1.2250362758149271,0.27701489428513676,-11.833734910058824,1.664342073339553,-0.9954145594683297,0.12928253097614636,23.34120855524182,1.0442397055471009,8.665774132321042,1.244854123341499,0.21318537700681217
B_D1,AUDJPY,MOMENTUM,TRAIN,2006-06-08,2013-12-12,7.51,67,44.776119402985074,19.10061955645744,16.181572442543114,0.2415160066051211,1.4223998245852991,0.4935584485643898,-8.480879375360084,1.8163411744141391,-1.0353692645913797,0.2415160066051211,16.722177836102503,2.0795372730169515,8.918276239067056,1.3528060337596222,0.17611760466090365
B_D1,AUDJPY,MOMENTUM,VALID,2014-01-01,2017-12-06,3.93,34,41.17647058823529,1.4036406731047966,0.12067556141645008,0.003549281218130885,1.0058175870646169,0.007831165979820146,-4.099432537713921,1.4902791514936242,-1.0371616279747145,0.003549281218130885,-0.17094456619426435,-0.043538206101512156,8.654006968641115,0.015522342684845215,0.9876154597545672
B_D1,AUDJPY,MOMENTUM,OOS,2018-02-06,2026-08-18,8.53,74,40.54054054054054,9.274351696544642,6.32219491686604,0.08543506644413568,1.1523972207516329,0.1905802689937667,-9.865556343667715,1.5935723357930671,-0.9428403444755901,0.08543506644413568,5.851704436197358,0.6690458604782679,8.676886035313002,0.556559818587666,0.5778282135667712
B_D1,AUDJPY,MOMENTUM,OOS_HIGH_VOLATILITY,2018-06-18,2025-06-09,6.98,30,36.666666666666664,0.9741584199958362,-0.016312836673899656,-0.0005437612224633219,0.999034520820217,-0.0008878002898290684,-5.220400843467498,1.5345264733903377,-0.8892686338930321,-0.0005437612224633219,-0.2486104019585489,-0.0356757430207133,4.300431711145997,-0.0023448760020416152,0.9981290613555158
B_D1,AUDJPY,MOMENTUM,ALL_HIGH_VOLATILITY,2006-11-17,2025-06-09,18.56,74,43.24324324324324,13.411728034430897,10.91823231623171,0.14754367994907716,1.2686606055473562,0.21699173968330138,-9.75696666433754,1.6111790926693539,-0.9676071106949432,0.14754367994907716,10.784764463215835,0.5533555507680976,3.9870924915179224,0.9348262659828032,0.34987784098482244
B_D1,AUDJPY,MOMENTUM,OOS_LOW_VOLATILITY,2018-02-06,2026-08-18,8.53,44,43.18181818181818,8.300193276548802,6.338507753539941,0.144056994398635,1.2577795346692244,0.23968880534519774,-6.4672916526331665,1.6277567824472787,-0.9835548445183342,0.144056994398635,6.115518653662688,0.6984325871168817,5.159229534510433,0.6999736054773896,0.4839437881854307
B_D1,AUDJPY,MOMENTUM,ALL_LOW_VOLATILITY,2006-11-29,2026-08-18,19.72,94,40.42553191489361,11.366883891676013,7.352141384193868,0.07821427004461562,1.12982140309603,0.12395136482892706,-8.544963298649389,1.6838125902102088,-1.011298875782037,0.07821427004461562,6.68603088490356,0.3287674750702463,4.7672174396001115,0.5504054928627178,0.5820412820245586
B_D1,AUDJPY,MOMENTUM,OOS_TRENDING,2019-07-29,2026-08-18,7.06,34,47.05882352941176,13.006785482622876,11.675141087453966,0.34338650257217546,1.6983304643356671,0.5356422817380952,-5.103818974784103,1.7746118060221536,-0.9288137671611385,0.34338650257217546,11.997925587297376,1.618962232643506,4.818975552968568,1.4227773682551643,0.15480070405319046
B_D1,AUDJPY,MOMENTUM,ALL_TRENDING,2006-06-08,2026-08-18,20.19,72,52.77777777777778,39.565439016341614,36.3257847975216,0.5045247888544666,2.091101498961144,0.6595486910818443,-5.10381897478408,1.8320670758514508,-0.9791989436715743,0.5045247888544666,42.619094044126,1.7734927800882483,3.5653470715835143,2.963890839720005,0.003037760256659805
B_D1,AUDJPY,MOMENTUM,OOS_RANGING,2018-02-06,2025-10-27,7.72,31,41.935483870967744,2.513563730728483,1.2472235901971962,0.040233019038619235,1.0702437235092455,0.06157075629045267,-6.200630012077346,1.4617601868459762,-0.986425491044472,0.040233019038619235,0.9961272041709934,0.12846374698558538,4.015159574468085,0.17108184691510048,0.8641594094927094
B_D1,AUDJPY,MOMENTUM,ALL_RANGING,2009-11-20,2025-10-27,15.93,66,37.878787878787875,-0.7522404732110659,-3.381894965423286,-0.05124083280944373,0.9188268687206474,-0.07942272846350588,-10.738776163314467,1.5312337530644942,-1.016164360781357,-0.05124083280944373,-3.863677996320647,-0.24697867608374224,4.1420103092783505,-0.3170378999798881,0.751214844462875
B_D1,AUDJPY,TREND_PULLBACK,ALL,2006-06-21,2026-08-13,20.15,51,56.86274509803921,30.02864803817173,28.181450709172143,0.5525774648857283,2.2443463225632754,0.6069845796739565,-4.192673280845982,1.7527256907213873,-1.029436105534004,0.5525774648857283,31.764300058953744,1.3787057575324502,2.5316322370209297,2.7243470919167483,0.006442875661391234
B_D1,AUDJPY,TREND_PULLBACK,TRAIN,2006-06-21,2013-10-02,7.28,23,52.17391304347826,13.000000000000002,12.197699820869023,0.5303347748203923,2.084981697582974,0.6201208365876277,-4.192673280845982,1.9533340927761074,-1.0220281174949333,0.5303347748203923,12.652556229315248,1.649364712614232,3.1581766917293232,1.6734857948770356,0.09423170068257303
B_D1,AUDJPY,TREND_PULLBACK,VALID,2015-04-12,2017-03-02,1.89,3,66.66666666666666,3.0,2.90375334353086,0.9679177811769533,3.822168569162466,0.7053327699308329,0.0,1.9663309420134691,-1.0289085404960787,0.9679177811769533,2.901555962796354,1.525591366857526,1.5880434782608694,0.9694457137202628,0.3323228533367224
B_D1,AUDJPY,TREND_PULLBACK,OOS,2020-05-04,2026-08-13,6.28,25,60.0,14.028648038171735,13.079997544772265,0.5231999017908906,2.260555412467996,0.7418553428021346,-4.1200114516696695,1.563758268905334,-1.0376376488807746,0.5231999017908906,13.667096554180635,2.0624244730242047,3.9839659685863875,1.8583667358937963,0.06311695269400452
B_D1,AUDJPY,TREND_PULLBACK,OOS_HIGH_VOLATILITY,2020-05-04,2025-05-20,5.04,13,53.84615384615385,5.418058309277593,5.000473532578548,0.3846518101983498,1.808650554136773,0.4280157331425898,-2.0581827935457486,1.5977428038031931,-1.0306210156739677,0.3846518101983498,4.987392771144816,0.9697506031985492,2.577768729641694,0.9611904205507443,0.33645643209569287
B_D1,AUDJPY,TREND_PULLBACK,ALL_HIGH_VOLATILITY,2007-02-08,2025-05-20,18.28,31,48.38709677419355,11.418058309277583,10.521059331632927,0.33938901069783634,1.6413783683025176,0.30084387076814695,-5.393839792382216,1.7949923739268137,-1.0252391423293297,0.33938901069783634,10.718574605584251,0.5586288102330528,1.6960380467345715,1.286187307563617,0.1983776996041775
B_D1,AUDJPY,TREND_PULLBACK,OOS_LOW_VOLATILITY,2021-04-14,2026-08-13,5.33,12,66.66666666666666,8.61058972889414,8.079524012193717,0.6732936676828097,2.9270683819199332,0.7134226849969205,-2.097460438632315,1.5340218008697073,-1.0481625986909853,0.6732936676828097,8.267377209715221,1.5013048137723306,2.25115562403698,1.6471561727125028,0.09952594962034045
B_D1,AUDJPY,TREND_PULLBACK,ALL_LOW_VOLATILITY,2006-12-08,2026-08-13,19.68,18,66.66666666666666,14.61058972889415,13.833026472483313,0.7685014706935174,3.2154933325422728,0.5181963418024185,-3.1182125955905637,1.673066209746844,-1.0406280074131355,0.7685014706935174,14.580915557886787,0.6940301584718922,0.9146494156928213,2.2988109898396183,0.021515674491433545
B_D1,AUDJPY,TREND_PULLBACK,OOS_TRENDING,2020-05-04,2026-08-13,6.28,25,60.0,14.028648038171735,13.079997544772265,0.5231999017908906,2.260555412467996,0.7418553428021346,-4.1200114516696695,1.563758268905334,-1.0376376488807746,0.5231999017908906,13.667096554180635,2.0624244730242047,3.9839659685863875,1.8583667358937963,0.06311695269400452
B_D1,AUDJPY,TREND_PULLBACK,ALL_TRENDING,2006-06-21,2026-08-13,20.15,51,56.86274509803921,30.02864803817173,28.181450709172143,0.5525774648857283,2.2443463225632754,0.6069845796739565,-4.192673280845982,1.7527256907213873,-1.029436105534004,0.5525774648857283,31.764300058953744,1.3787057575324502,2.5316322370209297,2.7243470919167483,0.006442875661391234
B_D1,AUDUSD,BREAKOUT_RETEST,ALL,2006-06-14,2026-08-05,20.14,147,36.734693877551024,-6.564759607192958,-9.34930967574386,-0.06360074609349566,0.8896124227150125,-0.14118179854346855,-20.479539501364986,1.3952962347684268,-0.9107022188520313,-0.06360074609349566,-9.902829711815153,-0.5163839146636207,7.298049476688869,-0.6336274388962658,0.5263239894388545
B_D1,AUDUSD,BREAKOUT_RETEST,TRAIN,2006-06-14,2013-12-23,7.53,68,38.23529411764706,2.2626204293381846,1.0289790260224319,0.01513204450032988,1.0258147439330232,0.03483762907024934,-11.488421481461463,1.572658005098344,-0.9490506930127266,0.01513204450032988,0.46219638719375844,0.061287705518786595,9.034921789741725,0.09557423893058713,0.9238587258737572
B_D1,AUDUSD,BREAKOUT_RETEST,VALID,2014-01-15,2017-12-12,3.91,17,35.294117647058826,-3.831518661342821,-4.163630765149588,-0.24491945677350516,0.6289513320753298,-0.4263811987787419,-7.1103558805271305,1.1762702768244895,-1.0201138569178658,-0.24491945677350516,-4.192757076977072,-1.0903229424851557,4.35126138752628,-0.8427813578512039,0.399350735921459
B_D1,AUDUSD,BREAKOUT_RETEST,OOS,2018-01-15,2026-08-05,8.55,62,35.483870967741936,-4.995861375188318,-6.214657936616707,-0.10023641833252753,0.8151165634544807,-0.2386713560606493,-13.227656955049271,1.2454212219995988,-0.8403481205151972,-0.10023641833252753,-6.3926092262956535,-0.7693912220366639,7.248879641485275,-0.6980084834041843,0.48517188871657035
B_D1,AUDUSD,BREAKOUT_RETEST,OOS_HIGH_VOLATILITY,2018-09-11,2026-04-21,7.61,21,28.57142857142857,-5.250033844787559,-5.598727847220825,-0.2666060879628964,0.49031376423932604,-0.471581596374805,-4.670854509360534,0.8976546527117956,-0.7323103842327733,-0.2666060879628964,-5.535148837980253,-0.7456122893498285,2.7600755667506296,-1.3007864650665217,0.19333155612474728
B_D1,AUDUSD,BREAKOUT_RETEST,ALL_HIGH_VOLATILITY,2007-08-23,2026-04-21,18.66,54,37.03703703703704,-5.127011122155825,-5.922508014577705,-0.10967607434403158,0.8041194998077095,-0.16081781576318202,-10.226886520926659,1.215640193284746,-0.8892738788315478,-0.10967607434403158,-6.087687383180995,-0.33600804685665064,2.893705985915493,-0.694710459756413,0.4872367716862631
B_D1,AUDUSD,BREAKOUT_RETEST,OOS_LOW_VOLATILITY,2018-01-15,2026-08-05,8.55,41,39.02439024390244,0.25417246959923845,-0.6159300893958797,-0.015022685107216577,0.9727817063891339,-0.026974909999289573,-8.819029248126531,1.3758336854825255,-0.9051707622846514,-0.015022685107216577,-0.907703106253499,-0.10655408077164807,4.793613956466069,-0.07888971818546955,0.9371203414522762
B_D1,AUDUSD,BREAKOUT_RETEST,ALL_LOW_VOLATILITY,2006-10-22,2026-08-05,19.79,87,36.7816091954023,-0.4231460046361786,-2.2648533810731037,-0.026032797483598893,0.9550296839249495,-0.04344583910149447,-13.96406814497274,1.5030763605908326,-0.9156963076359955,-0.026032797483598893,-2.89754731430385,-0.1484941384383487,4.396948941469489,-0.19325560763069138,0.846758790874528
B_D1,AUDUSD,BREAKOUT_RETEST,OOS_TRENDING,2018-12-06,2026-06-09,7.51,19,26.31578947368421,-4.894375228984201,-5.24409027120412,-0.27600475111600636,0.5130835186441165,-0.43940433023930237,-5.051621961902219,1.1051818500553936,-0.769285680105792,-0.27600475111600636,-5.200895708201136,-0.7089297389551552,2.5309080962800876,-1.2039347373479516,0.22861480415821056
B_D1,AUDUSD,BREAKOUT_RETEST,ALL_TRENDING,2006-06-14,2026-06-09,19.99,61,34.42622950819672,-5.60877277548968,-6.723305567394782,-0.11021812405565216,0.8144738882936982,-0.1584740468259107,-12.020121425219244,1.405515625472259,-0.9059783425578056,-0.11021812405565216,-6.917010853343097,-0.3579968047179638,3.0520890410958903,-0.7084748958871748,0.47865039646867413
B_D1,AUDUSD,BREAKOUT_RETEST,OOS_RANGING,2018-05-03,2026-02-02,7.75,27,40.74074074074074,0.8595582965922147,0.3155412580497887,0.011686713261103286,1.023224105103148,0.018435774574764446,-5.628384482564908,1.263849153741217,-0.8491749645689748,0.011686713261103286,0.13467787482324134,0.01735955699591063,3.4822563559322033,0.05133492138952979,0.9590586415331432
B_D1,AUDUSD,BREAKOUT_RETEST,ALL_RANGING,2008-02-18,2026-02-02,17.96,51,41.17647058823529,2.3704805528424613,1.3515245361333164,0.026500481100653263,1.0502775914514175,0.03644647577654246,-8.320777813738367,1.3444178643483733,-0.8960416871727509,0.026500481100653263,0.9829156234074876,0.05448305222675032,2.840028967830462,0.15444691693577944,0.8772573630504339
B_D1,AUDUSD,MEAN_REVERSION,ALL,2008-02-27,2026-01-30,17.92,33,42.42424242424242,-5.000000000000005,-5.657084337776964,-0.17142679811445347,0.7081803916619096,-0.2316176164818534,-7.883459858179109,0.9806048686835832,-1.0202922368077438,-0.17142679811445347,-5.657210815388714,-0.32436144627643326,1.841034061402169,-0.9806129996560174,0.32678362127887683
B_D1,AUDUSD,MEAN_REVERSION,TRAIN,2008-02-27,2013-06-10,5.28,8,12.5,-6.000000000000002,-6.128211129406511,-0.7660263911758138,0.13899641799586765,-1.3289107723522349,-5.014092733983489,0.9893099326337382,-1.016788723148607,-0.7660263911758138,-5.9830453895653335,-1.1607812052446875,1.5139896373056994,-3.0547759592517325,0.002252287024115951
B_D1,AUDUSD,MEAN_REVERSION,VALID,2014-09-14,2017-07-19,2.84,9,55.55555555555556,1.000000000000004,0.8281484593122745,0.09201649547914162,1.203317167447548,0.15538367488430188,-2.0193993510233654,0.9802667141157981,-1.018296277816679,0.09201649547914162,0.7864769580333109,0.2757760778935969,3.16385948026949,0.26207044729523005,0.7932671303483485
B_D1,AUDUSD,MEAN_REVERSION,OOS,2018-01-17,2026-01-30,8.04,16,50.0,-8.43769498715119e-15,-0.35702166768272847,-0.02231385423017053,0.9564333907582565,-0.03042443369629577,-3.2008759150865096,0.9797280822946796,-1.0243557907550207,-0.02231385423017053,-0.43647417371797115,-0.054421685516847784,1.9911413969335603,-0.08624450695555974,0.9312720510522217
B_D1,AUDUSD,MEAN_REVERSION,ALL_HIGH_VOLATILITY,2008-02-27,2016-03-09,8.03,4,0.0,-3.9999999999999973,-4.067082362797793,-1.0167705906994482,0.0,-281.6616172694244,-3.0161386929307477,0.0,-1.0167705906994482,-1.0167705906994482,-4.005472507460595,-0.5077775260098671,0.4981247869076031,-798.1574796081185,0.0
B_D1,AUDUSD,MEAN_REVERSION,OOS_LOW_VOLATILITY,2018-01-17,2026-01-30,8.04,16,50.0,-8.43769498715119e-15,-0.35702166768272847,-0.02231385423017053,0.9564333907582565,-0.03042443369629577,-3.2008759150865096,0.9797280822946796,-1.0243557907550207,-0.02231385423017053,-0.43647417371797115,-0.054421685516847784,1.9911413969335603,-0.08624450695555974,0.9312720510522217
B_D1,AUDUSD,MEAN_REVERSION,ALL_LOW_VOLATILITY,2010-05-18,2026-01-30,15.7,29,48.275862068965516,-1.0000000000000089,-1.5900019749791723,-0.05482765430962663,0.8962036051377297,-0.07318544710406896,-4.9855420246155635,0.9806048686835832,-1.0212313424366224,-0.05482765430962663,-1.7206588240735954,-0.11045854301247049,1.8466265690376569,-0.2900241678646766,0.7717977485462779
B_D1,AUDUSD,MEAN_REVERSION,OOS_RANGING,2018-01-17,2026-01-30,8.04,16,50.0,-8.43769498715119e-15,-0.35702166768272847,-0.02231385423017053,0.9564333907582565,-0.03042443369629577,-3.2008759150865096,0.9797280822946796,-1.0243557907550207,-0.02231385423017053,-0.43647417371797115,-0.054421685516847784,1.9911413969335603,-0.08624450695555974,0.9312720510522217
B_D1,AUDUSD,MEAN_REVERSION,ALL_RANGING,2008-02-27,2026-01-30,17.92,33,42.42424242424242,-5.000000000000005,-5.657084337776964,-0.17142679811445347,0.7081803916619096,-0.2316176164818534,-7.883459858179109,0.9806048686835832,-1.0202922368077438,-0.17142679811445347,-5.657210815388714,-0.32436144627643326,1.841034061402169,-0.9806129996560174,0.32678362127887683
B_D1,AUDUSD,MOMENTUM,ALL,2006-09-07,2026-08-02,19.9,149,44.966442953020135,25.828065883155663,22.92186790643364,0.15383803964049422,1.3066064701542501,0.3282705817908144,-8.755440287769979,1.4579367788496647,-0.9117060521523643,0.15383803964049422,24.22901011298899,1.0961189302497898,7.486896409409822,1.4644487813961848,0.14307136783852892
B_D1,AUDUSD,MOMENTUM,TRAIN,2006-09-07,2013-11-12,7.18,57,49.122807017543856,14.962399223604248,13.893990872405809,0.24375422583168085,1.5066431696877964,0.5202610145503314,-8.755440287769979,1.4756290380659762,-0.9456421446014317,0.24375422583168085,14.331047847785317,1.8824316037686861,7.937190240182996,1.3942007643902194,0.16325698719870507
B_D1,AUDUSD,MOMENTUM,VALID,2014-01-09,2017-09-27,3.72,29,44.827586206896555,6.507198387217452,5.952381508106207,0.205254534762283,1.4211239811570258,0.432049950052785,-3.8390041637454075,1.5451455709851496,-0.883406932168796,0.205254534762283,5.86714793520704,1.5464454745194978,7.805637435519529,0.8327770933044958,0.40497045594873216
B_D1,AUDUSD,MOMENTUM,OOS,2018-02-07,2026-08-02,8.48,63,41.269841269841265,4.358468272333962,3.0754955259216263,0.048817389300343274,1.0926304880354436,0.1073581246298477,-7.473020290247378,1.3952791805489708,-0.8973449504959897,0.048817389300343274,2.635505941534011,0.30716937160786273,7.427614590058102,0.31266589433494707,0.7545345096572385
B_D1,AUDUSD,MOMENTUM,OOS_HIGH_VOLATILITY,2018-10-03,2026-04-14,7.53,20,25.0,-6.254117017107224,-6.59612295976418,-0.329806147988209,0.4313508722752065,-0.603042299974207,-7.258321973064852,1.0007026314144971,-0.7733090744557778,-0.329806147988209,-6.464126652109659,-0.8836323248627709,2.6563636363636363,-1.6546990253735598,0.09798556487969923
B_D1,AUDUSD,MOMENTUM,ALL_HIGH_VOLATILITY,2007-09-12,2026-04-14,18.59,53,37.735849056603776,2.505840853011538,1.678601177872351,0.031671720337214174,1.0595297055803488,0.04313203092555258,-8.078166160288202,1.4938153938770893,-0.8544759605960436,0.031671720337214174,1.2891627175251275,0.06893778846808196,2.851414052143173,0.18595493136302704,0.8524801043666903
B_D1,AUDUSD,MOMENTUM,OOS_LOW_VOLATILITY,2018-02-07,2026-08-02,8.48,43,48.837209302325576,10.612585289441187,9.671618485685805,0.22492136013222802,1.4477160264182196,0.3766702905056719,-5.555693464199008,1.489225977961941,-0.9819148659779525,0.22492136013222802,9.728494820162869,1.100570244524901,5.069641704325371,1.0970008432656364,0.2726410234732053
B_D1,AUDUSD,MOMENTUM,ALL_LOW_VOLATILITY,2006-11-20,2026-08-02,19.7,95,48.421052631578945,21.818620067739324,19.76678120577111,0.2080713811133801,1.4245243057815673,0.34960064919904527,-5.555693464199029,1.4419341474477296,-0.9502487668739681,0.2080713811133801,20.863349520184848,0.9665783954656781,4.822619874913134,1.5516455394080981,0.12074706036268124
B_D1,AUDUSD,MOMENTUM,OOS_TRENDING,2018-10-03,2026-04-14,7.53,17,23.52941176470588,-3.0676678400677595,-3.3890547328545977,-0.1993561607561528,0.6690071577321118,-0.2573372549637247,-7.592746672019346,1.7125006833158205,-0.7876198050859908,-0.1993561607561528,-3.439818484603796,-0.4638341209069696,2.2579090909090906,-0.7061124982426528,0.4801181799082288
B_D1,AUDUSD,MOMENTUM,ALL_TRENDING,2006-09-07,2026-04-14,19.6,56,39.285714285714285,8.706015122124278,7.6499563105636685,0.13660636268863693,1.2475403275673602,0.1694828092850543,-8.83223877882161,1.75244705586215,-0.9089376152471657,0.13660636268863693,7.398765880663105,0.3648348678387814,2.8571029473390137,0.7503376227566724,0.45305138880025764
B_D1,AUDUSD,MOMENTUM,OOS_RANGING,2018-03-12,2025-11-06,7.66,36,47.22222222222222,4.981940865347131,4.210933731422015,0.11697038142838931,1.2246259836244366,0.19661525584793646,-6.524481847352481,1.3504327556130291,-0.9866538481052359,0.11697038142838931,3.996815521523822,0.5132648370550941,4.702789699570816,0.5439897090429819,0.5864485545123466
B_D1,AUDUSD,MOMENTUM,ALL_RANGING,2008-01-11,2025-11-06,17.82,66,46.96969696969697,10.1638040858263,8.767322716812032,0.1328382229820005,1.2700312925863968,0.20418059090400495,-6.524481847352492,1.3301653343885016,-0.9276515042637578,0.1328382229820005,8.60562626857082,0.46431772789523595,3.70356429559072,0.8619388972083828,0.38872114285594117
B_D1,AUDUSD,TREND_PULLBACK,ALL,2006-08-14,2026-05-26,19.78,69,52.17391304347826,25.478184152034213,24.195145191447637,0.3506542781369223,1.7764348124856013,0.4863114509770018,-5.898716017640238,1.5376943119465833,-0.9442984860190721,0.3506542781369223,26.54320696306145,1.1972112679334845,3.4882006920415227,2.1629093062302815,0.030548155861864545
B_D1,AUDUSD,TREND_PULLBACK,TRAIN,2006-08-14,2013-11-01,7.22,35,48.57142857142857,9.932947736781784,9.2758199412615,0.2650234268931857,1.5130516495980846,0.4169680725683306,-5.898716017640238,1.6091482355104842,-1.0044277812453741,0.2650234268931857,9.344205794216931,1.2454764506107718,4.849677541729894,1.1201608575389865,0.2626452207029968
B_D1,AUDUSD,TREND_PULLBACK,VALID,2014-02-04,2017-10-17,3.7,13,61.53846153846154,8.788258629578682,8.562708526758612,0.6586698866737394,3.078605518648614,0.9013867042723851,-2.0212688903526566,1.5852696368162422,-0.8238897135542655,0.6586698866737394,8.788243418491447,2.303414172594831,3.514618800888231,1.7335792896785982,0.0829927577617644
B_D1,AUDUSD,TREND_PULLBACK,OOS,2018-09-30,2026-05-26,7.65,21,52.38095238095239,6.756977785673753,6.356616723427529,0.30269603444892995,1.7092300003925933,0.39245345818033534,-2.6332501029027844,1.3926652847153493,-0.8962701408441314,0.30269603444892995,6.3802723068614675,0.811529180355075,2.7442754919499106,1.0856352948036607,0.27764037808430375
B_D1,AUDUSD,TREND_PULLBACK,OOS_HIGH_VOLATILITY,2018-09-30,2026-05-26,7.65,10,60.0,5.8649985780305975,5.7073705972858155,0.5707370597285816,2.591291285639402,0.4904879011418235,-1.5506771120149088,1.5489998412116275,-0.8966571124959875,0.5707370597285816,5.772764669269326,0.736108615483233,1.3067978533094813,1.3568257994787467,0.17483656786349466
B_D1,AUDUSD,TREND_PULLBACK,ALL_HIGH_VOLATILITY,2007-08-08,2026-05-26,18.8,33,54.54545454545454,13.683787194220235,13.226304318534096,0.40079710056163925,1.9612690513310727,0.3989982615257406,-3.979672202152318,1.4991953309307198,-0.9172807758812573,0.40079710056163925,13.790557078328547,0.6896144386176584,1.7554981066122926,1.72992705436418,0.08364330889959892
B_D1,AUDUSD,TREND_PULLBACK,OOS_LOW_VOLATILITY,2018-10-31,2026-03-10,7.36,11,45.45454545454545,0.8919792076431542,0.6492461261417144,0.05902237510379222,1.1207658696521878,0.05824423868398152,-1.6700494115625797,1.2050638169198156,-0.8960121597428939,0.05902237510379222,0.5743516674558746,0.07787988278968871,1.4952549311499814,0.15797621122649974,0.874475544001236
B_D1,AUDUSD,TREND_PULLBACK,ALL_LOW_VOLATILITY,2006-11-15,2026-03-10,19.32,32,50.0,10.290791995409172,9.567624151146413,0.2989882547233254,1.623053841900654,0.27942666049323356,-3.961941683908443,1.5577274478607315,-0.9597509384140807,0.2989882547233254,9.704178512129369,0.4806476410818661,1.6566973777462792,1.2280646693019361,0.21942269257627478
B_D1,AUDUSD,TREND_PULLBACK,OOS_TRENDING,2018-09-30,2026-05-26,7.65,21,52.38095238095239,6.756977785673753,6.356616723427529,0.30269603444892995,1.7092300003925933,0.39245345818033534,-2.6332501029027844,1.3926652847153493,-0.8962701408441314,0.30269603444892995,6.3802723068614675,0.811529180355075,2.7442754919499106,1.0856352948036607,0.27764037808430375
B_D1,AUDUSD,TREND_PULLBACK,ALL_TRENDING,2006-08-14,2026-05-26,19.78,69,52.17391304347826,25.478184152034213,24.195145191447637,0.3506542781369223,1.7764348124856013,0.4863114509770018,-5.898716017640238,1.5376943119465833,-0.9442984860190721,0.3506542781369223,26.54320696306145,1.1972112679334845,3.4882006920415227,2.1629093062302815,0.030548155861864545
B_D1,EURAUD,BREAKOUT_RETEST,ALL,2006-11-16,2026-05-12,19.49,56,35.714285714285715,-0.026467915336410464,-2.6579507113114977,-0.047463405559133885,0.9241888165105225,-0.06085753725838821,-8.135440466473998,1.6201094674713943,-0.9738927794649828,-0.047463405559133885,-3.0880894326714703,-0.1608522813596358,2.8739637487705494,-0.2686381847975115,0.7882081248341724
B_D1,EURAUD,BREAKOUT_RETEST,TRAIN,2006-11-16,2013-07-04,6.63,21,33.33333333333333,-4.596323321948148e-14,-0.97436322127419,-0.04639824863210428,0.9335224910242835,-0.05694311304581394,-6.084481678558307,1.954667494747503,-1.046931120321908,-0.04639824863210428,-1.1766940285045768,-0.17834455412486516,3.166907514450867,-0.1466334872688946,0.8834213203521208
B_D1,EURAUD,BREAKOUT_RETEST,VALID,2014-01-03,2017-12-20,3.96,16,25.0,-5.335324189072822,-5.97580328692213,-0.3734877054326331,0.44400511721504377,-0.7197034844922707,-7.401813233649346,1.193035817871962,-0.8956622132008314,-0.3734877054326331,-5.887936531732841,-1.520104918566656,4.038700760193504,-1.4324938252269408,0.15200254400507873
B_D1,EURAUD,BREAKOUT_RETEST,OOS,2018-02-20,2026-05-12,8.22,19,47.368421052631575,5.308856273736461,4.292215796884824,0.22590609457288546,1.444551593860197,0.24748518307025189,-3.154393009681289,1.5497081794119463,-0.9655157817822696,0.22590609457288546,4.201142660715451,0.501790909421751,2.3109390609390608,0.7096296558785458,0.4779338243785731
B_D1,EURAUD,BREAKOUT_RETEST,OOS_HIGH_VOLATILITY,2019-09-17,2026-04-06,6.55,9,55.55555555555556,4.249037948642284,3.7989428190842576,0.4221047576760286,1.8970829852905524,0.33999278923801574,-2.115206103671796,1.6067431669863304,-1.0586932539618488,0.4221047576760286,3.7764805365603227,0.5674003949136086,1.3736941078144589,0.8702538301606153,0.3841617041686147
B_D1,EURAUD,BREAKOUT_RETEST,ALL_HIGH_VOLATILITY,2007-12-27,2026-04-06,18.28,26,34.61538461538461,-1.0107143711641902,-2.0719418721433005,-0.07969007200551156,0.8738559106719099,-0.07307965119358659,-5.821545919362614,1.594806437609157,-0.9661882241544537,-0.07969007200551156,-2.2573547312599973,-0.12485789874170372,1.422696629213483,-0.31241148307043515,0.754727824571289
B_D1,EURAUD,BREAKOUT_RETEST,OOS_LOW_VOLATILITY,2018-02-20,2026-05-12,8.22,10,40.0,1.0598183250941753,0.49327297780056556,0.04932729778005655,1.0910033135693256,0.03951012291930781,-3.282233838670867,1.478414444943966,-0.9033974669958832,0.04932729778005655,0.40920844680751856,0.04968213719067638,1.2162837162837163,0.11328983247853112,0.9098007778513328
B_D1,EURAUD,BREAKOUT_RETEST,ALL_LOW_VOLATILITY,2006-11-16,2026-05-12,19.49,30,36.666666666666664,0.9842464558277835,-0.5860088391681966,-0.019533627972273218,0.9685532214591018,-0.017794495601896703,-5.815712766792958,1.6408119464495883,-0.9807863289533508,-0.019533627972273218,-0.849920420229433,-0.043795405593016756,1.5396234368413657,-0.0785487092187903,0.9373915855262247
B_D1,EURAUD,BREAKOUT_RETEST,OOS_TRENDING,2018-02-20,2026-05-12,8.22,6,33.33333333333333,0.9493351773988874,0.5977189344414398,0.09961982240690663,1.1817606770564433,0.057740285131696274,-2.1115476875047445,1.9431065731440382,-0.8221235529616592,0.09961982240690663,0.5449559585185559,0.0661240074623537,0.7297702297702298,0.165562310276586,0.8685014099089932
B_D1,EURAUD,BREAKOUT_RETEST,ALL_TRENDING,2006-11-16,2026-05-12,19.49,26,34.61538461538461,-0.6584359225989552,-1.90606699407643,-0.07331026900293962,0.8838942560549771,-0.06405388039474495,-5.091590704926419,1.6122866491982621,-0.9656851080506347,-0.07331026900293962,-2.1017230172832857,-0.10895228834679749,1.3343403119291837,-0.2827475269895093,0.7773703808750567
B_D1,EURAUD,BREAKOUT_RETEST,OOS_RANGING,2018-12-12,2025-03-26,6.29,11,54.54545454545454,3.8724474538090217,3.3033623731391444,0.30030567028537675,1.623120361433682,0.27772919160095627,-3.14133596668279,1.434114247392925,-1.0602646222436811,0.30030567028537675,3.2485498748406894,0.5098614899905707,1.7498911149825784,0.6963255960690461,0.48622494703648167
B_D1,EURAUD,BREAKOUT_RETEST,ALL_RANGING,2010-11-12,2025-03-26,14.37,26,38.46153846153847,2.1448943647339913,0.9534030146613803,0.036669346717745396,1.0615824537567797,0.03599571423711357,-5.864674458669061,1.6435134522581634,-0.9676082192450159,0.036669346717745396,0.7225171510337303,0.05011747031489211,1.809546493902439,0.13644341989048367,0.8914707505010886
B_D1,EURAUD,MEAN_REVERSION,ALL,2010-11-10,2026-01-30,15.22,48,47.91666666666667,-2.2401303750548527,-4.378152378728878,-0.09121150789018495,0.8235918525388,-0.16615304333900582,-8.041578904658964,0.8887025763802631,-0.9927324654189971,-0.09121150789018495,-4.499384802180129,-0.3019747129212824,3.1532374100719425,-0.6482620286089067,0.5168154888364331
B_D1,EURAUD,MEAN_REVERSION,TRAIN,2010-11-10,2013-06-06,2.57,8,50.0,-6.8833827526759706e-15,-0.29753355487482946,-0.03719169435935368,0.9284696850573073,-0.061204279084495626,-3.175127760275387,0.9655028298489088,-1.039886218567616,-0.03719169435935368,-0.3372679417573021,-0.13132510868476555,3.1118210862619806,-0.09813399307196013,0.9218258952202467
B_D1,EURAUD,MEAN_REVERSION,VALID,2014-08-27,2017-06-04,2.77,13,46.15384615384615,-1.3496308552721146,-1.904069274799276,-0.146466867292252,0.7290637776493428,-0.3230880872426812,-3.9122104399555546,0.8539450885939206,-1.0039628294804,-0.146466867292252,-1.944266756778057,-0.7061292802132857,4.691946640316206,-0.5377941690628805,0.590719157986872
B_D1,EURAUD,MEAN_REVERSION,OOS,2018-08-30,2026-01-30,7.42,27,48.148148148148145,-0.8904995197827322,-2.1765495490547724,-0.08061294626128787,0.8403238760905188,-0.15688284164313915,-3.334179739059251,0.8811136465989915,-0.9736447824886902,-0.08061294626128787,-2.276190305092307,-0.30984609173082545,3.6390221402214022,-0.4273315718756027,0.6691378401374393
B_D1,EURAUD,MEAN_REVERSION,OOS_HIGH_VOLATILITY,2020-03-02,2025-04-07,5.1,10,40.0,-0.9820047830701697,-1.327347400748096,-0.13273474007480962,0.743942950978313,-0.1867729970070247,-2.2247166865247747,0.9641120465719896,-0.8639659311726757,-0.13273474007480962,-1.363498314247391,-0.2689417689579532,1.9616004296455425,-0.4217050615096087,0.6732403095451183
B_D1,EURAUD,MEAN_REVERSION,ALL_HIGH_VOLATILITY,2011-09-12,2025-04-07,13.57,14,50.0,0.37217661142727176,-0.1120039530729997,-0.008000282362357123,0.9819994722669875,-0.008408922245453344,-3.238522666958199,0.8728936367141481,-0.8888942014388623,-0.008000282362357123,-0.17261041404209587,-0.012731317901815142,1.0317796610169492,-0.030974968491171956,0.9752895023417403
B_D1,EURAUD,MEAN_REVERSION,OOS_LOW_VOLATILITY,2018-08-30,2026-01-30,7.42,17,52.94117647058824,0.09150526328743835,-0.8492021483066758,-0.04995306754745152,0.8994697657337546,-0.07556174963145641,-2.392326996640659,0.8442254688332147,-1.0559039209757008,-0.04995306754745152,-0.9253085574269848,-0.12521390035906688,2.2912361623616238,-0.20582187896067553,0.8369300501480614
B_D1,EURAUD,MEAN_REVERSION,ALL_LOW_VOLATILITY,2010-11-10,2026-01-30,15.22,34,47.05882352941176,-2.6123069864821256,-4.266148425655878,-0.12547495369576112,0.7705884897533163,-0.18929830071367892,-9.13214051680069,0.8956189874841882,-1.033114012522383,-0.12547495369576112,-4.334255764959504,-0.2906593440394678,2.233543165467626,-0.7385654693215,0.4601708986747566
B_D1,EURAUD,MEAN_REVERSION,OOS_RANGING,2018-08-30,2026-01-30,7.42,27,48.148148148148145,-0.8904995197827322,-2.1765495490547724,-0.08061294626128787,0.8403238760905188,-0.15688284164313915,-3.334179739059251,0.8811136465989915,-0.9736447824886902,-0.08061294626128787,-2.276190305092307,-0.30984609173082545,3.6390221402214022,-0.4273315718756027,0.6691378401374393
B_D1,EURAUD,MEAN_REVERSION,ALL_RANGING,2010-11-10,2026-01-30,15.22,48,47.91666666666667,-2.2401303750548527,-4.378152378728878,-0.09121150789018495,0.8235918525388,-0.16615304333900582,-8.041578904658964,0.8887025763802631,-0.9927324654189971,-0.09121150789018495,-4.499384802180129,-0.3019747129212824,3.1532374100719425,-0.6482620286089067,0.5168154888364331
B_D1,EURAUD,MOMENTUM,ALL,2006-08-10,2026-08-23,20.04,153,39.21568627450981,9.917032601723633,2.5134502513525323,0.016427779420604787,1.027650667842985,0.03465206996936856,-9.863115904788488,1.5568935767120793,-0.9774211220577659,0.016427779420604787,1.2233124368369985,0.060704941996991835,7.6364102213719605,0.15510659817483788,0.876737280549545
B_D1,EURAUD,MOMENTUM,TRAIN,2006-08-10,2013-11-05,7.24,54,38.88888888888889,7.266376106089881,4.746729098703895,0.08790239071673879,1.1472371644882118,0.17274557774333288,-5.85269985507505,1.7612090737188464,-0.976929134830057,0.08790239071673879,4.327052779098706,0.586896270708448,7.459720121028744,0.4647747772817003,0.6420927521247211
B_D1,EURAUD,MOMENTUM,VALID,2014-01-20,2017-11-02,3.78,28,35.714285714285715,-2.338997854120847,-3.4139719999766647,-0.12192757142773802,0.8187803086765834,-0.25352852627984507,-8.678075241701233,1.5424885825268495,-1.0466032125136195,-0.12192757142773802,-3.5805019887128697,-0.9590223982238855,7.4001447178002895,-0.4931576122492518,0.6219012256711809
B_D1,EURAUD,MOMENTUM,OOS,2018-01-29,2026-08-23,8.56,71,40.845070422535215,4.989654349754593,1.1806931526253048,0.016629481022891617,1.0296487877776623,0.037942343618362115,-7.961064731802969,1.4139082148055337,-0.9481582161127425,0.016629481022891617,0.6279766183504343,0.07312495557636467,8.290521099744245,0.11103564321559724,0.9115880822782598
B_D1,EURAUD,MOMENTUM,OOS_HIGH_VOLATILITY,2019-03-04,2026-03-27,7.06,29,41.37931034482759,-1.4419221151059722,-2.745843372171935,-0.09468425421282534,0.8381442450859952,-0.15978439758485607,-4.398765410174688,1.18490937682763,-0.9979268173002055,-0.09468425421282534,-2.905191754805181,-0.4165101362129664,4.105523255813954,-0.42466758292960616,0.6710790184933015
B_D1,EURAUD,MOMENTUM,ALL_HIGH_VOLATILITY,2007-09-19,2026-03-27,18.52,64,39.0625,0.1049954290792805,-2.36301217317735,-0.036922065205896096,0.9379011745156012,-0.053983961410679494,-8.649445528675637,1.4275773335999755,-0.9757037311070962,-0.036922065205896096,-2.829332441839094,-0.1548644036404534,3.455943228858663,-0.23231188975554645,0.8162957783415568
B_D1,EURAUD,MOMENTUM,OOS_LOW_VOLATILITY,2018-01-29,2026-08-23,8.56,42,40.476190476190474,6.4315764648605676,3.926536524797238,0.09348896487612472,1.1717803640320723,0.15788088555835786,-6.26432931108879,1.575554453378172,-0.9143155673052674,0.09348896487612472,3.638884958949906,0.4182287814353369,4.904251918158567,0.4620274871723148,0.6440616089976854
B_D1,EURAUD,MOMENTUM,ALL_LOW_VOLATILITY,2006-12-18,2026-08-23,19.68,86,39.53488372093023,9.812037172644356,5.1301394530077395,0.0596527843372993,1.101238697909028,0.09306109446412945,-12.807738160294624,1.6412894092657273,-0.9744942396543654,0.0596527843372993,4.466686975367051,0.22229334832910563,4.369991652754591,0.41283554016715224,0.679727110690713
B_D1,EURAUD,MOMENTUM,OOS_TRENDING,2018-01-29,2026-08-23,8.56,24,33.33333333333333,-2.4673661899304715,-3.788535853241603,-0.15785566055173347,0.7444805998704129,-0.22688021907175257,-5.6892169353167095,1.3797834152815112,-0.9266751984683559,-0.15785566055173347,-3.8702591800146013,-0.45983921475323264,2.8024296675191813,-0.6639492623575352,0.5067227852748173
B_D1,EURAUD,MOMENTUM,ALL_TRENDING,2006-08-10,2026-08-23,20.04,64,32.8125,-2.495225010648965,-5.543772315975144,-0.08662144243711163,0.8637577958367982,-0.12082156377193927,-10.792696446403582,1.6736568125576123,-0.9462922181322095,-0.08662144243711163,-5.880920543229418,-0.3020515717466643,3.194315386717683,-0.540811032627937,0.5886378376537169
B_D1,EURAUD,MOMENTUM,OOS_RANGING,2018-08-23,2025-12-19,7.32,37,51.35135135135135,13.734580841611125,11.701551580325445,0.3162581508196066,1.7025464178828975,0.5249735523158066,-4.195736297332575,1.4924981032638014,-0.9253284656492655,0.3162581508196066,12.025579075541092,1.5626143300813133,5.052056074766355,1.4207059701533524,0.15540225619186732
B_D1,EURAUD,MOMENTUM,ALL_RANGING,2007-03-20,2025-12-19,18.75,66,48.484848484848484,18.582371654278035,15.416520879141299,0.23358364968395906,1.4630838463313547,0.32183644635065195,-4.640031683095424,1.5221097947213202,-0.9791468397629692,0.23358364968395906,15.951684296051605,0.7924097361417637,3.5197109067017083,1.3936499225744512,0.1634233452514755
B_D1,EURAUD,TREND_PULLBACK,ALL,2006-08-07,2026-06-22,19.87,34,47.05882352941176,10.910313175840342,9.079646615197843,0.2670484298587601,1.476805499130605,0.2385578234690552,-3.2362552252937493,1.7576443743748968,-1.0579257430444724,0.2670484298587601,9.10758311710489,0.4395460158836295,1.7107728337236534,1.0634986664153028,0.2875558696364098
B_D1,EURAUD,TREND_PULLBACK,TRAIN,2006-08-07,2013-09-29,7.15,22,40.909090909090914,4.733726119951215,3.525008518355852,0.160227659925266,1.2554569850863748,0.18688621852291523,-3.2362552252937493,1.924871385277766,-1.0614487653187725,0.160227659925266,3.3407561192025037,0.46093333570811357,3.0787356321839083,0.4995769795440552,0.6173729706158051
B_D1,EURAUD,TREND_PULLBACK,VALID,2014-02-27,2015-10-22,1.65,4,25.0,-2.70988000417495,-2.8640548431850257,-0.7160137107962564,0.08482190545958064,-1.7044205449491219,-1.820175165559068,0.265450616212236,-1.0431684864657538,-0.7160137107962564,-2.8397458680014087,-1.7327021175168267,2.426910299003322,-2.1881641267569423,0.028657649152787013
B_D1,EURAUD,TREND_PULLBACK,OOS,2018-03-15,2026-06-22,8.27,8,75.0,8.886467060064078,8.418692940027018,1.0523366175033773,4.981742190115691,0.7627787068367159,-1.0605434464945773,1.7555028177143701,-1.057161983129602,1.0523366175033773,8.66624465389021,1.0099083050811641,0.9672293942403178,2.1937079616222257,0.028256411102337564
B_D1,EURAUD,TREND_PULLBACK,OOS_HIGH_VOLATILITY,2025-07-28,2025-07-28,0.0,1,100.0,1.9999999999999987,1.937963089586824,1.937963089586824,inf,0.0,0.0,1.937963089586824,0.0,1.937963089586824,1.937963089586825,,999999999.9999999,0.0,1.0
B_D1,EURAUD,TREND_PULLBACK,ALL_HIGH_VOLATILITY,2007-09-06,2025-07-28,17.89,14,50.0,5.29011999582505,4.766588102697684,0.3404705787641203,1.6588591844261769,0.20205641162455756,-4.050200642353785,1.7144566242987251,-1.0335154667704844,0.3404705787641203,4.723440510660426,0.2582871785609342,0.7824789594491202,0.8546736597687684,0.39273183653463883
B_D1,EURAUD,TREND_PULLBACK,OOS_LOW_VOLATILITY,2018-03-15,2026-06-22,8.27,7,71.42857142857143,6.886467060064078,6.480729850440192,0.9258185500628846,4.0651546091615804,0.6024984997053182,-1.0605434464945773,1.7190107633398792,-1.057161983129602,0.9258185500628846,6.600368852171701,0.7757710573719878,0.8463257199602782,1.7327512472787647,0.08313989152709955
B_D1,EURAUD,TREND_PULLBACK,ALL_LOW_VOLATILITY,2006-11-21,2026-06-22,19.58,17,52.94117647058824,8.620193180015278,7.591112363419146,0.44653602137759685,1.8899309783389728,0.2785478542735858,-2.0885993536526315,1.7912348466563641,-1.0662501570610161,0.44653602137759685,7.6777079759064115,0.3784357396735105,0.8680623514609254,1.2326756512329826,0.2176967996215735
B_D1,EURAUD,TREND_PULLBACK,OOS_TRENDING,2018-03-15,2026-06-22,8.27,8,75.0,8.886467060064078,8.418692940027018,1.0523366175033773,4.981742190115691,0.7627787068367159,-1.0605434464945773,1.7555028177143701,-1.057161983129602,1.0523366175033773,8.66624465389021,1.0099083050811641,0.9672293942403178,2.1937079616222257,0.028256411102337564
B_D1,EURAUD,TREND_PULLBACK,ALL_TRENDING,2006-08-07,2026-06-22,19.87,34,47.05882352941176,10.910313175840342,9.079646615197843,0.2670484298587601,1.476805499130605,0.2385578234690552,-3.2362552252937493,1.7576443743748968,-1.0579257430444724,0.2670484298587601,9.10758311710489,0.4395460158836295,1.7107728337236534,1.0634986664153028,0.2875558696364098
B_D1,EURCHF,BREAKOUT_RETEST,ALL,2004-10-03,2026-06-23,21.72,86,44.18604651162791,16.622516383544845,7.760986284292069,0.09024402656153568,1.156469025167339,0.13201131907995847,-8.96031228732631,1.5095202646310661,-1.033349661910176,0.09024402656153568,7.224310657000044,0.3216711248630988,3.959599142821127,0.6152261481920545,0.5384053816928676
B_D1,EURCHF,BREAKOUT_RETEST,TRAIN,2006-01-02,2013-04-16,7.29,26,34.61538461538461,-0.5810795022109179,-3.7170035204863447,-0.14296167386485942,0.7970690220717652,-0.19631179326351117,-8.96031228732631,1.6221762752145117,-1.0774464704362912,-0.14296167386485942,-3.878181544722048,-0.5414467958097524,3.568771138669673,-0.5298753485171832,0.5961983589354662
B_D1,EURCHF,BREAKOUT_RETEST,VALID,2014-03-05,2017-09-25,3.56,21,47.61904761904761,4.920452831660039,2.842121053983141,0.135339097808721,1.2823565051450707,0.256232547696065,-4.546692388604279,1.2907839400096328,-0.9150653041921081,0.135339097808721,2.7127165144611443,0.7548492262899664,5.900192307692308,0.48340468886803944,0.6288084195665788
B_D1,EURCHF,BREAKOUT_RETEST,OOS,2018-01-09,2026-06-23,8.45,37,51.35135135135135,14.283143054095765,11.022599856969766,0.2979081042424261,1.5853201736656009,0.4447883668125749,-5.3371848679511285,1.5712812725765044,-1.0462080178879902,0.2979081042424261,11.243555838244056,1.2686881633015457,4.37779397473275,1.2930836559393568,0.19598212726647768
B_D1,EURCHF,BREAKOUT_RETEST,OOS_HIGH_VOLATILITY,2018-08-07,2025-01-09,6.43,12,75.0,10.66967580467138,9.86632788648134,0.8221939905401117,5.2888879924735885,0.948187663270354,-1.0646154628586868,1.3518630568677468,-0.7668132084427941,0.8221939905401117,10.24087772441149,1.5288677608468637,1.8674904132935664,2.4035642343392083,0.016236114322238926
B_D1,EURCHF,BREAKOUT_RETEST,ALL_HIGH_VOLATILITY,2005-07-31,2025-01-09,19.44,35,60.0,22.218527082425776,19.584925736097773,0.5595693067456506,2.36943434000262,0.535192639244346,-8.348169440767894,1.6136379480256395,-1.0215336551743328,0.5595693067456506,21.165779842195565,0.9922769146124333,1.8000211208110393,2.3599638659756734,0.018276715190813864
B_D1,EURCHF,BREAKOUT_RETEST,OOS_LOW_VOLATILITY,2018-01-09,2026-06-23,8.45,25,40.0,3.613467249424386,1.1562719704884272,0.046250878819537086,1.069944386828848,0.05490713999451216,-7.294484404775092,1.7687576667143865,-1.1020869797770296,0.046250878819537086,0.909533863054901,0.10718586866420576,2.957968901846453,0.15962540978774223,0.8731761615194136
B_D1,EURCHF,BREAKOUT_RETEST,ALL_LOW_VOLATILITY,2004-10-03,2026-06-23,21.72,51,33.33333333333333,-5.596010698880928,-11.823939451805707,-0.231841950035406,0.6650376854064384,-0.28557522588116974,-11.882400293462748,1.3809043027907109,-1.0382150764484646,-0.231841950035406,-11.506111051612699,-0.5612195762813688,2.348134375393924,-1.3308960736278346,0.18322320937032588
B_D1,EURCHF,BREAKOUT_RETEST,OOS_TRENDING,2018-01-09,2024-05-28,6.38,12,50.0,4.322108571599417,3.3065841003293057,0.2755486750274421,1.4953953569100853,0.2502310466034333,-3.387435644706238,1.663536823634587,-1.112439473579703,0.2755486750274421,3.2285293510145863,0.4991328524350802,1.8803088803088803,0.6321457418034074,0.5272916479705967
B_D1,EURCHF,BREAKOUT_RETEST,ALL_TRENDING,2007-01-26,2024-05-28,17.34,36,47.22222222222222,10.603978351387207,7.484784061625132,0.20791066837847588,1.3563640432977928,0.2050680019610661,-5.591024808376909,1.6757635681774912,-1.105431399862748,0.20791066837847588,7.364468050558237,0.4107328293353252,2.0765950726468727,0.8538335992936429,0.39319719494844585
B_D1,EURCHF,BREAKOUT_RETEST,OOS_RANGING,2018-11-23,2026-06-23,7.58,13,69.23076923076923,10.600867571421835,9.375117345264943,0.721162872712688,3.1502146109211226,0.7016565369542114,-2.1495348026064898,1.5261335357022738,-1.0900211190138798,0.721162872712688,9.673599249737673,1.2254556200181677,1.7147887323943662,1.931928019265431,0.053368390880276007
B_D1,EURCHF,BREAKOUT_RETEST,ALL_RANGING,2004-10-03,2026-06-23,21.72,29,55.172413793103445,11.568219598075022,8.30781189425456,0.28647627221567445,1.661198026436846,0.2564481048075451,-4.320972418062185,1.3045373862045258,-0.9665220219244505,0.28647627221567445,8.398269902304945,0.37198056318619166,1.3352136644396824,1.195151906908344,0.2320276847957139
B_D1,EURCHF,MEAN_REVERSION,ALL,2004-11-12,2026-08-17,21.76,37,62.16216216216216,8.999999999999984,5.26352929258584,0.14225754844826594,1.341840456990048,0.18860730501890063,-5.159929004213637,0.8983108178507733,-1.0998299655701393,0.14225754844826594,5.217131017716103,0.23398158114282808,1.7003334172118771,0.8798169538416633,0.3789584787587137
B_D1,EURCHF,MEAN_REVERSION,TRAIN,2006-05-14,2013-12-12,7.58,8,87.5,6.000000000000007,5.262725110798424,0.657840638849803,5.572496445417378,0.921954673990357,-1.150952258491711,0.9162396241843039,-1.1509522584917047,0.657840638849803,5.365745273608669,0.691824807414787,1.0552546045503792,2.5384928000619924,0.011133109365529359
B_D1,EURCHF,MEAN_REVERSION,VALID,2014-01-09,2017-04-25,3.29,6,50.0,-4.418687638008123e-14,-0.7882473157889032,-0.13137455263148387,0.7702933768508587,-0.15967055920377998,-3.3925371579068497,0.8810973440071215,-1.1438464492700893,-0.13137455263148387,-0.8163567167896013,-0.24877327173908892,1.8232113144758737,-0.2896556257186206,0.7720797071137553
B_D1,EURCHF,MEAN_REVERSION,OOS,2019-03-28,2026-08-17,7.39,20,50.0,1.8207657603852567e-14,-1.7450029056631946,-0.08725014528315973,0.838651662752999,-0.1406761493993873,-4.442172347726958,0.9070125006016783,-1.0815127911679978,-0.08725014528315973,-1.8279371100734076,-0.24934832560136178,2.706557984438681,-0.38240785301031094,0.7021588663635376
B_D1,EURCHF,MEAN_REVERSION,OOS_HIGH_VOLATILITY,2022-06-30,2024-08-04,2.1,2,50.0,2.220446049250313e-16,-0.088440703748635,-0.0442203518743175,0.9147617670525672,-0.03073975616400802,0.0,0.9491301220470749,-1.03757082579571,-0.0442203518743175,-0.09828860099383441,-0.046878781104442435,0.9536553524804177,-0.04451636460166105,0.9644928078419384
B_D1,EURCHF,MEAN_REVERSION,ALL_HIGH_VOLATILITY,2006-05-14,2024-08-04,18.23,7,85.71428571428571,5.000000000000027,4.635304897241208,0.6621864138916012,5.4674587816079026,0.5469542670961386,-1.0375708257956973,0.9454792871728196,-1.03757082579571,0.6621864138916012,4.710792048393242,0.2528832632116007,0.3840694006309148,2.335044604851007,0.019541090694320307
B_D1,EURCHF,MEAN_REVERSION,OOS_LOW_VOLATILITY,2019-03-28,2026-08-17,7.39,18,50.0,1.7985612998927536e-14,-1.6565622019145598,-0.09203123343969777,0.8305750416629,-0.1403558105058541,-4.348157489898973,0.902332764885523,-1.0863952317649186,-0.09203123343969777,-1.7313502289979743,-0.23607289394277364,2.435902185994813,-0.38153705786106384,0.7028047787700167
B_D1,EURCHF,MEAN_REVERSION,ALL_LOW_VOLATILITY,2004-11-12,2026-08-17,21.76,30,56.666666666666664,3.9999999999999574,0.6282243953446311,0.020940813178154372,1.0437480686041452,0.024540571137192397,-5.06662031344357,0.8816631227959336,-1.1046191301681725,0.020940813178154372,0.4835594874392557,0.02217085732312274,1.3786487166582788,0.11447706408453037,0.9088596270682172
B_D1,EURCHF,MEAN_REVERSION,OOS_RANGING,2019-03-28,2026-08-17,7.39,20,50.0,1.8207657603852567e-14,-1.7450029056631946,-0.08725014528315973,0.838651662752999,-0.1406761493993873,-4.442172347726958,0.9070125006016783,-1.0815127911679978,-0.08725014528315973,-1.8279371100734076,-0.24934832560136178,2.706557984438681,-0.38240785301031094,0.7021588663635376
B_D1,EURCHF,MEAN_REVERSION,ALL_RANGING,2004-11-12,2026-08-17,21.76,37,62.16216216216216,8.999999999999984,5.26352929258584,0.14225754844826594,1.341840456990048,0.18860730501890063,-5.159929004213637,0.8983108178507733,-1.0998299655701393,0.14225754844826594,5.217131017716103,0.23398158114282808,1.7003334172118771,0.8798169538416633,0.3789584787587137
B_D1,EURCHF,MOMENTUM,ALL,2004-01-16,2026-05-03,22.29,187,45.98930481283423,42.896424177572875,21.201344541792825,0.11337617402028248,1.2017605961023532,0.24507399764231189,-11.894879691511562,1.4684073857669901,-1.0404127785561217,0.11337617402028248,21.565199020018323,0.8797680907720151,8.387787056367433,1.1571624708209667,0.2472059874657444
B_D1,EURCHF,MOMENTUM,TRAIN,2006-01-05,2013-12-05,7.92,77,40.25974025974026,16.101008128109367,5.772504150188279,0.07496758636608154,1.1206913934944427,0.16520087843491102,-9.349616780355685,1.729068882726129,-1.0397528524852546,0.07496758636608154,5.140224667493287,0.6352873258006042,9.728208232445521,0.4647734228592836,0.6420937221591327
B_D1,EURCHF,MOMENTUM,VALID,2014-01-28,2017-06-25,3.41,33,39.39393939393939,-2.5422305094475517,-6.506043281579355,-0.19715282671452591,0.6954699753734012,-0.5186407004317791,-8.637568491798643,1.142935872154108,-1.0682104809791382,-0.19715282671452591,-6.514273871657217,-1.9583641513126193,9.6891077170418,-0.957153679036907,0.3384896930650618
B_D1,EURCHF,MOMENTUM,OOS,2018-01-29,2026-05-03,8.26,65,53.84615384615385,21.09882547398141,15.652659581166604,0.24081014740256315,1.5205287136587469,0.5257691753317331,-7.922152783625114,1.3063815261985863,-1.002356461192797,0.24081014740256315,16.309988575379954,1.8465893929858979,7.87176724137931,1.5108302686765773,0.13083170069431604
B_D1,EURCHF,MOMENTUM,OOS_HIGH_VOLATILITY,2018-03-08,2025-05-08,7.17,24,45.83333333333333,0.9127972589582805,-0.5829474434678688,-0.024289476811161198,0.9519071214016628,-0.037568740377930586,-4.808499436376712,1.0489396937622997,-0.9324064672963974,-0.024289476811161198,-0.7404487587875819,-0.10363424850217129,3.348357524828113,-0.10058109118446257,0.9198830076234426
B_D1,EURCHF,MOMENTUM,ALL_HIGH_VOLATILITY,2004-07-07,2025-05-08,20.84,82,37.80487804878049,-1.1645641051224056,-7.040948621629948,-0.08586522709304814,0.8625003349082839,-0.1321581533888782,-14.902618125959988,1.4247121022433513,-1.004059290023016,-0.08586522709304814,-7.423790477443037,-0.36954744824875263,3.935676741130092,-0.6032414536613003,0.5463480744171532
B_D1,EURCHF,MOMENTUM,OOS_LOW_VOLATILITY,2018-01-29,2026-05-03,8.26,41,58.536585365853654,20.186028215023125,16.235607024634472,0.3959904152349871,1.9045203848414782,0.6631492116753418,-6.852207950270639,1.4243756993985508,-1.0558476329959263,0.3959904152349871,17.177628873953754,1.9382977032921023,4.965268567639257,1.9056003064766331,0.0567020823472022
B_D1,EURCHF,MOMENTUM,ALL_LOW_VOLATILITY,2004-09-05,2026-05-03,21.66,103,51.45631067961165,40.82216719776559,25.229869665878287,0.24495019093085715,1.4683067412631072,0.3912362251397453,-6.852207950270595,1.4925384246957123,-1.077493336859889,0.24495019093085715,27.447029499747334,1.1261972353471483,4.7560998735777495,1.8206739960007041,0.06865642730307275
B_D1,EURCHF,MOMENTUM,OOS_TRENDING,2018-01-29,2024-06-02,6.34,23,26.08695652173913,-7.025295393794719,-8.738708627935598,-0.3799438533885042,0.48007662186419875,-0.6443793237365106,-12.74890392069934,1.3448294800017857,-0.9886873828203712,-0.3799438533885042,-8.50982510564976,-1.3928352294678925,3.6272668393782386,-1.6226160294008325,0.10467151173975342
B_D1,EURCHF,MOMENTUM,ALL_TRENDING,2004-01-16,2024-06-02,20.38,75,40.0,6.757244919485698,0.2228343019010246,0.002971124025346995,1.0048097883881928,0.004291928147691304,-13.80268827731419,1.5517390071216535,-1.0295407980388576,0.002971124025346995,-0.42586770400946383,-0.020941020415643496,3.680471584038694,0.019374537316346196,0.9845423228736281
B_D1,EURCHF,MOMENTUM,OOS_RANGING,2019-02-14,2025-12-26,6.86,22,72.72727272727273,15.271304506154538,13.293135183755908,0.6042334174434504,3.3770791936324973,0.9325378316050281,-2.1100566611044425,1.1803343144671694,-0.9320356412864678,0.6042334174434504,14.011849176683588,1.928858699741598,3.205225368966893,2.4431408999028155,0.014560051538914376
B_D1,EURCHF,MOMENTUM,ALL_RANGING,2004-10-14,2025-12-26,21.2,71,50.70422535211267,23.01599086117653,14.675036525906169,0.20669065529445307,1.4183068809640638,0.2896290708397745,-7.091328893587878,1.3821395401228147,-1.0023424833861476,0.20669065529445307,15.103671230590843,0.6657367842181738,3.3491863618752418,1.3335265548679338,0.18235906705911686
B_D1,EURCHF,TREND_PULLBACK,ALL,2003-12-26,2022-04-19,18.31,55,41.81818181818181,6.215094995022234,1.2014663844303584,0.021844843353279242,1.035887454425517,0.028201192905164745,-5.908573608306311,1.5078346100615092,-1.046210301468261,0.021844843353279242,0.7197867358461618,0.039170542118505125,3.003251607116161,0.12068490834897394,0.9039406130089171
B_D1,EURCHF,TREND_PULLBACK,TRAIN,2006-12-04,2013-07-23,6.63,26,42.30769230769231,4.028936685553966,1.717337397531336,0.06605143836658985,1.1062367527341663,0.0926518041554615,-5.908573608306311,1.6256843983754168,-1.0776793989732165,0.06605143836658985,1.479992253048379,0.22170889873156518,3.919314898885679,0.2386357332107831,0.8113880543909862
B_D1,EURCHF,TREND_PULLBACK,VALID,2014-09-17,2017-12-18,3.25,8,62.5,2.8590357727563047,2.1777637706652584,0.2722204713331573,1.6694533822743995,0.32579164946980815,-3.217902509118009,1.086162289711624,-1.0843492259642875,0.2722204713331573,2.1376342110970725,0.6524076307000026,2.45959595959596,0.5875611288063213,0.5568269084693533
B_D1,EURCHF,TREND_PULLBACK,OOS,2018-01-01,2022-04-19,4.3,17,41.17647058823529,3.3271225367119523,1.7873611795218973,0.10513889291305278,1.186581983242896,0.1537717819189093,-2.769923549789677,1.6238366001038587,-0.9579495021205112,0.10513889291305278,1.6527527441626333,0.38233110804224424,3.957456978967495,0.3187080304798394,0.7499479245378051
B_D1,EURCHF,TREND_PULLBACK,OOS_HIGH_VOLATILITY,2018-03-05,2022-04-19,4.12,9,44.44444444444444,2.615901575560324,1.892317785955515,0.210257531772835,1.411238090791291,0.21997431114860452,-2.4353925204922744,1.6234579184309958,-0.9203027775536936,0.210257531772835,1.8275986941434175,0.44021168263053134,2.182768924302789,0.4466726281948538,0.65511144773307
B_D1,EURCHF,TREND_PULLBACK,ALL_HIGH_VOLATILITY,2004-07-01,2022-04-19,17.8,34,41.17647058823529,0.5038740338705103,-2.049334167941824,-0.06027453435123012,0.9015185827276789,-0.06456395907085423,-7.000218500019162,1.3400010492114107,-1.0404674428450786,-0.06027453435123012,-2.296670174917348,-0.13045502256080477,1.9102445777572683,-0.27238621459095974,0.7853250712830422
B_D1,EURCHF,TREND_PULLBACK,OOS_LOW_VOLATILITY,2018-01-01,2021-05-19,3.38,8,37.5,0.7112209611516296,-0.10495660643361804,-0.013119575804202255,0.9789158288028385,-0.014571710046192229,-1.6985573971983747,1.6243415090010087,-0.995596226687329,-0.013119575804202255,-0.17170782010288432,-0.05085431552735997,2.3679092382495948,-0.026783849033698612,0.9786321352014773
B_D1,EURCHF,TREND_PULLBACK,ALL_LOW_VOLATILITY,2004-08-18,2021-05-19,16.75,19,47.368421052631575,7.711220961151708,5.470234904814886,0.28790710025341504,1.5234701380967304,0.21039665145496778,-2.6202952162181603,1.7689090380505519,-1.0449946437640079,0.28790710025341504,5.413976024662359,0.3152690804876901,1.1343167701863355,0.8610898054430448,0.3891885835194482
B_D1,EURCHF,TREND_PULLBACK,OOS_TRENDING,2018-01-01,2022-04-19,4.3,17,41.17647058823529,3.3271225367119523,1.7873611795218973,0.10513889291305278,1.186581983242896,0.1537717819189093,-2.769923549789677,1.6238366001038587,-0.9579495021205112,0.10513889291305278,1.6527527441626333,0.38233110804224424,3.957456978967495,0.3187080304798394,0.7499479245378051
B_D1,EURCHF,TREND_PULLBACK,ALL_TRENDING,2003-12-26,2022-04-19,18.31,55,41.81818181818181,6.215094995022234,1.2014663844303584,0.021844843353279242,1.035887454425517,0.028201192905164745,-5.908573608306311,1.5078346100615092,-1.046210301468261,0.021844843353279242,0.7197867358461618,0.039170542118505125,3.003251607116161,0.12068490834897394,0.9039406130089171
B_D1,EURGBP,BREAKOUT_RETEST,ALL,2004-05-11,2026-06-14,22.09,103,35.92233009708738,4.400423241386273,-1.7634035590665988,-0.017120422903559213,0.9733308324172039,-0.02703933206651741,-10.613779713426652,1.739406182434021,-1.0018398834715962,-0.017120422903559213,-2.6752393868388458,-0.12267093291856712,4.662380716321725,-0.12708980248990132,0.8988693224488877
B_D1,EURGBP,BREAKOUT_RETEST,TRAIN,2006-01-03,2013-12-06,7.92,34,41.17647058823529,5.126546602851459,3.2759477416711906,0.09635140416679973,1.1625889462981644,0.14253053035602928,-5.60020368254015,1.6731855392876025,-1.007432490417762,0.09635140416679973,2.9968206210422066,0.3733655588873619,4.291119557705597,0.4012010419441808,0.6882721136794692
B_D1,EURGBP,BREAKOUT_RETEST,VALID,2014-01-13,2017-09-28,3.71,19,52.63157894736842,9.04581104007953,8.196589834886662,0.43139946499403486,1.8776176122310941,0.6529348174858932,-6.052078185159814,1.753618115649786,-1.0377323690679106,0.43139946499403486,8.306380172724781,2.1758231388300686,5.125369276218612,1.25714116530746,0.2087025231882449
B_D1,EURGBP,BREAKOUT_RETEST,OOS,2018-01-08,2026-06-14,8.43,36,27.77777777777778,-4.5099306616187125,-6.856021335172267,-0.19044503708811852,0.7232232556674212,-0.3065716370129903,-10.613779713426641,1.7914923029047785,-0.952728629393079,-0.19044503708811852,-6.900165711126949,-0.844564200165232,4.2705423838908745,-0.8901059518773435,0.37340899738722566
B_D1,EURGBP,BREAKOUT_RETEST,OOS_HIGH_VOLATILITY,2019-04-18,2025-08-20,6.34,14,21.428571428571427,-5.248912002097128,-5.981391431699202,-0.4272422451213716,0.4170768299523497,-0.5980840740071349,-8.762377382109543,1.426545786947831,-0.9328207993220631,-0.4272422451213716,-5.886992775978639,-0.9523083000191779,2.207901554404145,-1.506039641039377,0.13205699773156288
B_D1,EURGBP,BREAKOUT_RETEST,ALL_HIGH_VOLATILITY,2004-05-11,2025-08-20,21.28,35,28.57142857142857,-7.522448101689872,-9.036390585988375,-0.2581825881710964,0.6209626904938644,-0.27676693613146436,-11.834259561613536,1.480398174506865,-0.9536148932422809,-0.2581825881710964,-8.87212359283347,-0.4357237238891587,1.6450585510230342,-1.2766079604988858,0.20174069003480954
B_D1,EURGBP,BREAKOUT_RETEST,OOS_LOW_VOLATILITY,2018-01-08,2026-06-14,8.43,22,31.818181818181817,0.7389813404784158,-0.874629903473064,-0.03975590470332109,0.9397219164265642,-0.045550352203675065,-5.442734277453143,1.9478979526006133,-0.9673277047784906,-0.03975590470332109,-1.0765493155867278,-0.12831692114924076,2.6097759012666453,-0.1322517634104634,0.894785159370816
B_D1,EURGBP,BREAKOUT_RETEST,ALL_LOW_VOLATILITY,2004-10-17,2026-06-14,21.66,68,39.705882352941174,11.922871343076146,7.27298702692178,0.10695569157237912,1.1720152482150248,0.13162892615540497,-7.6912843526206975,1.8353350742588932,-1.0312453653187401,0.10695569157237912,6.800206973227918,0.30425052810945097,3.1399494310998737,0.6125541235018338,0.5401712003451682
B_D1,EURGBP,BREAKOUT_RETEST,OOS_TRENDING,2019-09-12,2025-12-02,6.22,5,40.0,1.905598182663851,1.5871878604081364,0.31743757208162726,1.644015913190192,0.1796639143917857,-2.0727443796476397,2.025852192694708,-0.8215055083270931,0.31743757208162726,1.5468169904387263,0.24696079764254808,0.8034535855697316,0.4481934063916121,0.6540136209287883
B_D1,EURGBP,BREAKOUT_RETEST,ALL_TRENDING,2004-05-11,2025-12-02,21.56,34,38.23529411764706,0.6976863834123501,-0.9797094634261829,-0.028814984218417144,0.9541115046903913,-0.02656517163667295,-5.423238063077784,1.5669288113120199,-1.0166563814515448,-0.028814984218417144,-1.276043542045746,-0.05954722924381706,1.5769523809523809,-0.12335103422575092,0.9018291298928776
B_D1,EURGBP,BREAKOUT_RETEST,OOS_RANGING,2018-01-08,2026-06-14,8.43,16,18.75,-6.582075482422333,-7.74741379145242,-0.48421336196577625,0.40669020504103154,-0.5827102128161912,-6.639929377745779,1.7701810701897032,-1.004458230924733,-0.48421336196577625,-7.5631073728448905,-0.9285856670936066,1.898018837284833,-1.6918519720251477,0.09067420130761361
B_D1,EURGBP,BREAKOUT_RETEST,ALL_RANGING,2005-05-08,2026-06-14,21.1,44,31.818181818181817,-2.161710419773682,-5.298627100067285,-0.12042334318334738,0.8307787938379987,-0.12620633036078563,-7.563107372844913,1.8580865378306997,-1.043727954323236,-0.12042334318334738,-5.548325376382834,-0.2701566717000614,2.08524717789023,-0.579733913102481,0.5620940699724326
B_D1,EURGBP,MEAN_REVERSION,ALL,2005-05-01,2026-07-07,21.18,42,57.14285714285714,6.000000000000095,3.270779831284848,0.07787571026868687,1.1701624879730292,0.10915692161111355,-5.409594969134213,0.937178710424444,-1.0678616232723226,0.07787571026868687,3.1099205853808654,0.1446817362183772,1.982745250096937,0.5023917112438193,0.61539200841026
B_D1,EURGBP,MEAN_REVERSION,TRAIN,2006-04-05,2010-05-05,4.08,14,50.0,4.9960036108132044e-14,-1.1163887717461574,-0.07974205512472553,0.8526416337396459,-0.1419013214085311,-5.409594969134224,0.9228033383482971,-1.0822874485977483,-0.07974205512472553,-1.1803258984598441,-0.2904415911730407,3.4295774647887325,-0.28670162145136746,0.7743407959497279
B_D1,EURGBP,MEAN_REVERSION,VALID,2014-05-14,2017-04-19,2.93,8,50.0,3.141931159689193e-14,-0.386516832167342,-0.04831460402091775,0.9080248394625157,-0.07446696341526741,-2.144765599465581,0.9539719268423439,-1.0506011348841795,-0.04831460402091775,-0.42593795319343375,-0.14546469054526057,2.7282913165266103,-0.12751558505492516,0.8985323387839352
B_D1,EURGBP,MEAN_REVERSION,OOS,2018-04-16,2026-07-07,8.22,19,63.1578947368421,4.999999999999997,3.865729450184565,0.20345944474655606,1.5193714077629894,0.31103036307273507,-4.252802186281734,0.9424018324471182,-1.0632989341686936,0.20345944474655606,3.844954836005954,0.4597900767926433,2.310169773635153,0.8919851808090671,0.37240087551593604
B_D1,EURGBP,MEAN_REVERSION,OOS_HIGH_VOLATILITY,2021-02-08,2025-04-13,4.18,6,33.33333333333333,-1.999999999999997,-2.262964622375631,-0.3771607703959385,0.4615648715547849,-0.43329036851942987,-2.175876759818307,0.9699450500898243,-1.05071368063882,-0.3771607703959385,-2.2684242202875127,-0.5480559081351366,1.4370491803278689,-0.8853578552570864,0.3759636552561101
B_D1,EURGBP,MEAN_REVERSION,ALL_HIGH_VOLATILITY,2015-01-19,2025-04-13,10.23,10,30.0,-3.999999999999972,-4.410030290263428,-0.4410030290263428,0.39774831572114483,-0.44749355030328425,-5.207481880823083,0.9708466665017155,-1.0460814699669394,-0.4410030290263428,-4.36453743742643,-0.4352241998847317,0.9773882793684774,-1.4313743051746568,0.15232296843688653
B_D1,EURGBP,MEAN_REVERSION,OOS_LOW_VOLATILITY,2018-04-16,2026-07-07,8.22,13,76.92307692307693,6.999999999999993,6.128694072560195,0.4714380055815534,2.891433413039632,0.6699236356904393,-2.1202818648462407,0.936893188918577,-1.0800792722085248,0.4714380055815534,6.255275234764501,0.7404535006423574,1.5806424766977363,1.9212335072568556,0.05470227565071828
B_D1,EURGBP,MEAN_REVERSION,ALL_LOW_VOLATILITY,2005-05-01,2026-07-07,21.18,32,65.625,10.000000000000068,7.680810121548277,0.24002531629838367,1.6455037854461683,0.30345325212626895,-5.409594969134213,0.9323690024134054,-1.081721720830294,0.24002531629838367,7.815571569925495,0.3558826414709726,1.5106630476929042,1.396635196083588,0.16252330069630583
B_D1,EURGBP,MEAN_REVERSION,OOS_RANGING,2018-04-16,2026-07-07,8.22,19,63.1578947368421,4.999999999999997,3.865729450184565,0.20345944474655606,1.5193714077629894,0.31103036307273507,-4.252802186281734,0.9424018324471182,-1.0632989341686936,0.20345944474655606,3.844954836005954,0.4597900767926433,2.310169773635153,0.8919851808090671,0.37240087551593604
B_D1,EURGBP,MEAN_REVERSION,ALL_RANGING,2005-05-01,2026-07-07,21.18,42,57.14285714285714,6.000000000000095,3.270779831284848,0.07787571026868687,1.1701624879730292,0.10915692161111355,-5.409594969134213,0.937178710424444,-1.0678616232723226,0.07787571026868687,3.1099205853808654,0.1446817362183772,1.982745250096937,0.5023917112438193,0.61539200841026
B_D1,EURGBP,MOMENTUM,ALL,2004-01-13,2026-08-30,22.63,182,38.46153846153847,11.363442427494563,0.3578222621930429,0.00196605638567606,1.003184835289269,0.00415757450878483,-22.58179063604122,1.6101387381025076,-1.0031418696873438,0.00196605638567606,-1.2531451238852132,-0.055713855353378694,8.04301270417423,0.01977727068831382,0.9842210497005965
B_D1,EURGBP,MOMENTUM,TRAIN,2006-02-02,2013-12-13,7.86,62,46.774193548387096,14.160888469721344,10.794060495185633,0.17409774992234892,1.3098487185878493,0.3502618904061831,-7.446816793517764,1.573469340514914,-1.0556530418105117,0.17409774992234892,10.731969167158685,1.3053625842631478,7.887669801462905,0.9820065198847773,0.32609663619131735
B_D1,EURGBP,MOMENTUM,VALID,2014-02-10,2017-12-22,3.86,29,31.03448275862069,-1.6988783465611492,-2.9134038811174365,-0.10046220279715298,0.8583401922040229,-0.1953887303903217,-7.253882563462167,1.9614217455132292,-1.028309979536825,-0.10046220279715298,-3.140833777993235,-0.8226721752552013,7.506909992912828,-0.3840324345493758,0.7009544079911079
B_D1,EURGBP,MOMENTUM,OOS,2018-02-07,2026-08-30,8.56,73,31.506849315068493,-10.248470072311605,-15.188029158598438,-0.20805519395340324,0.6783041538868119,-0.5116130450759772,-20.365790338757208,1.3923634351737224,-0.9442477633518811,-0.20805519395340324,-14.538131189197468,-1.818851648978459,8.529510556621881,-1.4967214547564718,0.1344657512820835
B_D1,EURGBP,MOMENTUM,OOS_HIGH_VOLATILITY,2019-04-17,2025-10-14,6.49,22,18.181818181818183,-11.870030613673068,-12.94086841390513,-0.5882212915411423,0.23252417115176166,-1.291598563306365,-12.746327927326117,0.980182237935444,-0.9367554092026062,-0.5882212915411423,-12.236994278229485,-1.989889821544777,3.387647554806071,-3.2914691073853652,0.0009966556258000914
B_D1,EURGBP,MOMENTUM,ALL_HIGH_VOLATILITY,2004-05-09,2025-10-14,21.43,57,29.82456140350877,-9.113752811283732,-11.579439133840923,-0.20314805497966532,0.7091216412358831,-0.2612104710743306,-16.112672087860926,1.660534607716341,-0.9952131866254679,-0.20314805497966532,-11.343302477866501,-0.5601980119860128,2.6595873786407767,-1.2092633165495081,0.22656169929019887
B_D1,EURGBP,MOMENTUM,OOS_LOW_VOLATILITY,2018-02-07,2026-08-30,8.56,51,37.254901960784316,1.6215605413614627,-2.2471607446933004,-0.04406197538614315,0.9259603889942422,-0.08385948297010776,-9.262212470591413,1.479138424065992,-0.9484622125608483,-0.04406197538614315,-2.621989632241062,-0.30996670235413637,5.958973128598848,-0.24533050623739625,0.8062005327840638
B_D1,EURGBP,MOMENTUM,ALL_LOW_VOLATILITY,2004-12-02,2026-08-30,21.74,123,41.46341463414634,16.327292862132442,7.9289271028636605,0.0644628219745013,1.109299140415157,0.1130163421912041,-10.688834936631208,1.577888020447597,-1.007546693610608,0.0644628219745013,7.0474059773180775,0.31372757028336196,5.657442387608613,0.5269673802406047,0.5982162409926501
B_D1,EURGBP,MOMENTUM,OOS_TRENDING,2019-12-25,2025-12-17,5.98,10,10.0,-6.040389591223664,-6.673944438214864,-0.6673944438214864,0.22712447005293973,-0.8869163678897835,-6.374874491527205,1.9612680631720152,-0.9594680557096533,-0.6673944438214864,-6.516860014269621,-1.1206814762561024,1.67239010989011,-2.168771884540256,0.03010000677462399
B_D1,EURGBP,MOMENTUM,ALL_TRENDING,2004-01-13,2025-12-17,21.93,58,34.48275862068966,-6.409442949502595,-9.152929032125385,-0.15780912124354113,0.7653756593940548,-0.19944553661150105,-16.698652479839417,1.4929033098734774,-1.0266051376209193,-0.15780912124354113,-9.180942013031467,-0.4382173379438248,2.6450867773754525,-0.9339386664536569,0.3503355318581558
B_D1,EURGBP,MOMENTUM,OOS_RANGING,2018-02-07,2026-08-30,8.56,32,43.75,3.7488226585406,1.1076459599534405,0.034613936248545016,1.059652253424477,0.050436273965019714,-7.0820115496225355,1.4054307256774143,-1.031576899973909,0.034613936248545016,0.8394074518941697,0.09771691952875639,3.7389635316698655,0.14755107217840738,0.8826970710567574
B_D1,EURGBP,MOMENTUM,ALL_RANGING,2005-02-22,2026-08-30,21.52,77,45.45454545454545,20.729788516625682,14.857889926133009,0.1929596094302988,1.3378050388336267,0.25684572157439883,-7.082011549622513,1.6811861217132225,-1.0472291508054707,0.1929596094302988,15.120820616259568,0.6565751895915239,3.5786041481104465,1.1914089765239941,0.2334930706922329
B_D1,EURGBP,TREND_PULLBACK,ALL,2004-01-05,2025-09-16,21.7,45,26.666666666666668,-11.394246732686556,-13.870013924978553,-0.30822253166619007,0.579392379625547,-0.36150075180056584,-17.886048812262235,1.592176806473147,-0.9992768364441307,-0.30822253166619007,-13.257005992470717,-0.6533271269209662,2.07397476340694,-1.6838900392681584,0.09220292170537281
B_D1,EURGBP,TREND_PULLBACK,TRAIN,2008-01-24,2013-08-26,5.59,23,17.391304347826086,-13.833047448472955,-14.864083184886612,-0.6462644862994179,0.21714326769586928,-1.4545697361711443,-16.324708084494453,1.0307235860927626,-0.9993146068030346,-0.6462644862994179,-13.930656587371837,-2.648931923012987,4.115997060264576,-3.4384359386992687,0.0005850849550341763
B_D1,EURGBP,TREND_PULLBACK,VALID,2014-10-13,2016-05-08,1.57,6,50.0,2.492874849931698,2.2393476792952436,0.3732246132158739,1.7136286371205782,0.46607869916096006,-2.055080443809554,1.792440359079672,-1.045991132647924,0.3732246132158739,2.1981499368808333,1.3956482562543338,3.824607329842932,0.5837695712736786,0.5593753530274801
B_D1,EURGBP,TREND_PULLBACK,OOS,2020-01-09,2025-09-16,5.69,5,0.0,-4.054074134145306,-4.377892858913886,-0.8755785717827772,0.0,-1.882088848191802,-4.213896560733998,0.0,-0.8755785717827772,-0.8755785717827772,-4.305589727045833,-0.7709541131850628,0.8792729898892634,-4.488107569245756,7.185864514980267e-06
B_D1,EURGBP,TREND_PULLBACK,OOS_HIGH_VOLATILITY,2020-08-16,2025-09-16,5.08,2,0.0,-2.0000000000000044,-2.1443643512319017,-1.0721821756159509,0.0,-21.76428342317421,-1.0940302603097418,0.0,-1.0721821756159509,-1.0721821756159509,-2.1328733784428566,-0.423151688558554,0.39337641357027464,-49.074424172320974,0.0
B_D1,EURGBP,TREND_PULLBACK,ALL_HIGH_VOLATILITY,2004-05-09,2025-09-16,21.36,19,21.052631578947366,-6.0943595491999245,-7.023218688376633,-0.36964308886192804,0.5255886686091229,-0.2799033755739288,-11.199886171064943,1.9452128962394184,-0.9869380182222872,-0.36964308886192804,-6.9240376585320895,-0.33543910791432596,0.8897115384615385,-1.293481808052027,0.19584447197611832
B_D1,EURGBP,TREND_PULLBACK,OOS_LOW_VOLATILITY,2020-01-09,2021-06-28,1.47,3,0.0,-2.0540741341453024,-2.233528507681985,-0.7445095025606617,0.0,-1.8945611731402803,-2.126376091880433,0.0,-0.7445095025606617,-0.7445095025606617,-2.2200675789784574,-1.5182377416533388,2.044309701492537,-2.295069889604367,0.021729119339576997
B_D1,EURGBP,TREND_PULLBACK,ALL_LOW_VOLATILITY,2004-08-01,2021-06-28,16.91,23,26.08695652173913,-8.299887183486632,-9.624781202856646,-0.41846874795028893,0.43728539015967754,-0.4363720495362331,-8.41650275839868,1.246569199227234,-1.0061291998952968,-0.41846874795028893,-9.319118956656002,-0.5769540669846029,1.3604453441295545,-1.794239007061272,0.07277502861302132
B_D1,EURGBP,TREND_PULLBACK,OOS_TRENDING,2020-01-09,2025-09-16,5.69,5,0.0,-4.054074134145306,-4.377892858913886,-0.8755785717827772,0.0,-1.882088848191802,-4.213896560733998,0.0,-0.8755785717827772,-0.8755785717827772,-4.305589727045833,-0.7709541131850628,0.8792729898892634,-4.488107569245756,7.185864514980267e-06
B_D1,EURGBP,TREND_PULLBACK,ALL_TRENDING,2004-01-05,2025-09-16,21.7,45,26.666666666666668,-11.394246732686556,-13.870013924978553,-0.30822253166619007,0.579392379625547,-0.36150075180056584,-17.886048812262235,1.592176806473147,-0.9992768364441307,-0.30822253166619007,-13.257005992470717,-0.6533271269209662,2.07397476340694,-1.6838900392681584,0.09220292170537281
B_D1,EURJPY,BREAKOUT_RETEST,ALL,2004-03-01,2026-07-19,22.38,97,32.98969072164948,-11.861069632391327,-16.308832314337145,-0.16813229190038295,0.7584639449046291,-0.2699434312453649,-21.52891172329454,1.6003901168393977,-1.0387894777415059,-0.16813229190038295,-15.739906370978506,-0.7622589078824515,4.333853211009174,-1.2770900823434013,0.20157044584564332
B_D1,EURJPY,BREAKOUT_RETEST,TRAIN,2006-03-22,2013-02-08,6.89,34,20.588235294117645,-15.88203048702485,-17.23327014476866,-0.5068608866108429,0.37844489141855503,-1.0454797070715034,-17.92886582066687,1.4989690394947306,-1.0268908674530286,-0.5068608866108429,-16.02770801068909,-2.504992640424275,4.937773359840954,-2.7434022463082814,0.006080614948846819
B_D1,EURJPY,BREAKOUT_RETEST,VALID,2014-01-06,2017-12-06,3.92,16,43.75,3.317461673122345,2.614644206020844,0.16341526287630276,1.2777217545428259,0.22930794836271468,-4.090559692623819,1.7184660174516104,-1.0460686573489366,0.16341526287630276,2.4882826768358957,0.6297523240028191,4.0867132867132865,0.45372427473426175,0.6500272928697899
B_D1,EURJPY,BREAKOUT_RETEST,OOS,2018-01-09,2026-07-19,8.52,40,42.5,4.703499181511151,2.727568127635041,0.06818920319087603,1.1134667871113808,0.10655804242856579,-8.914618177533729,1.5744729189935012,-1.0451509345762817,0.06818920319087603,2.3820645759829784,0.2765938946927671,4.693221972373916,0.31108615387628596,0.755735126899564
B_D1,EURJPY,BREAKOUT_RETEST,OOS_HIGH_VOLATILITY,2018-07-19,2025-04-01,6.7,17,35.294117647058826,-4.21594884543649,-4.852885316053233,-0.2854638421207784,0.5740961918563086,-0.3861397503144379,-7.483221344089497,1.0902395197343135,-1.0358474940417377,-0.2854638421207784,-4.848879051591492,-0.7388548698126884,2.5364583333333335,-0.9996664245554301,0.3174719657716285
B_D1,EURJPY,BREAKOUT_RETEST,ALL_HIGH_VOLATILITY,2004-05-24,2025-04-01,20.85,39,33.33333333333333,-8.097979332461337,-9.4150757233891,-0.24141219803561795,0.6446925444737421,-0.273834213461322,-8.418949692968859,1.314101140839244,-1.019168867473049,-0.24141219803561795,-9.245919013770031,-0.4641337580510996,1.870126033871603,-1.2505025290867329,0.21111603202993523
B_D1,EURJPY,BREAKOUT_RETEST,OOS_LOW_VOLATILITY,2018-01-09,2026-07-19,8.52,23,47.82608695652174,8.919448026947641,7.580453443688277,0.3295849323342729,1.5995226256223398,0.36250377482076646,-3.119956196935758,1.8386002276803308,-1.0536790883996134,0.3295849323342729,7.5994308374937924,0.863092981613045,2.6986026341150016,1.0582955777385454,0.2899207084451949
B_D1,EURJPY,BREAKOUT_RETEST,ALL_LOW_VOLATILITY,2004-12-21,2026-07-19,21.57,57,33.33333333333333,-2.7630902999299902,-5.850346770174562,-0.10263766263464144,0.8536663921275165,-0.1218669703883039,-18.44931463603888,1.796272047786871,-1.052092517845398,-0.10263766263464144,-6.1766248394568795,-0.2950832764144984,2.6420368020304568,-0.5660489786998886,0.5713604856814267
B_D1,EURJPY,BREAKOUT_RETEST,OOS_TRENDING,2018-01-09,2026-07-19,8.52,15,26.666666666666668,-2.999999999999982,-3.844626676494986,-0.2563084450996657,0.6679755183868156,-0.24873920255452225,-7.117484169734778,1.9336800744014324,-1.0526679067364286,-0.2563084450996657,-3.901688087654609,-0.4658686868062034,1.7599582396402185,-0.7261706397507651,0.4677341684857126
B_D1,EURJPY,BREAKOUT_RETEST,ALL_TRENDING,2004-03-01,2026-07-19,22.38,49,28.57142857142857,-9.885268120815638,-12.140568595737236,-0.24776670603545378,0.6647462195833036,-0.2874734248712845,-14.749966074468368,1.719464381276685,-1.0346591409603092,-0.24776670603545378,-11.7896468169441,-0.5589104841952186,2.1892660550458714,-1.3600236840240292,0.17382242921540003
B_D1,EURJPY,BREAKOUT_RETEST,OOS_RANGING,2018-10-01,2025-04-01,6.5,23,47.82608695652174,5.124365312850716,4.130189725274868,0.1795734663162986,1.3314991930823397,0.24074984128847604,-7.95055915089481,1.5081194769480568,-1.0382603767628134,0.1795734663162986,3.988936604950144,0.6036049852356173,3.538647851727043,0.6137779106708442,0.5393620959972378
B_D1,EURJPY,BREAKOUT_RETEST,ALL_RANGING,2004-12-21,2025-04-01,20.28,39,41.02564102564102,2.445064619763867,0.7593742431845489,0.01947113444062946,1.0317217441920148,0.019705783471530378,-7.95055915089482,1.5436235826332485,-1.0408088295194533,0.01947113444062946,0.4053962834756675,0.019954956452794548,1.923406697272482,0.08873407940829718,0.929293247900967
B_D1,EURJPY,MEAN_REVERSION,ALL,2004-12-10,2025-06-24,20.54,36,58.333333333333336,5.971519894395889,4.478464092440623,0.12440178034557287,1.2868031078435087,0.16485391783578282,-3.6123280265365376,0.9568371961234813,-1.0410078017434992,0.12440178034557287,4.394864704437507,0.20965169722011456,1.7529662711638447,0.7470742083027863,0.4550187678082871
B_D1,EURJPY,MEAN_REVERSION,TRAIN,2008-04-08,2011-09-12,3.43,4,50.0,-2.1094237467877974e-15,-0.08671410923561162,-0.021678527308902906,0.9575558117527256,-0.02028418705009023,-1.021648980925538,0.9781503980683726,-1.0215074526861785,-0.021678527308902906,-0.10666941086878712,-0.031130773851584248,1.1669329073482428,-0.0375547312883747,0.9700427016371469
B_D1,EURJPY,MEAN_REVERSION,VALID,2014-09-21,2017-06-28,2.77,7,42.857142857142854,-1.0000000000000062,-1.2494805905337247,-0.17849722721910352,0.6977949083686251,-0.2661425569527609,-2.209628080581849,0.9616881805589207,-1.0336362830526218,-0.17849722721910352,-1.27656429222045,-0.46308543408488667,2.52893175074184,-0.4427869273986332,0.6579198597574338
B_D1,EURJPY,MEAN_REVERSION,OOS,2018-12-26,2025-06-24,6.49,18,61.111111111111114,4.000000000000029,3.3338412478277912,0.1852134026570995,1.4573651463320207,0.3062513907526086,-2.0871520677059996,0.9657340483962608,-1.0413190406472967,0.1852134026570995,3.297859003888126,0.5008737641227778,2.771711635750422,0.7804414005970951,0.4351311070688153
B_D1,EURJPY,MEAN_REVERSION,OOS_HIGH_VOLATILITY,2019-01-04,2024-12-03,5.91,12,75.0,6.0000000000000036,5.629763663790658,0.4691469719825548,2.8134781668029722,0.7368785861549668,-1.1806632002286155,0.9704627544696542,-1.0348003754787436,0.4691469719825548,5.729609940777269,0.9465737212188685,2.029166666666667,1.7919574754054737,0.07313977808935634
B_D1,EURJPY,MEAN_REVERSION,ALL_HIGH_VOLATILITY,2008-04-08,2024-12-03,16.65,17,58.82352941176471,3.0000000000000147,2.492899015029585,0.14664111853115205,1.3456388308439649,0.14595668092482583,-2.3334587812756546,0.9705338106269824,-1.0303484416057487,0.14664111853115205,2.4379316825554387,0.1447328567621975,1.0207545618938023,0.5956453761583288,0.5514121565276409
B_D1,EURJPY,MEAN_REVERSION,OOS_LOW_VOLATILITY,2018-12-26,2025-06-24,6.49,6,33.33333333333333,-1.9999999999999747,-2.295922415962865,-0.38265373599381086,0.4513704900872086,-0.3577835529017976,-2.175835637130885,0.9444548710659907,-1.0462080395237114,-0.38265373599381086,-2.299971538957979,-0.35765398131357706,0.9239038785834739,-0.911764339913958,0.36189278614936815
B_D1,EURJPY,MEAN_REVERSION,ALL_LOW_VOLATILITY,2004-12-10,2025-06-24,20.54,19,57.89473684210527,2.971519894395872,1.9855650774110378,0.10450342512689673,1.2363014616044274,0.09932120631484112,-3.3930686294179835,0.9443857283930259,-1.050334741864031,0.10450342512689673,1.9103597561364705,0.0921872113092359,0.9251766431142514,0.45009735012334584,0.6526402474249271
B_D1,EURJPY,MEAN_REVERSION,OOS_RANGING,2018-12-26,2025-06-24,6.49,18,61.111111111111114,4.000000000000029,3.3338412478277912,0.1852134026570995,1.4573651463320207,0.3062513907526086,-2.0871520677059996,0.9657340483962608,-1.0413190406472967,0.1852134026570995,3.297859003888126,0.5008737641227778,2.771711635750422,0.7804414005970951,0.4351311070688153
B_D1,EURJPY,MEAN_REVERSION,ALL_RANGING,2004-12-10,2025-06-24,20.54,36,58.333333333333336,5.971519894395889,4.478464092440623,0.12440178034557287,1.2868031078435087,0.16485391783578282,-3.6123280265365376,0.9568371961234813,-1.0410078017434992,0.12440178034557287,4.394864704437507,0.20965169722011456,1.7529662711638447,0.7470742083027863,0.4550187678082871
B_D1,EURJPY,MOMENTUM,ALL,2004-01-21,2026-08-23,22.59,205,44.390243902439025,35.75214312117306,26.615937301859972,0.1298338404968779,1.226862379131557,0.287827318992212,-19.92095586295709,1.5817350543831588,-1.0291399355000654,0.1298338404968779,28.051996617275464,1.100728917450411,9.075909090909091,1.3679300007463353,0.17133398799087152
B_D1,EURJPY,MOMENTUM,TRAIN,2006-01-05,2013-11-18,7.87,76,47.368421052631575,22.008633392334332,18.788732968248652,0.2472201706348507,1.4625529210710067,0.5512182947959684,-5.7134574487204715,1.650232572446246,-1.0154909909954053,0.2472201706348507,19.7722870050411,2.3194332639085324,9.65866388308977,1.5462221589293357,0.12205092369717319
B_D1,EURJPY,MOMENTUM,VALID,2014-01-09,2017-12-21,3.95,31,25.806451612903224,-11.396296169887263,-12.635609844846845,-0.4076003175757047,0.4595928863822167,-1.0019407784058443,-11.838795741236108,1.34325498625376,-1.0165934667337795,-0.4076003175757047,-12.063793099148267,-3.20386454739523,7.852115117891817,-1.9908088852257981,0.046501902166256937
B_D1,EURJPY,MOMENTUM,OOS,2018-01-29,2026-08-23,8.56,76,48.68421052631579,16.941702048969127,13.545276178801013,0.1782273181421186,1.3317558748492517,0.39936360349603955,-7.759170515096603,1.4695762998531567,-1.0468986388657893,0.1782273181421186,13.739875466971462,1.5146716830215956,8.874360613810742,1.1687099520552944,0.24252051092085858
B_D1,EURJPY,MOMENTUM,OOS_HIGH_VOLATILITY,2018-07-09,2025-05-29,6.89,28,53.57142857142857,10.017712471965446,9.08426597077423,0.3244380703847939,1.6762558656843332,0.48644024089551513,-2.557826871218871,1.5011629859493543,-1.0333214475743142,0.3244380703847939,9.22849720027543,1.289695568574678,4.064785373608903,1.276702476931351,0.20170730665780034
B_D1,EURJPY,MOMENTUM,ALL_HIGH_VOLATILITY,2004-06-01,2025-05-29,20.99,70,48.57142857142857,16.038597613084633,13.898845129264073,0.1985549304180582,1.386860784638533,0.27529689497207577,-7.6378144418341005,1.465473462512993,-0.9979792387827136,0.1985549304180582,14.214166826873287,0.635158603291619,3.334746315377592,1.261301558651507,0.2072002198725742
B_D1,EURJPY,MOMENTUM,OOS_LOW_VOLATILITY,2018-01-29,2026-08-23,8.56,48,45.83333333333333,6.923989577003684,4.461010208026785,0.09293771266722468,1.1628351469711773,0.16578028872952996,-5.812606984459534,1.4480399229693854,-1.0536872345115267,0.09293771266722468,4.130220942639329,0.4737021287543497,5.604859335038363,0.4851445439612355,0.6275738166062972
B_D1,EURJPY,MOMENTUM,ALL_LOW_VOLATILITY,2004-08-08,2026-08-23,22.04,130,42.30769230769231,18.713545508088426,11.890800721034285,0.09146769785410988,1.151878704338942,0.16095893275141931,-17.403170452707293,1.6396768948811324,-1.04388571329904,0.09146769785410988,11.253458627114753,0.4850303798971112,5.898447204968944,0.7556451715960452,0.4498619651278686
B_D1,EURJPY,MOMENTUM,OOS_TRENDING,2018-01-29,2026-08-23,8.56,29,44.827586206896555,4.314636386467575,2.7806226053411476,0.09588353811521198,1.1648782357857959,0.13098469681703465,-4.6199691175556,1.511178952272862,-1.0540439858878787,0.09588353811521198,2.5587686765611073,0.2954590847413785,3.3862691815856776,0.38331765187643574,0.701484252668658
B_D1,EURJPY,MOMENTUM,ALL_TRENDING,2004-01-21,2026-08-23,22.59,92,45.65217391304348,15.704679447202158,11.409624750497313,0.12401766033149253,1.218823930313419,0.18530898978043117,-12.468263719505279,1.5131020831706288,-1.0428132548533822,0.12401766033149253,11.15718117444997,0.469393254504924,4.073090909090909,0.8807007181118438,0.37847982801495617
B_D1,EURJPY,MOMENTUM,OOS_RANGING,2018-09-16,2025-05-29,6.7,36,55.55555555555556,15.607018761259893,14.302812367317124,0.3973003435365868,1.8615703011554325,0.6759428616460615,-4.736759324769791,1.545183874739477,-1.0375540704670259,0.3973003435365868,14.972350860080908,2.104395753802746,5.373518594196976,1.749572155900499,0.08019216785378824
B_D1,EURJPY,MOMENTUM,ALL_RANGING,2004-09-21,2025-05-29,20.68,80,46.25,21.531846594244335,18.2178284591144,0.22772285573893,1.416184682677096,0.32105488301216806,-7.232159287077533,1.67543924798781,-1.017986598056618,0.22772285573893,19.045876318199827,0.8464107829199374,3.8676373262739907,1.460163209333292,0.1442452239522325
B_D1,EURJPY,TREND_PULLBACK,ALL,2004-01-09,2026-05-19,22.36,52,46.15384615384615,15.701562319245118,13.438312735574947,0.25842909106874895,1.4629109843555526,0.27160285444268456,-7.528240207193193,1.7695136480942733,-1.0367862435245572,0.25842909106874895,13.755435974574382,0.5781239554258466,2.325863335782513,1.2842332363271491,0.1990603591852651
B_D1,EURJPY,TREND_PULLBACK,TRAIN,2006-07-11,2013-05-30,6.89,28,46.42857142857143,9.548473322174178,8.435864994855894,0.3012808926734248,1.5459653576369508,0.4106556369560842,-4.37173876083361,1.8374728868676171,-1.0300855022948752,0.3012808926734248,8.469662373464493,1.1877116010506006,4.066401590457256,1.0775853316562065,0.2812188511256539
B_D1,EURJPY,TREND_PULLBACK,VALID,2014-01-16,2017-12-15,3.91,10,30.0,-2.8514947158672603,-3.2958338293866407,-0.32958338293866407,0.5497403880063153,-0.4187231668520194,-6.11938756535837,1.3413394701697596,-1.0456931771279885,-0.32958338293866407,-3.316072593844932,-0.8582502501282119,2.5559832050384883,-0.8282243448535682,0.4075434591126017
B_D1,EURJPY,TREND_PULLBACK,OOS,2018-02-08,2026-05-19,8.27,10,70.0,10.004583712938235,9.472136950042284,0.9472136950042284,4.019431441858147,0.7389717882624466,-1.0498138467701867,1.8013138193023777,-1.0456865950247864,0.9472136950042284,9.789285430332395,1.1351738369900888,1.2086366644606221,2.125592340024307,0.0335372179747182
B_D1,EURJPY,TREND_PULLBACK,OOS_HIGH_VOLATILITY,2018-06-14,2020-10-05,2.31,2,100.0,4.000000000000011,3.9152837134295173,1.9576418567147587,inf,126.61060110373005,0.0,1.9576418567147587,0.0,1.9576418567147587,3.9536062952171935,1.6921663577946333,0.8655213270142179,192.46252610314292,0.0
B_D1,EURJPY,TREND_PULLBACK,ALL_HIGH_VOLATILITY,2004-06-30,2020-10-05,16.27,21,47.61904761904761,7.548473322174117,6.924225204706183,0.3297250097479135,1.6124514482700358,0.25146577135486764,-4.042781285434249,1.822997886773487,-1.0277957875480626,0.3297250097479135,6.921728308855468,0.4123110483315484,1.2910705268473321,1.014176499013451,0.3104985403763221
B_D1,EURJPY,TREND_PULLBACK,OOS_LOW_VOLATILITY,2018-02-08,2026-05-19,8.27,8,62.5,6.004583712938223,5.556853236612767,0.6946066545765959,2.771357136083732,0.46169707320431747,-1.049813846770209,1.738782604337425,-1.0456865950247864,0.6946066545765959,5.6137341869049395,0.6623197190129382,0.9669093315684977,1.328034138518697,0.18416682929390804
B_D1,EURJPY,TREND_PULLBACK,ALL_LOW_VOLATILITY,2006-07-11,2026-05-19,19.85,28,50.0,11.15308899707102,9.635907790162957,0.3441395639343913,1.6598833618673856,0.2797485903367022,-7.2476082283590815,1.7313106204662627,-1.0430314925974804,0.3441395639343913,9.783006696927266,0.47119510988511415,1.4102316602316602,1.2465270067456642,0.212570980666273
B_D1,EURJPY,TREND_PULLBACK,OOS_TRENDING,2018-02-08,2026-05-19,8.27,10,70.0,10.004583712938235,9.472136950042284,0.9472136950042284,4.019431441858147,0.7389717882624466,-1.0498138467701867,1.8013138193023777,-1.0456865950247864,0.9472136950042284,9.789285430332395,1.1351738369900888,1.2086366644606221,2.125592340024307,0.0335372179747182
B_D1,EURJPY,TREND_PULLBACK,ALL_TRENDING,2004-01-09,2026-05-19,22.36,52,46.15384615384615,15.701562319245118,13.438312735574947,0.25842909106874895,1.4629109843555526,0.27160285444268456,-7.528240207193193,1.7695136480942733,-1.0367862435245572,0.25842909106874895,13.755435974574382,0.5781239554258466,2.325863335782513,1.2842332363271491,0.1990603591852651
B_D1,EURUSD,BREAKOUT_RETEST,ALL,2004-01-09,2026-08-06,22.57,172,40.69767441860465,5.563772758181097,1.8407538630193034,0.010702057343135484,1.018554221676179,0.02305305900844053,-20.031450368371353,1.4435741371326518,-0.9726415268261404,0.010702057343135484,0.445483725801199,0.019692851319774718,7.619526986052152,0.10952891350567931,0.9127829900579747
B_D1,EURUSD,BREAKOUT_RETEST,TRAIN,2006-01-16,2013-12-16,7.92,70,47.14285714285714,12.90848293792671,11.558940434045727,0.16512772048636754,1.3330583550808408,0.3795533608941556,-5.090639388422646,1.401951256636836,-0.9379851631072935,0.16512772048636754,11.600918218356426,1.396359675417247,8.843825665859564,1.0678291566713765,0.28559758339158936
B_D1,EURUSD,BREAKOUT_RETEST,VALID,2014-01-10,2017-11-03,3.81,25,40.0,0.9107609598400628,0.3607314573577125,0.0144292582943085,1.0247619296160968,0.027791673960376607,-7.773723948613953,1.4928717997599368,-0.9711991026827772,0.0144292582943085,0.15005127193594703,0.03932226574587805,6.555096913137114,0.054274415125988545,0.9567165332723888
B_D1,EURUSD,BREAKOUT_RETEST,OOS,2018-05-13,2026-08-06,8.23,55,32.72727272727273,-10.470799855172956,-11.834012184543589,-0.21516385790079254,0.6772625729581595,-0.4659809858537166,-16.729503717104965,1.3796446806763771,-0.991016660451848,-0.21516385790079254,-11.5117715677156,-1.4745644325473095,6.68066178915863,-1.337025830395721,0.18121420547034495
B_D1,EURUSD,BREAKOUT_RETEST,OOS_HIGH_VOLATILITY,2018-08-16,2026-04-22,7.68,25,32.0,-4.3875713717136176,-4.88888857958556,-0.1955555431834224,0.696203483924394,-0.2951827428747871,-4.858014653944953,1.4004691798286522,-0.9466260010714573,-0.1955555431834224,-4.9383466237192035,-0.6570589376899472,3.2541874554526014,-0.8181627166551357,0.41326428106705126
B_D1,EURUSD,BREAKOUT_RETEST,ALL_HIGH_VOLATILITY,2005-07-05,2026-04-22,20.8,65,38.46153846153847,-3.047663167746249,-4.11263799836707,-0.06327135382103186,0.8882661045447356,-0.0928043111614598,-7.444431883060121,1.3077918457339737,-0.9201858535429104,-0.06327135382103186,-4.473434364238116,-0.21982069817579886,3.1254936808846763,-0.42321935138977346,0.672135229231833
B_D1,EURUSD,BREAKOUT_RETEST,OOS_LOW_VOLATILITY,2018-05-13,2026-08-06,8.23,30,33.33333333333333,-6.083228483459337,-6.945123604958028,-0.2315041201652676,0.6624480077743328,-0.364533828867503,-13.298433096477414,1.362985081354557,-1.0287487209251798,-0.2315041201652676,-6.91490702142209,-0.866605662552844,3.643997339541071,-1.0459464228051345,0.29558576944152803
B_D1,EURUSD,BREAKOUT_RETEST,ALL_LOW_VOLATILITY,2004-06-01,2026-08-06,22.18,104,42.30769230769231,9.67909154787847,7.073572865979741,0.06801512371134366,1.1171795053667972,0.11013712572912816,-14.485448059053475,1.5327010491015556,-1.0060878882414785,0.06801512371134366,6.349294424067065,0.2779354944937529,4.689050734477226,0.5186900800688053,0.603976880426929
B_D1,EURUSD,BREAKOUT_RETEST,OOS_TRENDING,2018-05-13,2025-09-16,7.35,24,33.33333333333333,-4.797828949354498,-5.322731902537148,-0.22178049593904783,0.6659710089744166,-0.33399072268145147,-7.520763447710244,1.3265260018109797,-0.9959337448140617,-0.22178049593904783,-5.345565957890075,-0.745100985199032,3.26723816623183,-0.90521059300758,0.36535383102029684
B_D1,EURUSD,BREAKOUT_RETEST,ALL_TRENDING,2004-01-09,2025-09-16,21.69,94,39.361702127659576,0.8681949829617176,-1.0453858974140497,-0.011121126568234573,0.9815169871875375,-0.017720592642030138,-7.821621889777641,1.500375517032441,-0.9922680706599012,-0.011121126568234573,-1.8180467986009141,-0.08456869730336658,4.334490594621891,-0.08252264444868158,0.9342311120787556
B_D1,EURUSD,BREAKOUT_RETEST,OOS_RANGING,2019-05-05,2026-08-06,7.26,19,26.31578947368421,-6.709789484846269,-7.234552043033834,-0.38076589700178076,0.49673880267223575,-0.5238174341723602,-10.756891078872444,1.4281580772801397,-1.026810173531038,-0.38076589700178076,-7.1073553343198315,-1.0110174707536945,2.6187735849056604,-1.4109374910746348,0.15826304626572885
B_D1,EURUSD,BREAKOUT_RETEST,ALL_RANGING,2004-09-27,2026-08-06,21.86,52,38.46153846153847,0.13483389070318985,-1.088701165000313,-0.020936560865390638,0.9639337229738337,-0.02527852679523444,-15.838108321294653,1.4548712172638818,-0.9433164221961858,-0.020936560865390638,-1.4914789405265583,-0.06873072824541415,2.3791807591131153,-0.11817883719317807,0.905925957911571
B_D1,EURUSD,MEAN_REVERSION,ALL,2004-10-21,2026-08-20,21.83,31,45.16129032258064,-3.73726575970848,-4.469530135927466,-0.14417839148153117,0.7431468334852547,-0.1729319083850091,-7.081810157403945,0.9236842569715339,-1.0235946902075848,-0.14417839148153117,-4.515891499324165,-0.21146970730356873,1.4201367114009784,-0.807961941093979,0.4191124917913054
B_D1,EURUSD,MEAN_REVERSION,TRAIN,2009-05-24,2013-10-23,4.42,4,50.0,-1.1324274851176597e-14,-0.061571717554789185,-0.015392929388697296,0.9696008834551455,-0.012720852154577314,-1.0112594735792735,0.9819362949065604,-1.012722153683955,-0.015392929388697296,-0.08144415801671911,-0.018448142565208325,0.9057656540607563,-0.026732420044573605,0.9786731549102345
B_D1,EURUSD,MEAN_REVERSION,VALID,2014-08-21,2017-05-23,2.75,7,28.57142857142857,-3.7372657597085026,-3.9148635212062985,-0.5592662173151856,0.23847381495359601,-1.075483720524164,-3.0966920564094114,0.6129746141741963,-1.0281625499109384,-0.5592662173151856,-3.8697161236740163,-1.422673646938044,2.5415009940357853,-1.7848746398105784,0.07428165301197476
B_D1,EURUSD,MEAN_REVERSION,OOS,2019-09-03,2026-08-20,6.96,18,55.55555555555556,2.0000000000000333,1.5536170070937507,0.08631205594965281,1.189739899482527,0.13586549833558872,-4.025158198798273,0.9741757779439961,-1.0235175965432763,0.08631205594965281,1.4750504361539019,0.21053484601958328,2.5853322847031066,0.3584984265108474,0.7199703452045854
B_D1,EURUSD,MEAN_REVERSION,OOS_HIGH_VOLATILITY,2020-06-03,2020-07-22,0.13,2,0.0,-2.0000000000000004,-2.0422864282648567,-1.0211432141324284,0.0,-2058.7470966618916,-1.0224974076427973,0.0,-1.0211432141324284,-1.0211432141324284,-2.0318591119655616,,14.908163265306122,-754.0600411330694,0.0
B_D1,EURUSD,MEAN_REVERSION,ALL_HIGH_VOLATILITY,2009-05-24,2020-07-22,11.16,6,33.33333333333333,-2.0000000000000004,-2.0949226162832773,-0.3491537693805462,0.48498985000849726,-0.24744301683831535,-2.0318591119655616,0.9864040596747448,-1.0169326839081916,-0.3491537693805462,-2.1029860783677523,-0.19023026211674177,0.5375275938189845,-0.8267047736602354,0.40840441501207914
B_D1,EURUSD,MEAN_REVERSION,OOS_LOW_VOLATILITY,2019-09-03,2026-08-20,6.96,16,62.5,4.000000000000034,3.5959034353586072,0.22474396470991295,1.5850941519337456,0.34094997742819544,-2.0346401072475317,0.9741757779439961,-1.0243090573468925,0.22474396470991295,3.579642847492037,0.5064322619205752,2.2980731419583167,0.8996399521901284,0.3683118885600898
B_D1,EURUSD,MEAN_REVERSION,ALL_LOW_VOLATILITY,2004-10-21,2026-08-20,21.83,25,48.0,-1.7372657597084802,-2.374607519644191,-0.09498430078576764,0.8219050459738022,-0.10175472708631626,-5.090077708298191,0.9132309565209988,-1.025644538299706,-0.09498430078576764,-2.4647385290913926,-0.11426125367600681,1.145271541452402,-0.47541224508498525,0.6344931682915076
B_D1,EURUSD,MEAN_REVERSION,OOS_RANGING,2019-09-03,2026-08-20,6.96,18,55.55555555555556,2.0000000000000333,1.5536170070937507,0.08631205594965281,1.189739899482527,0.13586549833558872,-4.025158198798273,0.9741757779439961,-1.0235175965432763,0.08631205594965281,1.4750504361539019,0.21053484601958328,2.5853322847031066,0.3584984265108474,0.7199703452045854
B_D1,EURUSD,MEAN_REVERSION,ALL_RANGING,2004-10-21,2026-08-20,21.83,31,45.16129032258064,-3.73726575970848,-4.469530135927466,-0.14417839148153117,0.7431468334852547,-0.1729319083850091,-7.081810157403945,0.9236842569715339,-1.0235946902075848,-0.14417839148153117,-4.515891499324165,-0.21146970730356873,1.4201367114009784,-0.807961941093979,0.4191124917913054
B_D1,EURUSD,MOMENTUM,ALL,2004-01-21,2026-09-01,22.61,178,34.26966292134831,-25.718353065534316,-29.557190565364046,-0.16605163238968565,0.7346988673308442,-0.3955757051347346,-33.17459257992119,1.3418488020205483,-0.952221944347158,-0.16605163238968565,-26.511927469252537,-1.3530846153549492,7.871957864148203,-1.8810408697750918,0.05996635949638174
B_D1,EURUSD,MOMENTUM,TRAIN,2006-02-07,2013-11-05,7.74,64,28.125,-12.220163932954208,-13.474262009514169,-0.21053534389865888,0.6876561569262064,-0.4939126728895042,-13.624922984605337,1.64805184278387,-0.9378085908613878,-0.21053534389865888,-13.02899145952674,-1.7867864048197624,8.265912305516267,-1.3743418132545426,0.16933559108794816
B_D1,EURUSD,MOMENTUM,VALID,2014-01-07,2017-12-14,3.93,27,40.74074074074074,-0.6825847657346868,-1.2096054592817067,-0.04480020219561877,0.9156994001465707,-0.1021092344289073,-6.267592559436286,1.1944646952842612,-0.8967948192130363,-0.04480020219561877,-1.3714616861963624,-0.35038895955975535,6.862734864300626,-0.20253416406531077,0.8394991527255775
B_D1,EURUSD,MOMENTUM,OOS,2018-03-01,2026-09-01,8.5,70,40.0,-3.188916049272946,-4.902777259302183,-0.07003967513288832,0.8810199526027346,-0.16578705725468157,-13.85051284280756,1.2965693117404682,-0.9811123330484596,-0.07003967513288832,-5.265545595262344,-0.6340809193744357,8.231648422408243,-0.4834552004353941,0.6287725618511473
B_D1,EURUSD,MOMENTUM,OOS_HIGH_VOLATILITY,2018-07-09,2025-09-14,7.18,24,33.33333333333333,-5.3674537310685615,-5.836793074585188,-0.2431997114410495,0.6425467063201756,-0.3745405090444244,-5.719657944324252,1.3115042691795764,-1.0205517017513626,-0.2431997114410495,-5.828678093050699,-0.8324495598634907,3.3407012195121952,-1.0038887779359817,0.3154322262493583
B_D1,EURUSD,MOMENTUM,ALL_HIGH_VOLATILITY,2004-05-05,2025-09-14,21.36,73,31.506849315068493,-14.316663982350603,-15.547209223684051,-0.21297546881758975,0.6805381243589577,-0.3276049578399826,-15.313531262925784,1.439985203769026,-0.973337378207433,-0.21297546881758975,-14.855247631842438,-0.7500384682609496,3.4174891053576006,-1.5141131324362203,0.12999714847146926
B_D1,EURUSD,MOMENTUM,OOS_LOW_VOLATILITY,2018-03-01,2026-09-01,8.5,46,43.47826086956522,2.1785376817956137,0.9340158152830025,0.020304691636587012,1.037544011439437,0.03845024174879468,-9.403077628827294,1.2905953287648253,-0.9568419523082116,0.020304691636587012,0.5979872496054028,0.07013546180658636,5.409368963296846,0.11212557626194289,0.9107238383699887
B_D1,EURUSD,MOMENTUM,ALL_LOW_VOLATILITY,2004-08-08,2026-09-01,22.06,103,36.89320388349515,-9.401689083183708,-11.979562784454293,-0.11630643480052712,0.8026843357877349,-0.21474723225715547,-21.689720343994402,1.2824504535938375,-0.9340412310926174,-0.11630643480052712,-11.910928660129594,-0.5731326454276098,4.668166025561484,-1.0087255954402026,0.3131062530154005
B_D1,EURUSD,MOMENTUM,OOS_TRENDING,2018-03-01,2025-09-14,7.54,32,28.125,-10.186913654637072,-10.868843840548818,-0.33965137001715057,0.5375805805637963,-0.6121011249130983,-11.613916199039554,1.4039393522835697,-1.0219260004826496,-0.33965137001715057,-10.496766680708426,-1.4599909717583848,4.24400871459695,-1.680776755447117,0.0928062852423941
B_D1,EURUSD,MOMENTUM,ALL_TRENDING,2004-01-21,2025-09-14,21.65,102,29.411764705882355,-23.869619127319424,-25.930409119971795,-0.25421969725462545,0.6279200218170952,-0.4696201888741648,-24.360427002403963,1.458666954692106,-0.9679224688990968,-0.25421969725462545,-23.40086223265232,-1.223888539941309,4.711711142026053,-2.185030562726851,0.028886605766048845
B_D1,EURUSD,MOMENTUM,OOS_RANGING,2019-05-02,2026-09-01,7.33,24,50.0,5.882410972673792,5.212891130167419,0.21720379709030913,1.4676232682122776,0.3041152169125438,-2.6907387116129944,1.3633767531391914,-0.9289691589585728,0.21720379709030913,5.144599630831581,0.6863033399562513,3.2721164613661813,0.8236247634775264,0.41015280083720596
B_D1,EURUSD,MOMENTUM,ALL_RANGING,2004-10-10,2026-09-01,21.89,52,38.46153846153847,-1.572835597556101,-2.817707547706695,-0.054186683609744137,0.904088414250523,-0.06922926660050877,-11.528885621290774,1.328023475329602,-0.9180680329468354,-0.054186683609744137,-3.137485983123256,-0.14550798227388473,2.3753126563281644,-0.32391496364636657,0.7460024148908657
B_D1,EURUSD,TREND_PULLBACK,ALL,2004-01-21,2025-11-13,21.81,119,32.773109243697476,-20.53091600005415,-23.040411845423442,-0.19361690626406253,0.7082561137030674,-0.36951013584300596,-24.19349258848682,1.4342147973484989,-0.9871848617751862,-0.19361690626406253,-21.292238471800008,-1.0916658373186339,5.455598092130036,-1.7257530598312376,0.08439184784593712
B_D1,EURUSD,TREND_PULLBACK,TRAIN,2006-06-08,2012-12-11,6.51,53,37.735849056603776,2.0373826134345006,0.865134772202141,0.01632329758871964,1.0259651716916494,0.03392393503023057,-5.948977376033393,1.709209081379291,-1.009668086526778,0.01632329758871964,0.3786619469371866,0.05806776897954169,8.14055929352397,0.08655995772002918,0.9310212954961017
B_D1,EURUSD,TREND_PULLBACK,VALID,2014-10-15,2017-12-08,3.15,12,50.0,2.5143986080453735,2.301086380076038,0.19175719833966984,1.37726667827687,0.27894494284353333,-3.9092947808048173,1.4000748796538904,-1.016560482974551,0.19175719833966984,2.224831460904797,0.7013277451028532,3.811304347826087,0.4949625040138732,0.6206265885847237
B_D1,EURUSD,TREND_PULLBACK,OOS,2018-01-11,2025-11-13,7.84,39,20.51282051282051,-23.00166521161136,-23.858078731498424,-0.6117456084999596,0.18810853760371124,-1.7418516424684314,-20.560678447592085,0.690964942372094,-0.9479289764669412,-0.6117456084999596,-21.375082164225244,-3.021381778687382,4.9754628012574225,-4.876707682604898,1.0787110762411345e-06
B_D1,EURUSD,TREND_PULLBACK,OOS_HIGH_VOLATILITY,2018-06-10,2025-09-11,7.26,24,16.666666666666664,-14.697132890200296,-15.188549349671662,-0.6328562229029859,0.16131148985576238,-1.5502070263542411,-13.54212483820756,0.7303329825998035,-0.9054940640035438,-0.6328562229029859,-14.18733865177444,-2.08677102153787,3.3079245283018865,-4.175586892915096,2.9721877208510605e-05
B_D1,EURUSD,TREND_PULLBACK,ALL_HIGH_VOLATILITY,2004-05-04,2025-09-11,21.36,52,32.69230769230769,-7.528180270298442,-8.429488584915639,-0.16210554970991614,0.7438451477046298,-0.20718077734255955,-16.69100947035904,1.4398997383428578,-0.9402224039069779,-0.16210554970991614,-8.437417211174624,-0.4119168243962079,2.435,-0.9574181301714868,0.3383562510574736
B_D1,EURUSD,TREND_PULLBACK,OOS_LOW_VOLATILITY,2018-01-11,2025-11-13,7.84,15,26.666666666666668,-8.304532321411063,-8.669529381826765,-0.5779686254551176,0.23114639907295775,-0.9182988735331774,-7.427038965677624,0.6515969021443845,-1.0250833627640275,-0.5779686254551176,-8.37608739727017,-1.1098034440199966,1.9136395389451624,-2.5709854170705198,0.010140959708166974
B_D1,EURUSD,TREND_PULLBACK,ALL_LOW_VOLATILITY,2004-06-15,2025-11-13,21.41,63,34.92063492063492,-9.002735729755699,-10.552458220810903,-0.16749933683826831,0.7488020702528989,-0.2286023664151048,-12.698649000437944,1.4298218883983118,-1.0245985308676526,-0.16749933683826831,-10.460380984606111,-0.5146677364827656,2.942174913693901,-1.0578321263316215,0.2901319834512335
B_D1,EURUSD,TREND_PULLBACK,OOS_TRENDING,2018-01-11,2025-11-13,7.84,39,20.51282051282051,-23.00166521161136,-23.858078731498424,-0.6117456084999596,0.18810853760371124,-1.7418516424684314,-20.560678447592085,0.690964942372094,-0.9479289764669412,-0.6117456084999596,-21.375082164225244,-3.021381778687382,4.9754628012574225,-4.876707682604898,1.0787110762411345e-06
B_D1,EURUSD,TREND_PULLBACK,ALL_TRENDING,2004-01-21,2025-11-13,21.81,119,32.773109243697476,-20.53091600005415,-23.040411845423442,-0.19361690626406253,0.7082561137030674,-0.36951013584300596,-24.19349258848682,1.4342147973484989,-0.9871848617751862,-0.19361690626406253,-21.292238471800008,-1.0916658373186339,5.455598092130036,-1.7257530598312376,0.08439184784593712
B_D1,GBPAUD,BREAKOUT_RETEST,ALL,2006-10-02,2025-07-16,18.79,65,43.07692307692308,9.43840982122125,5.8572910170965855,0.09011216949379362,1.155033960355739,0.12429924933289843,-6.282618439087361,1.5584995573387883,-1.0210999077943108,0.09011216949379362,5.417750773543051,0.2812297477990944,3.459814922763043,0.5387642255142253,0.5900495512102972
B_D1,GBPAUD,BREAKOUT_RETEST,TRAIN,2006-10-02,2013-11-20,7.13,22,36.36363636363637,0.4078186983730112,-0.9418103459138492,-0.04280956117790224,0.9363057338853783,-0.05293061551860944,-6.282618439087361,1.7305765512801679,-1.056173054011085,-0.04280956117790224,-1.146033545495062,-0.1614220764697083,3.0834612432847277,-0.14138360064157632,0.8875669089234046
B_D1,GBPAUD,BREAKOUT_RETEST,VALID,2014-05-08,2017-11-03,3.49,13,53.84615384615385,5.068767840697099,4.457986342055649,0.342922026311973,1.7051160097362403,0.4740919271831428,-2.0838682397984143,1.5400472664000766,-1.0537240871241478,0.342922026311973,4.42958243628746,1.249384313756563,3.7241176470588235,0.8857732085763211,0.37573974954743594
B_D1,GBPAUD,BREAKOUT_RETEST,OOS,2018-01-01,2025-07-16,7.54,30,43.333333333333336,3.9618232821511414,2.3411150209547857,0.07803716736515952,1.1404225616301202,0.11926980491867517,-5.687157738787995,1.4625418715726304,-0.9807017240876124,0.07803716736515952,2.1165431081838104,0.2782650655081653,3.980203414456956,0.3274451048402684,0.7433312562952057
B_D1,GBPAUD,BREAKOUT_RETEST,OOS_HIGH_VOLATILITY,2018-12-12,2025-07-16,6.59,9,11.11111111111111,-5.772108660330247,-6.182164376387061,-0.6869071529318957,0.2395439903231643,-0.8104833717813688,-6.095661908822936,1.9473846017507292,-1.0161936222672239,-0.6869071529318957,-6.051801549815639,-0.9424300632878246,1.3651370431893688,-2.081024715080444,0.037431643906752576
B_D1,GBPAUD,BREAKOUT_RETEST,ALL_HIGH_VOLATILITY,2008-01-08,2025-07-16,17.52,27,44.44444444444444,6.482348849690823,5.252437548008832,0.1945347240003271,1.3434968566241825,0.17078834393863904,-7.06889257854868,1.711959706782536,-1.01940526222544,0.1945347240003271,5.115707931416025,0.2851829364362235,1.5411392405063291,0.7148569933302107,0.47469741380945596
B_D1,GBPAUD,BREAKOUT_RETEST,OOS_LOW_VOLATILITY,2018-01-01,2024-12-16,6.96,21,57.14285714285714,9.733931942481387,8.523279397341847,0.4058704474924689,1.997763979913225,0.5404736679337853,-2.190564144623053,1.4221383107244556,-0.9491533701501802,0.4058704474924689,8.694519738269069,1.2056089196180952,3.018595041322314,1.425547720705752,0.153998936021138
B_D1,GBPAUD,BREAKOUT_RETEST,ALL_LOW_VOLATILITY,2006-10-18,2024-12-16,18.16,37,43.24324324324324,3.956060971530444,1.724402405315797,0.046605470413940454,1.0806924127389637,0.05045956844786716,-7.789690293255902,1.4434044452559778,-1.0176223199418974,0.046605470413940454,1.4228213202795548,0.07781486784868008,2.0371193849864335,0.21504836907209254,0.8297296075701175
B_D1,GBPAUD,BREAKOUT_RETEST,OOS_TRENDING,2018-02-19,2025-07-16,7.4,12,16.666666666666664,-7.178201028708274,-7.812023234957378,-0.6510019362464482,0.24076825450766834,-0.9230942605811633,-9.065201145566837,1.2386779198980646,-1.0289379074753506,-0.6510019362464482,-7.579378375552215,-1.059035186556423,1.620931952662722,-2.511622020435365,0.012017773110212016
B_D1,GBPAUD,BREAKOUT_RETEST,ALL_TRENDING,2006-10-02,2025-07-16,18.79,32,25.0,-13.701614489638194,-15.544553759875283,-0.4857673049961026,0.3800736585039599,-0.6169392383068378,-14.241561065272313,1.1912857669246626,-1.0447849956363575,-0.4857673049961026,-14.5690511571813,-0.8346336156845657,1.7032935004371903,-2.674069173382747,0.007493699269256915
B_D1,GBPAUD,BREAKOUT_RETEST,OOS_RANGING,2018-10-09,2024-12-16,6.19,14,64.28571428571429,10.229471146788779,9.484751442326845,0.6774822458804889,3.222226581509945,0.7743719992418712,-2.066079796426523,1.5280979131857044,-0.8536259552688996,0.6774822458804889,9.79162748393907,1.521165913961986,2.2626106194690268,1.9262326859571608,0.05407532623280131
B_D1,GBPAUD,BREAKOUT_RETEST,ALL_RANGING,2011-10-26,2024-12-16,13.14,20,60.0,13.229471146788777,12.205124250505756,0.6102562125252878,2.6486441359394832,0.545439806189448,-2.0938167495255566,1.6340210555350902,-0.9253910519894157,0.6102562125252878,12.737142370150888,0.9164523942980285,1.521875,1.9772989509764123,0.048007848191387925
B_D1,GBPAUD,MEAN_REVERSION,ALL,2011-07-03,2026-02-13,14.62,31,58.06451612903226,4.650265286061825,2.933893184430832,0.09464171562680103,1.2137165186236125,0.1382936301449325,-4.7971256470921375,0.9256588651884677,-1.0559974145355064,0.09464171562680103,2.822589927981034,0.19060459494975035,2.12076231504027,0.5287337400986917,0.5969901680916636
B_D1,GBPAUD,MEAN_REVERSION,TRAIN,2011-07-03,2011-07-03,0.0,1,100.0,0.9999999999999937,0.9494984287103759,0.9494984287103759,inf,0.0,0.0,0.9494984287103759,0.0,0.9494984287103759,0.9494984287103714,,999999999.9999999,0.0,1.0
B_D1,GBPAUD,MEAN_REVERSION,VALID,2014-09-07,2017-12-04,3.24,7,57.14285714285714,0.6011073132059136,0.2666008211426486,0.038085831591806944,1.0852485454501515,0.05485121191649423,-3.0948482384814957,0.8484841349289008,-1.0424452395243182,0.038085831591806944,0.23556999312333016,0.07261144595214208,2.15941722972973,0.09875679030391087,0.9213313770578471
B_D1,GBPAUD,MEAN_REVERSION,OOS,2018-08-09,2026-02-13,7.52,23,56.52173913043478,3.049157972855917,1.7177939345778086,0.07468669280773081,1.1620463902564049,0.12837705730497115,-4.797125647092148,0.947571123458957,-1.060063067038863,0.07468669280773081,1.6160967724712982,0.21354658557484196,3.060382513661202,0.3519358256636312,0.7248863908216023
B_D1,GBPAUD,MEAN_REVERSION,OOS_HIGH_VOLATILITY,2019-01-28,2025-03-04,6.1,6,66.66666666666666,2.049157972855901,1.746046631098954,0.2910077718498257,1.8465232203084,0.2818156600914147,-1.1280621874418029,0.9521639722094345,-1.031304628869392,0.2910077718498257,1.7321446847457178,0.28205349727978835,0.9840592725639874,0.6958732125650489,0.48650823438063195
B_D1,GBPAUD,MEAN_REVERSION,ALL_HIGH_VOLATILITY,2015-02-02,2025-03-04,10.08,8,50.0,0.049157972855893295,-0.33906595894063185,-0.04238324486757898,0.9182524838008979,-0.03550437028461216,-1.1280621874418029,0.9521639722094345,-1.0369304619445925,-0.04238324486757898,-0.37802756518278136,-0.03755368746548582,0.7933749660602769,-0.11274247419290541,0.9102347263666317
B_D1,GBPAUD,MEAN_REVERSION,OOS_LOW_VOLATILITY,2018-08-09,2026-02-13,7.52,17,52.94117647058824,1.0000000000000167,-0.028252696521146037,-0.0016619233247732962,0.9966909550637474,-0.002413445955093997,-4.4537434775333224,0.9455298573476336,-1.067252676581231,-0.0016619233247732962,-0.11407201984586779,-0.015185946009232953,2.2620218579234974,-0.0066162764027437055,0.9947210137229785
B_D1,GBPAUD,MEAN_REVERSION,ALL_LOW_VOLATILITY,2011-07-03,2026-02-13,14.62,23,60.86956521739131,4.60110731320593,3.272959143371464,0.14230257145093322,1.3416362838445082,0.1798116889766214,-4.453743477533356,0.9180859774681915,-1.0644716156870238,0.14230257145093322,3.2127626214768945,0.21656785406605206,1.5734688143847162,0.6874684446885603,0.49178757915215376
B_D1,GBPAUD,MEAN_REVERSION,OOS_RANGING,2018-08-09,2026-02-13,7.52,23,56.52173913043478,3.049157972855917,1.7177939345778086,0.07468669280773081,1.1620463902564049,0.12837705730497115,-4.797125647092148,0.947571123458957,-1.060063067038863,0.07468669280773081,1.6160967724712982,0.21354658557484196,3.060382513661202,0.3519358256636312,0.7248863908216023
B_D1,GBPAUD,MEAN_REVERSION,ALL_RANGING,2011-07-03,2026-02-13,14.62,31,58.06451612903226,4.650265286061825,2.933893184430832,0.09464171562680103,1.2137165186236125,0.1382936301449325,-4.7971256470921375,0.9256588651884677,-1.0559974145355064,0.09464171562680103,2.822589927981034,0.19060459494975035,2.12076231504027,0.5287337400986917,0.5969901680916636
B_D1,GBPAUD,MOMENTUM,ALL,2006-07-11,2026-06-08,19.91,159,39.62264150943396,19.315348452044415,10.343167812551819,0.06505136989026301,1.1063334749536549,0.1326401659131233,-7.061853601513269,1.708162046235319,-1.01324001146118,0.06505136989026301,9.233124558057826,0.44455992565552993,7.986076732673268,0.5918434958719991,0.5539553938002681
B_D1,GBPAUD,MOMENTUM,TRAIN,2006-07-11,2013-10-08,7.24,64,40.625,10.562910333367295,6.899975276940437,0.10781211370219433,1.1798247403872053,0.22755537124887865,-6.158960599744201,1.7411742811073874,-1.0097514745224114,0.10781211370219433,6.476530654782309,0.8700155315431557,8.834467120181406,0.6124729302324944,0.5402249025785544
B_D1,GBPAUD,MOMENTUM,VALID,2014-01-15,2017-12-25,3.94,30,40.0,1.5735457754839977,0.1937653420145133,0.0064588447338171096,1.0107316115934784,0.013272077341263245,-4.267529692818162,1.5207777718143607,-1.0030871066532123,0.0064588447338171096,-0.06609790985541153,-0.016769596424737188,7.609375,0.026352695117119025,0.9789760248595363
B_D1,GBPAUD,MOMENTUM,OOS,2018-03-13,2026-06-08,8.24,65,38.46153846153847,7.1788923431931195,3.2494271935968673,0.049991187593797955,1.0795552401727218,0.10005184871406221,-7.061853601513224,1.7637737736904273,-1.0211229287165953,0.049991187593797955,2.656775585074733,0.3187924216143223,7.890079760717847,0.28717134305896663,0.7739811275261363
B_D1,GBPAUD,MOMENTUM,OOS_HIGH_VOLATILITY,2018-12-12,2026-03-26,7.29,29,34.48275862068966,-1.18525086609012,-2.769891788524349,-0.09551350994911548,0.8601237723174864,-0.13917008846972323,-6.839248374066598,1.7032556664770784,-1.0422341291207966,-0.09551350994911548,-2.9868700226359124,-0.41536152517249736,3.9805524239007894,-0.3756412078212548,0.707183651226234
B_D1,GBPAUD,MOMENTUM,ALL_HIGH_VOLATILITY,2007-09-12,2026-03-26,18.54,76,40.78947368421053,8.962136853693192,5.271399970141948,0.06936052592292037,1.1158256423802304,0.10127622457299114,-6.839248374066631,1.63815841083639,-1.0113669059063588,0.06936052592292037,4.658079724893804,0.24593371801728825,4.10029542097489,0.4360203158352555,0.6628219896889385
B_D1,GBPAUD,MOMENTUM,OOS_LOW_VOLATILITY,2018-03-13,2026-06-08,8.24,36,41.66666666666667,8.364143209283242,6.019318982121217,0.1672033050589227,1.2860557413325764,0.24292115459383923,-5.373084485978352,1.8041191784993267,-1.00202231882708,0.1672033050589227,5.817403900922979,0.6887349824991063,4.369890329012962,0.6972384330599877,0.4856535905331041
B_D1,GBPAUD,MOMENTUM,ALL_LOW_VOLATILITY,2006-11-17,2026-06-08,19.56,80,38.75,10.353211598351212,5.374718669328436,0.06718398336660544,1.108442493144065,0.0975764532819986,-5.373084485978408,1.7721795297869998,-1.011486668450379,0.06718398336660544,4.719359199283835,0.23607650705530503,4.0907181856362875,0.43150938034834835,0.6660980335167204
B_D1,GBPAUD,MOMENTUM,OOS_TRENDING,2018-03-13,2026-06-08,8.24,30,30.0,-5.486155088709611,-7.181498611531002,-0.2393832870510334,0.6773972828659673,-0.3475777722971642,-11.466261869776762,1.6755137676508578,-1.0600534533518442,-0.2393832870510334,-7.16959144333984,-0.8989958097181505,3.641575274177468,-0.9976265003686186,0.31846050585473384
B_D1,GBPAUD,MOMENTUM,ALL_TRENDING,2006-07-11,2026-06-08,19.91,89,33.70786516853933,-4.78396150072704,-9.889269933568215,-0.11111539251200242,0.8389754192352972,-0.17357759728150224,-16.72844102142944,1.7175130134469347,-1.040926446389428,-0.11111539251200242,-10.144763538775026,-0.5358378433371502,4.470193894389439,-0.7745072638663083,0.43863087430346415
B_D1,GBPAUD,MOMENTUM,OOS_RANGING,2018-08-16,2025-12-19,7.34,27,37.03703703703704,3.8493273351541966,2.1159315735381705,0.07836783605696927,1.1229062102128724,0.10333869245572894,-4.870011696067522,1.9331754678598514,-1.0126954767682554,0.07836783605696927,1.8590132224949318,0.2511613902423715,3.677013422818792,0.28002527768655683,0.7794581115978096
B_D1,GBPAUD,MOMENTUM,ALL_RANGING,2011-10-13,2025-12-19,14.18,40,42.5,9.0982976258262,6.797802313575879,0.16994505783939698,1.2935204247302543,0.19973691556605944,-6.043348126032411,1.7621974676729397,-1.0069371581245259,0.16994505783939698,6.605739546766842,0.4519738926156647,2.819918934568616,0.7522635564442021,0.45189257931220395
B_D1,GBPAUD,TREND_PULLBACK,ALL,2006-06-08,2025-07-02,19.07,42,40.476190476190474,1.1728202012316378,-1.5064703772839736,-0.035868342316285086,0.9434455739334441,-0.03950722041070885,-9.210698890630443,1.4782977874402303,-1.0655013105507154,-0.035868342316285086,-1.8595856068559513,-0.0984019158118965,2.202828834003446,-0.17250859745331884,0.86303770289501
B_D1,GBPAUD,TREND_PULLBACK,TRAIN,2006-06-08,2013-11-08,7.42,26,38.46153846153847,0.48124910901873696,-1.3385051225939475,-0.05148096625361336,0.9219738264164806,-0.06934775191110625,-7.119453907627349,1.5816060597089963,-1.0721603574802445,-0.05148096625361336,-1.566614958685264,-0.21259127437484038,3.5042435424354244,-0.18889563396373082,0.8501746155682437
B_D1,GBPAUD,TREND_PULLBACK,VALID,2015-11-06,2017-03-30,1.4,4,25.0,-0.9999999999999915,-1.1679652891696897,-0.2919913222924224,0.626798951806255,-0.32894198114003426,-1.0491815087920187,1.9616220869176024,-1.0431957920290973,-0.2919913222924224,-1.1961839647344985,-0.858140539814567,2.864705882352941,-0.38869529123167584,0.6975015660546056
B_D1,GBPAUD,TREND_PULLBACK,OOS,2018-03-02,2025-07-02,7.33,12,50.0,1.6915710922128926,1.0000000344796642,0.08333333620663869,1.157396549039384,0.08120096287605241,-3.0210980921049013,1.2255632837460577,-1.0588966113327802,0.08333333620663869,0.9094289906753872,0.12350569938623934,1.6360582306830906,0.21991376992545855,0.8259383119707948
B_D1,GBPAUD,TREND_PULLBACK,OOS_HIGH_VOLATILITY,2020-10-01,2025-07-02,4.75,6,50.0,1.8024645799395977,1.4887029068005428,0.2481171511334238,1.4721466540407973,0.187491923642523,-1.3462424852350718,1.547251603819024,-1.0510173015521762,0.2481171511334238,1.4422350183698196,0.3019036885761661,1.2631123919308358,0.4086365341783089,0.6828064153714182
B_D1,GBPAUD,TREND_PULLBACK,ALL_HIGH_VOLATILITY,2007-10-22,2025-07-02,17.69,21,47.61904761904761,4.283713688958317,3.290431273581116,0.15668720350386267,1.2855636803126849,0.12224584649448841,-5.72535658600003,1.4813014502576394,-1.0475075662722981,0.15668720350386267,3.1425577134902127,0.1750180448577332,1.1867940584867707,0.5142284230655029,0.6070922979586428
B_D1,GBPAUD,TREND_PULLBACK,OOS_LOW_VOLATILITY,2018-03-02,2023-12-14,5.79,6,50.0,-0.11089348772670482,-0.4887028723208783,-0.08145047872014638,0.8472959932670074,-0.06742194814770464,-1.976256697008627,0.9038749636730916,-1.0667759211133843,-0.08145047872014638,-0.5252309628212881,-0.09098848256604564,1.0371509701845716,-0.16216455455969989,0.871176271660683
B_D1,GBPAUD,TREND_PULLBACK,ALL_LOW_VOLATILITY,2006-11-15,2023-12-14,17.08,16,31.25,-4.110893487726677,-5.246734695754196,-0.3279209184846372,0.5544890479890255,-0.25985782102744426,-6.439258974685325,1.306031608591328,-1.0706266126100763,-0.3279209184846372,-5.225493800232217,-0.31375604275064584,0.9368387303622957,-1.0738988204771718,0.28286803205819355
B_D1,GBPAUD,TREND_PULLBACK,OOS_TRENDING,2018-03-02,2025-07-02,7.33,12,50.0,1.6915710922128926,1.0000000344796642,0.08333333620663869,1.157396549039384,0.08120096287605241,-3.0210980921049013,1.2255632837460577,-1.0588966113327802,0.08333333620663869,0.9094289906753872,0.12350569938623934,1.6360582306830906,0.21991376992545855,0.8259383119707948
B_D1,GBPAUD,TREND_PULLBACK,ALL_TRENDING,2006-06-08,2025-07-02,19.07,42,40.476190476190474,1.1728202012316378,-1.5064703772839736,-0.035868342316285086,0.9434455739334441,-0.03950722041070885,-9.210698890630443,1.4782977874402303,-1.0655013105507154,-0.035868342316285086,-1.8595856068559513,-0.0984019158118965,2.202828834003446,-0.17250859745331884,0.86303770289501
B_D1,GBPJPY,BREAKOUT_RETEST,ALL,2004-02-24,2026-07-19,22.4,125,40.0,12.989205193166507,7.2368924867461155,0.057895139893968925,1.093372227606863,0.098946516332453,-14.203903196959654,1.6948545540758635,-1.033411136227294,0.057895139893968925,6.244385099603789,0.2707955292369668,5.580766409974331,0.4682832161190896,0.6395820693032237
B_D1,GBPJPY,BREAKOUT_RETEST,TRAIN,2006-04-09,2013-09-24,7.46,36,41.66666666666667,6.908940587624072,5.43733632878914,0.1510371202441428,1.252904810259862,0.23156422712052535,-7.122244604968852,1.795791556077494,-1.0237874767796795,0.1510371202441428,5.2074408376117765,0.682741903133488,4.825321100917431,0.6324986601414773,0.5270610837000496
B_D1,GBPJPY,BREAKOUT_RETEST,VALID,2014-08-20,2017-12-06,3.3,23,47.82608695652174,8.250182206484306,7.2479165503865275,0.3151268065385447,1.5751215757556292,0.5616856381613411,-3.161625017052949,1.8045749280039614,-1.0502006381380873,0.3151268065385447,7.2473973941949765,2.1452658651434975,6.977367109634551,1.0197916475537154,0.307827285290045
B_D1,GBPJPY,BREAKOUT_RETEST,OOS,2018-04-29,2026-07-19,8.22,57,36.84210526315789,-2.1699176009418517,-4.752657355742604,-0.08337995360951937,0.87135473379857,-0.16799646500530385,-14.203903196959654,1.532916133432945,-1.0262193377176234,-0.08337995360951937,-5.096148499405984,-0.634168708276317,6.932817182817183,-0.48170671137384863,0.6300143077617295
B_D1,GBPJPY,BREAKOUT_RETEST,OOS_HIGH_VOLATILITY,2019-01-01,2025-04-21,6.3,24,41.66666666666667,1.7982240978738515,0.9093267899538038,0.03788861624807516,1.065403780687058,0.05508238150648199,-6.792642691503703,1.4812602417164435,-0.9930911162293308,0.03788861624807516,0.7056753519121051,0.11163600531962636,3.8079930495221546,0.1382834659521497,0.8900163922249011
B_D1,GBPJPY,BREAKOUT_RETEST,ALL_HIGH_VOLATILITY,2007-04-10,2025-04-21,18.03,52,42.30769230769231,8.304484899542173,6.4378697568493575,0.12380518763171841,1.2139884196656545,0.15210489502854144,-6.792642691503692,1.6601364232577198,-1.0028377184940163,0.12380518763171841,6.130425171263099,0.33051547837297246,2.88384451867598,0.645890566585613,0.5183502293129976
B_D1,GBPJPY,BREAKOUT_RETEST,OOS_LOW_VOLATILITY,2018-04-29,2026-07-19,8.22,33,33.33333333333333,-3.9681416988157032,-5.661984145696409,-0.17157527714231544,0.7542607787767287,-0.2656293631013279,-9.851784665454144,1.5798760349934005,-1.0473009332101735,-0.17157527714231544,-5.761168703793329,-0.7191186984834341,4.013736263736264,-0.7616555916211146,0.44626558635956615
B_D1,GBPJPY,BREAKOUT_RETEST,ALL_LOW_VOLATILITY,2004-06-01,2026-07-19,22.13,72,37.5,2.684720293624327,-1.1511835142975606,-0.015988659920799453,0.9757240313746219,-0.02089297789957435,-9.851784665454154,1.713685931404778,-1.053793414716146,-0.015988659920799453,-1.8075775081735523,-0.08239305203556757,3.2534949894841025,-0.09828596860250347,0.9217052196664308
B_D1,GBPJPY,BREAKOUT_RETEST,OOS_TRENDING,2019-08-15,2026-07-19,6.93,17,23.52941176470588,-7.201180399738475,-7.999579382195132,-0.4705634930703019,0.3814216866898254,-0.7264402715296471,-7.598157084945456,1.2331555257887146,-0.9947847296423068,-0.4705634930703019,-7.781437632857646,-1.1626916567854195,2.4542490118577076,-1.9118995032664434,0.05588908542116844
B_D1,GBPJPY,BREAKOUT_RETEST,ALL_TRENDING,2004-02-24,2026-07-19,22.4,53,33.9622641509434,-4.108651387991827,-6.485382931898555,-0.12236571569619915,0.8180895301704598,-0.14515339831572074,-11.58869775180882,1.6203403919595034,-1.0186145710619894,-0.12236571569619915,-6.690423224857289,-0.308685605983372,2.3662449578291165,-0.6869660773656446,0.49210410548268335
B_D1,GBPJPY,BREAKOUT_RETEST,OOS_RANGING,2018-04-29,2025-11-10,7.53,32,43.75,4.031262798796591,2.645700039308039,0.08267812622837623,1.1407200502130626,0.12362986463440645,-6.909245221472626,1.5319185031956515,-1.0445088336350603,0.08267812622837623,2.3798613445312533,0.31264694746337973,4.247093023255814,0.33935362772333827,0.7343433477505339
B_D1,GBPJPY,BREAKOUT_RETEST,ALL_RANGING,2005-04-17,2025-11-10,20.57,52,48.07692307692308,16.097856581158275,13.628273561525072,0.26208218387548216,1.4812571134459147,0.29058599849547034,-6.909245221472615,1.6778538201712896,-1.048817479361377,0.26208218387548216,13.985272678273365,0.6384898314749643,2.528354632587859,1.317823846149152,0.18756262331678664
B_D1,GBPJPY,MEAN_REVERSION,ALL,2004-12-09,2025-10-08,20.83,51,52.94117647058824,3.000000000000052,0.464094329508832,0.009099888813898666,1.0183808484218129,0.014089530793691426,-6.703146751319533,0.9523293468226368,-1.0520332514459318,0.009099888813898666,0.20878924621954287,0.01001374676781186,2.448442429022082,0.06430380475957989,0.9487283239671747
B_D1,GBPJPY,MEAN_REVERSION,TRAIN,2006-02-02,2011-07-13,5.44,11,54.54545454545454,1.0000000000000233,0.49235102650424234,0.04475918422765839,1.0941982417831335,0.06096899876373307,-1.2029775417872424,0.9531841524553878,-1.0453507776456168,0.04475918422765839,0.4386923593143299,0.08049636945290928,2.0220181177654757,0.14220435090175393,0.886918595195332
B_D1,GBPJPY,MEAN_REVERSION,VALID,2015-04-30,2017-09-18,2.39,8,50.0,1.7430501486614958e-14,-0.35587250254476044,-0.044484062818095055,0.9147628309083233,-0.07622145570626863,-3.197925882074315,0.9548033485255182,-1.0437714741617083,-0.044484062818095055,-0.39515361015065587,-0.16570633029348025,3.35091743119266,-0.11777154406821079,0.9062486771462457
B_D1,GBPJPY,MEAN_REVERSION,OOS,2018-03-06,2025-10-08,7.59,25,56.00000000000001,3.000000000000014,1.9483083339586653,0.07793233335834661,1.169827946062712,0.13945567926499136,-4.390552058295382,0.9586111748694268,-1.0429316467466645,0.07793233335834661,1.8408744552097733,0.2405577133311354,3.292913811756221,0.3842519037683375,0.7007917519111659
B_D1,GBPJPY,MEAN_REVERSION,OOS_HIGH_VOLATILITY,2019-01-04,2023-05-01,4.32,10,70.0,3.9999999999999867,3.6460347302086475,0.36460347302086477,2.172193372320308,0.5735700850686996,-2.076484716582694,0.9652103804745102,-1.0368126443709749,0.36460347302086477,3.662884558134638,0.8361433938170348,2.314638783269962,1.19218836606666,0.23318739411764522
B_D1,GBPJPY,MEAN_REVERSION,ALL_HIGH_VOLATILITY,2009-06-01,2023-05-01,13.91,17,58.82352941176471,3.0000000000000187,2.3552109999484476,0.13854182352637928,1.323851689636519,0.15080064771049648,-2.433295683272896,0.96277097248798,-1.0389283892759076,0.13854182352637928,2.2970980189370938,0.16336107911070208,1.2218122786304604,0.5625037537286717,0.5737728468387429
B_D1,GBPJPY,MEAN_REVERSION,OOS_LOW_VOLATILITY,2018-03-06,2025-10-08,7.59,15,46.666666666666664,-0.9999999999999719,-1.6977263962499807,-0.11318175974999871,0.7969666424517465,-0.15424570188963876,-5.123408526087214,0.9520119692643434,-1.045226272637548,-0.11318175974999871,-1.757630139939892,-0.2332951198110167,1.9757482870537324,-0.4250038787345103,0.6708338472082824
B_D1,GBPJPY,MEAN_REVERSION,ALL_LOW_VOLATILITY,2004-12-09,2025-10-08,20.83,34,50.0,3.552713678800501e-14,-1.8911166704396156,-0.055621078542341634,0.8947994446547906,-0.06986595277287168,-6.182202077501875,0.9461872140783174,-1.0574293711630007,-0.055621078542341634,-2.0414154586584576,-0.09897082038210492,1.632294952681388,-0.318864173139133,0.749829512968772
B_D1,GBPJPY,MEAN_REVERSION,OOS_RANGING,2018-03-06,2025-10-08,7.59,25,56.00000000000001,3.000000000000014,1.9483083339586653,0.07793233335834661,1.169827946062712,0.13945567926499136,-4.390552058295382,0.9586111748694268,-1.0429316467466645,0.07793233335834661,1.8408744552097733,0.2405577133311354,3.292913811756221,0.3842519037683375,0.7007917519111659
B_D1,GBPJPY,MEAN_REVERSION,ALL_RANGING,2004-12-09,2025-10-08,20.83,51,52.94117647058824,3.000000000000052,0.464094329508832,0.009099888813898666,1.0183808484218129,0.014089530793691426,-6.703146751319533,0.9523293468226368,-1.0520332514459318,0.009099888813898666,0.20878924621954287,0.01001374676781186,2.448442429022082,0.06430380475957989,0.9487283239671747
B_D1,GBPJPY,MOMENTUM,ALL,2004-01-21,2026-08-23,22.59,200,48.0,66.22624552731445,56.31003223307632,0.2815501611653816,1.5376570596153292,0.5991144921083565,-11.235085047077254,1.6775237471289,-1.0070408412624818,0.2815501611653816,72.11573980268871,2.433124604960435,8.854545454545455,2.8473554578017652,0.00440841084148591
B_D1,GBPJPY,MOMENTUM,TRAIN,2006-01-25,2013-10-17,7.73,72,51.388888888888886,33.31764875659748,29.81279847411211,0.4140666454737793,1.8557081324495683,0.8860382981569719,-6.286517221251864,1.747370630479846,-0.9954261386754908,0.4140666454737793,33.689502531623575,3.829487234121598,9.318922749822821,2.462838231413916,0.013784209224460442
B_D1,GBPJPY,MOMENTUM,VALID,2014-01-24,2017-11-21,3.82,34,38.23529411764706,1.220065148636443,-0.34069161374743784,-0.010020341580806995,0.9844607017042634,-0.021679128190470916,-6.778399623466336,1.6602942807496355,-1.0440246315948907,-0.010020341580806995,-0.6502458212183204,-0.17041856247032028,8.88940586972083,-0.04239795447073106,0.966181458980631
B_D1,GBPJPY,MOMENTUM,OOS,2018-01-12,2026-08-23,8.61,71,49.29577464788733,23.334976362233053,20.262792451348478,0.28539144297673913,1.5783853993086001,0.604233533868974,-7.943957196534113,1.579890491834718,-0.9731492989685184,0.28539144297673913,21.64636887147031,2.301767343947514,8.24570747217806,1.773046137363042,0.07622106206598245
B_D1,GBPJPY,MOMENTUM,OOS_HIGH_VOLATILITY,2019-03-31,2026-08-23,7.4,28,35.714285714285715,-1.8760819594890452,-2.884967891690488,-0.10303456756037457,0.8297780272195311,-0.1641306383831554,-9.045353377752473,1.4063301738641916,-0.9415705350184669,-0.10303456756037457,-3.0398827750234836,-0.4164300551706024,3.7849740932642484,-0.44641339626812077,0.6552986578199025
B_D1,GBPJPY,MOMENTUM,ALL_HIGH_VOLATILITY,2004-05-04,2026-08-23,22.3,76,40.78947368421053,7.881137209697032,4.908580480943323,0.06458658527557004,1.1105057191598238,0.0893849286411904,-10.296681339224401,1.5912201381792408,-0.9870943067247367,0.06458658527557004,4.334971348369865,0.19045735897971205,3.4076847532531302,0.4221253058798439,0.6729335577897149
B_D1,GBPJPY,MOMENTUM,OOS_LOW_VOLATILITY,2018-01-12,2026-07-01,8.47,43,58.139534883720934,25.211058321722096,23.147760343038964,0.5383200079776503,2.279935072171476,0.8708654555425409,-5.1637540625593665,1.649314619022929,-1.00472806291857,0.5383200079776503,25.460212253265226,2.715565691011279,5.079479301423027,2.533819616862899,0.01128267946549899
B_D1,GBPJPY,MOMENTUM,ALL_LOW_VOLATILITY,2004-06-01,2026-07-01,22.08,122,52.459016393442624,57.3451083176174,50.47533643308476,0.4137322658449571,1.8514934443111535,0.6828185602480015,-9.624276478657933,1.7149052043799797,-1.0220447697798951,0.4137322658449571,63.48367956745229,2.25107654617438,5.5251704897706135,3.2085764462425614,0.0013339384201973559
B_D1,GBPJPY,MOMENTUM,OOS_TRENDING,2019-08-26,2026-08-23,6.99,21,52.38095238095239,8.184069130618509,7.250463802165101,0.345260181055481,1.764348870601807,0.4469045694088654,-2.126160574804259,1.5214789182252573,-0.9485804298312729,0.345260181055481,7.315223491562772,1.0147764258336078,3.0032302270947535,1.1817622948411395,0.23730003264383703
B_D1,GBPJPY,MOMENTUM,ALL_TRENDING,2004-01-21,2026-08-23,22.59,88,43.18181818181818,15.769515493773351,11.333790326829867,0.12879307189579395,1.2260677117930456,0.18648175598252267,-14.129705362060353,1.6175864280641976,-1.002689878792193,0.12879307189579395,11.096751122844895,0.4669744634958839,3.896,0.8862744144424056,0.37546967271722487
B_D1,GBPJPY,MOMENTUM,OOS_RANGING,2018-03-20,2025-11-12,7.65,37,51.35135135135135,15.11528668038543,13.558417712168957,0.36644372195051234,1.7890880937281073,0.5816990824628363,-5.342432433254185,1.6179371373799303,-0.9545771054472068,0.36644372195051234,14.100558547402153,1.7393674116593427,4.836882605583393,1.608853380407331,0.10764840542068055
B_D1,GBPJPY,MOMENTUM,ALL_RANGING,2004-11-11,2025-11-12,21.0,82,54.87804878048781,47.55701209424278,43.3304573695336,0.5284202118235805,2.175484290612505,0.7276636856426415,-5.342432433254174,1.7820499850388762,-0.9962646474923199,0.5284202118235805,52.791360582637736,2.0388962737874605,3.9043801329683223,3.334736943904192,0.0008538012620906699
B_D1,GBPJPY,TREND_PULLBACK,ALL,2004-01-21,2026-09-02,22.61,40,32.5,-4.310239737218023,-6.136715470453592,-0.1534178867613398,0.7702281556138846,-0.15816424596288056,-10.099717324114565,1.5823961410211318,-0.9891801964343817,-0.1534178867613398,-6.259977958968532,-0.28544619638851687,1.7687651331719128,-0.752147864120615,0.4519621425486815
B_D1,GBPJPY,TREND_PULLBACK,TRAIN,2006-07-02,2013-07-16,7.04,16,43.75,1.9754500943273752,1.2289751480634408,0.07681094675396505,1.1316745147532985,0.0830851934756918,-4.093073183359275,1.508915326916217,-1.0370480155944535,0.07681094675396505,1.0895798878044038,0.1540728994959606,2.2730455075845972,0.22043449746758284,0.8255327809927917
B_D1,GBPJPY,TREND_PULLBACK,VALID,2014-01-16,2017-01-02,2.96,9,33.33333333333333,-0.15027632410534797,-0.4877041437203735,-0.054189349302263726,0.9220880294294423,-0.06363923826630304,-4.116106108201755,1.9239925501154138,-1.0432802990111025,-0.054189349302263726,-0.5738222149578753,-0.1940741006112856,3.038123844731978,-0.10953262371667184,0.9127800474422179
B_D1,GBPJPY,TREND_PULLBACK,OOS,2019-09-30,2026-09-02,6.92,13,15.384615384615385,-7.13541350744006,-7.773115612019607,-0.5979319701553544,0.22888391912011677,-0.9198375876795915,-6.570877670680386,1.1536143579204838,-0.9163949388964159,-0.5979319701553544,-7.5443116734139615,-1.1264843800484425,1.8775207591933571,-2.4204184498100467,0.015502656105353951
B_D1,GBPJPY,TREND_PULLBACK,OOS_HIGH_VOLATILITY,2019-09-30,2026-09-02,6.92,4,25.0,-2.069818580945619,-2.229791860024183,-0.5574479650060458,0.13925926698637414,-0.6333034746367351,-1.543513043773359,0.3607580866679349,-0.8635166488973726,-0.5574479650060458,-2.2178379101379875,-0.3233918666379898,0.5776986951364176,-1.6664457235395194,0.09562467021995191
B_D1,GBPJPY,TREND_PULLBACK,ALL_HIGH_VOLATILITY,2007-05-13,2026-09-02,19.31,19,42.10526315789473,2.6201505845321313,1.9140556458170903,0.10073977083247844,1.1756506259590878,0.07240437541020706,-4.093073183359275,1.6013753906643597,-0.9906315890452535,0.10073977083247844,1.7579925619727987,0.09030279849735479,0.9840825297787862,0.31814554853136096,0.750374534375871
B_D1,GBPJPY,TREND_PULLBACK,OOS_LOW_VOLATILITY,2019-12-23,2026-05-31,6.44,9,11.11111111111111,-5.065594926494442,-5.543323751995423,-0.6159248613328248,0.25988305287352503,-0.7207850574011162,-4.458081146257731,1.946470629173033,-0.9362242976460571,-0.6159248613328248,-5.447285731298268,-0.8664344529118462,1.3982347937048063,-1.8286768919205458,0.06744802618966039
B_D1,GBPJPY,TREND_PULLBACK,ALL_LOW_VOLATILITY,2004-09-21,2026-05-31,21.69,20,25.0,-5.930390321750159,-7.0163640748196485,-0.35081820374098244,0.5251677356066694,-0.2783509319736687,-10.19135838294476,1.552029341591967,-0.9851007188519655,-0.35081820374098244,-6.916589011836516,-0.3299140943389234,0.9221156273668266,-1.296328253168125,0.19486241873520682
B_D1,GBPJPY,TREND_PULLBACK,OOS_TRENDING,2019-09-30,2026-09-02,6.92,13,15.384615384615385,-7.13541350744006,-7.773115612019607,-0.5979319701553544,0.22888391912011677,-0.9198375876795915,-6.570877670680386,1.1536143579204838,-0.9163949388964159,-0.5979319701553544,-7.5443116734139615,-1.1264843800484425,1.8775207591933571,-2.4204184498100467,0.015502656105353951
B_D1,GBPJPY,TREND_PULLBACK,ALL_TRENDING,2004-01-21,2026-09-02,22.61,40,32.5,-4.310239737218023,-6.136715470453592,-0.1534178867613398,0.7702281556138846,-0.15816424596288056,-10.099717324114565,1.5823961410211318,-0.9891801964343817,-0.1534178867613398,-6.259977958968532,-0.28544619638851687,1.7687651331719128,-0.752147864120615,0.4519621425486815
B_D1,GBPUSD,BREAKOUT_RETEST,ALL,2004-01-23,2026-06-24,22.42,168,38.095238095238095,-7.236117526641557,-11.279722794054036,-0.0671412071074645,0.8883091412831982,-0.14806960056999363,-17.618033341402995,1.4017318908491379,-0.9710631135422967,-0.0671412071074645,-11.806831020422326,-0.5588898245943441,7.494137762579385,-0.7010672980960339,0.4832610174409342
B_D1,GBPUSD,BREAKOUT_RETEST,TRAIN,2006-01-27,2013-12-05,7.85,71,40.845070422535215,5.3329188149691955,3.5744199635453926,0.05034394314852666,1.0873586952448726,0.11374065132153673,-9.97412670668929,1.5341727760247064,-0.9742045366945495,0.05034394314852666,3.0017160206757154,0.3772324866934129,9.038950853956083,0.3187761878136391,0.7498962363569062
B_D1,GBPUSD,BREAKOUT_RETEST,VALID,2014-03-27,2017-09-27,3.5,22,31.818181818181817,-3.913156912971637,-4.421936174125868,-0.2009970988239031,0.6961736165314529,-0.4102050420233146,-8.85915930893545,1.447459783384175,-0.9702769771876728,-0.2009970988239031,-4.480529844831116,-1.2995360940307177,6.2777343750000005,-0.7679109610748392,0.442540084954381
B_D1,GBPUSD,BREAKOUT_RETEST,OOS,2018-03-05,2026-06-24,8.3,54,42.592592592592595,-0.3801880556574232,-1.6521191841035352,-0.030594799705621022,0.9445636179938384,-0.0659864221432926,-8.638641528904223,1.2239110987660629,-0.9613572405071927,-0.030594799705621022,-2.001038979471814,-0.24312340104510888,6.502967359050444,-0.1901497128575739,0.8491918154162752
B_D1,GBPUSD,BREAKOUT_RETEST,OOS_HIGH_VOLATILITY,2020-02-24,2026-04-20,6.15,22,45.45454545454545,-0.23702039994711155,-0.6692554076804564,-0.030420700349111655,0.9427371466374435,-0.05078714633977653,-3.0438608496553443,1.1018171403608592,-0.9739522342740874,-0.030420700349111655,-0.8004571779852143,-0.1305526241696109,3.5761014686248327,-0.12596800026401117,0.8997572548503392
B_D1,GBPUSD,BREAKOUT_RETEST,ALL_HIGH_VOLATILITY,2005-01-19,2026-04-20,21.25,62,35.483870967741936,-10.825622117017877,-12.089394423751978,-0.19499023264116094,0.6997793182052475,-0.28084301542934315,-14.603587134445029,1.280862061018401,-1.0067089941539198,-0.19499023264116094,-11.775667275724755,-0.587895493101176,2.917858523386162,-1.294575420013511,0.1954667362261242
B_D1,GBPUSD,BREAKOUT_RETEST,OOS_LOW_VOLATILITY,2018-03-05,2026-06-24,8.3,32,40.625,-0.14316765571031365,-0.9828637764230788,-0.03071449301322121,0.9457420428089263,-0.04889046026335794,-6.317175963178679,1.3178295283085266,-0.9534025076017856,-0.03071449301322121,-1.210269490496263,-0.146528781681321,3.8536102868447077,-0.1408851499838003,0.8879606737264121
B_D1,GBPUSD,BREAKOUT_RETEST,ALL_LOW_VOLATILITY,2004-09-15,2026-06-24,21.77,101,40.5940594059406,6.263681892546883,3.5720703800291904,0.03536703346563555,1.0630532427681219,0.059493069172311806,-10.845245854236651,1.4688712826901622,-0.9441942035044576,0.03536703346563555,2.794745343146987,0.1266869382892999,4.639115945674044,0.27759359903084746,0.7813243463365658
B_D1,GBPUSD,BREAKOUT_RETEST,OOS_TRENDING,2018-03-05,2025-07-30,7.4,16,25.0,-5.756139838774532,-6.103609109480951,-0.38147556934255944,0.4390073072052986,-0.5524082769676323,-6.2496731590798715,1.1941015604135297,-0.9066679459279224,-0.38147556934255944,-6.004701386539835,-0.8329853854731173,2.1612426035502956,-1.503032628357104,0.1328306302927249
B_D1,GBPUSD,BREAKOUT_RETEST,ALL_TRENDING,2004-01-23,2025-07-30,21.52,69,33.33333333333333,-8.250332628591334,-9.842353486568106,-0.14264280415316097,0.777357459750252,-0.20586602875551835,-13.165458265126928,1.4941140327060114,-0.961021222582747,-0.14264280415316097,-9.850884205522314,-0.48081349358294334,3.206801119735335,-0.9549336976190405,0.3396112273983407
B_D1,GBPUSD,BREAKOUT_RETEST,OOS_RANGING,2019-04-28,2026-06-24,7.16,20,50.0,2.9233688262965725,2.3939080422662187,0.11969540211331094,1.232910361667313,0.15651870112099586,-2.713152609684466,1.2672145666085002,-1.0278237623818787,0.11969540211331094,2.26329785788284,0.313210732581104,2.7945677123182864,0.4187202017463706,0.6754206298155283
B_D1,GBPUSD,BREAKOUT_RETEST,ALL_RANGING,2004-11-01,2026-06-24,21.64,53,47.16981132075472,9.485259843301257,8.104322835830455,0.15291175161944257,1.3041546559543251,0.18796008016207977,-6.819379928100011,1.3899889615751837,-0.9516214715553265,0.15291175161944257,7.981889762778671,0.3554533584535946,2.448861480075901,0.8744227463807754,0.3818880744886224
B_D1,GBPUSD,MEAN_REVERSION,ALL,2004-11-26,2026-01-29,21.17,38,42.10526315789473,-5.6717875755984855,-6.670999955198255,-0.17555263039995408,0.6965142317173477,-0.23883712097935675,-11.1108850462175,0.9568913302908768,-0.999148238175104,-0.17555263039995408,-6.626744874753355,-0.32328610310710104,1.7946082234290148,-1.0990281059540599,0.27175580673045907
B_D1,GBPUSD,MEAN_REVERSION,TRAIN,2006-04-19,2013-09-19,7.42,16,37.5,-4.000000000000005,-4.405053564087245,-0.2753158477554528,0.5711573416568198,-0.4032827914940049,-4.17332577112216,0.9778173239731524,-1.0271957507926157,-0.2753158477554528,-4.387511384163978,-0.6028829591262053,2.156457564575646,-1.0984978815690052,0.27198714219315456
B_D1,GBPUSD,MEAN_REVERSION,VALID,2014-01-03,2017-04-19,3.29,4,0.0,-3.999999999999993,-4.103013912658738,-1.0257534781646844,0.0,-254.85112342899268,-3.04012117945065,0.0,-1.0257534781646844,-1.0257534781646844,-4.040314589948057,-1.2453954412184776,1.2154742096505824,-462.3210564929913,0.0
B_D1,GBPUSD,MEAN_REVERSION,OOS,2019-05-20,2026-01-29,6.7,14,64.28571428571429,4.328212424401511,3.945452839255154,0.2818180599467967,1.8722996459465775,0.43672007535710633,-1.5000244427270992,0.940944495693112,-0.9046095243965709,0.2818180599467967,3.9598036860145625,0.5815770249592012,2.090556009811938,1.1301504707917636,0.2584128258267617
B_D1,GBPUSD,MEAN_REVERSION,OOS_HIGH_VOLATILITY,2025-04-22,2025-04-22,0.0,1,0.0,-0.3953072128097091,-0.413422796299939,-0.413422796299939,0.0,0.0,0.0,0.0,-0.413422796299939,-0.413422796299939,-0.4134227962999337,,999999999.9999999,0.0,1.0
B_D1,GBPUSD,MEAN_REVERSION,ALL_HIGH_VOLATILITY,2007-12-24,2025-04-22,17.33,8,12.5,-5.395307212809699,-5.575332280011192,-0.696916535001399,0.14960224660209148,-0.6662406613956007,-4.482160462264262,0.980814249932009,-0.9365923614204572,-0.696916535001399,-5.45802652517664,-0.3233838070653805,0.4616843103175857,-2.773342903124522,0.005548362219324865
B_D1,GBPUSD,MEAN_REVERSION,OOS_LOW_VOLATILITY,2019-05-20,2026-01-29,6.7,13,69.23076923076923,4.723519637211219,4.358875635555093,0.33529812581193025,2.0606505022829564,0.49251213699606256,-1.0911125544605826,0.940944495693112,-1.027406206420729,0.33529812581193025,4.391381454319121,0.6438185548198971,1.9412305805396566,1.274529967603653,0.20247565910853593
B_D1,GBPUSD,MEAN_REVERSION,ALL_LOW_VOLATILITY,2004-11-26,2026-01-29,21.17,30,50.0,-0.2764803627887873,-1.095667675187066,-0.03652225583956887,0.9289685881892855,-0.043041292177285875,-6.367908521914101,0.9552964689814681,-1.0283409806606056,-0.03652225583956887,-1.2361899235030505,-0.05872756333294982,1.4167959658650118,-0.19805794687797446,0.8429997265433322
B_D1,GBPUSD,MEAN_REVERSION,OOS_RANGING,2019-05-20,2026-01-29,6.7,14,64.28571428571429,4.328212424401511,3.945452839255154,0.2818180599467967,1.8722996459465775,0.43672007535710633,-1.5000244427270992,0.940944495693112,-0.9046095243965709,0.2818180599467967,3.9598036860145625,0.5815770249592012,2.090556009811938,1.1301504707917636,0.2584128258267617
B_D1,GBPUSD,MEAN_REVERSION,ALL_RANGING,2004-11-26,2026-01-29,21.17,38,42.10526315789473,-5.6717875755984855,-6.670999955198255,-0.17555263039995408,0.6965142317173477,-0.23883712097935675,-11.1108850462175,0.9568913302908768,-0.999148238175104,-0.17555263039995408,-6.626744874753355,-0.32328610310710104,1.7946082234290148,-1.0990281059540599,0.27175580673045907
B_D1,GBPUSD,MOMENTUM,ALL,2004-01-21,2026-08-05,22.54,176,34.090909090909086,-21.66591441087391,-25.87495672143921,-0.1470167995536319,0.770668037410316,-0.3361702726273624,-30.14678350098432,1.4492093971121431,-0.9726510392083433,-0.1470167995536319,-23.811172256653734,-1.1994023427626566,7.809037900874636,-1.5959411578503226,0.11050193130340169
B_D1,GBPUSD,MOMENTUM,TRAIN,2006-01-05,2013-11-05,7.83,68,30.88235294117647,-11.844759576356193,-13.540919073290901,-0.19913116284251325,0.7007216004517163,-0.48458066679405215,-13.794377235390431,1.509728940860818,-0.9626644006674059,-0.19913116284251325,-13.102162821843155,-1.7769149621551628,8.681230339042292,-1.356219235613247,0.17502942351983863
B_D1,GBPUSD,MOMENTUM,VALID,2014-02-05,2017-10-22,3.71,30,30.0,-7.244298237329657,-7.927448397331258,-0.26424827991104194,0.5857335623518103,-0.6772966217031786,-8.869515991234378,1.2454069190858676,-0.9112433651954317,-0.26424827991104194,-7.795339260107448,-2.1639560143135506,8.086715867158672,-1.3045281189110682,0.19205357860986783
B_D1,GBPUSD,MOMENTUM,OOS,2018-03-02,2026-08-05,8.43,63,39.682539682539684,0.22186033111103048,-1.2552766585803856,-0.019925026326672788,0.9671486139981983,-0.042169220600715145,-10.754618112024906,1.4782196166258883,-1.0055465019533576,-0.019925026326672788,-1.754630390746259,-0.2098405802416825,7.475877192982456,-0.12241503740585619,0.9025703299489636
B_D1,GBPUSD,MOMENTUM,OOS_HIGH_VOLATILITY,2018-11-14,2026-04-12,7.41,25,36.0,-1.8522716095110052,-2.3307734385157044,-0.09323093754062818,0.8510135099318367,-0.13510301771407723,-6.997076320948303,1.4792688651461383,-0.9777620765519344,-0.09323093754062818,-2.4922342902195527,-0.3400796527748273,3.3744456762749446,-0.36773404042910873,0.7130715557749858
B_D1,GBPUSD,MOMENTUM,ALL_HIGH_VOLATILITY,2004-05-25,2026-04-12,21.88,70,32.857142857142854,-11.040313739877412,-12.45717074390719,-0.177959582055817,0.7181994265377764,-0.2668237660702804,-15.729082783074745,1.3803676178013369,-0.9405452330497434,-0.177959582055817,-12.15290335599466,-0.5904213773185396,3.199136636636637,-1.2481222778141223,0.2119862810292854
B_D1,GBPUSD,MOMENTUM,OOS_LOW_VOLATILITY,2018-03-02,2026-08-05,8.43,38,42.10526315789473,2.0741319406220367,1.0754967799353161,0.028302546840403054,1.0476588421048274,0.04545195804530942,-7.895488250657112,1.4776294143332476,-1.0257533567907564,0.028302546840403054,0.7564565694887504,0.0894668898041795,4.5092592592592595,0.13194465216631482,0.8950280700294964
B_D1,GBPUSD,MOMENTUM,ALL_LOW_VOLATILITY,2004-07-06,2026-08-05,22.08,102,35.294117647058826,-9.62560067099649,-12.347207526866,-0.12105105418496079,0.8116890199196652,-0.20919193400850802,-17.394589104486457,1.4783602415936123,-0.9934572155187279,-0.12105105418496079,-12.306866320022259,-0.592990371940727,4.619404835709857,-0.9829965839824893,0.325609119912484
B_D1,GBPUSD,MOMENTUM,OOS_TRENDING,2018-03-02,2025-06-24,7.31,32,28.125,-9.02925769586132,-9.70051665403049,-0.30314114543845283,0.5747891982227744,-0.5351358144774104,-12.314884265777348,1.4569903175377306,-0.9918882396465246,-0.30314114543845283,-9.454912390793169,-1.3490155382733682,4.375889180082366,-1.44712434333718,0.1478621011721457
B_D1,GBPUSD,MOMENTUM,ALL_TRENDING,2004-01-21,2025-06-24,21.42,87,29.88505747126437,-16.60669426691629,-18.550387286490835,-0.21322284237345787,0.677079231797732,-0.3595042794541326,-19.318167512884276,1.4959709113561372,-0.9417316554385314,-0.21322284237345787,-17.454517289821858,-0.8913712502843452,4.060926517571885,-1.6639915835153793,0.09611411135204873
B_D1,GBPUSD,MOMENTUM,OOS_RANGING,2019-04-21,2026-08-05,7.29,16,50.0,3.2175608763256465,2.7651382046115325,0.17282113778822078,1.3365025756613584,0.19333167210137858,-4.881947073061754,1.372803137264112,-1.0271608616876706,0.17282113778822078,2.6669806403406993,0.36165555040057473,2.1945174615095757,0.5220276155563313,0.6016511031396279
B_D1,GBPUSD,MOMENTUM,ALL_RANGING,2004-10-20,2026-08-05,21.79,41,36.58536585365854,-3.2592763647007192,-4.358330530361378,-0.10630074464296045,0.8301512708969865,-0.11638942880184883,-10.765762836281256,1.4201160636196737,-0.9869258263329418,-0.10630074464296045,-4.5656966138148185,-0.21423054178675294,1.881549189596683,-0.5433099728246481,0.5869163989618047
B_D1,GBPUSD,TREND_PULLBACK,ALL,2004-01-21,2025-07-23,21.5,100,34.0,-11.28048385273998,-13.528625617465911,-0.13528625617465911,0.7843121997448342,-0.23836079539921556,-16.40764302389125,1.4468987807985645,-0.9503512752214711,-0.13528625617465911,-13.303887530411341,-0.6617111858873925,4.650496562261268,-1.1053127052487943,0.2690241144952985
B_D1,GBPUSD,TREND_PULLBACK,TRAIN,2007-01-15,2013-06-20,6.43,39,35.8974358974359,-0.01977032492982067,-0.9752238198342913,-0.025005738970110034,0.9583689617855248,-0.04756396566936313,-7.119420078185213,1.603584179717224,-0.9370160934350169,-0.025005738970110034,-1.2839752396324844,-0.2008239388132771,6.0667589437819425,-0.12059574671354048,0.9040112378863319
B_D1,GBPUSD,TREND_PULLBACK,VALID,2014-09-24,2017-10-17,3.06,16,37.5,-5.2441539118101845,-5.563237564525302,-0.3477023477828314,0.45496957242217445,-0.8048475261343532,-5.828747486477415,0.7739946517798271,-1.0207205475204266,-0.3477023477828314,-5.489612567755553,-1.8260333005729823,5.222520107238606,-1.4087487524627196,0.15890947354688656
B_D1,GBPUSD,TREND_PULLBACK,OOS,2018-02-07,2025-07-23,7.46,31,32.25806451612903,-4.531063535272725,-5.209035134838069,-0.16803339144638932,0.7314376974625972,-0.2839733102017743,-9.83197039229584,1.4186967526825913,-0.9236191743649517,-0.16803339144638932,-5.286052759834837,-0.725826529426743,4.1581894968784425,-0.7753650700766431,0.43812396919891183
B_D1,GBPUSD,TREND_PULLBACK,OOS_HIGH_VOLATILITY,2018-12-25,2025-07-23,6.58,16,18.75,-7.018345262686297,-7.324507922758306,-0.4577817451723941,0.3913739918035732,-0.6694825338362849,-6.1997917065574,1.5699963881057413,-0.9257305451596562,-0.4577817451723941,-7.157409626623434,-1.1229225193277292,2.4329725228975856,-1.7168432305108832,0.08600781974856764
B_D1,GBPUSD,TREND_PULLBACK,ALL_HIGH_VOLATILITY,2004-05-04,2025-07-23,21.22,46,30.434782608695656,-10.29803530015464,-11.12844605873691,-0.24192274040732414,0.6305959704846965,-0.30913979574456996,-14.209073161372586,1.3569256504482865,-0.9414189114066538,-0.24192274040732414,-10.809630022555384,-0.5376917538771453,2.1679354838709677,-1.4240021814114243,0.15444584060170308
B_D1,GBPUSD,TREND_PULLBACK,OOS_LOW_VOLATILITY,2018-02-07,2023-08-10,5.5,15,46.666666666666664,2.4872817274135715,2.1154727879202366,0.14103151919468243,1.287369583094896,0.17843693456979146,-3.049908636144849,1.3538540517869557,-0.9201881968235568,0.14103151919468243,2.015623281580936,0.363287672381718,2.7257462686567164,0.4185888638220699,0.6755166296449373
B_D1,GBPUSD,TREND_PULLBACK,ALL_LOW_VOLATILITY,2004-07-04,2023-08-10,19.1,50,38.0,0.017551447414661636,-1.3310189349181205,-0.02662037869836241,0.9549501648143427,-0.033576976188756165,-6.362233521448857,1.484971553734071,-0.953079950189209,-0.02662037869836241,-1.7172842746505657,-0.09065359175727261,2.617904243119266,-0.14674040262660673,0.8833369270880376
B_D1,GBPUSD,TREND_PULLBACK,OOS_TRENDING,2018-02-07,2025-07-23,7.46,31,32.25806451612903,-4.531063535272725,-5.209035134838069,-0.16803339144638932,0.7314376974625972,-0.2839733102017743,-9.83197039229584,1.4186967526825913,-0.9236191743649517,-0.16803339144638932,-5.286052759834837,-0.725826529426743,4.1581894968784425,-0.7753650700766431,0.43812396919891183
B_D1,GBPUSD,TREND_PULLBACK,ALL_TRENDING,2004-01-21,2025-07-23,21.5,100,34.0,-11.28048385273998,-13.528625617465911,-0.13528625617465911,0.7843121997448342,-0.23836079539921556,-16.40764302389125,1.4468987807985645,-0.9503512752214711,-0.13528625617465911,-13.303887530411341,-0.6617111858873925,4.650496562261268,-1.1053127052487943,0.2690241144952985
B_D1,NZDUSD,BREAKOUT_RETEST,ALL,2004-01-08,2026-07-21,22.53,170,35.294117647058826,-17.030153010744733,-21.52616713099446,-0.12662451253526152,0.8009116158810499,-0.27869288939531356,-24.911548306767596,1.4432917467709154,-0.9829424721568126,-0.12662451253526152,-20.42730236347775,-1.008961911342321,7.544653705953827,-1.3229112007005457,0.1858649100447065
B_D1,NZDUSD,BREAKOUT_RETEST,TRAIN,2006-02-24,2013-09-17,7.56,63,36.507936507936506,-2.443310472048191,-3.8824371827662576,-0.06162598702803584,0.9027185737461094,-0.13546522871413696,-13.740257898663977,1.5663869300540796,-0.9977334143502523,-0.06162598702803584,-4.319282556484671,-0.582188193569122,8.331191165821869,-0.3725156813069935,0.7095089387778173
B_D1,NZDUSD,BREAKOUT_RETEST,VALID,2014-06-05,2017-12-22,3.55,26,34.61538461538461,-2.830075519894531,-3.4985342336732193,-0.1345590089874315,0.791790301897461,-0.2858806368936389,-10.786350843706149,1.4782668639268253,-0.9884080005302733,-0.1345590089874315,-3.635146827301705,-1.0381471520428676,7.327546296296296,-0.5385079627125186,0.5902264093094884
B_D1,NZDUSD,BREAKOUT_RETEST,OOS,2018-01-18,2026-07-21,8.5,62,37.096774193548384,-7.756767018802043,-9.417631951633126,-0.15189728954246978,0.7446107679610683,-0.35378730970043776,-11.366602231789347,1.1938248316782467,-0.9455282841085332,-0.15189728954246978,-9.365196383887797,-1.1496739220437369,7.2908886027044435,-1.0316867767305404,0.3022188739685805
B_D1,NZDUSD,BREAKOUT_RETEST,OOS_HIGH_VOLATILITY,2020-05-11,2026-07-21,6.19,22,40.909090909090914,-2.9786128250424175,-3.490061738525987,-0.1586391699329994,0.7244789627095989,-0.27202234192017527,-5.221556260624305,1.0196746309327829,-0.9743948782246948,-0.1586391699329994,-3.554688149962293,-0.5827286918258734,3.552387267904509,-0.6769487073087911,0.4984384989119581
B_D1,NZDUSD,BREAKOUT_RETEST,ALL_HIGH_VOLATILITY,2004-05-16,2026-07-21,22.18,72,37.5,-6.6814778271762,-8.249868972179879,-0.11458151350249832,0.8139926796513282,-0.1683219987569444,-10.612956346021718,1.3371303600965225,-0.9856086376619106,-0.11458151350249832,-8.411371108014198,-0.3953647803103477,3.2462658930996175,-0.7927113626272038,0.42794600864750443
B_D1,NZDUSD,BREAKOUT_RETEST,OOS_LOW_VOLATILITY,2018-01-18,2026-06-09,8.39,40,35.0,-4.778154193759622,-5.927570213107141,-0.14818925532767852,0.755144778024096,-0.2685857960105714,-7.1335775471183975,1.3057785321574735,-0.9310949870504527,-0.14818925532767852,-6.024666334181372,-0.7379895026372152,4.768276762402088,-0.7779152936829937,0.4366189515908281
B_D1,NZDUSD,BREAKOUT_RETEST,ALL_LOW_VOLATILITY,2004-10-05,2026-06-09,21.68,94,32.97872340425532,-12.348675183568533,-15.144335761226577,-0.16110995490666571,0.7545810527247769,-0.26786945547952423,-17.241325387612683,1.5020567559426898,-0.9794935745309518,-0.16110995490666571,-14.68568373720094,-0.7300728991701866,4.3366805608184915,-1.2471204622852536,0.21235333110722499
B_D1,NZDUSD,BREAKOUT_RETEST,OOS_TRENDING,2018-08-16,2025-12-09,7.32,17,52.94117647058824,1.0546847120436902,0.6010220880639551,0.0353542404743503,1.0731883066811747,0.0457246154031023,-2.655326549036552,0.9792242416494703,-1.0264995108476598,0.0353542404743503,0.49150556910857457,0.0670444213598298,2.323821107784431,0.12367251020674691,0.9015745782088895
B_D1,NZDUSD,BREAKOUT_RETEST,ALL_TRENDING,2004-01-08,2025-12-09,21.92,68,36.76470588235294,-6.179792794950209,-7.844521818516291,-0.11536061497818074,0.8178607201358917,-0.16137938321862672,-15.122771795630452,1.4089714790571564,-1.0016002045336092,-0.11536061497818074,-8.036358810313738,-0.38147773280022834,3.1022982762927804,-0.7555456889154862,0.4499216291971333
B_D1,NZDUSD,BREAKOUT_RETEST,OOS_RANGING,2018-07-05,2026-07-21,8.04,25,40.0,-0.1625357292984979,-0.8539982062167202,-0.03415992824866881,0.9367384765984066,-0.05031219098398107,-4.561462534496419,1.2645490271090618,-0.8999658984871559,-0.03415992824866881,-1.0200956711167275,-0.12738759981616443,3.107981620149762,-0.14269344191489525,0.8865322963090434
B_D1,NZDUSD,BREAKOUT_RETEST,ALL_RANGING,2004-10-05,2026-07-21,21.79,49,38.775510204081634,-0.7646023886429274,-2.1536952701617285,-0.04395296469717813,0.9255638440781994,-0.05189723052997933,-9.238528841789396,1.4094611108344235,-0.9644485458671924,-0.04395296469717813,-2.5073580285732144,-0.11646554386437469,2.2486807387862795,-0.242258108826372,0.8085801713609688
B_D1,NZDUSD,MEAN_REVERSION,ALL,2004-10-21,2026-06-24,21.67,33,48.484848484848484,-2.8395491088410845,-3.804181648596034,-0.1152782317756374,0.7827023763582444,-0.14499227169446172,-5.2568722783036375,0.8564123845883088,-1.0298105765887635,-0.1152782317756374,-3.88316915558502,-0.1825769213567141,1.522644012127337,-0.6749982311746453,0.49967688873976623
B_D1,NZDUSD,MEAN_REVERSION,TRAIN,2006-03-08,2011-09-25,5.55,12,50.0,-7.216449660063518e-15,-0.30812223051492427,-0.025676852542910356,0.950033294252178,-0.036073687060450096,-3.118385362027165,0.9764047656246285,-1.027758470710449,-0.025676852542910356,-0.3677714273035315,-0.0663697425802856,2.1623088307844105,-0.08498108966310769,0.9322764245806425
B_D1,NZDUSD,MEAN_REVERSION,VALID,2014-03-14,2017-10-30,3.63,7,57.14285714285714,0.07960582074796275,-0.1336668861769891,-0.019095269453855587,0.956760877383599,-0.026534914507838684,-1.0356458630020993,0.7394186072552345,-1.0304471050659758,-0.019095269453855587,-0.16352220121566008,-0.04506930553627164,1.9281674208144797,-0.05055851884776624,0.9596773176893327
B_D1,NZDUSD,MEAN_REVERSION,OOS,2018-07-01,2026-06-24,7.98,11,45.45454545454545,-1.9191549295890409,-2.2301620708715006,-0.2027420064428637,0.6381236796860921,-0.24231974577543447,-4.178886023767225,0.7865224371279116,-1.0271290427518434,-0.2027420064428637,-2.2549492997865794,-0.28537191569657505,1.3783018867924528,-0.684562290239061,0.49362016981972934
B_D1,NZDUSD,MEAN_REVERSION,OOS_HIGH_VOLATILITY,2020-11-13,2026-06-24,5.61,2,50.0,-6.439293542825908e-15,-0.05292100352507523,-0.026460501762537614,0.9483648959028526,-0.011189196319519767,0.0,0.9719825858142336,-1.0249035893393088,-0.026460501762537614,-0.06288288793483421,-0.011212255376702451,0.35651537335285505,-0.026501762686101066,0.9788571276738929
B_D1,NZDUSD,MEAN_REVERSION,ALL_HIGH_VOLATILITY,2006-03-08,2026-06-24,20.3,9,22.22222222222222,-5.000000000000013,-5.2453705191875155,-0.5828189465763907,0.27061061399953285,-0.4399741453197225,-5.082738016870336,0.9730419472072442,-1.0273506305145719,-0.5828189465763907,-5.1543879173009515,-0.26040418071822113,0.4434439498178875,-1.9821158942418602,0.04746627102635914
B_D1,NZDUSD,MEAN_REVERSION,OOS_LOW_VOLATILITY,2018-07-01,2024-12-20,6.47,9,44.44444444444444,-1.9191549295890344,-2.177241067346426,-0.2419156741496029,0.5762366925158638,-0.29309342117169074,-3.1866424472491883,0.740157399956331,-1.02757413343435,-0.2419156741496029,-2.193445713861897,-0.342084089303929,1.3905456852791878,-0.7456494366806065,0.45587921086565775
B_D1,NZDUSD,MEAN_REVERSION,ALL_LOW_VOLATILITY,2004-10-21,2024-12-20,20.16,24,58.333333333333336,2.160450891158929,1.4411888705914815,0.060049536274645064,1.1397133697993842,0.06718357776356736,-4.074670859415253,0.8397510184998895,-1.0315325388406973,0.060049536274645064,1.3403031872549986,0.06604951024822281,1.1902240325865578,0.3016854680986043,0.7628918472177444
B_D1,NZDUSD,MEAN_REVERSION,OOS_RANGING,2018-07-01,2026-06-24,7.98,11,45.45454545454545,-1.9191549295890409,-2.2301620708715006,-0.2027420064428637,0.6381236796860921,-0.24231974577543447,-4.178886023767225,0.7865224371279116,-1.0271290427518434,-0.2027420064428637,-2.2549492997865794,-0.28537191569657505,1.3783018867924528,-0.684562290239061,0.49362016981972934
B_D1,NZDUSD,MEAN_REVERSION,ALL_RANGING,2004-10-21,2026-06-24,21.67,33,48.484848484848484,-2.8395491088410845,-3.804181648596034,-0.1152782317756374,0.7827023763582444,-0.14499227169446172,-5.2568722783036375,0.8564123845883088,-1.0298105765887635,-0.1152782317756374,-3.88316915558502,-0.1825769213567141,1.522644012127337,-0.6749982311746453,0.49967688873976623
B_D1,NZDUSD,MOMENTUM,ALL,2004-01-21,2026-09-03,22.62,174,36.7816091954023,-6.464074218021837,-11.189284380741565,-0.06430623207322739,0.8953695367603705,-0.1412031501334943,-21.86109882980668,1.4961202595879763,-0.9721907363124732,-0.06430623207322739,-11.809006565698787,-0.5540732497719358,7.69319694952185,-0.6715302554767848,0.5018827919718172
B_D1,NZDUSD,MOMENTUM,TRAIN,2006-01-11,2013-12-12,7.92,63,34.92063492063492,-4.337313485479182,-5.863783113578008,-0.09307592243774616,0.8530978047848482,-0.20540343943011388,-8.201026962990298,1.5478388976610686,-0.9735668015151587,-0.09307592243774616,-6.171893720452937,-0.8013541779038458,7.956690871369294,-0.5779785797402947,0.563278581022929
B_D1,NZDUSD,MOMENTUM,VALID,2014-01-07,2017-12-01,3.9,26,38.46153846153847,-1.8400231946615289,-2.5026400963485473,-0.09625538832109798,0.8284685445180558,-0.21659803767029823,-5.350726476320222,1.2087337522141268,-0.9118736011556134,-0.09625538832109798,-2.6326779855975646,-0.6819826908850191,6.668890449438202,-0.42767552782147317,0.668887369277642
B_D1,NZDUSD,MOMENTUM,OOS,2018-03-01,2026-09-03,8.51,67,37.3134328358209,-3.286737537881104,-5.138454790283295,-0.07669335507885515,0.8747365678286813,-0.17261395306478658,-16.2644452331407,1.4353093250863065,-0.9766949504152607,-0.07669335507885515,-5.494359817479156,-0.6619091190802617,7.873793436293435,-0.5035252935145712,0.6145950017556889
B_D1,NZDUSD,MOMENTUM,OOS_HIGH_VOLATILITY,2018-08-26,2025-08-17,6.98,20,25.0,-7.06904345986306,-7.54070402646036,-0.377035201323018,0.4486469972178609,-0.6391770048600818,-9.502575629153077,1.2272044230497732,-0.9117817427806153,-0.377035201323018,-7.364444031801054,-1.0905787472705541,2.8669544740973314,-1.6882071755595065,0.09137146627891868
B_D1,NZDUSD,MOMENTUM,ALL_HIGH_VOLATILITY,2004-05-27,2025-08-17,21.22,59,32.20338983050847,-8.69503473501113,-10.017935175267386,-0.16979551144520993,0.7266274830386069,-0.2415386251496648,-11.693334961957136,1.4014628333912966,-0.9161432252425504,-0.16979551144520993,-9.898562308819104,-0.4899143062479405,2.7798955108359134,-1.112751938841365,0.26581498195574715
B_D1,NZDUSD,MOMENTUM,OOS_LOW_VOLATILITY,2018-03-01,2026-09-03,8.51,47,42.5531914893617,3.7823059219819526,2.402249236177067,0.05111168587610781,1.087851399522117,0.090489050050622,-9.363930025883816,1.4873355505954398,-1.0127578435456197,0.05111168587610781,2.0187542405033287,0.23515572942349738,5.5234073359073355,0.2639620069965778,0.7918091947399555
B_D1,NZDUSD,MOMENTUM,ALL_LOW_VOLATILITY,2004-09-14,2026-09-03,21.97,114,38.59649122807017,0.23096051698929276,-3.134979682803618,-0.027499821778979104,0.9554026823392383,-0.04812904231293926,-15.678398457343047,1.526369825042419,-1.0042178854952863,-0.027499821778979104,-4.005307098746302,-0.18589910071544757,5.189244765702891,-0.2255836231793808,0.8215252793611856
B_D1,NZDUSD,MOMENTUM,OOS_TRENDING,2018-08-05,2026-01-13,7.44,20,35.0,-1.3028936424259192,-1.827223751755362,-0.0913611875877681,0.8491981973261813,-0.12216870989320176,-9.621136636422467,1.4699285406312674,-0.9320556566287872,-0.0913611875877681,-1.9510263983575804,-0.2644238014248401,2.687637969094923,-0.33326492007322056,0.7389343169860931
B_D1,NZDUSD,MOMENTUM,ALL_TRENDING,2004-01-21,2026-01-13,21.98,74,33.78378378378378,-6.337497607326183,-8.257797326395487,-0.11159185576210118,0.8219245975140986,-0.1646543716745046,-14.87393156115635,1.524587146591001,-0.9463770610442963,-0.11159185576210118,-8.44623763808341,-0.40067813223337856,3.3667787742899846,-0.771936960595232,0.4401517651029585
B_D1,NZDUSD,MOMENTUM,OOS_RANGING,2018-06-17,2026-09-03,8.21,25,40.0,0.4064405320172644,-0.2882619024390801,-0.011530476097563205,0.9801567781550724,-0.015878712296739757,-6.741068149905183,1.4238708802812923,-0.9684647136834669,-0.011530476097563205,-0.4787797044175979,-0.05841435195935718,3.04375,-0.045507271274277394,0.9637029792658782
B_D1,NZDUSD,MOMENTUM,ALL_RANGING,2004-11-04,2026-09-03,21.83,58,39.6551724137931,2.7250504268593163,1.1077862971850214,0.019099763744569336,1.0327103482425926,0.024144388575834237,-7.678568587405232,1.5206228559202293,-0.9676154111137214,0.019099763744569336,0.6383424735246113,0.029154327796132584,2.6570299761695724,0.11280594334752271,0.9101844063134163
B_D1,NZDUSD,TREND_PULLBACK,ALL,2004-01-21,2025-12-23,21.92,81,35.80246913580247,-3.770052251474965,-5.741404609848119,-0.07088153839318666,0.8872649238110139,-0.10619585155201823,-15.08133899274372,1.558168448430983,-0.9793901848912813,-0.07088153839318666,-6.198301453129773,-0.2914606860244917,3.694923192206819,-0.4972185854499367,0.619034916636183
B_D1,NZDUSD,TREND_PULLBACK,TRAIN,2006-04-17,2013-07-17,7.25,31,51.61290322580645,12.325250684722246,11.618973997420795,0.37480561282002567,1.847409605050397,0.5753323344232523,-5.175748424788573,1.5831337669925738,-0.9140777516306923,0.37480561282002567,11.99376806460668,1.574693312040254,4.275962990936556,1.5491114383581759,0.12135493369864658
B_D1,NZDUSD,TREND_PULLBACK,VALID,2014-10-16,2017-02-14,2.33,18,22.22222222222222,-8.59751645465483,-8.99464668094201,-0.4997025933856672,0.3713391642854299,-1.2892784301142723,-9.555822308580474,1.328245848871444,-1.021973576887699,-0.4997025933856672,-8.712441733557718,-3.8324481016902334,7.716549295774648,-1.9691164576196563,0.048939719376590585
B_D1,NZDUSD,TREND_PULLBACK,OOS,2018-08-01,2025-12-23,7.39,23,26.08695652173913,-5.659726009753638,-6.247821361307238,-0.2716444070133582,0.6264857416564473,-0.38367705553111137,-11.551045471734433,1.7465513528336605,-0.9839487928417178,-0.2716444070133582,-6.225024031591431,-0.8653713290708409,3.110236949278045,-1.0433571781978268,0.29678289840116223
B_D1,NZDUSD,TREND_PULLBACK,OOS_HIGH_VOLATILITY,2018-08-26,2022-12-29,4.34,14,14.285714285714285,-7.697807702283497,-8.003045623611397,-0.5716461159722427,0.30783082287079905,-1.0100592562594886,-9.554261276325715,1.7796112577611853,-0.9635223449278141,-0.5716461159722427,-7.774229299808888,-1.8465404147208542,3.224148802017654,-2.1047636372295844,0.03531188791754847
B_D1,NZDUSD,TREND_PULLBACK,ALL_HIGH_VOLATILITY,2004-05-25,2022-12-29,18.6,43,27.906976744186046,-9.670570154307242,-10.535075366680228,-0.24500175271349367,0.6407857669829522,-0.3076027201981195,-15.709249638918854,1.5660864113414776,-0.9460681387992891,-0.24500175271349367,-10.286466226864977,-0.5820357006668941,2.3123895759717312,-1.326459205435235,0.18468763910311248
B_D1,NZDUSD,TREND_PULLBACK,OOS_LOW_VOLATILITY,2018-08-01,2025-12-23,7.39,9,44.44444444444444,2.0380816925298597,1.755224262304159,0.19502491803379543,1.3398395711015116,0.1448323227636553,-2.20771506052837,1.7300214003698986,-1.032972267835087,0.19502491803379543,1.679796499889008,0.22552215469844317,1.2170492410218436,0.3938516557403862,0.6936905645290312
B_D1,NZDUSD,TREND_PULLBACK,ALL_LOW_VOLATILITY,2004-12-14,2025-12-23,21.02,34,47.05882352941176,6.900517902832274,5.915878792247166,0.1739964350660931,1.3195295741602653,0.16431453231509047,-5.35379763587811,1.5268885994419592,-1.0285743777124545,0.1739964350660931,5.773890379880919,0.2673546503732416,1.6172027607761428,0.7534131507890058,0.4512016826629599
B_D1,NZDUSD,TREND_PULLBACK,OOS_TRENDING,2018-08-01,2025-12-23,7.39,23,26.08695652173913,-5.659726009753638,-6.247821361307238,-0.2716444070133582,0.6264857416564473,-0.38367705553111137,-11.551045471734433,1.7465513528336605,-0.9839487928417178,-0.2716444070133582,-6.225024031591431,-0.8653713290708409,3.110236949278045,-1.0433571781978268,0.29678289840116223
B_D1,NZDUSD,TREND_PULLBACK,ALL_TRENDING,2004-01-21,2025-12-23,21.92,81,35.80246913580247,-3.770052251474965,-5.741404609848119,-0.07088153839318666,0.8872649238110139,-0.10619585155201823,-15.08133899274372,1.558168448430983,-0.9793901848912813,-0.07088153839318666,-6.198301453129773,-0.2914606860244917,3.694923192206819,-0.4972185854499367,0.619034916636183
B_D1,USDCAD,BREAKOUT_RETEST,ALL,2003-10-28,2026-07-30,22.75,169,39.053254437869825,7.1102464254103435,2.2427151477307516,0.01327050383272634,1.0227859497134968,0.027956679709508183,-10.117992754536642,1.5252737623007608,-0.9555859530497033,0.01327050383272634,0.8483182903220143,0.037131352519459426,7.427174828540489,0.1333574000233768,0.8939107342748822
B_D1,USDCAD,BREAKOUT_RETEST,TRAIN,2006-03-02,2013-12-12,7.78,62,37.096774193548384,0.7045197275639865,-0.8980593460914885,-0.014484828162765943,0.9761869394815723,-0.030970961596637623,-10.117992754536676,1.6006448369600332,-0.9669971947736477,-0.014484828162765943,-1.4165920285736155,-0.1831923131554558,7.968156228008445,-0.08639161926091334,0.9311551088845089
B_D1,USDCAD,BREAKOUT_RETEST,VALID,2014-01-17,2017-11-03,3.79,26,46.15384615384615,4.92824112731173,4.245738293304157,0.1632976266655445,1.2954064989645322,0.3107205937496243,-5.149375188542626,1.551522223706262,-1.0266091707979275,0.1632976266655445,4.088631928509301,1.0616208754326895,6.851731601731602,0.6052803024337498,0.544992767068267
B_D1,USDCAD,BREAKOUT_RETEST,OOS,2018-01-02,2026-07-30,8.57,61,39.34426229508197,1.1355537951586872,-0.9545582767626155,-0.015648496340370747,0.9716657471674148,-0.03402934039401819,-9.03867308958195,1.3639433554822349,-0.9105188867117909,-0.015648496340370747,-1.3939663052030427,-0.16362459078888003,7.1160172468859795,-0.09963225331163712,0.9206362867772628
B_D1,USDCAD,BREAKOUT_RETEST,OOS_HIGH_VOLATILITY,2018-04-08,2026-05-04,8.07,20,50.0,0.8427712156120281,0.27083350801078776,0.013541675400539388,1.0276924650604151,0.018590546983834413,-2.7835913950240765,1.0050876830984152,-0.9780043322973364,0.013541675400539388,0.1465553284908383,0.018146200826318903,2.477951153324288,0.05281542700660267,0.9578789696826737
B_D1,USDCAD,BREAKOUT_RETEST,ALL_HIGH_VOLATILITY,2005-03-22,2026-05-04,21.12,54,44.44444444444444,5.649715730151252,4.365530240514662,0.08084315260212337,1.1445437460424175,0.09874200428639077,-6.299025389504442,1.440319531786659,-1.0067379507455052,0.08084315260212337,3.9897151132678887,0.1854335201019186,2.557176196032672,0.4537519367560758,0.6500073807231024
B_D1,USDCAD,BREAKOUT_RETEST,OOS_LOW_VOLATILITY,2018-01-02,2026-07-30,8.57,41,34.146341463414636,0.2927825795466603,-1.2253917847734055,-0.029887604506668428,0.9487480105466887,-0.05116500186542053,-10.116415064531282,1.6202688357563926,-0.8855242772356627,-0.029887604506668428,-1.5382672211148307,-0.18067922589884988,4.782896838070904,-0.14980262231124686,0.8809203404009336
B_D1,USDCAD,BREAKOUT_RETEST,ALL_LOW_VOLATILITY,2004-04-18,2026-07-30,22.28,112,37.5,4.460530695259095,0.9443941509773492,0.008432090633726333,1.014494353133049,0.014571862076029802,-11.365461784176844,1.5738190368802476,-0.9308000771141863,0.008432090633726333,0.015556649713110993,0.0006981622287405287,5.026787908577046,0.06878263075211709,0.945162643991615
B_D1,USDCAD,BREAKOUT_RETEST,OOS_TRENDING,2018-07-30,2025-05-27,6.83,14,57.14285714285714,1.3414167249119584,0.9485127799562717,0.06775091285401941,1.1532872283412645,0.08697092899674977,-4.062298064608305,0.8920407842187131,-1.031302248965572,0.06775091285401941,0.8713901284396641,0.12719536081642335,2.0511432009626955,0.22721664140788,0.8202552881139649
B_D1,USDCAD,BREAKOUT_RETEST,ALL_TRENDING,2003-10-28,2025-05-27,21.58,59,44.06779661016949,5.740281383356712,4.305642204278006,0.07297698651318654,1.1273257936038752,0.09121298124838575,-7.262399044786427,1.4662149440322763,-1.024725646683672,0.07297698651318654,3.8725996829358733,0.17622282481208895,2.734045927429586,0.4237207707621166,0.6717694653425692
B_D1,USDCAD,BREAKOUT_RETEST,OOS_RANGING,2018-01-02,2026-07-30,8.57,32,34.375,0.7447733412744935,-0.4909135973937264,-0.01534104991855395,0.9726864704465117,-0.023599781224567407,-7.725692063235923,1.5893056469854907,-0.855870272106387,-0.01534104991855395,-0.7314697719912555,-0.08560730182380905,3.7329926541041205,-0.06909623735988248,0.9449130160241324
B_D1,USDCAD,BREAKOUT_RETEST,ALL_RANGING,2005-06-21,2026-07-30,21.11,73,35.61643835616438,-0.7061107669794344,-3.0896581872868154,-0.042324084757353636,0.9284171793759289,-0.062105966414251014,-8.512948157940514,1.5412441756644695,-0.918340569246022,-0.042324084757353636,-3.5991946480477988,-0.173522500205181,3.4587170839278762,-0.2853232975629688,0.7753964654874326
B_D1,USDCAD,MEAN_REVERSION,ALL,2005-05-16,2026-08-23,21.27,53,50.943396226415096,1.3500054782372077,-0.3036368427711478,-0.005728997033417883,0.9885124189558268,-0.009018759649610242,-9.872277496826475,0.967707806071599,-1.0166056771809353,-0.005728997033417883,-0.5635903615918925,-0.026567926866039038,2.4917299523748233,-0.04159434230145268,0.9668220835297636
B_D1,USDCAD,MEAN_REVERSION,TRAIN,2008-08-04,2013-12-03,5.33,17,41.17647058823529,-2.6499945217627796,-3.0681208470401975,-0.1804776968847175,0.6893092971478657,-0.32298837395330715,-3.0735954824322564,0.9724343697185474,-0.987516143507003,-0.1804776968847175,-3.1015530448992523,-0.5893106504276657,3.1891371340523884,-0.7457182187497451,0.4558376512237552
B_D1,USDCAD,MEAN_REVERSION,VALID,2014-01-14,2017-07-13,3.49,6,0.0,-6.00000000000001,-6.181026642827307,-1.0301711071378845,0.0,-218.69678120859612,-5.047215589570342,0.0,-1.0301711071378845,-1.0301711071378845,-6.024009399424479,-1.762749928415519,1.7174764890282133,-408.76397710221244,0.0
B_D1,USDCAD,MEAN_REVERSION,OOS,2018-01-04,2026-08-23,8.63,28,64.28571428571429,8.000000000000005,7.000504913924827,0.25001803264017236,1.6747110740860227,0.4607178964283385,-3.158965765314914,0.9653369134851005,-1.0375559528806984,0.25001803264017236,7.103943926895218,0.7981882428429232,3.2435775451950524,1.3536361862153754,0.17585247623079137
B_D1,USDCAD,MEAN_REVERSION,OOS_HIGH_VOLATILITY,2020-09-01,2020-12-07,0.27,2,100.0,2.0000000000000053,1.936113174456973,0.9680565872284865,inf,7357.65979067977,0.0,0.9680565872284865,0.0,0.9680565872284865,1.9454845093658912,,7.530927835051547,3791.6693463305337,0.0
B_D1,USDCAD,MEAN_REVERSION,ALL_HIGH_VOLATILITY,2008-08-04,2020-12-07,12.34,8,37.5,-1.9999999999999987,-2.1882265200725888,-0.2735283150090736,0.5708172149635596,-0.21383220227730193,-3.0735954824322564,0.9701207437690234,-1.0197177502759318,-0.2735283150090736,-2.2037819111626056,-0.18039018666708984,0.6481810115350488,-0.7512248578565925,0.45251734257707654
B_D1,USDCAD,MEAN_REVERSION,OOS_LOW_VOLATILITY,2018-01-04,2026-08-23,8.63,26,61.53846153846154,5.999999999999998,5.0643917394678555,0.1947842976718406,1.4881078196705384,0.3402284073304382,-3.158965765314914,0.9649969542671774,-1.0375559528806984,0.1947842976718406,5.060017559733532,0.5734528625141566,3.011893434823977,0.9996257738438868,0.3174916452980132
B_D1,USDCAD,MEAN_REVERSION,ALL_LOW_VOLATILITY,2005-05-16,2026-08-23,21.27,45,53.333333333333336,3.350005478237205,1.8845896773014417,0.0418797706066987,1.0883408636330978,0.06078793290294613,-8.751769890269735,0.967406188859421,-1.0158647073964122,0.0418797706066987,1.6771523292247625,0.0782259290607712,2.1156197708842837,0.2803527521738702,0.7792068823520797
B_D1,USDCAD,MEAN_REVERSION,OOS_RANGING,2018-01-04,2026-08-23,8.63,28,64.28571428571429,8.000000000000005,7.000504913924827,0.25001803264017236,1.6747110740860227,0.4607178964283385,-3.158965765314914,0.9653369134851005,-1.0375559528806984,0.25001803264017236,7.103943926895218,0.7981882428429232,3.2435775451950524,1.3536361862153754,0.17585247623079137
B_D1,USDCAD,MEAN_REVERSION,ALL_RANGING,2005-05-16,2026-08-23,21.27,53,50.943396226415096,1.3500054782372077,-0.3036368427711478,-0.005728997033417883,0.9885124189558268,-0.009018759649610242,-9.872277496826475,0.967707806071599,-1.0166056771809353,-0.005728997033417883,-0.5635903615918925,-0.026567926866039038,2.4917299523748233,-0.04159434230145268,0.9668220835297636
B_D1,USDCAD,MOMENTUM,ALL,2003-11-10,2026-07-28,22.71,185,40.0,-4.373266406304822,-9.631155840757724,-0.052060301841933644,0.9092201102859628,-0.12195696455161369,-21.420823210671138,1.3035451334912826,-0.9557972587307444,-0.052060301841933644,-10.409903704572676,-0.48280198546442055,8.145039778206364,-0.5812271141173333,0.5610873958791505
B_D1,USDCAD,MOMENTUM,TRAIN,2006-01-04,2013-12-26,7.98,67,32.83582089552239,-17.207743543652878,-18.869750920425872,-0.2816380734391921,0.562941092881917,-0.748846282682712,-18.803596686550584,1.1047562397978103,-0.9594308487995046,-0.2816380734391921,-17.541514328715547,-2.3893804166526755,8.400875386199793,-2.114792727626699,0.03444761697551657
B_D1,USDCAD,MOMENTUM,VALID,2014-02-21,2017-12-19,3.82,32,50.0,5.963288699197674,5.110105871944366,0.15969080849826145,1.3382954232733337,0.36911579116487103,-6.98653989421838,1.2634724767137444,-0.9440908597172215,0.15969080849826145,4.98516346767699,1.2800629882912196,8.366499642090194,0.7218811739447595,0.47036753673553666
B_D1,USDCAD,MOMENTUM,OOS,2018-02-07,2026-07-28,8.47,66,42.42424242424242,6.41352663135638,4.1487475826240665,0.0628598118579404,1.1146147378104572,0.13638579252617242,-7.6186146047481085,1.4409313719122245,-0.9525613376557426,0.0628598118579404,3.678563716029748,0.4275108732160193,7.793889427740058,0.39688435485054424,0.6914527417654044
B_D1,USDCAD,MOMENTUM,OOS_HIGH_VOLATILITY,2018-04-24,2026-05-18,8.07,22,36.36363636363637,-2.57979361104371,-3.247849492522602,-0.147629522387391,0.7633465155354597,-0.200211639689213,-6.597358663650088,1.3095278306963944,-0.9802908670066969,-0.147629522387391,-3.3480421159906903,-0.4213137188495475,2.727596741344196,-0.5686048783108559,0.5696243134885288
B_D1,USDCAD,MOMENTUM,ALL_HIGH_VOLATILITY,2004-03-28,2026-05-18,22.14,61,31.147540983606557,-16.349665788435576,-17.851801021881517,-0.29265247576854947,0.5512182052943136,-0.44943125736459644,-18.714977000013878,1.154029095119132,-0.947103662598691,-0.29265247576854947,-16.66288887808389,-0.8199735590252555,2.7554105861983675,-2.114633119901258,0.034461228575442426
B_D1,USDCAD,MOMENTUM,OOS_LOW_VOLATILITY,2018-02-07,2026-07-28,8.47,44,45.45454545454545,8.993320242400094,7.396597075146666,0.16810447898060604,1.329128818221113,0.2901250123044198,-5.3385923097296395,1.4934927883985563,-0.9363857788676858,0.16810447898060604,7.270008788081728,0.8321809828960136,5.195926285160039,0.8442673991306634,0.3985199991894066
B_D1,USDCAD,MOMENTUM,ALL_LOW_VOLATILITY,2004-03-09,2026-07-28,22.38,121,43.80165289256198,11.460658873768663,7.7739450670367845,0.06424747989286599,1.1190648985611837,0.1170835985845096,-11.159756721699686,1.378596352484239,-0.9601714943327628,0.06424747989286599,7.037225113489209,0.30427029563555585,5.405485567514677,0.5539510516237828,0.5796123452308692
B_D1,USDCAD,MOMENTUM,OOS_TRENDING,2018-08-13,2025-04-01,6.63,16,43.75,0.9876027430497494,0.5324070876599962,0.033275442978749764,1.0574193474799132,0.03861779883433324,-3.062702030677744,1.4006666491739515,-1.0302510507286293,0.033275442978749764,0.3995487781708551,0.06012720012680273,2.411886091621956,0.09946473059882034,0.9207692899038409
B_D1,USDCAD,MOMENTUM,ALL_TRENDING,2003-11-10,2025-04-01,21.39,61,36.0655737704918,-8.720625059212727,-10.21666444485787,-0.16748630237471918,0.7316110366165852,-0.23840496288983135,-13.988894125319717,1.2659077080853567,-0.9760675390445055,-0.16748630237471918,-10.098743864338166,-0.496445477469043,2.85168949187252,-1.1026281905266349,0.27018866282630505
B_D1,USDCAD,MOMENTUM,OOS_RANGING,2018-02-07,2026-07-28,8.47,37,48.64864864864865,10.807223446805303,9.404974835993817,0.254188509080914,1.525694986166757,0.39584163612125767,-5.046373366389334,1.5164183002063911,-0.9416081351432222,0.254188509080914,9.4953394003094,1.0769666751350604,4.369301648884578,1.151904091071811,0.24936048692988222
B_D1,USDCAD,MOMENTUM,ALL_RANGING,2005-06-15,2026-07-28,21.12,88,43.18181818181818,10.189105973112936,7.338133869082274,0.08338788487593493,1.1548035708293063,0.13140790124986326,-11.410656054802503,1.4405527887344127,-0.9480574420565081,0.08338788487593493,6.832974829814331,0.3134908362698363,4.167250097238428,0.603862460845295,0.5459350883713934
B_D1,USDCAD,TREND_PULLBACK,ALL,2003-11-10,2025-05-11,21.5,67,31.343283582089555,-10.282907543605395,-11.866659337949228,-0.17711431847685416,0.7223033667182194,-0.26058838122296546,-14.478824966143677,1.4697998710394953,-0.9289664484734486,-0.17711431847685416,-11.618106422359642,-0.5727770403405108,3.1162294664459442,-1.2083082325618946,0.22692872298969657
B_D1,USDCAD,TREND_PULLBACK,TRAIN,2006-02-20,2009-12-01,3.78,21,28.57142857142857,-4.949985684641407,-5.36451672785498,-0.25545317751690383,0.5973313923968666,-0.535496413880807,-6.8055686254587915,1.326315728815609,-0.8881607400499089,-0.25545317751690383,-5.349069107653492,-1.4444964764144697,5.558152173913044,-1.040880800085744,0.2979308736410107
B_D1,USDCAD,TREND_PULLBACK,VALID,2014-03-06,2017-09-21,3.55,12,50.0,3.290236907608281,2.9778683326097655,0.2481556943841471,1.48265549648072,0.32713297081750053,-3.037150732238081,1.5246046380675267,-1.0282932492992327,0.2481556943841471,2.90930952578925,0.8121303690171722,3.3845559845559845,0.6159764230793651,0.5379100806143255
B_D1,USDCAD,TREND_PULLBACK,OOS,2018-07-12,2025-05-11,6.83,22,22.727272727272727,-6.845234244305216,-7.440324279900448,-0.3381965581772931,0.5284341304554941,-0.5151322583649314,-8.046128829883381,1.6675173268811054,-0.9281124067238808,-0.3381965581772931,-7.316711451439528,-1.1061583006096165,3.22064128256513,-1.346352898303009,0.17818873358991527
B_D1,USDCAD,TREND_PULLBACK,OOS_HIGH_VOLATILITY,2020-04-27,2025-05-11,5.04,16,18.75,-6.8452342443052085,-7.255059787925736,-0.4534412367453585,0.37752798435996077,-0.7733764969826493,-6.891190886305498,1.4667262298960921,-0.8965568059703088,-0.4534412367453585,-7.089438582995933,-1.4490657521462835,3.1760869565217393,-1.7358203233416454,0.08259560942562394
B_D1,USDCAD,TREND_PULLBACK,ALL_HIGH_VOLATILITY,2004-03-08,2025-05-11,21.17,40,30.0,-6.271735013497678,-7.143546437910795,-0.17858866094776987,0.722280830042957,-0.2026273806238062,-8.975306975517361,1.54822065140561,-0.9186497948135043,-0.17858866094776987,-7.165241634271469,-0.3505091285986528,1.8890612878200157,-0.9324060909303208,0.3511266981996062
B_D1,USDCAD,TREND_PULLBACK,OOS_LOW_VOLATILITY,2018-07-12,2025-01-07,6.49,6,33.33333333333333,-8.43769498715119e-15,-0.18526449197471018,-0.030877415329118363,0.955062039291347,-0.019165902403884945,-3.0592811841226086,1.9687039723586253,-1.0306681091729901,-0.030877415329118363,-0.24461467563794415,-0.0377216752030507,0.9242935470265711,-0.048831485597415486,0.9610535902186332
B_D1,USDCAD,TREND_PULLBACK,ALL_LOW_VOLATILITY,2004-05-20,2025-01-07,20.64,23,30.434782608695656,-3.526913038469793,-4.153154616592603,-0.18057193985185233,0.7225704543775913,-0.15252880254479964,-9.394673684471599,1.54528129793362,-0.9356327313829966,-0.18057193985185233,-4.235651389400042,-0.20951770779388257,1.1146013002520898,-0.6928767780764838,0.4883868839688299
B_D1,USDCAD,TREND_PULLBACK,OOS_TRENDING,2018-07-12,2025-05-11,6.83,22,22.727272727272727,-6.845234244305216,-7.440324279900448,-0.3381965581772931,0.5284341304554941,-0.5151322583649314,-8.046128829883381,1.6675173268811054,-0.9281124067238808,-0.3381965581772931,-7.316711451439528,-1.1061583006096165,3.22064128256513,-1.346352898303009,0.17818873358991527
B_D1,USDCAD,TREND_PULLBACK,ALL_TRENDING,2003-11-10,2025-05-11,21.5,67,31.343283582089555,-10.282907543605395,-11.866659337949228,-0.17711431847685416,0.7223033667182194,-0.26058838122296546,-14.478824966143677,1.4697998710394953,-0.9289664484734486,-0.17711431847685416,-11.618106422359642,-0.5727770403405108,3.1162294664459442,-1.2083082325618946,0.22692872298969657
B_D1,USDCHF,BREAKOUT_RETEST,ALL,2003-11-11,2026-07-23,22.7,170,40.0,0.8570159514288944,-3.301187011658344,-0.019418747127402023,0.9668492459987966,-0.0419378935833851,-13.959808346264902,1.415880391264118,-0.976284839388415,-0.019418747127402023,-4.544801380506991,-0.20472304410836806,7.490048250904704,-0.19979690956174193,0.8416394184107079
B_D1,USDCHF,BREAKOUT_RETEST,TRAIN,2006-01-06,2013-12-16,7.94,69,36.231884057971016,-6.053535074533541,-7.58615019574906,-0.10994420573549361,0.8235783602412562,-0.2598049990902999,-8.998642322806505,1.4165584555959767,-0.9772752633101928,-0.10994420573549361,-7.79610876206821,-1.0167386156602065,8.687435367114789,-0.7321941513433948,0.46405007362772244
B_D1,USDCHF,BREAKOUT_RETEST,VALID,2014-01-13,2017-11-27,3.87,23,34.78260869565217,-0.5933989306060088,-1.1415190386087368,-0.04963126254820595,0.9204962844659919,-0.09123339781379707,-8.571461184442208,1.6520674955704826,-0.9572039335448399,-0.04963126254820595,-1.325358422775913,-0.34404875604088225,5.941124469589816,-0.17950784865240152,0.8575389550936081
B_D1,USDCHF,BREAKOUT_RETEST,OOS,2018-01-04,2026-07-23,8.55,57,49.122807017543856,10.784255249069485,9.168342259840898,0.16084810982177014,1.3284640053806205,0.3274480651239056,-5.4505845587402675,1.3243256579639542,-0.9625095228672352,0.16084810982177014,9.104214204108185,1.0246065253727288,6.668561819346572,0.9573346223338967,0.33839838545182976
B_D1,USDCHF,BREAKOUT_RETEST,OOS_HIGH_VOLATILITY,2018-03-13,2026-04-16,8.09,18,55.55555555555556,3.6863134605879218,3.261408968268766,0.18118938712604254,1.4421970735412317,0.23235009448391597,-4.239330503549798,1.063687380830159,-0.9219331050041032,0.18118938712604254,3.1941265120694062,0.3892569926305267,2.224120433017591,0.66099771165015,0.5086137810943225
B_D1,USDCHF,BREAKOUT_RETEST,ALL_HIGH_VOLATILITY,2004-03-08,2026-04-16,22.11,57,45.614035087719294,2.7407875584951524,1.6457340402671459,0.02887252702223063,1.054295478222481,0.03813035157079701,-7.68333934748947,1.2290936796308711,-0.9777645687140486,0.02887252702223063,1.241270229879854,0.05582226586868799,2.578554619767154,0.1792751397931859,0.8577216661781113
B_D1,USDCHF,BREAKOUT_RETEST,OOS_LOW_VOLATILITY,2018-01-04,2026-07-23,8.55,39,46.15384615384615,7.097941788481563,5.906933291572133,0.15145982798902904,1.2876196011560304,0.2434565917599155,-6.132295247238428,1.4691247008160628,-0.977967205862714,0.15145982798902904,5.727155112212179,0.6536758847641266,4.562700192184497,0.7117752375143319,0.4766039689406252
B_D1,USDCHF,BREAKOUT_RETEST,ALL_LOW_VOLATILITY,2004-08-01,2026-07-23,21.97,110,37.27272727272727,-1.8837716070662518,-4.892534213336234,-0.04447758375760213,0.927229747218402,-0.07692990420480098,-12.065024200815689,1.5204897165022102,-0.9743856897090847,-0.04447758375760213,-5.635661939284454,-0.2636319658252839,5.005918265636681,-0.36061987378098653,0.7183836305506242
B_D1,USDCHF,BREAKOUT_RETEST,OOS_TRENDING,2020-03-24,2026-04-16,6.06,19,42.10526315789473,-0.16601111424964377,-0.6587230155156061,-0.03466963239555822,0.9371158520414362,-0.049875384967741195,-5.421358102435059,1.227057613054898,-0.9522894472686172,-0.03466963239555822,-0.7913294301443385,-0.13098132848644584,3.1344850948509486,-0.1227947945492612,0.9022695964127772
B_D1,USDCHF,BREAKOUT_RETEST,ALL_TRENDING,2003-11-11,2026-04-16,22.43,64,45.3125,7.551486575205751,6.226144669277264,0.09728351045745726,1.1807215391968524,0.12591365417146552,-5.421358102435059,1.4026805624489855,-0.9843311897640946,0.09728351045745726,5.854950581367291,0.2540155764345853,2.853515625,0.596310816907693,0.5509676061910143
B_D1,USDCHF,BREAKOUT_RETEST,OOS_RANGING,2018-01-04,2026-07-23,8.55,21,42.857142857142854,0.8633677762089502,0.17458073990656997,0.008313368566979522,1.0145300871933007,0.010035418031917117,-4.464116028085241,1.354411183141784,-1.0012599923641237,0.008313368566979522,0.006890591059782736,0.000806121659713277,2.4568385650224216,0.02933977676097364,0.9765936032786766
B_D1,USDCHF,BREAKOUT_RETEST,ALL_RANGING,2004-10-03,2026-07-23,21.8,69,34.78260869565217,-5.230978444748299,-7.153150993863782,-0.10366885498353307,0.8359742352022356,-0.14501211328874367,-10.444048358752145,1.519032172261231,-0.9691094028474072,-0.10366885498353307,-7.414859845348964,-0.3527534656664444,3.1649190003767425,-0.6770917578306271,0.4983477380355077
B_D1,USDCHF,MEAN_REVERSION,ALL,2004-10-20,2024-08-05,19.79,31,54.83870967741935,2.2021071015482923,1.3297027620814217,0.04289363748649747,1.0923395050308702,0.053775693827531806,-2.3340035620657784,0.9252854812533868,-1.0285821728018683,0.04289363748649747,1.1869017069345622,0.059633671224013085,1.5662954765527737,0.23923792256776624,0.8109210983271224
B_D1,USDCHF,MEAN_REVERSION,TRAIN,2006-04-30,2013-03-12,6.87,11,45.45454545454545,-1.0000000000000189,-1.2743976297619257,-0.11585432997835689,0.7931448488679442,-0.14010414680571803,-2.221181484027812,0.9772847424136977,-1.0268035569717355,-0.11585432997835689,-1.3211652645601646,-0.19350139943022926,1.6019736842105263,-0.3671298049068734,0.7135221961310445
B_D1,USDCHF,MEAN_REVERSION,VALID,2014-07-31,2016-02-11,1.53,4,75.0,2.0000000000000124,1.8828413741396188,0.4707103435349047,2.819638752783998,0.7574655089495068,-1.0347336092171755,0.9725249944522633,-1.0347336092171713,0.4707103435349047,1.8808204418050645,1.2227531199251462,2.6089285714285717,0.937911289233773,0.3482900010694814
B_D1,USDCHF,MEAN_REVERSION,OOS,2018-01-18,2024-08-05,6.55,13,61.53846153846154,2.2021071015482843,1.7987731334247838,0.13836716410959876,1.3490694296056394,0.1979800106944758,-1.867958250103885,0.8689782172563952,-1.0306105209252756,0.13836716410959876,1.7545684781352655,0.26605757937545604,1.9858845671267251,0.5065426512405276,0.6124757560389797
B_D1,USDCHF,MEAN_REVERSION,OOS_HIGH_VOLATILITY,2022-12-16,2022-12-16,0.0,1,100.0,0.2021071015482643,0.18381602344101655,0.18381602344101655,inf,0.0,0.0,0.18381602344101655,0.0,0.18381602344101655,0.1838160234410191,,999999999.9999999,0.0,1.0
B_D1,USDCHF,MEAN_REVERSION,ALL_HIGH_VOLATILITY,2009-05-31,2022-12-16,13.54,3,100.0,2.202107101548266,2.1514108200175186,0.7171369400058395,inf,0.7307479392477577,0.0,0.7171369400058395,0.0,0.7171369400058395,2.1647239382077244,0.1582469885239135,0.22149787750151606,2.689325947973919,0.0071596472554213975
B_D1,USDCHF,MEAN_REVERSION,OOS_LOW_VOLATILITY,2018-01-18,2024-08-05,6.55,12,58.333333333333336,2.0000000000000195,1.6149571099837672,0.13457975916531392,1.3133981416246108,0.1771472706894779,-2.0480097035481593,0.9668585306585921,-1.0306105209252756,0.13457975916531392,1.5678704575664337,0.2379328604450892,1.8331242158092849,0.45324095013585786,0.6503752481178751
B_D1,USDCHF,MEAN_REVERSION,ALL_LOW_VOLATILITY,2004-10-20,2024-08-05,19.79,28,50.0,2.5646151868841116e-14,-0.821708057936098,-0.029346716354860643,0.9429375364830211,-0.03430162645488793,-3.483859274711565,0.9698887400921469,-1.0285821728018683,-0.029346716354860643,-0.9571035809430417,-0.048579393779157876,1.4147184949508924,-0.1526014686129726,0.8787125667801992
B_D1,USDCHF,MEAN_REVERSION,OOS_RANGING,2018-01-18,2024-08-05,6.55,13,61.53846153846154,2.2021071015482843,1.7987731334247838,0.13836716410959876,1.3490694296056394,0.1979800106944758,-1.867958250103885,0.8689782172563952,-1.0306105209252756,0.13836716410959876,1.7545684781352655,0.26605757937545604,1.9858845671267251,0.5065426512405276,0.6124757560389797
B_D1,USDCHF,MEAN_REVERSION,ALL_RANGING,2004-10-20,2024-08-05,19.79,31,54.83870967741935,2.2021071015482923,1.3297027620814217,0.04289363748649747,1.0923395050308702,0.053775693827531806,-2.3340035620657784,0.9252854812533868,-1.0285821728018683,0.04289363748649747,1.1869017069345622,0.059633671224013085,1.5662954765527737,0.23923792256776624,0.8109210983271224
B_D1,USDCHF,MOMENTUM,ALL,2003-10-07,2026-08-20,22.87,187,40.106951871657756,-3.2715513565536467,-7.824033593440898,-0.041839751836582346,0.9301614518916775,-0.09483894719315814,-17.304630525611486,1.389416903997175,-1.0002705481538305,-0.041839751836582346,-8.879099698361282,-0.40575945221925647,8.176912486531785,-0.4535371353563006,0.6501620092813472
B_D1,USDCHF,MOMENTUM,TRAIN,2006-01-04,2013-12-31,7.99,72,45.83333333333333,12.73311836873848,11.114898951291398,0.15437359654571386,1.2834420584090938,0.34238297606287066,-6.402024760023927,1.5251183716479113,-1.0054873670022995,0.15437359654571386,11.027005383003452,1.3179426509458692,9.012337217272105,0.9677422322475926,0.33317312071154337
B_D1,USDCHF,MOMENTUM,VALID,2014-01-28,2017-12-11,3.87,28,39.285714285714285,-2.0769572751721723,-2.7570404275812033,-0.09846572955647155,0.8388981823325096,-0.21233041473497258,-6.059940845911493,1.305146497245741,-1.0066854057226091,-0.09846572955647155,-2.9239606966169895,-0.7641576730980759,7.237791932059448,-0.41762662322730604,0.6762201283886782
B_D1,USDCHF,MOMENTUM,OOS,2018-03-12,2026-08-20,8.44,67,38.80597014925373,-5.707616678294171,-7.567864643722673,-0.11295320363765184,0.8127359820288396,-0.2653870995306084,-13.249699522920544,1.26326701933255,-0.9856782230821701,-0.11295320363765184,-7.729630785514951,-0.9485479369245153,7.937641907233214,-0.7710303225879757,0.44068895861614577
B_D1,USDCHF,MOMENTUM,OOS_HIGH_VOLATILITY,2018-03-12,2026-05-03,8.14,30,50.0,4.090665283449941,3.3916743872357262,0.11305581290785754,1.2462195578121003,0.18350252393685937,-3.0303665231344756,1.1444449532935825,-0.9183333274778674,0.11305581290785754,3.239533067556555,0.39232031067772954,3.6844317417619368,0.5236214292833269,0.6005418737346195
B_D1,USDCHF,MOMENTUM,ALL_HIGH_VOLATILITY,2006-05-30,2026-05-03,19.93,65,50.76923076923077,14.594215177244598,13.303518341187416,0.20466951294134486,1.4376822672138625,0.2898173893475619,-6.402024760023939,1.324209006714049,-0.9498555900117565,0.20466951294134486,13.624738433428263,0.6430835725021788,3.2620568837592745,1.2937052881171145,0.19576723805673613
B_D1,USDCHF,MOMENTUM,OOS_LOW_VOLATILITY,2018-05-24,2026-08-20,8.24,37,29.72972972972973,-9.798281961744115,-10.959539030958398,-0.29620375759347023,0.5885720271716971,-0.524396140280839,-12.215669568946186,1.425297109385687,-1.0245310474692677,-0.29620375759347023,-10.624964611079468,-1.3538118834120372,4.4897840531561455,-1.50538513057577,0.13222508971465663
B_D1,USDCHF,MOMENTUM,ALL_LOW_VOLATILITY,2004-05-05,2026-08-20,22.29,117,35.04273504273504,-15.865766533798244,-19.039402058671914,-0.162729932125401,0.7545365904440605,-0.3006812943712293,-20.220571606961258,1.427456857179023,-1.0205938579343663,-0.162729932125401,-18.080268992045,-0.8906540367667026,5.248618275607959,-1.4196354898145973,0.15571382773542686
B_D1,USDCHF,MOMENTUM,OOS_TRENDING,2020-04-05,2026-05-03,6.08,27,40.74074074074074,1.3669253157753645,0.6880481744745428,0.025483265721279364,1.0470022724220236,0.04226628892075065,-3.9475983429189565,1.3933330243008017,-0.9149134433021422,0.025483265721279364,0.48039273563758034,0.07891500380046157,4.444231635872014,0.10417839354873386,0.9170277801103037
B_D1,USDCHF,MOMENTUM,ALL_TRENDING,2003-10-07,2026-05-03,22.57,76,42.10526315789473,4.502360126109546,2.9209652684999767,0.03843375353289443,1.068143753561194,0.05454024191675096,-8.724588355953177,1.4308037434034722,-0.9741989663729804,0.03843375353289443,2.3237373866569877,0.10182690916029635,3.3671761280931585,0.25911403611562966,0.7955472552960732
B_D1,USDCHF,MOMENTUM,OOS_RANGING,2019-01-21,2024-07-25,5.51,19,36.84210526315789,-5.052487923768635,-5.652137182654544,-0.29748090435023916,0.5437609997352468,-0.5102056372131851,-9.10699939338927,0.9623439103807778,-1.0323787129433322,-0.29748090435023916,-5.602867469113759,-1.0412669487191217,3.449179920477137,-1.1974685848165698,0.23112396518788825
B_D1,USDCHF,MOMENTUM,ALL_RANGING,2004-09-21,2024-07-25,19.84,74,39.189189189189186,-4.588050451213159,-6.5866431220737205,-0.08900869083883406,0.8553652473174906,-0.13793617272328518,-13.325033963882127,1.3432135963920848,-1.0119963870543152,-0.08900869083883406,-6.903948269208316,-0.35990556034466437,3.7296122533462124,-0.6144155378018726,0.5389407708226179
B_D1,USDCHF,TREND_PULLBACK,ALL,2003-10-14,2026-04-28,22.54,85,41.17647058823529,3.292358485044993,1.412373665403189,0.016616160769449283,1.0297575556367313,0.02570964270199028,-11.192635173051645,1.3964304164207872,-0.949253818186487,0.016616160769449283,0.7570160936102077,0.03346755309372451,3.7714103498542277,0.1220544476495533,0.9028558975775842
B_D1,USDCHF,TREND_PULLBACK,TRAIN,2006-05-29,2012-09-30,6.34,32,50.0,8.93664339762465,8.306384564952882,0.25957451765477757,1.5932153459978575,0.4539701684450415,-4.121697406090352,1.3942933464134522,-0.8751443111038971,0.25957451765477757,8.374038155344522,1.2763325662124458,5.046632124352332,1.143145419249869,0.252978219266188
B_D1,USDCHF,TREND_PULLBACK,VALID,2014-10-16,2017-11-20,3.1,13,30.76923076923077,-2.1194817872960865,-2.406330695555753,-0.1851023611965964,0.6930562441091564,-0.3260784135843801,-3.125973144986216,1.358329076532449,-0.871071889076172,-0.1851023611965964,-2.4587242697034495,-0.8007324337165889,4.198275862068965,-0.5737969554862298,0.5661052092116123
B_D1,USDCHF,TREND_PULLBACK,OOS,2020-04-09,2026-04-28,6.05,25,32.0,-7.925970197664752,-8.596778844379621,-0.34387115377518485,0.507937521500414,-0.6409750220967879,-10.712647525374198,1.109266284745041,-1.0277005366082324,-0.34387115377518485,-8.38185181668094,-1.4363841740001604,4.131787330316742,-1.5766748152106587,0.11487036819402352
B_D1,USDCHF,TREND_PULLBACK,OOS_HIGH_VOLATILITY,2020-04-09,2026-04-28,6.05,15,40.0,-2.4253392133710405,-2.822121814412168,-0.18814145429414453,0.6948061497275754,-0.25853581799629055,-5.345251741934421,1.0708099077485933,-1.0274423623226365,-0.18814145429414453,-2.8743432097317445,-0.4808481529411046,2.4790723981900453,-0.6359482023670585,0.5248101835461545
B_D1,USDCHF,TREND_PULLBACK,ALL_HIGH_VOLATILITY,2004-02-20,2026-04-28,22.18,40,45.0,3.425246167891044,2.6414877983954956,0.06603719495988739,1.1341263182624777,0.07310497476814963,-5.345251741934431,1.2408621258999237,-0.8951832030819605,0.06603719495988739,2.383385733653043,0.10622934658228722,1.8030359126249538,0.3443299017889698,0.7305981992414603
B_D1,USDCHF,TREND_PULLBACK,OOS_LOW_VOLATILITY,2023-06-15,2026-01-07,2.57,10,20.0,-5.5006309842937124,-5.774657029967454,-0.5774657029967454,0.2978225092359977,-1.1245560270464972,-7.499165382764817,1.224635415734384,-1.0279909826795277,-0.5774657029967454,-5.670498186531725,-2.2498548003821783,3.8980789754535747,-1.8011744618626686,0.07167538625174386
B_D1,USDCHF,TREND_PULLBACK,ALL_LOW_VOLATILITY,2004-02-25,2026-01-07,21.87,41,36.58536585365854,-1.0218230220283941,-2.04664168952946,-0.049918089988523415,0.9204648970915539,-0.052448588941431076,-9.793018395298203,1.579061121648856,-0.9897137890100886,-0.049918089988523415,-2.3569730093488395,-0.10901679322058433,1.8749530487041441,-0.24526215421680392,0.8062534534872843
B_D1,USDCHF,TREND_PULLBACK,OOS_TRENDING,2020-04-09,2026-04-28,6.05,25,32.0,-7.925970197664752,-8.596778844379621,-0.34387115377518485,0.507937521500414,-0.6409750220967879,-10.712647525374198,1.109266284745041,-1.0277005366082324,-0.34387115377518485,-8.38185181668094,-1.4363841740001604,4.131787330316742,-1.5766748152106587,0.11487036819402352
B_D1,USDCHF,TREND_PULLBACK,ALL_TRENDING,2003-10-14,2026-04-28,22.54,85,41.17647058823529,3.292358485044993,1.412373665403189,0.016616160769449283,1.0297575556367313,0.02570964270199028,-11.192635173051645,1.3964304164207872,-0.949253818186487,0.016616160769449283,0.7570160936102077,0.03346755309372451,3.7714103498542277,0.1220544476495533,0.9028558975775842
B_D1,USDJPY,BREAKOUT_RETEST,ALL,2001-10-31,2026-09-10,24.86,187,37.4331550802139,3.668746002625605,-0.04052199933344269,-0.00021669518360129783,0.999634160027263,-0.00045763038732689294,-18.06128566461227,1.58176789950861,-0.9467032048285138,-0.00021669518360129783,-1.58738363892732,-0.06434524995860835,7.5222191629955955,-0.002281721667270424,0.9981794510893423
B_D1,USDJPY,BREAKOUT_RETEST,TRAIN,2006-01-19,2013-12-02,7.87,73,41.0958904109589,10.321760895306248,9.016869222536155,0.12351875647309801,1.223651322177212,0.2782952458060154,-6.709411789567266,1.6444502151303892,-0.9375962146831517,0.12351875647309801,8.717058104949139,1.0678412540194415,9.277400835073069,0.7806458527455509,0.43501081551329657
B_D1,USDJPY,BREAKOUT_RETEST,VALID,2014-01-03,2017-11-27,3.9,22,36.36363636363637,-4.534895401071211,-4.983063023491889,-0.22650286470417677,0.6517452444097032,-0.45098427494666654,-4.90476904807543,1.1657011053050081,-1.022047990423711,-0.22650286470417677,-5.0078851542435965,-1.309135721808652,5.642907303370786,-0.8904740777042076,0.3732113814785589
B_D1,USDJPY,BREAKOUT_RETEST,OOS,2018-02-05,2026-09-10,8.59,46,36.95652173913043,-0.05238159857907415,-1.060299081738882,-0.023049980037801784,0.9596465290592389,-0.04296317814475878,-8.867457381771404,1.4832346582427947,-0.9060444231678065,-0.023049980037801784,-1.3954591445256126,-0.1633837946759198,5.352500796431984,-0.12594964443512394,0.8997717849597779
B_D1,USDJPY,BREAKOUT_RETEST,OOS_HIGH_VOLATILITY,2020-03-11,2025-04-14,5.09,15,40.0,-1.442880581786649,-1.65716202979334,-0.11047746865288934,0.8185463568009039,-0.16048650465896971,-4.131149509894739,1.2459233096684834,-1.0147446542004712,-0.11047746865288934,-1.7402488456358278,-0.34414926250754263,2.9455645161290325,-0.36215949689626736,0.7172328448059633
B_D1,USDJPY,BREAKOUT_RETEST,ALL_HIGH_VOLATILITY,2002-08-08,2025-04-14,22.68,69,37.68115942028986,0.00956861649166707,-1.0653705801397397,-0.015440153335358546,0.973806304221566,-0.02108911444611685,-6.457202483067448,1.5233621274134517,-0.945878741695104,-0.015440153335358546,-1.6039137838409268,-0.07125745526831428,3.041913095956548,-0.1004406437879291,0.919994503816359
B_D1,USDJPY,BREAKOUT_RETEST,OOS_LOW_VOLATILITY,2018-02-05,2026-09-10,8.59,31,35.483870967741936,1.3904989832075743,0.5968629480544572,0.01925364348562765,1.0348175552208025,0.02843393333849599,-6.476011810544168,1.612677212010601,-0.8571293192031074,0.01925364348562765,0.35089616761661,0.040766665784808254,3.607120101943294,0.08335611908898025,0.9335683789262512
B_D1,USDJPY,BREAKOUT_RETEST,ALL_LOW_VOLATILITY,2002-04-22,2026-09-10,24.39,113,36.283185840707965,-0.3408226138660592,-2.868911549207658,-0.02538859778059874,0.9578430559104869,-0.042078428266231566,-14.780801885095595,1.5898587278047993,-0.9451822137389504,-0.02538859778059874,-3.7369993523417078,-0.1560582570740099,4.633799259009767,-0.2077926220630682,0.8353908936251535
B_D1,USDJPY,BREAKOUT_RETEST,OOS_TRENDING,2018-05-03,2024-10-06,6.43,19,36.84210526315789,0.3148276110389753,-0.046071190778908866,-0.002424799514679414,0.9956486417635739,-0.003372689075809492,-3.8476429078028063,1.505957320224418,-0.8823143693624864,-0.002424799514679414,-0.1827160426298602,-0.028444879815692214,2.955600511073254,-0.008551262532590516,0.9931771628022699
B_D1,USDJPY,BREAKOUT_RETEST,ALL_TRENDING,2001-10-31,2024-10-06,22.93,77,37.66233766233766,1.4785774072046334,0.10502291344882608,0.0013639339408938452,1.0022872010140935,0.0019188929019691256,-11.707622492214064,1.5869889895744338,-0.9566178705043695,0.0013639339408938452,-0.5345241795122968,-0.023368641179011274,3.357718481375358,0.009189120749927086,0.9926682456085756
B_D1,USDJPY,BREAKOUT_RETEST,OOS_RANGING,2018-02-05,2026-09-10,8.59,16,50.0,6.723939245531555,6.310437061331914,0.39440231633324463,1.8647310186432913,0.3796182710401034,-2.914778447785493,1.7010011604423447,-0.9121965277758557,0.39440231633324463,6.341601195917601,0.7180130368146909,1.8617394074546032,1.112878244190377,0.2657607249396161
B_D1,USDJPY,BREAKOUT_RETEST,ALL_RANGING,2002-12-09,2026-09-10,23.75,81,39.50617283950617,5.937059701727748,4.147524380513863,0.05120400469770201,1.087459116569116,0.07071268398798042,-10.547781131291034,1.6115612698942279,-0.9678048215530906,0.05120400469770201,3.4952874743181095,0.14473915854740227,3.410010373443983,0.34463706342873596,0.7303672383646043
B_D1,USDJPY,MEAN_REVERSION,ALL,2003-09-18,2026-09-09,22.98,52,42.30769230769231,-7.00210594153742,-8.267661688016057,-0.1589934940003088,0.7216787014431463,-0.2416474085863006,-12.061934555079434,0.9744452939685432,-0.9901819385108003,-0.1589934940003088,-8.171222739271823,-0.3703271161149657,2.263226882745472,-1.158296562387546,0.24674303375311957
B_D1,USDJPY,MEAN_REVERSION,TRAIN,2006-10-10,2013-11-29,7.14,19,36.84210526315789,-4.999999999999971,-5.410359370584263,-0.28475575634654016,0.5582954549245024,-0.46926705495141163,-7.114061105278768,0.9769229162607191,-1.020734982034108,-0.28475575634654016,-5.3576294133195645,-0.7685108846424815,2.6619677790563867,-1.25370532004176,0.20994913353013733
B_D1,USDJPY,MEAN_REVERSION,VALID,2014-07-31,2017-04-17,2.71,6,33.33333333333333,-1.9999999999999947,-2.1792082987616395,-0.3632013831269399,0.47102858377637513,-0.5228977808277451,-4.056500353151926,0.9702503455172282,-1.0299272474490242,-0.3632013831269399,-2.185684983692926,-0.8111975236931634,2.2114026236125124,-0.8613080646212479,0.3890683951699476
B_D1,USDJPY,MEAN_REVERSION,OOS,2018-01-17,2026-09-09,8.64,20,60.0,4.997894058462544,4.475589533938206,0.22377947669691028,1.6213065802671913,0.3522709249648515,-2.034562211036628,0.9732584782363579,-0.900439025612261,0.22377947669691028,4.479413972981439,0.5082625144472219,2.3139056065885333,1.0356642338738526,0.3003588137295812
B_D1,USDJPY,MEAN_REVERSION,OOS_HIGH_VOLATILITY,2020-06-08,2023-05-29,2.97,3,66.66666666666666,1.0000000000000133,0.9316693019848672,0.31055643399495575,1.9157068697267607,0.27136667548574195,-1.0174318144657635,0.9745505582253178,-1.0174318144657684,0.31055643399495575,0.9212393831220744,0.30917949560937963,1.0099078341013825,0.4677095857737066,0.6399922851645834
B_D1,USDJPY,MEAN_REVERSION,ALL_HIGH_VOLATILITY,2009-02-25,2023-05-29,14.25,5,40.0,-0.9999999999999831,-1.1012709260774258,-0.22025418521548518,0.6389716038818911,-0.11960321334937617,-1.0222011659246188,0.9745505582253178,-1.0167906808426872,-0.22025418521548518,-1.1200021239928248,-0.07899085312378373,0.35079715712639264,-0.45154373135112563,0.6515977140068165
B_D1,USDJPY,MEAN_REVERSION,OOS_LOW_VOLATILITY,2018-01-17,2026-09-09,8.64,17,58.82352941176471,3.9978940584625304,3.5439202319533387,0.2084658959972552,1.5728862233078205,0.30125134232986817,-2.046490300913606,0.9730000622385658,-0.8837257700617599,0.2084658959972552,3.5256945035639253,0.40168471906680825,1.9668197656002533,0.8856684402457073,0.375796219545832
B_D1,USDJPY,MEAN_REVERSION,ALL_LOW_VOLATILITY,2003-09-18,2026-09-09,22.98,47,42.5531914893617,-6.002105941537438,-7.166390761938631,-0.15247639919018363,0.7311435899470473,-0.2200279168569172,-10.246574187994362,0.9744347675428656,-0.9872254115850351,-0.15247639919018363,-7.131088963129839,-0.3214751290340989,2.045608913250715,-1.054667133472038,0.29157758835838754
B_D1,USDJPY,MEAN_REVERSION,OOS_RANGING,2018-01-17,2026-09-09,8.64,20,60.0,4.997894058462544,4.475589533938206,0.22377947669691028,1.6213065802671913,0.3522709249648515,-2.034562211036628,0.9732584782363579,-0.900439025612261,0.22377947669691028,4.479413972981439,0.5082625144472219,2.3139056065885333,1.0356642338738526,0.3003588137295812
B_D1,USDJPY,MEAN_REVERSION,ALL_RANGING,2003-09-18,2026-09-09,22.98,52,42.30769230769231,-7.00210594153742,-8.267661688016057,-0.1589934940003088,0.7216787014431463,-0.2416474085863006,-12.061934555079434,0.9744452939685432,-0.9901819385108003,-0.1589934940003088,-8.171222739271823,-0.3703271161149657,2.263226882745472,-1.158296562387546,0.24674303375311957
B_D1,USDJPY,MOMENTUM,ALL,2001-11-16,2026-05-18,24.5,199,40.20100502512563,-1.0910930955810034,-5.187119842311246,-0.026065928855835405,0.9546632152258686,-0.06009951011773925,-23.76079092782406,1.365324132239817,-0.9614542052226605,-0.026065928855835405,-6.473792108207654,-0.2727933066380639,8.122108615487765,-0.2974836310123846,0.7660973032169931
B_D1,USDJPY,MOMENTUM,TRAIN,2006-02-20,2013-10-17,7.66,70,35.714285714285715,-5.9208008378450545,-7.1663590884555335,-0.10237655840650763,0.8274469084794063,-0.2570705092042975,-9.130162861427449,1.3745987673800955,-0.9229184060657314,-0.10237655840650763,-7.381511561292653,-0.9967121315522576,9.144313304721031,-0.7112556495297245,0.476925829269065
B_D1,USDJPY,MOMENTUM,VALID,2014-01-17,2017-12-22,3.93,33,27.27272727272727,-12.96617649712998,-13.696061191525763,-0.4150321573189625,0.44156234512060183,-1.1159810047917964,-12.637619651116793,1.2032905744174296,-1.0219031817201096,-0.4150321573189625,-12.986021894958355,-3.478598900097496,8.399477351916376,-2.2120128255223097,0.02696577875873607
B_D1,USDJPY,MOMENTUM,OOS,2018-04-11,2026-05-18,8.1,66,53.03030303030303,17.090820208721993,15.560548155194853,0.23576588113931596,1.5144875035581487,0.5306849745636293,-7.869385597875622,1.3087229283829793,-0.9756372367164331,0.23576588113931596,16.210449377347103,1.8717267286493477,8.146840148698885,1.5104771568886632,0.1309217138667942
B_D1,USDJPY,MOMENTUM,OOS_HIGH_VOLATILITY,2020-03-18,2025-07-08,5.31,23,60.86956521739131,10.80447761191079,10.390322321280882,0.4517531444035166,2.273097556426189,0.7355562150193043,-3.052890053353674,1.3251266094914311,-0.9068278012887947,0.4517531444035166,10.725851974205636,1.9387969411987616,4.334752321981424,1.6943286066201302,0.09020285755669466
B_D1,USDJPY,MOMENTUM,ALL_HIGH_VOLATILITY,2004-04-12,2025-07-08,21.24,71,36.61971830985916,-8.370138353853148,-9.497514188510959,-0.13376780547198533,0.7768076623025684,-0.20917008129488288,-20.02431517211948,1.271366672863568,-0.9456232818436381,-0.13376780547198533,-9.498678371360182,-0.46884774538654694,3.34314167848395,-0.9639429882579323,0.33507450982223275
B_D1,USDJPY,MOMENTUM,OOS_LOW_VOLATILITY,2018-04-11,2026-05-18,8.1,43,48.837209302325576,6.286342596811205,5.17022583391397,0.12023781009102257,1.2341237436332673,0.21948791559675573,-8.03043346448269,1.2977871409773452,-1.0037865512095578,0.12023781009102257,4.953312442715885,0.5985454157405812,5.307789793849274,0.6247237035392185,0.5321524131816748
B_D1,USDJPY,MOMENTUM,ALL_LOW_VOLATILITY,2002-03-25,2026-05-18,24.15,126,42.06349206349206,6.279045258272135,3.3488636805702643,0.02657828317912908,1.047272083393471,0.04792242290140444,-13.160434792372666,1.3998335033750406,-0.9704426301137931,0.02657828317912908,2.3785868979773417,0.09739518840312655,5.2178571428571425,0.23549297034493072,0.8138261343125375
B_D1,USDJPY,MOMENTUM,OOS_TRENDING,2018-04-11,2026-02-27,7.88,30,46.666666666666664,7.225747828085262,6.566380216855396,0.21887934056184655,1.441864009319128,0.31966395116246865,-6.079141024126466,1.5305011604261913,-0.9287897518194552,0.21887934056184655,6.50514068189203,0.8027595179496139,3.8060090309135117,0.8974688492204048,0.36946878845523035
B_D1,USDJPY,MOMENTUM,ALL_TRENDING,2001-11-16,2026-02-27,24.28,85,40.0,4.01856304327106,2.3986808302507416,0.028219774473538135,1.0505996072825174,0.0417439546526891,-14.395753918745601,1.4648178894929873,-0.9295123022060946,0.028219774473538135,1.7451628191226698,0.07127610312525068,3.5005355733453603,0.205700716822231,0.837024698590989
B_D1,USDJPY,MOMENTUM,OOS_RANGING,2018-07-05,2025-10-06,7.26,15,66.66666666666666,7.145929232099546,6.775077260204052,0.4516718173469368,2.319896833662473,0.5178387242071733,-2.4970550505256983,1.190811272738102,-1.0266070934353937,0.4516718173469368,6.8768416313335745,0.9208811181034227,2.067452830188679,1.3948334336534223,0.1630660742634069
B_D1,USDJPY,MOMENTUM,ALL_RANGING,2003-02-03,2025-10-06,22.67,76,39.473684210526315,-3.491908339959976,-5.146749515553806,-0.06772038836255008,0.8874879688988905,-0.09924962092754128,-12.967864260061535,1.3532414353938218,-0.9944346212471402,-0.06772038836255008,-5.569769303253979,-0.25245322278532045,3.352131385098418,-0.47257978101601,0.6365130103238632
B_D1,USDJPY,TREND_PULLBACK,ALL,2001-11-14,2026-02-23,24.28,101,39.603960396039604,3.007224666452103,1.0521307820633397,0.01041713645607267,1.018418127023272,0.016873138477461483,-13.495606263760784,1.4544218571988765,-0.9364712050146182,0.01041713645607267,0.2638350195574235,0.010854185591524512,4.160398105334386,0.08313599763506897,0.9337434029336216
B_D1,USDJPY,TREND_PULLBACK,TRAIN,2006-01-19,2013-08-14,7.57,31,41.935483870967744,0.3565140071085162,-0.14708830990147592,-0.004744784190370191,0.991503984865717,-0.00776298861984271,-7.034259344031835,1.3204257714617995,-0.9618124077169372,-0.004744784190370191,-0.3748449818428923,-0.04961481397069978,4.096508683068017,-0.021355161322878735,0.9829623414807718
B_D1,USDJPY,TREND_PULLBACK,VALID,2014-12-31,2017-01-31,2.09,18,27.77777777777778,-4.5731275942127825,-4.88296102873724,-0.27127561270762446,0.6076171514773233,-0.670700286821716,-7.51925352106465,1.512283670005844,-0.9572599522128047,-0.27127561270762446,-4.885770342386708,-2.3724484342770635,8.627952755905513,-0.9687481037815351,0.3326708853112461
B_D1,USDJPY,TREND_PULLBACK,OOS,2018-04-04,2026-02-23,7.89,37,37.83783783783784,3.506040344723636,2.6394254319392787,0.07133582248484537,1.1303964683385428,0.11778168225432932,-8.167492729984405,1.634354729696307,-0.8800669906003923,0.07133582248484537,2.3581866492233594,0.29583183147772196,4.6891915336571826,0.3308488496175818,0.740758660101196
B_D1,USDJPY,TREND_PULLBACK,OOS_HIGH_VOLATILITY,2019-09-02,2025-06-09,5.77,15,53.333333333333336,8.747815104566339,8.491163518011476,0.5660775678674317,2.5698568027063287,0.668937579230514,-2.0196995582629995,1.7375051574796117,-0.7726968202607738,0.5660775678674317,8.695708832561877,1.4559322923272777,2.600261034646417,1.6066554431704905,0.1081299729272387
B_D1,USDJPY,TREND_PULLBACK,ALL_HIGH_VOLATILITY,2002-07-28,2025-06-09,22.87,52,38.46153846153847,-0.23508788044898415,-1.0541400773592726,-0.020271924564601397,0.9648690817574855,-0.024692153152345225,-10.635624327836412,1.4475954790935874,-0.9376890518509695,-0.020271924564601397,-1.432859635452588,-0.06309522512718546,2.274066091954023,-0.11807530947318051,0.9060079867642323
B_D1,USDJPY,TREND_PULLBACK,OOS_LOW_VOLATILITY,2018-04-04,2026-02-23,7.89,22,27.27272727272727,-5.241774759842702,-5.851738086072198,-0.26598809482146357,0.6054829756794886,-0.3735920094806052,-9.453143953425592,1.4968208259852351,-0.9270414401239755,-0.26598809482146357,-5.830517369458466,-0.7584566266188641,2.7881679389312977,-1.0494202850327832,0.29398472610780013
B_D1,USDJPY,TREND_PULLBACK,ALL_LOW_VOLATILITY,2002-03-19,2026-02-23,23.93,46,41.30434782608695,3.242312546901073,2.164330089941754,0.04705065412916857,1.086294904971547,0.05076410003739067,-11.421285589833508,1.4339449674929075,-0.9289120108304995,0.04705065412916857,1.8107729056738409,0.07500730136356104,1.9219286204529855,0.24835161016390045,0.8038623703427217
B_D1,USDJPY,TREND_PULLBACK,OOS_TRENDING,2018-04-04,2026-02-23,7.89,37,37.83783783783784,3.506040344723636,2.6394254319392787,0.07133582248484537,1.1303964683385428,0.11778168225432932,-8.167492729984405,1.634354729696307,-0.8800669906003923,0.07133582248484537,2.3581866492233594,0.29583183147772196,4.6891915336571826,0.3308488496175818,0.740758660101196
B_D1,USDJPY,TREND_PULLBACK,ALL_TRENDING,2001-11-14,2026-02-23,24.28,101,39.603960396039604,3.007224666452103,1.0521307820633397,0.01041713645607267,1.018418127023272,0.016873138477461483,-13.495606263760784,1.4544218571988765,-0.9364712050146182,0.01041713645607267,0.2638350195574235,0.010854185591524512,4.160398105334386,0.08313599763506897,0.9337434029336216
