ts_utc,paar,valuuta,indikaator,z,suund,siht_viivitus_s,siht_hoid_s,pl_pip,pohjus,sisse_ts,valja_ts,viivitus_s,hoid_tegelik_s,spread_sisse_pip,spread_valja_pip,tikke_aknas,mid_liik_pip
2026-07-14 12:30:00,EURUSD,USD,Core Inflation Rate,-1.571,1,0,5,35.199999999999676,,2026-07-14 12:30:00.044000,2026-07-14 12:30:05.066000,0.044,5.022,0.9000000000014552,1.9999999999997797,79,36.65000000000029
2026-07-14 12:30:00,EURUSD,USD,Core Inflation Rate,-1.571,1,0,10,43.69999999999985,,2026-07-14 12:30:00.044000,2026-07-14 12:30:10.135000,0.044,10.091,0.9000000000014552,0.1999999999990898,153,44.24999999999901
2026-07-14 12:30:00,EURUSD,USD,Core Inflation Rate,-1.571,1,0,15,40.19999999999912,,2026-07-14 12:30:00.044000,2026-07-14 12:30:15.066000,0.044,15.022,0.9000000000014552,1.5999999999993797,224,41.44999999999843
2026-07-14 12:30:00,EURUSD,USD,Core Inflation Rate,-1.571,1,0,30,44.299999999999336,,2026-07-14 12:30:00.044000,2026-07-14 12:30:30.077000,0.044,30.033,0.9000000000014552,0.1999999999990898,401,44.8499999999985
2026-07-14 12:30:00,EURUSD,USD,Core Inflation Rate,-1.571,1,0,60,44.39999999999999,,2026-07-14 12:30:00.044000,2026-07-14 12:31:00.083000,0.044,60.039,0.9000000000014552,0.4999999999988347,742,45.100000000000136
2026-07-14 12:30:00,EURUSD,USD,Core Inflation Rate,-1.571,1,0,120,39.199999999999235,,2026-07-14 12:30:00.044000,2026-07-14 12:32:00.106000,0.044,120.062,0.9000000000014552,0.5000000000010552,1349,39.89999999999938
2026-07-14 12:30:00,EURUSD,USD,Core Inflation Rate,-1.571,1,1,5,41.20000000000123,,2026-07-14 12:30:01.070000,2026-07-14 12:30:06.107000,1.07,5.037,0.9999999999998899,1.4999999999987246,82,42.45000000000054
2026-07-14 12:30:00,EURUSD,USD,Core Inflation Rate,-1.571,1,1,10,46.39999999999977,,2026-07-14 12:30:01.070000,2026-07-14 12:30:11.119000,1.07,10.049,0.9999999999998899,0.40000000000040004,150,47.0999999999977
2026-07-14 12:30:00,EURUSD,USD,Core Inflation Rate,-1.571,1,1,15,45.100000000000136,,2026-07-14 12:30:01.070000,2026-07-14 12:30:16.081000,1.07,15.011,0.9999999999998899,0.8999999999992347,222,46.04999999999748
2026-07-14 12:30:00,EURUSD,USD,Core Inflation Rate,-1.571,1,1,30,45.600000000001195,,2026-07-14 12:30:01.070000,2026-07-14 12:30:31.263000,1.07,30.193,0.9999999999998899,0.5999999999994898,399,46.39999999999977
2026-07-14 12:30:00,EURUSD,USD,Core Inflation Rate,-1.571,1,1,60,48.90000000000061,,2026-07-14 12:30:01.070000,2026-07-14 12:31:01.120000,1.07,60.05,0.9999999999998899,0.8000000000008001,739,49.79999999999984
2026-07-14 12:30:00,EURUSD,USD,Core Inflation Rate,-1.571,1,1,120,42.800000000000615,,2026-07-14 12:30:01.070000,2026-07-14 12:32:01.745000,1.07,120.675,0.9999999999998899,0.2999999999997449,1341,43.44999999999821
2026-07-14 12:30:00,EURUSD,USD,Core Inflation Rate,-1.571,1,3,5,11.600000000000499,,2026-07-14 12:30:03.051000,2026-07-14 12:30:08.099000,3.051,5.048,1.40000000000029,0.8999999999992347,80,12.750000000001371
2026-07-14 12:30:00,EURUSD,USD,Core Inflation Rate,-1.571,1,3,10,14.300000000000423,,2026-07-14 12:30:03.051000,2026-07-14 12:30:13.087000,3.051,10.036,1.40000000000029,1.1999999999989797,150,15.600000000000058
2026-07-14 12:30:00,EURUSD,USD,Core Inflation Rate,-1.571,1,3,15,12.700000000001044,,2026-07-14 12:30:03.051000,2026-07-14 12:30:18.053000,3.051,15.002,1.40000000000029,0.3999999999981796,218,13.600000000000279
2026-07-14 12:30:00,EURUSD,USD,Core Inflation Rate,-1.571,1,3,30,13.799999999999368,,2026-07-14 12:30:03.051000,2026-07-14 12:30:33.094000,3.051,30.043,1.40000000000029,0.2999999999997449,385,14.650000000000496
2026-07-14 12:30:00,EURUSD,USD,Core Inflation Rate,-1.571,1,3,60,16.199999999999548,,2026-07-14 12:30:03.051000,2026-07-14 12:31:03.070000,3.051,60.019,1.40000000000029,0.2999999999997449,729,17.049999999998455
2026-07-14 12:30:00,EURUSD,USD,Core Inflation Rate,-1.571,1,3,120,10.300000000000864,,2026-07-14 12:30:03.051000,2026-07-14 12:32:03.083000,3.051,120.032,1.40000000000029,0.3999999999981796,1326,11.200000000000099
2026-07-14 12:30:00,EURUSD,USD,Core Inflation Rate,-1.571,1,5,5,6.500000000000394,,2026-07-14 12:30:05.066000,2026-07-14 12:30:10.135000,5.066,5.069,1.9999999999997797,0.1999999999990898,74,7.599999999998719
2026-07-14 12:30:00,EURUSD,USD,Core Inflation Rate,-1.571,1,5,10,2.9999999999996696,,2026-07-14 12:30:05.066000,2026-07-14 12:30:15.066000,5.066,10.0,1.9999999999997797,1.5999999999993797,145,4.799999999998139
2026-07-14 12:30:00,EURUSD,USD,Core Inflation Rate,-1.571,1,5,15,5.299999999999194,,2026-07-14 12:30:05.066000,2026-07-14 12:30:20.070000,5.066,15.004,1.9999999999997797,1.100000000000545,211,6.850000000000467
2026-07-14 12:30:00,EURUSD,USD,Core Inflation Rate,-1.571,1,5,30,3.1000000000003247,,2026-07-14 12:30:05.066000,2026-07-14 12:30:35.081000,5.066,30.015,1.9999999999997797,0.40000000000040004,379,4.299999999999304
2026-07-14 12:30:00,EURUSD,USD,Core Inflation Rate,-1.571,1,5,60,8.20000000000043,,2026-07-14 12:30:05.066000,2026-07-14 12:31:05.089000,5.066,60.023,1.9999999999997797,0.2999999999997449,722,9.349999999999081
2026-07-14 12:30:00,EURUSD,USD,Core Inflation Rate,-1.571,1,5,120,0.8999999999992347,,2026-07-14 12:30:05.066000,2026-07-14 12:32:05.238000,5.066,120.172,1.9999999999997797,0.20000000000131024,1310,1.9999999999997797
2026-07-14 12:30:00,EURUSD,USD,Core Inflation Rate,-1.571,1,10,5,-4.100000000000215,,2026-07-14 12:30:10.017000,2026-07-14 12:30:15.066000,10.017,5.049,0.9999999999998899,1.5999999999993797,72,-2.80000000000058
2026-07-14 12:30:00,EURUSD,USD,Core Inflation Rate,-1.571,1,10,10,-1.500000000000945,,2026-07-14 12:30:10.017000,2026-07-14 12:30:20.018000,10.017,10.001,0.9999999999998899,1.0000000000021103,137,-0.4999999999988347
2026-07-14 12:30:00,EURUSD,USD,Core Inflation Rate,-1.571,1,10,15,1.5999999999993797,,2026-07-14 12:30:10.017000,2026-07-14 12:30:25.025000,10.017,15.008,0.9999999999998899,0.700000000000145,194,2.4500000000005073
2026-07-14 12:30:00,EURUSD,USD,Core Inflation Rate,-1.571,1,10,30,-2.5999999999992696,,2026-07-14 12:30:10.017000,2026-07-14 12:30:40.064000,10.017,30.047,0.9999999999998899,0.40000000000040004,368,-1.8999999999991246
2026-07-14 12:30:00,EURUSD,USD,Core Inflation Rate,-1.571,1,10,60,-3.8000000000004697,,2026-07-14 12:30:10.017000,2026-07-14 12:31:10.069000,10.017,60.052,0.9999999999998899,0.2999999999997449,708,-3.1500000000006523
2026-07-14 12:30:00,EURUSD,USD,Core Inflation Rate,-1.571,1,10,120,-4.599999999999049,,2026-07-14 12:30:10.017000,2026-07-14 12:32:10.057000,10.017,120.04,0.9999999999998899,0.1999999999990898,1278,-3.9999999999995595
2026-07-14 12:30:00,EURUSD,USD,Core Inflation Rate,-1.571,1,15,5,1.8999999999991246,,2026-07-14 12:30:15.012000,2026-07-14 12:30:20.018000,15.012,5.006,0.700000000000145,1.0000000000021103,66,2.7500000000002522
2026-07-14 12:30:00,EURUSD,USD,Core Inflation Rate,-1.571,1,15,10,4.999999999999449,,2026-07-14 12:30:15.012000,2026-07-14 12:30:25.025000,15.012,10.013,0.700000000000145,0.700000000000145,123,5.699999999999594
2026-07-14 12:30:00,EURUSD,USD,Core Inflation Rate,-1.571,1,15,15,3.1000000000003247,,2026-07-14 12:30:15.012000,2026-07-14 12:30:30.025000,15.012,15.013,0.700000000000145,0.4999999999988347,177,3.6999999999998145
2026-07-14 12:30:00,EURUSD,USD,Core Inflation Rate,-1.571,1,15,30,-4.699999999999704,,2026-07-14 12:30:15.012000,2026-07-14 12:30:45.012000,15.012,30.0,0.700000000000145,0.2999999999997449,356,-4.199999999998649
2026-07-14 12:30:00,EURUSD,USD,Core Inflation Rate,-1.571,1,15,60,-0.5999999999994898,,2026-07-14 12:30:15.012000,2026-07-14 12:31:15.114000,15.012,60.102,0.700000000000145,0.10000000000065512,697,-0.1999999999990898
2026-07-14 12:30:00,EURUSD,USD,Core Inflation Rate,-1.571,1,15,120,-1.4999999999987246,,2026-07-14 12:30:15.012000,2026-07-14 12:32:15.070000,15.012,120.058,0.700000000000145,0.5999999999994898,1237,-0.8499999999989072
2026-07-14 12:30:00,EURUSD,USD,Core Inflation Rate,-1.571,1,30,5,-4.199999999998649,,2026-07-14 12:30:30.025000,2026-07-14 12:30:35.081000,30.025,5.056,0.4999999999988347,0.40000000000040004,58,-3.750000000000142
2026-07-14 12:30:00,EURUSD,USD,Core Inflation Rate,-1.571,1,30,10,-2.7999999999983594,,2026-07-14 12:30:30.025000,2026-07-14 12:30:40.064000,30.025,10.039,0.4999999999988347,0.40000000000040004,120,-2.349999999999852
2026-07-14 12:30:00,EURUSD,USD,Core Inflation Rate,-1.571,1,30,15,-7.999999999999119,,2026-07-14 12:30:30.025000,2026-07-14 12:30:45.115000,30.025,15.09,0.4999999999988347,0.2999999999997449,180,-7.600000000000939
2026-07-14 12:30:00,EURUSD,USD,Core Inflation Rate,-1.571,1,30,30,-0.09999999999843467,,2026-07-14 12:30:30.025000,2026-07-14 12:31:00.083000,30.025,30.058,0.4999999999988347,0.4999999999988347,342,0.40000000000040004
2026-07-14 12:30:00,EURUSD,USD,Core Inflation Rate,-1.571,1,30,60,-7.999999999999119,,2026-07-14 12:30:30.025000,2026-07-14 12:31:30.160000,30.025,60.135,0.4999999999988347,0.2999999999997449,673,-7.600000000000939
2026-07-14 12:30:00,EURUSD,USD,Core Inflation Rate,-1.571,1,30,120,-6.599999999998829,,2026-07-14 12:30:30.025000,2026-07-14 12:32:30.161000,30.025,120.136,0.4999999999988347,0.2999999999997449,1169,-6.200000000000649
2026-07-14 12:30:00,EURUSD,USD,Core Inflation Rate,-1.571,1,60,5,0.5000000000010552,,2026-07-14 12:31:00.083000,2026-07-14 12:31:05.089000,60.083,5.006,0.4999999999988347,0.2999999999997449,59,0.8999999999992347
2026-07-14 12:30:00,EURUSD,USD,Core Inflation Rate,-1.571,1,60,10,-4.100000000000215,,2026-07-14 12:31:00.083000,2026-07-14 12:31:10.121000,60.083,10.038,0.4999999999988347,0.5000000000010552,119,-3.5999999999991594
2026-07-14 12:30:00,EURUSD,USD,Core Inflation Rate,-1.571,1,60,15,-4.599999999999049,,2026-07-14 12:31:00.083000,2026-07-14 12:31:15.114000,60.083,15.031,0.4999999999988347,0.10000000000065512,178,-4.299999999999304
2026-07-14 12:30:00,EURUSD,USD,Core Inflation Rate,-1.571,1,60,30,-8.399999999999519,,2026-07-14 12:31:00.083000,2026-07-14 12:31:30.160000,60.083,30.077,0.4999999999988347,0.2999999999997449,331,-8.00000000000134
2026-07-14 12:30:00,EURUSD,USD,Core Inflation Rate,-1.571,1,60,60,-5.699999999999594,,2026-07-14 12:31:00.083000,2026-07-14 12:32:00.106000,60.083,60.023,0.4999999999988347,0.5000000000010552,607,-5.20000000000076
2026-07-14 12:30:00,EURUSD,USD,Core Inflation Rate,-1.571,1,60,120,-11.299999999998533,,2026-07-14 12:31:00.083000,2026-07-14 12:33:00.094000,60.083,120.011,0.4999999999988347,0.700000000000145,1068,-10.699999999999044
2026-07-14 12:30:00,EURUSD,USD,Inflation Rate,-2.618,1,0,5,35.199999999999676,,2026-07-14 12:30:00.044000,2026-07-14 12:30:05.066000,0.044,5.022,0.9000000000014552,1.9999999999997797,79,36.65000000000029
2026-07-14 12:30:00,EURUSD,USD,Inflation Rate,-2.618,1,0,10,43.69999999999985,,2026-07-14 12:30:00.044000,2026-07-14 12:30:10.135000,0.044,10.091,0.9000000000014552,0.1999999999990898,153,44.24999999999901
2026-07-14 12:30:00,EURUSD,USD,Inflation Rate,-2.618,1,0,15,40.19999999999912,,2026-07-14 12:30:00.044000,2026-07-14 12:30:15.066000,0.044,15.022,0.9000000000014552,1.5999999999993797,224,41.44999999999843
2026-07-14 12:30:00,EURUSD,USD,Inflation Rate,-2.618,1,0,30,44.299999999999336,,2026-07-14 12:30:00.044000,2026-07-14 12:30:30.077000,0.044,30.033,0.9000000000014552,0.1999999999990898,401,44.8499999999985
2026-07-14 12:30:00,EURUSD,USD,Inflation Rate,-2.618,1,0,60,44.39999999999999,,2026-07-14 12:30:00.044000,2026-07-14 12:31:00.083000,0.044,60.039,0.9000000000014552,0.4999999999988347,742,45.100000000000136
2026-07-14 12:30:00,EURUSD,USD,Inflation Rate,-2.618,1,0,120,39.199999999999235,,2026-07-14 12:30:00.044000,2026-07-14 12:32:00.106000,0.044,120.062,0.9000000000014552,0.5000000000010552,1349,39.89999999999938
2026-07-14 12:30:00,EURUSD,USD,Inflation Rate,-2.618,1,1,5,41.20000000000123,,2026-07-14 12:30:01.070000,2026-07-14 12:30:06.107000,1.07,5.037,0.9999999999998899,1.4999999999987246,82,42.45000000000054
2026-07-14 12:30:00,EURUSD,USD,Inflation Rate,-2.618,1,1,10,46.39999999999977,,2026-07-14 12:30:01.070000,2026-07-14 12:30:11.119000,1.07,10.049,0.9999999999998899,0.40000000000040004,150,47.0999999999977
2026-07-14 12:30:00,EURUSD,USD,Inflation Rate,-2.618,1,1,15,45.100000000000136,,2026-07-14 12:30:01.070000,2026-07-14 12:30:16.081000,1.07,15.011,0.9999999999998899,0.8999999999992347,222,46.04999999999748
2026-07-14 12:30:00,EURUSD,USD,Inflation Rate,-2.618,1,1,30,45.600000000001195,,2026-07-14 12:30:01.070000,2026-07-14 12:30:31.263000,1.07,30.193,0.9999999999998899,0.5999999999994898,399,46.39999999999977
2026-07-14 12:30:00,EURUSD,USD,Inflation Rate,-2.618,1,1,60,48.90000000000061,,2026-07-14 12:30:01.070000,2026-07-14 12:31:01.120000,1.07,60.05,0.9999999999998899,0.8000000000008001,739,49.79999999999984
2026-07-14 12:30:00,EURUSD,USD,Inflation Rate,-2.618,1,1,120,42.800000000000615,,2026-07-14 12:30:01.070000,2026-07-14 12:32:01.745000,1.07,120.675,0.9999999999998899,0.2999999999997449,1341,43.44999999999821
2026-07-14 12:30:00,EURUSD,USD,Inflation Rate,-2.618,1,3,5,11.600000000000499,,2026-07-14 12:30:03.051000,2026-07-14 12:30:08.099000,3.051,5.048,1.40000000000029,0.8999999999992347,80,12.750000000001371
2026-07-14 12:30:00,EURUSD,USD,Inflation Rate,-2.618,1,3,10,14.300000000000423,,2026-07-14 12:30:03.051000,2026-07-14 12:30:13.087000,3.051,10.036,1.40000000000029,1.1999999999989797,150,15.600000000000058
2026-07-14 12:30:00,EURUSD,USD,Inflation Rate,-2.618,1,3,15,12.700000000001044,,2026-07-14 12:30:03.051000,2026-07-14 12:30:18.053000,3.051,15.002,1.40000000000029,0.3999999999981796,218,13.600000000000279
2026-07-14 12:30:00,EURUSD,USD,Inflation Rate,-2.618,1,3,30,13.799999999999368,,2026-07-14 12:30:03.051000,2026-07-14 12:30:33.094000,3.051,30.043,1.40000000000029,0.2999999999997449,385,14.650000000000496
2026-07-14 12:30:00,EURUSD,USD,Inflation Rate,-2.618,1,3,60,16.199999999999548,,2026-07-14 12:30:03.051000,2026-07-14 12:31:03.070000,3.051,60.019,1.40000000000029,0.2999999999997449,729,17.049999999998455
2026-07-14 12:30:00,EURUSD,USD,Inflation Rate,-2.618,1,3,120,10.300000000000864,,2026-07-14 12:30:03.051000,2026-07-14 12:32:03.083000,3.051,120.032,1.40000000000029,0.3999999999981796,1326,11.200000000000099
2026-07-14 12:30:00,EURUSD,USD,Inflation Rate,-2.618,1,5,5,6.500000000000394,,2026-07-14 12:30:05.066000,2026-07-14 12:30:10.135000,5.066,5.069,1.9999999999997797,0.1999999999990898,74,7.599999999998719
2026-07-14 12:30:00,EURUSD,USD,Inflation Rate,-2.618,1,5,10,2.9999999999996696,,2026-07-14 12:30:05.066000,2026-07-14 12:30:15.066000,5.066,10.0,1.9999999999997797,1.5999999999993797,145,4.799999999998139
2026-07-14 12:30:00,EURUSD,USD,Inflation Rate,-2.618,1,5,15,5.299999999999194,,2026-07-14 12:30:05.066000,2026-07-14 12:30:20.070000,5.066,15.004,1.9999999999997797,1.100000000000545,211,6.850000000000467
2026-07-14 12:30:00,EURUSD,USD,Inflation Rate,-2.618,1,5,30,3.1000000000003247,,2026-07-14 12:30:05.066000,2026-07-14 12:30:35.081000,5.066,30.015,1.9999999999997797,0.40000000000040004,379,4.299999999999304
2026-07-14 12:30:00,EURUSD,USD,Inflation Rate,-2.618,1,5,60,8.20000000000043,,2026-07-14 12:30:05.066000,2026-07-14 12:31:05.089000,5.066,60.023,1.9999999999997797,0.2999999999997449,722,9.349999999999081
2026-07-14 12:30:00,EURUSD,USD,Inflation Rate,-2.618,1,5,120,0.8999999999992347,,2026-07-14 12:30:05.066000,2026-07-14 12:32:05.238000,5.066,120.172,1.9999999999997797,0.20000000000131024,1310,1.9999999999997797
2026-07-14 12:30:00,EURUSD,USD,Inflation Rate,-2.618,1,10,5,-4.100000000000215,,2026-07-14 12:30:10.017000,2026-07-14 12:30:15.066000,10.017,5.049,0.9999999999998899,1.5999999999993797,72,-2.80000000000058
2026-07-14 12:30:00,EURUSD,USD,Inflation Rate,-2.618,1,10,10,-1.500000000000945,,2026-07-14 12:30:10.017000,2026-07-14 12:30:20.018000,10.017,10.001,0.9999999999998899,1.0000000000021103,137,-0.4999999999988347
2026-07-14 12:30:00,EURUSD,USD,Inflation Rate,-2.618,1,10,15,1.5999999999993797,,2026-07-14 12:30:10.017000,2026-07-14 12:30:25.025000,10.017,15.008,0.9999999999998899,0.700000000000145,194,2.4500000000005073
2026-07-14 12:30:00,EURUSD,USD,Inflation Rate,-2.618,1,10,30,-2.5999999999992696,,2026-07-14 12:30:10.017000,2026-07-14 12:30:40.064000,10.017,30.047,0.9999999999998899,0.40000000000040004,368,-1.8999999999991246
2026-07-14 12:30:00,EURUSD,USD,Inflation Rate,-2.618,1,10,60,-3.8000000000004697,,2026-07-14 12:30:10.017000,2026-07-14 12:31:10.069000,10.017,60.052,0.9999999999998899,0.2999999999997449,708,-3.1500000000006523
2026-07-14 12:30:00,EURUSD,USD,Inflation Rate,-2.618,1,10,120,-4.599999999999049,,2026-07-14 12:30:10.017000,2026-07-14 12:32:10.057000,10.017,120.04,0.9999999999998899,0.1999999999990898,1278,-3.9999999999995595
2026-07-14 12:30:00,EURUSD,USD,Inflation Rate,-2.618,1,15,5,1.8999999999991246,,2026-07-14 12:30:15.012000,2026-07-14 12:30:20.018000,15.012,5.006,0.700000000000145,1.0000000000021103,66,2.7500000000002522
2026-07-14 12:30:00,EURUSD,USD,Inflation Rate,-2.618,1,15,10,4.999999999999449,,2026-07-14 12:30:15.012000,2026-07-14 12:30:25.025000,15.012,10.013,0.700000000000145,0.700000000000145,123,5.699999999999594
2026-07-14 12:30:00,EURUSD,USD,Inflation Rate,-2.618,1,15,15,3.1000000000003247,,2026-07-14 12:30:15.012000,2026-07-14 12:30:30.025000,15.012,15.013,0.700000000000145,0.4999999999988347,177,3.6999999999998145
2026-07-14 12:30:00,EURUSD,USD,Inflation Rate,-2.618,1,15,30,-4.699999999999704,,2026-07-14 12:30:15.012000,2026-07-14 12:30:45.012000,15.012,30.0,0.700000000000145,0.2999999999997449,356,-4.199999999998649
2026-07-14 12:30:00,EURUSD,USD,Inflation Rate,-2.618,1,15,60,-0.5999999999994898,,2026-07-14 12:30:15.012000,2026-07-14 12:31:15.114000,15.012,60.102,0.700000000000145,0.10000000000065512,697,-0.1999999999990898
2026-07-14 12:30:00,EURUSD,USD,Inflation Rate,-2.618,1,15,120,-1.4999999999987246,,2026-07-14 12:30:15.012000,2026-07-14 12:32:15.070000,15.012,120.058,0.700000000000145,0.5999999999994898,1237,-0.8499999999989072
2026-07-14 12:30:00,EURUSD,USD,Inflation Rate,-2.618,1,30,5,-4.199999999998649,,2026-07-14 12:30:30.025000,2026-07-14 12:30:35.081000,30.025,5.056,0.4999999999988347,0.40000000000040004,58,-3.750000000000142
2026-07-14 12:30:00,EURUSD,USD,Inflation Rate,-2.618,1,30,10,-2.7999999999983594,,2026-07-14 12:30:30.025000,2026-07-14 12:30:40.064000,30.025,10.039,0.4999999999988347,0.40000000000040004,120,-2.349999999999852
2026-07-14 12:30:00,EURUSD,USD,Inflation Rate,-2.618,1,30,15,-7.999999999999119,,2026-07-14 12:30:30.025000,2026-07-14 12:30:45.115000,30.025,15.09,0.4999999999988347,0.2999999999997449,180,-7.600000000000939
2026-07-14 12:30:00,EURUSD,USD,Inflation Rate,-2.618,1,30,30,-0.09999999999843467,,2026-07-14 12:30:30.025000,2026-07-14 12:31:00.083000,30.025,30.058,0.4999999999988347,0.4999999999988347,342,0.40000000000040004
2026-07-14 12:30:00,EURUSD,USD,Inflation Rate,-2.618,1,30,60,-7.999999999999119,,2026-07-14 12:30:30.025000,2026-07-14 12:31:30.160000,30.025,60.135,0.4999999999988347,0.2999999999997449,673,-7.600000000000939
2026-07-14 12:30:00,EURUSD,USD,Inflation Rate,-2.618,1,30,120,-6.599999999998829,,2026-07-14 12:30:30.025000,2026-07-14 12:32:30.161000,30.025,120.136,0.4999999999988347,0.2999999999997449,1169,-6.200000000000649
2026-07-14 12:30:00,EURUSD,USD,Inflation Rate,-2.618,1,60,5,0.5000000000010552,,2026-07-14 12:31:00.083000,2026-07-14 12:31:05.089000,60.083,5.006,0.4999999999988347,0.2999999999997449,59,0.8999999999992347
2026-07-14 12:30:00,EURUSD,USD,Inflation Rate,-2.618,1,60,10,-4.100000000000215,,2026-07-14 12:31:00.083000,2026-07-14 12:31:10.121000,60.083,10.038,0.4999999999988347,0.5000000000010552,119,-3.5999999999991594
2026-07-14 12:30:00,EURUSD,USD,Inflation Rate,-2.618,1,60,15,-4.599999999999049,,2026-07-14 12:31:00.083000,2026-07-14 12:31:15.114000,60.083,15.031,0.4999999999988347,0.10000000000065512,178,-4.299999999999304
2026-07-14 12:30:00,EURUSD,USD,Inflation Rate,-2.618,1,60,30,-8.399999999999519,,2026-07-14 12:31:00.083000,2026-07-14 12:31:30.160000,60.083,30.077,0.4999999999988347,0.2999999999997449,331,-8.00000000000134
2026-07-14 12:30:00,EURUSD,USD,Inflation Rate,-2.618,1,60,60,-5.699999999999594,,2026-07-14 12:31:00.083000,2026-07-14 12:32:00.106000,60.083,60.023,0.4999999999988347,0.5000000000010552,607,-5.20000000000076
2026-07-14 12:30:00,EURUSD,USD,Inflation Rate,-2.618,1,60,120,-11.299999999998533,,2026-07-14 12:31:00.083000,2026-07-14 12:33:00.094000,60.083,120.011,0.4999999999988347,0.700000000000145,1068,-10.699999999999044
2026-07-14 12:30:00,EURUSD,USD,Inflation Rate Mom,-3.29,1,0,5,35.199999999999676,,2026-07-14 12:30:00.044000,2026-07-14 12:30:05.066000,0.044,5.022,0.9000000000014552,1.9999999999997797,79,36.65000000000029
2026-07-14 12:30:00,EURUSD,USD,Inflation Rate Mom,-3.29,1,0,10,43.69999999999985,,2026-07-14 12:30:00.044000,2026-07-14 12:30:10.135000,0.044,10.091,0.9000000000014552,0.1999999999990898,153,44.24999999999901
2026-07-14 12:30:00,EURUSD,USD,Inflation Rate Mom,-3.29,1,0,15,40.19999999999912,,2026-07-14 12:30:00.044000,2026-07-14 12:30:15.066000,0.044,15.022,0.9000000000014552,1.5999999999993797,224,41.44999999999843
2026-07-14 12:30:00,EURUSD,USD,Inflation Rate Mom,-3.29,1,0,30,44.299999999999336,,2026-07-14 12:30:00.044000,2026-07-14 12:30:30.077000,0.044,30.033,0.9000000000014552,0.1999999999990898,401,44.8499999999985
2026-07-14 12:30:00,EURUSD,USD,Inflation Rate Mom,-3.29,1,0,60,44.39999999999999,,2026-07-14 12:30:00.044000,2026-07-14 12:31:00.083000,0.044,60.039,0.9000000000014552,0.4999999999988347,742,45.100000000000136
2026-07-14 12:30:00,EURUSD,USD,Inflation Rate Mom,-3.29,1,0,120,39.199999999999235,,2026-07-14 12:30:00.044000,2026-07-14 12:32:00.106000,0.044,120.062,0.9000000000014552,0.5000000000010552,1349,39.89999999999938
2026-07-14 12:30:00,EURUSD,USD,Inflation Rate Mom,-3.29,1,1,5,41.20000000000123,,2026-07-14 12:30:01.070000,2026-07-14 12:30:06.107000,1.07,5.037,0.9999999999998899,1.4999999999987246,82,42.45000000000054
2026-07-14 12:30:00,EURUSD,USD,Inflation Rate Mom,-3.29,1,1,10,46.39999999999977,,2026-07-14 12:30:01.070000,2026-07-14 12:30:11.119000,1.07,10.049,0.9999999999998899,0.40000000000040004,150,47.0999999999977
2026-07-14 12:30:00,EURUSD,USD,Inflation Rate Mom,-3.29,1,1,15,45.100000000000136,,2026-07-14 12:30:01.070000,2026-07-14 12:30:16.081000,1.07,15.011,0.9999999999998899,0.8999999999992347,222,46.04999999999748
2026-07-14 12:30:00,EURUSD,USD,Inflation Rate Mom,-3.29,1,1,30,45.600000000001195,,2026-07-14 12:30:01.070000,2026-07-14 12:30:31.263000,1.07,30.193,0.9999999999998899,0.5999999999994898,399,46.39999999999977
2026-07-14 12:30:00,EURUSD,USD,Inflation Rate Mom,-3.29,1,1,60,48.90000000000061,,2026-07-14 12:30:01.070000,2026-07-14 12:31:01.120000,1.07,60.05,0.9999999999998899,0.8000000000008001,739,49.79999999999984
2026-07-14 12:30:00,EURUSD,USD,Inflation Rate Mom,-3.29,1,1,120,42.800000000000615,,2026-07-14 12:30:01.070000,2026-07-14 12:32:01.745000,1.07,120.675,0.9999999999998899,0.2999999999997449,1341,43.44999999999821
2026-07-14 12:30:00,EURUSD,USD,Inflation Rate Mom,-3.29,1,3,5,11.600000000000499,,2026-07-14 12:30:03.051000,2026-07-14 12:30:08.099000,3.051,5.048,1.40000000000029,0.8999999999992347,80,12.750000000001371
2026-07-14 12:30:00,EURUSD,USD,Inflation Rate Mom,-3.29,1,3,10,14.300000000000423,,2026-07-14 12:30:03.051000,2026-07-14 12:30:13.087000,3.051,10.036,1.40000000000029,1.1999999999989797,150,15.600000000000058
2026-07-14 12:30:00,EURUSD,USD,Inflation Rate Mom,-3.29,1,3,15,12.700000000001044,,2026-07-14 12:30:03.051000,2026-07-14 12:30:18.053000,3.051,15.002,1.40000000000029,0.3999999999981796,218,13.600000000000279
2026-07-14 12:30:00,EURUSD,USD,Inflation Rate Mom,-3.29,1,3,30,13.799999999999368,,2026-07-14 12:30:03.051000,2026-07-14 12:30:33.094000,3.051,30.043,1.40000000000029,0.2999999999997449,385,14.650000000000496
2026-07-14 12:30:00,EURUSD,USD,Inflation Rate Mom,-3.29,1,3,60,16.199999999999548,,2026-07-14 12:30:03.051000,2026-07-14 12:31:03.070000,3.051,60.019,1.40000000000029,0.2999999999997449,729,17.049999999998455
2026-07-14 12:30:00,EURUSD,USD,Inflation Rate Mom,-3.29,1,3,120,10.300000000000864,,2026-07-14 12:30:03.051000,2026-07-14 12:32:03.083000,3.051,120.032,1.40000000000029,0.3999999999981796,1326,11.200000000000099
2026-07-14 12:30:00,EURUSD,USD,Inflation Rate Mom,-3.29,1,5,5,6.500000000000394,,2026-07-14 12:30:05.066000,2026-07-14 12:30:10.135000,5.066,5.069,1.9999999999997797,0.1999999999990898,74,7.599999999998719
2026-07-14 12:30:00,EURUSD,USD,Inflation Rate Mom,-3.29,1,5,10,2.9999999999996696,,2026-07-14 12:30:05.066000,2026-07-14 12:30:15.066000,5.066,10.0,1.9999999999997797,1.5999999999993797,145,4.799999999998139
2026-07-14 12:30:00,EURUSD,USD,Inflation Rate Mom,-3.29,1,5,15,5.299999999999194,,2026-07-14 12:30:05.066000,2026-07-14 12:30:20.070000,5.066,15.004,1.9999999999997797,1.100000000000545,211,6.850000000000467
2026-07-14 12:30:00,EURUSD,USD,Inflation Rate Mom,-3.29,1,5,30,3.1000000000003247,,2026-07-14 12:30:05.066000,2026-07-14 12:30:35.081000,5.066,30.015,1.9999999999997797,0.40000000000040004,379,4.299999999999304
2026-07-14 12:30:00,EURUSD,USD,Inflation Rate Mom,-3.29,1,5,60,8.20000000000043,,2026-07-14 12:30:05.066000,2026-07-14 12:31:05.089000,5.066,60.023,1.9999999999997797,0.2999999999997449,722,9.349999999999081
2026-07-14 12:30:00,EURUSD,USD,Inflation Rate Mom,-3.29,1,5,120,0.8999999999992347,,2026-07-14 12:30:05.066000,2026-07-14 12:32:05.238000,5.066,120.172,1.9999999999997797,0.20000000000131024,1310,1.9999999999997797
2026-07-14 12:30:00,EURUSD,USD,Inflation Rate Mom,-3.29,1,10,5,-4.100000000000215,,2026-07-14 12:30:10.017000,2026-07-14 12:30:15.066000,10.017,5.049,0.9999999999998899,1.5999999999993797,72,-2.80000000000058
2026-07-14 12:30:00,EURUSD,USD,Inflation Rate Mom,-3.29,1,10,10,-1.500000000000945,,2026-07-14 12:30:10.017000,2026-07-14 12:30:20.018000,10.017,10.001,0.9999999999998899,1.0000000000021103,137,-0.4999999999988347
2026-07-14 12:30:00,EURUSD,USD,Inflation Rate Mom,-3.29,1,10,15,1.5999999999993797,,2026-07-14 12:30:10.017000,2026-07-14 12:30:25.025000,10.017,15.008,0.9999999999998899,0.700000000000145,194,2.4500000000005073
2026-07-14 12:30:00,EURUSD,USD,Inflation Rate Mom,-3.29,1,10,30,-2.5999999999992696,,2026-07-14 12:30:10.017000,2026-07-14 12:30:40.064000,10.017,30.047,0.9999999999998899,0.40000000000040004,368,-1.8999999999991246
2026-07-14 12:30:00,EURUSD,USD,Inflation Rate Mom,-3.29,1,10,60,-3.8000000000004697,,2026-07-14 12:30:10.017000,2026-07-14 12:31:10.069000,10.017,60.052,0.9999999999998899,0.2999999999997449,708,-3.1500000000006523
2026-07-14 12:30:00,EURUSD,USD,Inflation Rate Mom,-3.29,1,10,120,-4.599999999999049,,2026-07-14 12:30:10.017000,2026-07-14 12:32:10.057000,10.017,120.04,0.9999999999998899,0.1999999999990898,1278,-3.9999999999995595
2026-07-14 12:30:00,EURUSD,USD,Inflation Rate Mom,-3.29,1,15,5,1.8999999999991246,,2026-07-14 12:30:15.012000,2026-07-14 12:30:20.018000,15.012,5.006,0.700000000000145,1.0000000000021103,66,2.7500000000002522
2026-07-14 12:30:00,EURUSD,USD,Inflation Rate Mom,-3.29,1,15,10,4.999999999999449,,2026-07-14 12:30:15.012000,2026-07-14 12:30:25.025000,15.012,10.013,0.700000000000145,0.700000000000145,123,5.699999999999594
2026-07-14 12:30:00,EURUSD,USD,Inflation Rate Mom,-3.29,1,15,15,3.1000000000003247,,2026-07-14 12:30:15.012000,2026-07-14 12:30:30.025000,15.012,15.013,0.700000000000145,0.4999999999988347,177,3.6999999999998145
2026-07-14 12:30:00,EURUSD,USD,Inflation Rate Mom,-3.29,1,15,30,-4.699999999999704,,2026-07-14 12:30:15.012000,2026-07-14 12:30:45.012000,15.012,30.0,0.700000000000145,0.2999999999997449,356,-4.199999999998649
2026-07-14 12:30:00,EURUSD,USD,Inflation Rate Mom,-3.29,1,15,60,-0.5999999999994898,,2026-07-14 12:30:15.012000,2026-07-14 12:31:15.114000,15.012,60.102,0.700000000000145,0.10000000000065512,697,-0.1999999999990898
2026-07-14 12:30:00,EURUSD,USD,Inflation Rate Mom,-3.29,1,15,120,-1.4999999999987246,,2026-07-14 12:30:15.012000,2026-07-14 12:32:15.070000,15.012,120.058,0.700000000000145,0.5999999999994898,1237,-0.8499999999989072
2026-07-14 12:30:00,EURUSD,USD,Inflation Rate Mom,-3.29,1,30,5,-4.199999999998649,,2026-07-14 12:30:30.025000,2026-07-14 12:30:35.081000,30.025,5.056,0.4999999999988347,0.40000000000040004,58,-3.750000000000142
2026-07-14 12:30:00,EURUSD,USD,Inflation Rate Mom,-3.29,1,30,10,-2.7999999999983594,,2026-07-14 12:30:30.025000,2026-07-14 12:30:40.064000,30.025,10.039,0.4999999999988347,0.40000000000040004,120,-2.349999999999852
2026-07-14 12:30:00,EURUSD,USD,Inflation Rate Mom,-3.29,1,30,15,-7.999999999999119,,2026-07-14 12:30:30.025000,2026-07-14 12:30:45.115000,30.025,15.09,0.4999999999988347,0.2999999999997449,180,-7.600000000000939
2026-07-14 12:30:00,EURUSD,USD,Inflation Rate Mom,-3.29,1,30,30,-0.09999999999843467,,2026-07-14 12:30:30.025000,2026-07-14 12:31:00.083000,30.025,30.058,0.4999999999988347,0.4999999999988347,342,0.40000000000040004
2026-07-14 12:30:00,EURUSD,USD,Inflation Rate Mom,-3.29,1,30,60,-7.999999999999119,,2026-07-14 12:30:30.025000,2026-07-14 12:31:30.160000,30.025,60.135,0.4999999999988347,0.2999999999997449,673,-7.600000000000939
2026-07-14 12:30:00,EURUSD,USD,Inflation Rate Mom,-3.29,1,30,120,-6.599999999998829,,2026-07-14 12:30:30.025000,2026-07-14 12:32:30.161000,30.025,120.136,0.4999999999988347,0.2999999999997449,1169,-6.200000000000649
2026-07-14 12:30:00,EURUSD,USD,Inflation Rate Mom,-3.29,1,60,5,0.5000000000010552,,2026-07-14 12:31:00.083000,2026-07-14 12:31:05.089000,60.083,5.006,0.4999999999988347,0.2999999999997449,59,0.8999999999992347
2026-07-14 12:30:00,EURUSD,USD,Inflation Rate Mom,-3.29,1,60,10,-4.100000000000215,,2026-07-14 12:31:00.083000,2026-07-14 12:31:10.121000,60.083,10.038,0.4999999999988347,0.5000000000010552,119,-3.5999999999991594
2026-07-14 12:30:00,EURUSD,USD,Inflation Rate Mom,-3.29,1,60,15,-4.599999999999049,,2026-07-14 12:31:00.083000,2026-07-14 12:31:15.114000,60.083,15.031,0.4999999999988347,0.10000000000065512,178,-4.299999999999304
2026-07-14 12:30:00,EURUSD,USD,Inflation Rate Mom,-3.29,1,60,30,-8.399999999999519,,2026-07-14 12:31:00.083000,2026-07-14 12:31:30.160000,60.083,30.077,0.4999999999988347,0.2999999999997449,331,-8.00000000000134
2026-07-14 12:30:00,EURUSD,USD,Inflation Rate Mom,-3.29,1,60,60,-5.699999999999594,,2026-07-14 12:31:00.083000,2026-07-14 12:32:00.106000,60.083,60.023,0.4999999999988347,0.5000000000010552,607,-5.20000000000076
2026-07-14 12:30:00,EURUSD,USD,Inflation Rate Mom,-3.29,1,60,120,-11.299999999998533,,2026-07-14 12:31:00.083000,2026-07-14 12:33:00.094000,60.083,120.011,0.4999999999988347,0.700000000000145,1068,-10.699999999999044
2026-07-20 12:30:00,USDCAD,CAD,Inflation Rate Mom,-1.212,1,0,5,8.300000000001084,,2026-07-20 12:30:00.074000,2026-07-20 12:30:05.114000,0.074,5.04,1.7000000000000348,1.5999999999993797,43,9.950000000000792
2026-07-20 12:30:00,USDCAD,CAD,Inflation Rate Mom,-1.212,1,0,10,8.700000000001484,,2026-07-20 12:30:00.074000,2026-07-20 12:30:10.335000,0.074,10.261,1.7000000000000348,0.8999999999992347,65,9.999999999998899
2026-07-20 12:30:00,USDCAD,CAD,Inflation Rate Mom,-1.212,1,0,15,6.00000000000156,,2026-07-20 12:30:00.074000,2026-07-20 12:30:15.091000,0.074,15.017,1.7000000000000348,1.3999999999980695,87,7.549999999998391
2026-07-20 12:30:00,USDCAD,CAD,Inflation Rate Mom,-1.212,1,0,30,7.300000000001194,,2026-07-20 12:30:00.074000,2026-07-20 12:30:30.370000,0.074,30.296,1.7000000000000348,1.1999999999989797,126,8.749999999999591
2026-07-20 12:30:00,USDCAD,CAD,Inflation Rate Mom,-1.212,1,0,60,6.399999999999739,,2026-07-20 12:30:00.074000,2026-07-20 12:31:00.090000,0.074,60.016,1.7000000000000348,1.100000000000545,170,7.799999999997809
2026-07-20 12:30:00,USDCAD,CAD,Inflation Rate Mom,-1.212,1,0,120,8.900000000000574,,2026-07-20 12:30:00.074000,2026-07-20 12:32:01.376000,0.074,121.302,1.7000000000000348,0.8999999999992347,258,10.200000000000209
2026-07-20 12:30:00,USDCAD,CAD,Inflation Rate Mom,-1.212,1,1,5,-1.6000000000016001,,2026-07-20 12:30:01.053000,2026-07-20 12:30:06.077000,1.053,5.024,1.80000000000069,1.2999999999996348,36,-0.050000000002548006
2026-07-20 12:30:00,USDCAD,CAD,Inflation Rate Mom,-1.212,1,1,10,-2.4000000000001798,,2026-07-20 12:30:01.053000,2026-07-20 12:30:11.147000,1.053,10.094,1.80000000000069,1.3999999999980695,56,-0.8000000000008001
2026-07-20 12:30:00,USDCAD,CAD,Inflation Rate Mom,-1.212,1,1,15,-4.60000000000127,,2026-07-20 12:30:01.053000,2026-07-20 12:30:16.408000,1.053,15.355,1.80000000000069,1.2999999999996348,80,-3.0500000000022176
2026-07-20 12:30:00,USDCAD,CAD,Inflation Rate Mom,-1.212,1,1,30,-2.700000000002145,,2026-07-20 12:30:01.053000,2026-07-20 12:30:31.478000,1.053,30.425,1.80000000000069,1.100000000000545,115,-1.2500000000015277
2026-07-20 12:30:00,USDCAD,CAD,Inflation Rate Mom,-1.212,1,1,60,-2.80000000000058,,2026-07-20 12:30:01.053000,2026-07-20 12:31:02.012000,1.053,60.959,1.80000000000069,1.1999999999989797,164,-1.3000000000018552
2026-07-20 12:30:00,USDCAD,CAD,Inflation Rate Mom,-1.212,1,1,120,-1.2000000000012,,2026-07-20 12:30:01.053000,2026-07-20 12:32:01.376000,1.053,120.323,1.80000000000069,0.8999999999992347,245,0.14999999999876223
2026-07-20 12:30:00,USDCAD,CAD,Inflation Rate Mom,-1.212,1,3,5,-0.700000000000145,,2026-07-20 12:30:03.287000,2026-07-20 12:30:10.335000,3.287,7.048,1.2000000000012,0.8999999999992347,32,0.3500000000000725
2026-07-20 12:30:00,USDCAD,CAD,Inflation Rate Mom,-1.212,1,3,10,-2.900000000001235,,2026-07-20 12:30:03.287000,2026-07-20 12:30:13.520000,3.287,10.233,1.2000000000012,1.2999999999996348,45,-1.6499999999997073
2026-07-20 12:30:00,USDCAD,CAD,Inflation Rate Mom,-1.212,1,3,15,-2.100000000000435,,2026-07-20 12:30:03.287000,2026-07-20 12:30:18.374000,3.287,15.087,1.2000000000012,1.40000000000029,71,-0.7999999999985796
2026-07-20 12:30:00,USDCAD,CAD,Inflation Rate Mom,-1.212,1,3,30,-2.500000000000835,,2026-07-20 12:30:03.287000,2026-07-20 12:30:35.199000,3.287,31.912,1.2000000000012,1.100000000000545,96,-1.349999999997742
2026-07-20 12:30:00,USDCAD,CAD,Inflation Rate Mom,-1.212,1,3,60,-2.100000000000435,,2026-07-20 12:30:03.287000,2026-07-20 12:31:04.218000,3.287,60.931,1.2000000000012,1.1999999999989797,147,-0.8999999999992347
2026-07-20 12:30:00,USDCAD,CAD,Inflation Rate Mom,-1.212,1,3,120,-0.6000000000017103,,2026-07-20 12:30:03.287000,2026-07-20 12:32:03.746000,3.287,120.459,1.2000000000012,1.2000000000012,228,0.5999999999994898
2026-07-20 12:30:00,USDCAD,CAD,Inflation Rate Mom,-1.212,1,5,5,-1.2999999999996348,,2026-07-20 12:30:05.012000,2026-07-20 12:30:10.335000,5.012,5.323,1.40000000000029,0.8999999999992347,23,-0.15000000000098268
2026-07-20 12:30:00,USDCAD,CAD,Inflation Rate Mom,-1.212,1,5,10,-3.9999999999995595,,2026-07-20 12:30:05.012000,2026-07-20 12:30:15.091000,5.012,10.079,1.40000000000029,1.3999999999980695,45,-2.60000000000149
2026-07-20 12:30:00,USDCAD,CAD,Inflation Rate Mom,-1.212,1,5,15,-3.2999999999994145,,2026-07-20 12:30:05.012000,2026-07-20 12:30:20.146000,5.012,15.134,1.40000000000029,1.1999999999989797,71,-1.9999999999997797
2026-07-20 12:30:00,USDCAD,CAD,Inflation Rate Mom,-1.212,1,5,30,-3.1000000000003247,,2026-07-20 12:30:05.012000,2026-07-20 12:30:35.199000,5.012,30.187,1.40000000000029,1.100000000000545,87,-1.849999999998797
2026-07-20 12:30:00,USDCAD,CAD,Inflation Rate Mom,-1.212,1,5,60,-2.6999999999999247,,2026-07-20 12:30:05.012000,2026-07-20 12:31:09.945000,5.012,64.933,1.40000000000029,0.7999999999985796,139,-1.5999999999993797
2026-07-20 12:30:00,USDCAD,CAD,Inflation Rate Mom,-1.212,1,5,120,-1.2999999999996348,,2026-07-20 12:30:05.012000,2026-07-20 12:32:08.927000,5.012,123.915,1.40000000000029,1.0999999999983245,221,-0.05000000000032756
2026-07-20 12:30:00,USDCAD,CAD,Inflation Rate Mom,-1.212,1,10,5,-3.6999999999998145,,2026-07-20 12:30:10.335000,2026-07-20 12:30:15.396000,10.335,5.061,0.8999999999992347,1.4999999999987246,24,-2.4999999999986144
2026-07-20 12:30:00,USDCAD,CAD,Inflation Rate Mom,-1.212,1,10,10,-2.8999999999990145,,2026-07-20 12:30:10.335000,2026-07-20 12:30:20.400000,10.335,10.065,0.8999999999992347,1.1999999999989797,50,-1.849999999998797
2026-07-20 12:30:00,USDCAD,CAD,Inflation Rate Mom,-1.212,1,10,15,-2.4000000000001798,,2026-07-20 12:30:10.335000,2026-07-20 12:30:25.843000,10.335,15.508,0.8999999999992347,1.2000000000012,59,-1.349999999997742
2026-07-20 12:30:00,USDCAD,CAD,Inflation Rate Mom,-1.212,1,10,30,-5.1000000000001044,,2026-07-20 12:30:10.335000,2026-07-20 12:30:41.308000,10.335,30.973,0.8999999999992347,1.2000000000012,80,-4.049999999997667
2026-07-20 12:30:00,USDCAD,CAD,Inflation Rate Mom,-1.212,1,10,60,-1.80000000000069,,2026-07-20 12:30:10.335000,2026-07-20 12:31:10.707000,10.335,60.372,0.8999999999992347,0.700000000000145,122,-0.9999999999998899
2026-07-20 12:30:00,USDCAD,CAD,Inflation Rate Mom,-1.212,1,10,120,-1.100000000000545,,2026-07-20 12:30:10.335000,2026-07-20 12:32:13.516000,10.335,123.181,0.8999999999992347,1.2000000000012,199,-0.049999999998107114
2026-07-20 12:30:00,USDCAD,CAD,Inflation Rate Mom,-1.212,1,15,5,-0.6999999999979245,,2026-07-20 12:30:15.091000,2026-07-20 12:30:20.146000,15.091,5.055,1.3999999999980695,1.1999999999989797,26,0.6000000000017103
2026-07-20 12:30:00,USDCAD,CAD,Inflation Rate Mom,-1.212,1,15,10,-0.1999999999990898,,2026-07-20 12:30:15.091000,2026-07-20 12:30:25.843000,15.091,10.752,1.3999999999980695,1.2000000000012,37,1.1000000000027654
2026-07-20 12:30:00,USDCAD,CAD,Inflation Rate Mom,-1.212,1,15,15,-0.09999999999843467,,2026-07-20 12:30:15.091000,2026-07-20 12:30:30.370000,15.091,15.279,1.3999999999980695,1.1999999999989797,39,1.2000000000012
2026-07-20 12:30:00,USDCAD,CAD,Inflation Rate Mom,-1.212,1,15,30,-2.6999999999999247,,2026-07-20 12:30:15.091000,2026-07-20 12:30:47.449000,15.091,32.358,1.3999999999980695,1.0000000000021103,59,-1.4999999999987246
2026-07-20 12:30:00,USDCAD,CAD,Inflation Rate Mom,-1.212,1,15,60,3.00000000000189,,2026-07-20 12:30:15.091000,2026-07-20 12:31:16.704000,15.091,61.613,1.3999999999980695,0.9999999999998899,116,4.20000000000087
2026-07-20 12:30:00,USDCAD,CAD,Inflation Rate Mom,-1.212,1,15,120,2.300000000001745,,2026-07-20 12:30:15.091000,2026-07-20 12:32:17.762000,15.091,122.671,1.3999999999980695,1.0999999999983245,185,3.5500000000010523
2026-07-20 12:30:00,USDCAD,CAD,Inflation Rate Mom,-1.212,1,30,5,-2.2999999999995246,,2026-07-20 12:30:30.370000,2026-07-20 12:30:35.403000,30.37,5.033,1.1999999999989797,1.1999999999989797,5,-1.100000000000545
2026-07-20 12:30:00,USDCAD,CAD,Inflation Rate Mom,-1.212,1,30,10,-3.9999999999995595,,2026-07-20 12:30:30.370000,2026-07-20 12:30:41.308000,30.37,10.938,1.1999999999989797,1.2000000000012,19,-2.7999999999983594
2026-07-20 12:30:00,USDCAD,CAD,Inflation Rate Mom,-1.212,1,30,15,-3.8000000000004697,,2026-07-20 12:30:30.370000,2026-07-20 12:30:47.449000,30.37,17.079,1.1999999999989797,1.0000000000021103,20,-2.6999999999999247
2026-07-20 12:30:00,USDCAD,CAD,Inflation Rate Mom,-1.212,1,30,30,-1.8999999999991246,,2026-07-20 12:30:30.370000,2026-07-20 12:31:00.446000,30.37,30.076,1.1999999999989797,0.8999999999992347,46,-0.8500000000011276
2026-07-20 12:30:00,USDCAD,CAD,Inflation Rate Mom,-1.212,1,30,60,0.9000000000014552,,2026-07-20 12:30:30.370000,2026-07-20 12:31:32.599000,30.37,62.229,1.1999999999989797,1.1999999999989797,108,2.100000000000435
2026-07-20 12:30:00,USDCAD,CAD,Inflation Rate Mom,-1.212,1,30,120,1.9999999999997797,,2026-07-20 12:30:30.370000,2026-07-20 12:32:31.108000,30.37,120.738,1.1999999999989797,1.2000000000012,156,3.20000000000098
2026-07-20 12:30:00,USDCAD,CAD,Inflation Rate Mom,-1.212,1,60,5,-0.1999999999990898,,2026-07-20 12:31:00.090000,2026-07-20 12:31:09.945000,60.09,9.855,1.100000000000545,0.7999999999985796,11,0.750000000002693
2026-07-20 12:30:00,USDCAD,CAD,Inflation Rate Mom,-1.212,1,60,10,-0.7999999999985796,,2026-07-20 12:31:00.090000,2026-07-20 12:31:10.149000,60.09,10.059,1.100000000000545,0.9999999999998899,14,0.25000000000385825
2026-07-20 12:30:00,USDCAD,CAD,Inflation Rate Mom,-1.212,1,60,15,2.900000000001235,,2026-07-20 12:31:00.090000,2026-07-20 12:31:16.704000,60.09,16.614,1.100000000000545,0.9999999999998899,33,3.9500000000014523
2026-07-20 12:30:00,USDCAD,CAD,Inflation Rate Mom,-1.212,1,60,30,1.900000000001345,,2026-07-20 12:31:00.090000,2026-07-20 12:31:32.599000,60.09,32.509,1.100000000000545,1.1999999999989797,64,3.0500000000022176
2026-07-20 12:30:00,USDCAD,CAD,Inflation Rate Mom,-1.212,1,60,60,1.40000000000029,,2026-07-20 12:31:00.090000,2026-07-20 12:32:01.376000,60.09,61.286,1.100000000000545,0.8999999999992347,88,2.4000000000024
2026-07-20 12:30:00,USDCAD,CAD,Inflation Rate Mom,-1.212,1,60,120,0.700000000000145,,2026-07-20 12:31:00.090000,2026-07-20 12:33:00.465000,60.09,120.375,1.100000000000545,1.2000000000012,127,1.8500000000010175
2026-07-23 01:30:00,AUDUSD,AUD,Employment Change,1.816,1,0,5,9.600000000000719,,2026-07-23 01:30:00.110000,2026-07-23 01:30:05.123000,0.11,5.013,1.5999999999993797,1.8999999999991246,57,11.349999999999971
2026-07-23 01:30:00,AUDUSD,AUD,Employment Change,1.816,1,0,10,5.399999999999849,,2026-07-23 01:30:00.110000,2026-07-23 01:30:10.181000,0.11,10.071,1.5999999999993797,2.00000000000089,97,7.199999999999429
2026-07-23 01:30:00,AUDUSD,AUD,Employment Change,1.816,1,0,15,8.700000000000374,,2026-07-23 01:30:00.110000,2026-07-23 01:30:15.311000,0.11,15.201,1.5999999999993797,1.2999999999996348,128,10.149999999999881
2026-07-23 01:30:00,AUDUSD,AUD,Employment Change,1.816,1,0,30,9.600000000000719,,2026-07-23 01:30:00.110000,2026-07-23 01:30:30.111000,0.11,30.001,1.5999999999993797,1.2999999999996348,192,11.050000000000226
2026-07-23 01:30:00,AUDUSD,AUD,Employment Change,1.816,1,0,60,6.4000000000008495,,2026-07-23 01:30:00.110000,2026-07-23 01:31:01.401000,0.11,61.291,1.5999999999993797,0.8999999999992347,303,7.650000000000157
2026-07-23 01:30:00,AUDUSD,AUD,Employment Change,1.816,1,0,120,5.3000000000003045,,2026-07-23 01:30:00.110000,2026-07-23 01:32:00.270000,0.11,120.16,1.5999999999993797,0.900000000000345,411,6.549999999999612
2026-07-23 01:30:00,AUDUSD,AUD,Employment Change,1.816,1,1,5,0.9999999999998899,,2026-07-23 01:30:01.042000,2026-07-23 01:30:06.295000,1.042,5.253,2.1999999999999797,1.5999999999993797,54,2.8999999999990145
2026-07-23 01:30:00,AUDUSD,AUD,Employment Change,1.816,1,1,10,-3.4000000000000696,,2026-07-23 01:30:01.042000,2026-07-23 01:30:11.094000,1.042,10.052,2.1999999999999797,1.4999999999998348,88,-1.5500000000012726
2026-07-23 01:30:00,AUDUSD,AUD,Employment Change,1.816,1,1,15,0.3999999999992898,,2026-07-23 01:30:01.042000,2026-07-23 01:30:16.073000,1.042,15.031,2.1999999999999797,1.100000000000545,119,2.049999999998997
2026-07-23 01:30:00,AUDUSD,AUD,Employment Change,1.816,1,1,30,0.5999999999994898,,2026-07-23 01:30:01.042000,2026-07-23 01:30:31.436000,1.042,30.394,2.1999999999999797,1.2999999999996348,186,2.349999999998742
2026-07-23 01:30:00,AUDUSD,AUD,Employment Change,1.816,1,1,60,-2.6999999999999247,,2026-07-23 01:30:01.042000,2026-07-23 01:31:01.401000,1.042,60.359,2.1999999999999797,0.8999999999992347,290,-1.1500000000008725
2026-07-23 01:30:00,AUDUSD,AUD,Employment Change,1.816,1,1,120,-3.4000000000000696,,2026-07-23 01:30:01.042000,2026-07-23 01:32:01.697000,1.042,120.655,2.1999999999999797,0.9999999999998899,402,-1.80000000000069
2026-07-23 01:30:00,AUDUSD,AUD,Employment Change,1.816,1,3,5,-0.3999999999992898,,2026-07-23 01:30:03.031000,2026-07-23 01:30:08.091000,3.031,5.06,2.0999999999993246,1.5999999999993797,44,1.4499999999995072
2026-07-23 01:30:00,AUDUSD,AUD,Employment Change,1.816,1,3,10,-1.9000000000002348,,2026-07-23 01:30:03.031000,2026-07-23 01:30:13.119000,3.031,10.088,2.0999999999993246,1.300000000000745,74,-0.20000000000131024
2026-07-23 01:30:00,AUDUSD,AUD,Employment Change,1.816,1,3,15,0.2999999999997449,,2026-07-23 01:30:03.031000,2026-07-23 01:30:18.114000,3.031,15.083,2.0999999999993246,1.2000000000000899,103,1.9499999999994522
2026-07-23 01:30:00,AUDUSD,AUD,Employment Change,1.816,1,3,30,0.700000000000145,,2026-07-23 01:30:03.031000,2026-07-23 01:30:33.516000,3.031,30.485,2.0999999999993246,1.40000000000029,170,2.449999999999397
2026-07-23 01:30:00,AUDUSD,AUD,Employment Change,1.816,1,3,60,-2.6999999999999247,,2026-07-23 01:30:03.031000,2026-07-23 01:31:04.486000,3.031,61.455,2.0999999999993246,0.900000000000345,273,-1.2000000000012
2026-07-23 01:30:00,AUDUSD,AUD,Employment Change,1.816,1,3,120,-3.4000000000000696,,2026-07-23 01:30:03.031000,2026-07-23 01:32:06.411000,3.031,123.38,2.0999999999993246,0.8000000000008001,383,-1.9500000000005624
2026-07-23 01:30:00,AUDUSD,AUD,Employment Change,1.816,1,5,5,-6.099999999999994,,2026-07-23 01:30:05.072000,2026-07-23 01:30:10.079000,5.072,5.007,1.7000000000000348,1.7000000000000348,40,-4.3999999999999595
2026-07-23 01:30:00,AUDUSD,AUD,Employment Change,1.816,1,5,10,-2.9999999999996696,,2026-07-23 01:30:05.072000,2026-07-23 01:30:15.311000,5.072,10.239,1.7000000000000348,1.2999999999996348,72,-1.4999999999998348
2026-07-23 01:30:00,AUDUSD,AUD,Employment Change,1.816,1,5,15,-3.4999999999996145,,2026-07-23 01:30:05.072000,2026-07-23 01:30:20.199000,5.072,15.127,1.7000000000000348,1.7000000000000348,92,-1.7999999999995797
2026-07-23 01:30:00,AUDUSD,AUD,Employment Change,1.816,1,5,30,-1.2000000000000899,,2026-07-23 01:30:05.072000,2026-07-23 01:30:35.144000,5.072,30.072,1.7000000000000348,1.2000000000000899,155,0.24999999999941735
2026-07-23 01:30:00,AUDUSD,AUD,Employment Change,1.816,1,5,60,-4.100000000000215,,2026-07-23 01:30:05.072000,2026-07-23 01:31:05.205000,5.072,60.133,1.7000000000000348,0.8000000000008001,260,-2.849999999999797
2026-07-23 01:30:00,AUDUSD,AUD,Employment Change,1.816,1,5,120,-6.099999999999994,,2026-07-23 01:30:05.072000,2026-07-23 01:32:06.411000,5.072,121.339,1.7000000000000348,0.8000000000008001,362,-4.849999999999577
2026-07-23 01:30:00,AUDUSD,AUD,Employment Change,1.816,1,10,5,1.40000000000029,,2026-07-23 01:30:10.079000,2026-07-23 01:30:15.311000,10.079,5.232,1.7000000000000348,1.2999999999996348,32,2.9000000000001247
2026-07-23 01:30:00,AUDUSD,AUD,Employment Change,1.816,1,10,10,0.900000000000345,,2026-07-23 01:30:10.079000,2026-07-23 01:30:20.199000,10.079,10.12,1.7000000000000348,1.7000000000000348,52,2.60000000000038
2026-07-23 01:30:00,AUDUSD,AUD,Employment Change,1.816,1,10,15,2.9000000000001247,,2026-07-23 01:30:10.079000,2026-07-23 01:30:25.983000,10.079,15.904,1.7000000000000348,1.2999999999996348,76,4.3999999999999595
2026-07-23 01:30:00,AUDUSD,AUD,Employment Change,1.816,1,10,30,3.8000000000004697,,2026-07-23 01:30:10.079000,2026-07-23 01:30:40.799000,10.079,30.72,1.7000000000000348,0.9999999999998899,142,5.150000000000432
2026-07-23 01:30:00,AUDUSD,AUD,Employment Change,1.816,1,10,60,0.2999999999997449,,2026-07-23 01:30:10.079000,2026-07-23 01:31:10.768000,10.079,60.689,1.7000000000000348,0.700000000000145,223,1.4999999999998348
2026-07-23 01:30:00,AUDUSD,AUD,Employment Change,1.816,1,10,120,-1.7999999999995797,,2026-07-23 01:30:10.079000,2026-07-23 01:32:10.311000,10.079,120.232,1.7000000000000348,1.0999999999994348,332,-0.40000000000040004
2026-07-23 01:30:00,AUDUSD,AUD,Employment Change,1.816,1,15,5,-1.7999999999995797,,2026-07-23 01:30:15.006000,2026-07-23 01:30:20.199000,15.006,5.193,1.4999999999998348,1.7000000000000348,21,-0.20000000000020002
2026-07-23 01:30:00,AUDUSD,AUD,Employment Change,1.816,1,15,10,0.0,,2026-07-23 01:30:15.006000,2026-07-23 01:30:25.021000,15.006,10.015,1.4999999999998348,1.7000000000000348,44,1.5999999999993797
2026-07-23 01:30:00,AUDUSD,AUD,Employment Change,1.816,1,15,15,-0.1999999999990898,,2026-07-23 01:30:15.006000,2026-07-23 01:30:30.008000,15.006,15.002,1.4999999999998348,1.2999999999996348,64,1.2000000000000899
2026-07-23 01:30:00,AUDUSD,AUD,Employment Change,1.816,1,15,30,0.40000000000040004,,2026-07-23 01:30:15.006000,2026-07-23 01:30:45.036000,15.006,30.03,1.4999999999998348,1.0999999999994348,129,1.7000000000000348
2026-07-23 01:30:00,AUDUSD,AUD,Employment Change,1.816,1,15,60,-3.1999999999998696,,2026-07-23 01:30:15.006000,2026-07-23 01:31:16.229000,15.006,61.223,1.4999999999998348,0.9999999999998899,202,-1.9500000000005624
2026-07-23 01:30:00,AUDUSD,AUD,Employment Change,1.816,1,15,120,-5.199999999999649,,2026-07-23 01:30:15.006000,2026-07-23 01:32:15.067000,15.006,120.061,1.4999999999998348,0.900000000000345,315,-3.9999999999995595
2026-07-23 01:30:00,AUDUSD,AUD,Employment Change,1.816,1,30,5,-0.6000000000006,,2026-07-23 01:30:30.008000,2026-07-23 01:30:35.144000,30.008,5.136,1.2999999999996348,1.2000000000000899,20,0.6499999999987072
2026-07-23 01:30:00,AUDUSD,AUD,Employment Change,1.816,1,30,10,0.0,,2026-07-23 01:30:30.008000,2026-07-23 01:30:40.799000,30.008,10.791,1.2999999999996348,0.9999999999998899,47,1.1499999999997623
2026-07-23 01:30:00,AUDUSD,AUD,Employment Change,1.816,1,30,15,-0.700000000000145,,2026-07-23 01:30:30.008000,2026-07-23 01:30:45.036000,30.008,15.028,1.2999999999996348,1.0999999999994348,65,0.49999999999994493
2026-07-23 01:30:00,AUDUSD,AUD,Employment Change,1.816,1,30,30,-4.699999999999704,,2026-07-23 01:30:30.008000,2026-07-23 01:31:01.401000,30.008,31.393,1.2999999999996348,0.8999999999992347,112,-3.6000000000002697
2026-07-23 01:30:00,AUDUSD,AUD,Employment Change,1.816,1,30,60,-4.6000000000001595,,2026-07-23 01:30:30.008000,2026-07-23 01:31:30.553000,30.008,60.545,1.2999999999996348,0.9999999999998899,160,-3.450000000000397
2026-07-23 01:30:00,AUDUSD,AUD,Employment Change,1.816,1,30,120,-5.199999999999649,,2026-07-23 01:30:30.008000,2026-07-23 01:32:35.323000,30.008,125.315,1.2999999999996348,1.1999999999989797,267,-3.950000000000342
2026-07-23 01:30:00,AUDUSD,AUD,Employment Change,1.816,1,60,5,0.2999999999997449,,2026-07-23 01:31:01.401000,2026-07-23 01:31:07.027000,61.401,5.626,0.8999999999992347,0.900000000000345,14,1.1999999999989797
2026-07-23 01:30:00,AUDUSD,AUD,Employment Change,1.816,1,60,10,0.10000000000065512,,2026-07-23 01:31:01.401000,2026-07-23 01:31:11.835000,61.401,10.434,0.8999999999992347,0.7999999999996898,19,0.9499999999995623
2026-07-23 01:30:00,AUDUSD,AUD,Employment Change,1.816,1,60,15,-0.5999999999994898,,2026-07-23 01:31:01.401000,2026-07-23 01:31:17.091000,61.401,15.69,0.8999999999992347,1.2999999999996348,28,0.49999999999994493
2026-07-23 01:30:00,AUDUSD,AUD,Employment Change,1.816,1,60,30,-0.7999999999996898,,2026-07-23 01:31:01.401000,2026-07-23 01:31:32.773000,61.401,31.372,0.8999999999992347,0.7999999999996898,51,0.05000000000032756
2026-07-23 01:30:00,AUDUSD,AUD,Employment Change,1.816,1,60,60,-1.5999999999993797,,2026-07-23 01:31:01.401000,2026-07-23 01:32:01.697000,61.401,60.296,0.8999999999992347,0.9999999999998899,112,-0.6499999999998174
2026-07-23 01:30:00,AUDUSD,AUD,Employment Change,1.816,1,60,120,0.9999999999998899,,2026-07-23 01:31:01.401000,2026-07-23 01:33:01.457000,61.401,120.056,0.8999999999992347,0.900000000000345,201,1.8999999999991246
2026-07-24 06:00:00,GBPUSD,GBP,Retail Sales YoY,1.632,1,0,5,1.100000000000545,,2026-07-24 06:00:00.170000,2026-07-24 06:00:05.432000,0.17,5.262,1.40000000000029,0.700000000000145,37,2.1500000000007624
2026-07-24 06:00:00,GBPUSD,GBP,Retail Sales YoY,1.632,1,0,10,0.8000000000008001,,2026-07-24 06:00:00.170000,2026-07-24 06:00:10.256000,0.17,10.086,1.40000000000029,1.100000000000545,51,2.0500000000001073
2026-07-24 06:00:00,GBPUSD,GBP,Retail Sales YoY,1.632,1,0,15,0.5000000000010552,,2026-07-24 06:00:00.170000,2026-07-24 06:00:15.197000,0.17,15.027,1.40000000000029,1.100000000000545,67,1.7500000000025828
2026-07-24 06:00:00,GBPUSD,GBP,Retail Sales YoY,1.632,1,0,30,0.6000000000017103,,2026-07-24 06:00:00.170000,2026-07-24 06:00:30.711000,0.17,30.541,1.40000000000029,0.7999999999985796,100,1.7000000000000348
2026-07-24 06:00:00,GBPUSD,GBP,Retail Sales YoY,1.632,1,0,60,1.40000000000029,,2026-07-24 06:00:00.170000,2026-07-24 06:01:00.647000,0.17,60.477,1.40000000000029,0.8000000000008001,120,2.500000000000835
2026-07-24 06:00:00,GBPUSD,GBP,Retail Sales YoY,1.632,1,0,120,0.5000000000010552,,2026-07-24 06:00:00.170000,2026-07-24 06:02:00.289000,0.17,120.119,1.40000000000029,0.5999999999994898,157,1.500000000000945
2026-07-24 06:00:00,GBPUSD,GBP,Retail Sales YoY,1.632,1,1,5,-2.6999999999999247,,2026-07-24 06:00:01.091000,2026-07-24 06:00:06.905000,1.091,5.814,0.9999999999998899,1.2999999999996348,33,-1.5500000000012726
2026-07-24 06:00:00,GBPUSD,GBP,Retail Sales YoY,1.632,1,1,10,-2.500000000000835,,2026-07-24 06:00:01.091000,2026-07-24 06:00:11.673000,1.091,10.582,0.9999999999998899,1.2000000000012,46,-1.40000000000029
2026-07-24 06:00:00,GBPUSD,GBP,Retail Sales YoY,1.632,1,1,15,-2.4000000000001798,,2026-07-24 06:00:01.091000,2026-07-24 06:00:16.113000,1.091,15.022,0.9999999999998899,0.8000000000008001,66,-1.500000000000945
2026-07-24 06:00:00,GBPUSD,GBP,Retail Sales YoY,1.632,1,1,30,-2.5999999999992696,,2026-07-24 06:00:01.091000,2026-07-24 06:00:38.267000,1.091,37.176,0.9999999999998899,0.700000000000145,94,-1.7500000000003624
2026-07-24 06:00:00,GBPUSD,GBP,Retail Sales YoY,1.632,1,1,60,-1.7000000000000348,,2026-07-24 06:00:01.091000,2026-07-24 06:01:01.931000,1.091,60.84,0.9999999999998899,0.4999999999988347,114,-0.9500000000017828
2026-07-24 06:00:00,GBPUSD,GBP,Retail Sales YoY,1.632,1,1,120,-2.80000000000058,,2026-07-24 06:00:01.091000,2026-07-24 06:02:01.454000,1.091,120.363,0.9999999999998899,0.2999999999997449,151,-2.150000000002983
2026-07-24 06:00:00,GBPUSD,GBP,Retail Sales YoY,1.632,1,3,5,-3.1999999999987594,,2026-07-24 06:00:03.085000,2026-07-24 06:00:08.635000,3.085,5.55,0.8999999999992347,1.0999999999983245,27,-2.1999999999988695
2026-07-24 06:00:00,GBPUSD,GBP,Retail Sales YoY,1.632,1,3,10,-2.80000000000058,,2026-07-24 06:00:03.085000,2026-07-24 06:00:13.562000,3.085,10.477,0.8999999999992347,1.3000000000018552,38,-1.6999999999978144
2026-07-24 06:00:00,GBPUSD,GBP,Retail Sales YoY,1.632,1,3,15,-2.4000000000001798,,2026-07-24 06:00:03.085000,2026-07-24 06:00:18.097000,3.085,15.012,0.8999999999992347,0.5999999999994898,57,-1.6499999999997073
2026-07-24 06:00:00,GBPUSD,GBP,Retail Sales YoY,1.632,1,3,30,-3.1999999999987594,,2026-07-24 06:00:03.085000,2026-07-24 06:00:38.267000,3.085,35.182,0.8999999999992347,0.700000000000145,80,-2.3999999999979593
2026-07-24 06:00:00,GBPUSD,GBP,Retail Sales YoY,1.632,1,3,60,-2.2999999999995246,,2026-07-24 06:00:03.085000,2026-07-24 06:01:03.896000,3.085,60.811,0.8999999999992347,0.40000000000040004,101,-1.6499999999997073
2026-07-24 06:00:00,GBPUSD,GBP,Retail Sales YoY,1.632,1,3,120,-4.199999999998649,,2026-07-24 06:00:03.085000,2026-07-24 06:02:03.491000,3.085,120.406,0.8999999999992347,0.5999999999994898,142,-3.4499999999981767
2026-07-24 06:00:00,GBPUSD,GBP,Retail Sales YoY,1.632,1,5,5,-1.2999999999996348,,2026-07-24 06:00:05.126000,2026-07-24 06:00:10.256000,5.126,5.13,1.100000000000545,1.100000000000545,15,-0.20000000000131024
2026-07-24 06:00:00,GBPUSD,GBP,Retail Sales YoY,1.632,1,5,10,-1.5999999999993797,,2026-07-24 06:00:05.126000,2026-07-24 06:00:15.197000,5.126,10.071,1.100000000000545,1.100000000000545,31,-0.4999999999988347
2026-07-24 06:00:00,GBPUSD,GBP,Retail Sales YoY,1.632,1,5,15,-0.8999999999992347,,2026-07-24 06:00:05.126000,2026-07-24 06:00:20.993000,5.126,15.867,1.100000000000545,0.7999999999985796,49,0.049999999998107114
2026-07-24 06:00:00,GBPUSD,GBP,Retail Sales YoY,1.632,1,5,30,-1.4999999999987246,,2026-07-24 06:00:05.126000,2026-07-24 06:00:38.267000,5.126,33.141,1.100000000000545,0.700000000000145,65,-0.5999999999994898
2026-07-24 06:00:00,GBPUSD,GBP,Retail Sales YoY,1.632,1,5,60,-0.5999999999994898,,2026-07-24 06:00:05.126000,2026-07-24 06:01:06.563000,5.126,61.437,1.100000000000545,0.40000000000040004,88,0.14999999999876223
2026-07-24 06:00:00,GBPUSD,GBP,Retail Sales YoY,1.632,1,5,120,-2.4999999999986144,,2026-07-24 06:00:05.126000,2026-07-24 06:02:06.690000,5.126,121.564,1.100000000000545,0.4999999999988347,129,-1.7000000000000348
2026-07-24 06:00:00,GBPUSD,GBP,Retail Sales YoY,1.632,1,10,5,-1.2999999999996348,,2026-07-24 06:00:10.256000,2026-07-24 06:00:15.299000,10.256,5.043,1.100000000000545,0.9999999999998899,17,-0.24999999999941735
2026-07-24 06:00:00,GBPUSD,GBP,Retail Sales YoY,1.632,1,10,10,-0.700000000000145,,2026-07-24 06:00:10.256000,2026-07-24 06:00:20.993000,10.256,10.737,1.100000000000545,0.7999999999985796,34,0.24999999999941735
2026-07-24 06:00:00,GBPUSD,GBP,Retail Sales YoY,1.632,1,10,15,-1.2999999999996348,,2026-07-24 06:00:10.256000,2026-07-24 06:00:28.386000,10.256,18.13,1.100000000000545,0.4999999999988347,47,-0.4999999999988347
2026-07-24 06:00:00,GBPUSD,GBP,Retail Sales YoY,1.632,1,10,30,-1.2000000000012,,2026-07-24 06:00:10.256000,2026-07-24 06:00:42.873000,10.256,32.617,1.100000000000545,0.6000000000017103,53,-0.3500000000000725
2026-07-24 06:00:00,GBPUSD,GBP,Retail Sales YoY,1.632,1,10,60,-0.5000000000010552,,2026-07-24 06:00:10.256000,2026-07-24 06:01:12.613000,10.256,62.357,1.100000000000545,0.700000000000145,80,0.40000000000040004
2026-07-24 06:00:00,GBPUSD,GBP,Retail Sales YoY,1.632,1,10,120,-1.900000000001345,,2026-07-24 06:00:10.256000,2026-07-24 06:02:11.414000,10.256,121.158,1.100000000000545,0.5000000000010552,120,-1.0999999999983245
2026-07-24 06:00:00,GBPUSD,GBP,Retail Sales YoY,1.632,1,15,5,-0.2999999999997449,,2026-07-24 06:00:15.095000,2026-07-24 06:00:20.993000,15.095,5.898,0.8000000000008001,0.7999999999985796,19,0.4999999999988347
2026-07-24 06:00:00,GBPUSD,GBP,Retail Sales YoY,1.632,1,15,10,-0.8999999999992347,,2026-07-24 06:00:15.095000,2026-07-24 06:00:28.386000,15.095,13.291,0.8000000000008001,0.4999999999988347,32,-0.24999999999941735
2026-07-24 06:00:00,GBPUSD,GBP,Retail Sales YoY,1.632,1,15,15,-0.8999999999992347,,2026-07-24 06:00:15.095000,2026-07-24 06:00:30.711000,15.095,15.616,0.8000000000008001,0.7999999999985796,34,-0.10000000000065512
2026-07-24 06:00:00,GBPUSD,GBP,Retail Sales YoY,1.632,1,15,30,-0.8000000000008001,,2026-07-24 06:00:15.095000,2026-07-24 06:00:46.306000,15.095,31.211,0.8000000000008001,0.6000000000017103,40,-0.10000000000065512
2026-07-24 06:00:00,GBPUSD,GBP,Retail Sales YoY,1.632,1,15,60,0.1999999999990898,,2026-07-24 06:00:15.095000,2026-07-24 06:01:15.232000,15.095,60.137,0.8000000000008001,0.6000000000017103,72,0.9000000000014552
2026-07-24 06:00:00,GBPUSD,GBP,Retail Sales YoY,1.632,1,15,120,-0.8999999999992347,,2026-07-24 06:00:15.095000,2026-07-24 06:02:16.751000,15.095,121.656,0.8000000000008001,0.700000000000145,112,-0.14999999999876223
2026-07-24 06:00:00,GBPUSD,GBP,Retail Sales YoY,1.632,1,30,5,-0.7999999999985796,,2026-07-24 06:00:30.711000,2026-07-24 06:00:38.267000,30.711,7.556,0.7999999999985796,0.700000000000145,1,-0.049999999998107114
2026-07-24 06:00:00,GBPUSD,GBP,Retail Sales YoY,1.632,1,30,10,-0.700000000000145,,2026-07-24 06:00:30.711000,2026-07-24 06:00:42.873000,30.711,12.162,0.7999999999985796,0.6000000000017103,4,0.0
2026-07-24 06:00:00,GBPUSD,GBP,Retail Sales YoY,1.632,1,30,15,-0.700000000000145,,2026-07-24 06:00:30.711000,2026-07-24 06:00:46.306000,30.711,15.595,0.7999999999985796,0.6000000000017103,6,0.0
2026-07-24 06:00:00,GBPUSD,GBP,Retail Sales YoY,1.632,1,30,30,0.10000000000065512,,2026-07-24 06:00:30.711000,2026-07-24 06:01:01.931000,30.711,31.22,0.7999999999985796,0.4999999999988347,21,0.7500000000004725
2026-07-24 06:00:00,GBPUSD,GBP,Retail Sales YoY,1.632,1,30,60,0.10000000000065512,,2026-07-24 06:00:30.711000,2026-07-24 06:01:31.987000,30.711,61.276,0.7999999999985796,0.5999999999994898,42,0.8000000000008001
2026-07-24 06:00:00,GBPUSD,GBP,Retail Sales YoY,1.632,1,30,120,-0.9999999999998899,,2026-07-24 06:00:30.711000,2026-07-24 06:02:32.059000,30.711,121.348,0.7999999999985796,0.700000000000145,87,-0.24999999999941735
2026-07-24 06:00:00,GBPUSD,GBP,Retail Sales YoY,1.632,1,60,5,-0.700000000000145,,2026-07-24 06:01:00.647000,2026-07-24 06:01:06.563000,60.647,5.916,0.8000000000008001,0.40000000000040004,4,-0.10000000000065512
2026-07-24 06:00:00,GBPUSD,GBP,Retail Sales YoY,1.632,1,60,10,-0.8000000000008001,,2026-07-24 06:01:00.647000,2026-07-24 06:01:12.613000,60.647,11.966,0.8000000000008001,0.700000000000145,11,-0.05000000000032756
2026-07-24 06:00:00,GBPUSD,GBP,Retail Sales YoY,1.632,1,60,15,-0.700000000000145,,2026-07-24 06:01:00.647000,2026-07-24 06:01:16.346000,60.647,15.699,0.8000000000008001,0.8000000000008001,19,0.10000000000065512
2026-07-24 06:00:00,GBPUSD,GBP,Retail Sales YoY,1.632,1,60,30,-0.700000000000145,,2026-07-24 06:01:00.647000,2026-07-24 06:01:31.987000,60.647,31.34,0.8000000000008001,0.5999999999994898,22,0.0
2026-07-24 06:00:00,GBPUSD,GBP,Retail Sales YoY,1.632,1,60,60,-1.80000000000069,,2026-07-24 06:01:00.647000,2026-07-24 06:02:01.454000,60.647,60.807,0.8000000000008001,0.2999999999997449,38,-1.2500000000015277
2026-07-24 06:00:00,GBPUSD,GBP,Retail Sales YoY,1.632,1,60,120,-0.8000000000008001,,2026-07-24 06:01:00.647000,2026-07-24 06:03:01.906000,60.647,121.259,0.8000000000008001,0.700000000000145,91,-0.05000000000032756
2026-07-24 06:00:00,GBPUSD,GBP,Retail Sales MoM,1.385,1,0,5,1.100000000000545,,2026-07-24 06:00:00.170000,2026-07-24 06:00:05.432000,0.17,5.262,1.40000000000029,0.700000000000145,37,2.1500000000007624
2026-07-24 06:00:00,GBPUSD,GBP,Retail Sales MoM,1.385,1,0,10,0.8000000000008001,,2026-07-24 06:00:00.170000,2026-07-24 06:00:10.256000,0.17,10.086,1.40000000000029,1.100000000000545,51,2.0500000000001073
2026-07-24 06:00:00,GBPUSD,GBP,Retail Sales MoM,1.385,1,0,15,0.5000000000010552,,2026-07-24 06:00:00.170000,2026-07-24 06:00:15.197000,0.17,15.027,1.40000000000029,1.100000000000545,67,1.7500000000025828
2026-07-24 06:00:00,GBPUSD,GBP,Retail Sales MoM,1.385,1,0,30,0.6000000000017103,,2026-07-24 06:00:00.170000,2026-07-24 06:00:30.711000,0.17,30.541,1.40000000000029,0.7999999999985796,100,1.7000000000000348
2026-07-24 06:00:00,GBPUSD,GBP,Retail Sales MoM,1.385,1,0,60,1.40000000000029,,2026-07-24 06:00:00.170000,2026-07-24 06:01:00.647000,0.17,60.477,1.40000000000029,0.8000000000008001,120,2.500000000000835
2026-07-24 06:00:00,GBPUSD,GBP,Retail Sales MoM,1.385,1,0,120,0.5000000000010552,,2026-07-24 06:00:00.170000,2026-07-24 06:02:00.289000,0.17,120.119,1.40000000000029,0.5999999999994898,157,1.500000000000945
2026-07-24 06:00:00,GBPUSD,GBP,Retail Sales MoM,1.385,1,1,5,-2.6999999999999247,,2026-07-24 06:00:01.091000,2026-07-24 06:00:06.905000,1.091,5.814,0.9999999999998899,1.2999999999996348,33,-1.5500000000012726
2026-07-24 06:00:00,GBPUSD,GBP,Retail Sales MoM,1.385,1,1,10,-2.500000000000835,,2026-07-24 06:00:01.091000,2026-07-24 06:00:11.673000,1.091,10.582,0.9999999999998899,1.2000000000012,46,-1.40000000000029
2026-07-24 06:00:00,GBPUSD,GBP,Retail Sales MoM,1.385,1,1,15,-2.4000000000001798,,2026-07-24 06:00:01.091000,2026-07-24 06:00:16.113000,1.091,15.022,0.9999999999998899,0.8000000000008001,66,-1.500000000000945
2026-07-24 06:00:00,GBPUSD,GBP,Retail Sales MoM,1.385,1,1,30,-2.5999999999992696,,2026-07-24 06:00:01.091000,2026-07-24 06:00:38.267000,1.091,37.176,0.9999999999998899,0.700000000000145,94,-1.7500000000003624
2026-07-24 06:00:00,GBPUSD,GBP,Retail Sales MoM,1.385,1,1,60,-1.7000000000000348,,2026-07-24 06:00:01.091000,2026-07-24 06:01:01.931000,1.091,60.84,0.9999999999998899,0.4999999999988347,114,-0.9500000000017828
2026-07-24 06:00:00,GBPUSD,GBP,Retail Sales MoM,1.385,1,1,120,-2.80000000000058,,2026-07-24 06:00:01.091000,2026-07-24 06:02:01.454000,1.091,120.363,0.9999999999998899,0.2999999999997449,151,-2.150000000002983
2026-07-24 06:00:00,GBPUSD,GBP,Retail Sales MoM,1.385,1,3,5,-3.1999999999987594,,2026-07-24 06:00:03.085000,2026-07-24 06:00:08.635000,3.085,5.55,0.8999999999992347,1.0999999999983245,27,-2.1999999999988695
2026-07-24 06:00:00,GBPUSD,GBP,Retail Sales MoM,1.385,1,3,10,-2.80000000000058,,2026-07-24 06:00:03.085000,2026-07-24 06:00:13.562000,3.085,10.477,0.8999999999992347,1.3000000000018552,38,-1.6999999999978144
2026-07-24 06:00:00,GBPUSD,GBP,Retail Sales MoM,1.385,1,3,15,-2.4000000000001798,,2026-07-24 06:00:03.085000,2026-07-24 06:00:18.097000,3.085,15.012,0.8999999999992347,0.5999999999994898,57,-1.6499999999997073
2026-07-24 06:00:00,GBPUSD,GBP,Retail Sales MoM,1.385,1,3,30,-3.1999999999987594,,2026-07-24 06:00:03.085000,2026-07-24 06:00:38.267000,3.085,35.182,0.8999999999992347,0.700000000000145,80,-2.3999999999979593
2026-07-24 06:00:00,GBPUSD,GBP,Retail Sales MoM,1.385,1,3,60,-2.2999999999995246,,2026-07-24 06:00:03.085000,2026-07-24 06:01:03.896000,3.085,60.811,0.8999999999992347,0.40000000000040004,101,-1.6499999999997073
2026-07-24 06:00:00,GBPUSD,GBP,Retail Sales MoM,1.385,1,3,120,-4.199999999998649,,2026-07-24 06:00:03.085000,2026-07-24 06:02:03.491000,3.085,120.406,0.8999999999992347,0.5999999999994898,142,-3.4499999999981767
2026-07-24 06:00:00,GBPUSD,GBP,Retail Sales MoM,1.385,1,5,5,-1.2999999999996348,,2026-07-24 06:00:05.126000,2026-07-24 06:00:10.256000,5.126,5.13,1.100000000000545,1.100000000000545,15,-0.20000000000131024
2026-07-24 06:00:00,GBPUSD,GBP,Retail Sales MoM,1.385,1,5,10,-1.5999999999993797,,2026-07-24 06:00:05.126000,2026-07-24 06:00:15.197000,5.126,10.071,1.100000000000545,1.100000000000545,31,-0.4999999999988347
2026-07-24 06:00:00,GBPUSD,GBP,Retail Sales MoM,1.385,1,5,15,-0.8999999999992347,,2026-07-24 06:00:05.126000,2026-07-24 06:00:20.993000,5.126,15.867,1.100000000000545,0.7999999999985796,49,0.049999999998107114
2026-07-24 06:00:00,GBPUSD,GBP,Retail Sales MoM,1.385,1,5,30,-1.4999999999987246,,2026-07-24 06:00:05.126000,2026-07-24 06:00:38.267000,5.126,33.141,1.100000000000545,0.700000000000145,65,-0.5999999999994898
2026-07-24 06:00:00,GBPUSD,GBP,Retail Sales MoM,1.385,1,5,60,-0.5999999999994898,,2026-07-24 06:00:05.126000,2026-07-24 06:01:06.563000,5.126,61.437,1.100000000000545,0.40000000000040004,88,0.14999999999876223
2026-07-24 06:00:00,GBPUSD,GBP,Retail Sales MoM,1.385,1,5,120,-2.4999999999986144,,2026-07-24 06:00:05.126000,2026-07-24 06:02:06.690000,5.126,121.564,1.100000000000545,0.4999999999988347,129,-1.7000000000000348
2026-07-24 06:00:00,GBPUSD,GBP,Retail Sales MoM,1.385,1,10,5,-1.2999999999996348,,2026-07-24 06:00:10.256000,2026-07-24 06:00:15.299000,10.256,5.043,1.100000000000545,0.9999999999998899,17,-0.24999999999941735
2026-07-24 06:00:00,GBPUSD,GBP,Retail Sales MoM,1.385,1,10,10,-0.700000000000145,,2026-07-24 06:00:10.256000,2026-07-24 06:00:20.993000,10.256,10.737,1.100000000000545,0.7999999999985796,34,0.24999999999941735
2026-07-24 06:00:00,GBPUSD,GBP,Retail Sales MoM,1.385,1,10,15,-1.2999999999996348,,2026-07-24 06:00:10.256000,2026-07-24 06:00:28.386000,10.256,18.13,1.100000000000545,0.4999999999988347,47,-0.4999999999988347
2026-07-24 06:00:00,GBPUSD,GBP,Retail Sales MoM,1.385,1,10,30,-1.2000000000012,,2026-07-24 06:00:10.256000,2026-07-24 06:00:42.873000,10.256,32.617,1.100000000000545,0.6000000000017103,53,-0.3500000000000725
2026-07-24 06:00:00,GBPUSD,GBP,Retail Sales MoM,1.385,1,10,60,-0.5000000000010552,,2026-07-24 06:00:10.256000,2026-07-24 06:01:12.613000,10.256,62.357,1.100000000000545,0.700000000000145,80,0.40000000000040004
2026-07-24 06:00:00,GBPUSD,GBP,Retail Sales MoM,1.385,1,10,120,-1.900000000001345,,2026-07-24 06:00:10.256000,2026-07-24 06:02:11.414000,10.256,121.158,1.100000000000545,0.5000000000010552,120,-1.0999999999983245
2026-07-24 06:00:00,GBPUSD,GBP,Retail Sales MoM,1.385,1,15,5,-0.2999999999997449,,2026-07-24 06:00:15.095000,2026-07-24 06:00:20.993000,15.095,5.898,0.8000000000008001,0.7999999999985796,19,0.4999999999988347
2026-07-24 06:00:00,GBPUSD,GBP,Retail Sales MoM,1.385,1,15,10,-0.8999999999992347,,2026-07-24 06:00:15.095000,2026-07-24 06:00:28.386000,15.095,13.291,0.8000000000008001,0.4999999999988347,32,-0.24999999999941735
2026-07-24 06:00:00,GBPUSD,GBP,Retail Sales MoM,1.385,1,15,15,-0.8999999999992347,,2026-07-24 06:00:15.095000,2026-07-24 06:00:30.711000,15.095,15.616,0.8000000000008001,0.7999999999985796,34,-0.10000000000065512
2026-07-24 06:00:00,GBPUSD,GBP,Retail Sales MoM,1.385,1,15,30,-0.8000000000008001,,2026-07-24 06:00:15.095000,2026-07-24 06:00:46.306000,15.095,31.211,0.8000000000008001,0.6000000000017103,40,-0.10000000000065512
2026-07-24 06:00:00,GBPUSD,GBP,Retail Sales MoM,1.385,1,15,60,0.1999999999990898,,2026-07-24 06:00:15.095000,2026-07-24 06:01:15.232000,15.095,60.137,0.8000000000008001,0.6000000000017103,72,0.9000000000014552
2026-07-24 06:00:00,GBPUSD,GBP,Retail Sales MoM,1.385,1,15,120,-0.8999999999992347,,2026-07-24 06:00:15.095000,2026-07-24 06:02:16.751000,15.095,121.656,0.8000000000008001,0.700000000000145,112,-0.14999999999876223
2026-07-24 06:00:00,GBPUSD,GBP,Retail Sales MoM,1.385,1,30,5,-0.7999999999985796,,2026-07-24 06:00:30.711000,2026-07-24 06:00:38.267000,30.711,7.556,0.7999999999985796,0.700000000000145,1,-0.049999999998107114
2026-07-24 06:00:00,GBPUSD,GBP,Retail Sales MoM,1.385,1,30,10,-0.700000000000145,,2026-07-24 06:00:30.711000,2026-07-24 06:00:42.873000,30.711,12.162,0.7999999999985796,0.6000000000017103,4,0.0
2026-07-24 06:00:00,GBPUSD,GBP,Retail Sales MoM,1.385,1,30,15,-0.700000000000145,,2026-07-24 06:00:30.711000,2026-07-24 06:00:46.306000,30.711,15.595,0.7999999999985796,0.6000000000017103,6,0.0
2026-07-24 06:00:00,GBPUSD,GBP,Retail Sales MoM,1.385,1,30,30,0.10000000000065512,,2026-07-24 06:00:30.711000,2026-07-24 06:01:01.931000,30.711,31.22,0.7999999999985796,0.4999999999988347,21,0.7500000000004725
2026-07-24 06:00:00,GBPUSD,GBP,Retail Sales MoM,1.385,1,30,60,0.10000000000065512,,2026-07-24 06:00:30.711000,2026-07-24 06:01:31.987000,30.711,61.276,0.7999999999985796,0.5999999999994898,42,0.8000000000008001
2026-07-24 06:00:00,GBPUSD,GBP,Retail Sales MoM,1.385,1,30,120,-0.9999999999998899,,2026-07-24 06:00:30.711000,2026-07-24 06:02:32.059000,30.711,121.348,0.7999999999985796,0.700000000000145,87,-0.24999999999941735
2026-07-24 06:00:00,GBPUSD,GBP,Retail Sales MoM,1.385,1,60,5,-0.700000000000145,,2026-07-24 06:01:00.647000,2026-07-24 06:01:06.563000,60.647,5.916,0.8000000000008001,0.40000000000040004,4,-0.10000000000065512
2026-07-24 06:00:00,GBPUSD,GBP,Retail Sales MoM,1.385,1,60,10,-0.8000000000008001,,2026-07-24 06:01:00.647000,2026-07-24 06:01:12.613000,60.647,11.966,0.8000000000008001,0.700000000000145,11,-0.05000000000032756
2026-07-24 06:00:00,GBPUSD,GBP,Retail Sales MoM,1.385,1,60,15,-0.700000000000145,,2026-07-24 06:01:00.647000,2026-07-24 06:01:16.346000,60.647,15.699,0.8000000000008001,0.8000000000008001,19,0.10000000000065512
2026-07-24 06:00:00,GBPUSD,GBP,Retail Sales MoM,1.385,1,60,30,-0.700000000000145,,2026-07-24 06:01:00.647000,2026-07-24 06:01:31.987000,60.647,31.34,0.8000000000008001,0.5999999999994898,22,0.0
2026-07-24 06:00:00,GBPUSD,GBP,Retail Sales MoM,1.385,1,60,60,-1.80000000000069,,2026-07-24 06:01:00.647000,2026-07-24 06:02:01.454000,60.647,60.807,0.8000000000008001,0.2999999999997449,38,-1.2500000000015277
2026-07-24 06:00:00,GBPUSD,GBP,Retail Sales MoM,1.385,1,60,120,-0.8000000000008001,,2026-07-24 06:01:00.647000,2026-07-24 06:03:01.906000,60.647,121.259,0.8000000000008001,0.700000000000145,91,-0.05000000000032756
2026-07-29 01:30:00,AUDUSD,AUD,Inflation Rate,-1.019,-1,0,5,18.499999999999073,,2026-07-29 01:30:00.167000,2026-07-29 01:30:05.211000,0.167,5.044,1.300000000000745,1.9000000000002348,65,20.100000000000673
2026-07-29 01:30:00,AUDUSD,AUD,Inflation Rate,-1.019,-1,0,10,28.099999999999792,,2026-07-29 01:30:00.167000,2026-07-29 01:30:10.176000,0.167,10.009,1.300000000000745,0.9999999999998899,116,29.250000000000664
2026-07-29 01:30:00,AUDUSD,AUD,Inflation Rate,-1.019,-1,0,15,28.49999999999908,,2026-07-29 01:30:00.167000,2026-07-29 01:30:15.230000,0.167,15.063,1.300000000000745,1.500000000000945,164,29.90000000000048
2026-07-29 01:30:00,AUDUSD,AUD,Inflation Rate,-1.019,-1,0,30,23.399999999998975,,2026-07-29 01:30:00.167000,2026-07-29 01:30:30.261000,0.167,30.094,1.300000000000745,1.2000000000000899,293,24.649999999999395
2026-07-29 01:30:00,AUDUSD,AUD,Inflation Rate,-1.019,-1,0,60,21.09999999999945,,2026-07-29 01:30:00.167000,2026-07-29 01:31:00.184000,0.167,60.017,1.300000000000745,0.900000000000345,486,22.200000000001108
2026-07-29 01:30:00,AUDUSD,AUD,Inflation Rate,-1.019,-1,0,120,16.899999999999693,,2026-07-29 01:30:00.167000,2026-07-29 01:32:00.188000,0.167,120.021,1.300000000000745,0.9999999999998899,748,18.050000000000566
2026-07-29 01:30:00,AUDUSD,AUD,Inflation Rate,-1.019,-1,1,5,4.8000000000003595,,2026-07-29 01:30:01.091000,2026-07-29 01:30:06.186000,1.091,5.095,3.2999999999994145,1.7000000000000348,66,7.300000000000084
2026-07-29 01:30:00,AUDUSD,AUD,Inflation Rate,-1.019,-1,1,10,12.199999999999989,,2026-07-29 01:30:01.091000,2026-07-29 01:30:11.096000,1.091,10.005,3.2999999999994145,1.2000000000000899,115,14.450000000000296
2026-07-29 01:30:00,AUDUSD,AUD,Inflation Rate,-1.019,-1,1,15,14.100000000000223,,2026-07-29 01:30:01.091000,2026-07-29 01:30:16.406000,1.091,15.315,3.2999999999994145,1.2000000000000899,163,16.34999999999942
2026-07-29 01:30:00,AUDUSD,AUD,Inflation Rate,-1.019,-1,1,30,9.099999999999664,,2026-07-29 01:30:01.091000,2026-07-29 01:30:31.143000,1.091,30.052,3.2999999999994145,1.100000000000545,291,11.299999999999644
2026-07-29 01:30:00,AUDUSD,AUD,Inflation Rate,-1.019,-1,1,60,4.300000000000415,,2026-07-29 01:30:01.091000,2026-07-29 01:31:01.106000,1.091,60.015,3.2999999999994145,1.0999999999994348,481,6.499999999999284
2026-07-29 01:30:00,AUDUSD,AUD,Inflation Rate,-1.019,-1,1,120,0.9999999999998899,,2026-07-29 01:30:01.091000,2026-07-29 01:32:01.164000,1.091,120.073,3.2999999999994145,0.9999999999998899,742,3.149999999999542
2026-07-29 01:30:00,AUDUSD,AUD,Inflation Rate,-1.019,-1,3,5,10.200000000000209,,2026-07-29 01:30:03.202000,2026-07-29 01:30:08.227000,3.202,5.025,1.60000000000049,0.9999999999998899,58,11.499999999999844
2026-07-29 01:30:00,AUDUSD,AUD,Inflation Rate,-1.019,-1,3,10,13.199999999999878,,2026-07-29 01:30:03.202000,2026-07-29 01:30:13.397000,3.202,10.195,1.60000000000049,1.2000000000000899,110,14.600000000000168
2026-07-29 01:30:00,AUDUSD,AUD,Inflation Rate,-1.019,-1,3,15,15.399999999999858,,2026-07-29 01:30:03.202000,2026-07-29 01:30:18.283000,3.202,15.081,1.60000000000049,1.40000000000029,147,16.899999999999693
2026-07-29 01:30:00,AUDUSD,AUD,Inflation Rate,-1.019,-1,3,30,8.00000000000023,,2026-07-29 01:30:03.202000,2026-07-29 01:30:33.245000,3.202,30.043,1.60000000000049,1.7000000000000348,284,9.649999999999936
2026-07-29 01:30:00,AUDUSD,AUD,Inflation Rate,-1.019,-1,3,60,4.899999999999904,,2026-07-29 01:30:03.202000,2026-07-29 01:31:04.127000,3.202,60.925,1.60000000000049,0.9999999999998899,474,6.199999999999539
2026-07-29 01:30:00,AUDUSD,AUD,Inflation Rate,-1.019,-1,3,120,1.9999999999997797,,2026-07-29 01:30:03.202000,2026-07-29 01:32:03.203000,3.202,120.001,1.60000000000049,0.900000000000345,722,3.249999999999087
2026-07-29 01:30:00,AUDUSD,AUD,Inflation Rate,-1.019,-1,5,5,8.299999999999974,,2026-07-29 01:30:05.004000,2026-07-29 01:30:10.022000,5.004,5.018,1.60000000000049,1.2999999999996348,51,9.750000000000592
2026-07-29 01:30:00,AUDUSD,AUD,Inflation Rate,-1.019,-1,5,10,8.799999999999919,,2026-07-29 01:30:05.004000,2026-07-29 01:30:15.027000,5.004,10.023,1.60000000000049,1.4999999999998348,100,10.350000000001192
2026-07-29 01:30:00,AUDUSD,AUD,Inflation Rate,-1.019,-1,5,15,11.799999999999589,,2026-07-29 01:30:05.004000,2026-07-29 01:30:20.170000,5.004,15.166,1.60000000000049,1.40000000000029,140,13.300000000000534
2026-07-29 01:30:00,AUDUSD,AUD,Inflation Rate,-1.019,-1,5,30,2.6999999999999247,,2026-07-29 01:30:05.004000,2026-07-29 01:30:35.084000,5.004,30.08,1.60000000000049,1.2999999999996348,273,4.150000000000542
2026-07-29 01:30:00,AUDUSD,AUD,Inflation Rate,-1.019,-1,5,60,1.2999999999996348,,2026-07-29 01:30:05.004000,2026-07-29 01:31:05.050000,5.004,60.046,1.60000000000049,1.100000000000545,460,2.6500000000007073
2026-07-29 01:30:00,AUDUSD,AUD,Inflation Rate,-1.019,-1,5,120,-2.300000000000635,,2026-07-29 01:30:05.004000,2026-07-29 01:32:05.087000,5.004,120.083,1.60000000000049,0.700000000000145,705,-1.1499999999997623
2026-07-29 01:30:00,AUDUSD,AUD,Inflation Rate,-1.019,-1,10,5,-0.7999999999996898,,2026-07-29 01:30:10.022000,2026-07-29 01:30:15.027000,10.022,5.005,1.2999999999996348,1.4999999999998348,49,0.6000000000006
2026-07-29 01:30:00,AUDUSD,AUD,Inflation Rate,-1.019,-1,10,10,2.1999999999999797,,2026-07-29 01:30:10.022000,2026-07-29 01:30:20.170000,10.022,10.148,1.2999999999996348,1.40000000000029,89,3.549999999999942
2026-07-29 01:30:00,AUDUSD,AUD,Inflation Rate,-1.019,-1,10,15,-1.5999999999993797,,2026-07-29 01:30:10.022000,2026-07-29 01:30:25.088000,10.022,15.066,1.2999999999996348,1.1999999999989797,130,-0.3500000000000725
2026-07-29 01:30:00,AUDUSD,AUD,Inflation Rate,-1.019,-1,10,30,-7.699999999999374,,2026-07-29 01:30:10.022000,2026-07-29 01:30:40.933000,10.022,30.911,1.2999999999996348,1.2999999999996348,254,-6.399999999999739
2026-07-29 01:30:00,AUDUSD,AUD,Inflation Rate,-1.019,-1,10,60,-10.000000000000009,,2026-07-29 01:30:10.022000,2026-07-29 01:31:10.156000,10.022,60.134,1.2999999999996348,1.100000000000545,442,-8.799999999999919
2026-07-29 01:30:00,AUDUSD,AUD,Inflation Rate,-1.019,-1,10,120,-12.900000000000134,,2026-07-29 01:30:10.022000,2026-07-29 01:32:10.062000,10.022,120.04,1.2999999999996348,0.9999999999998899,670,-11.750000000000371
2026-07-29 01:30:00,AUDUSD,AUD,Inflation Rate,-1.019,-1,15,5,1.4999999999998348,,2026-07-29 01:30:15.027000,2026-07-29 01:30:20.170000,15.027,5.143,1.4999999999998348,1.40000000000029,40,2.949999999999342
2026-07-29 01:30:00,AUDUSD,AUD,Inflation Rate,-1.019,-1,15,10,-2.2999999999995246,,2026-07-29 01:30:15.027000,2026-07-29 01:30:25.088000,15.027,10.061,1.4999999999998348,1.1999999999989797,81,-0.9500000000006725
2026-07-29 01:30:00,AUDUSD,AUD,Inflation Rate,-1.019,-1,15,15,-6.199999999999539,,2026-07-29 01:30:15.027000,2026-07-29 01:30:30.056000,15.027,15.029,1.4999999999998348,0.8999999999992347,128,-5.0000000000005596
2026-07-29 01:30:00,AUDUSD,AUD,Inflation Rate,-1.019,-1,15,30,-9.400000000000519,,2026-07-29 01:30:15.027000,2026-07-29 01:30:45.171000,15.027,30.144,1.4999999999998348,1.500000000000945,235,-7.900000000000684
2026-07-29 01:30:00,AUDUSD,AUD,Inflation Rate,-1.019,-1,15,60,-12.900000000000134,,2026-07-29 01:30:15.027000,2026-07-29 01:31:15.076000,15.027,60.049,1.4999999999998348,1.100000000000545,433,-11.600000000000499
2026-07-29 01:30:00,AUDUSD,AUD,Inflation Rate,-1.019,-1,15,120,-12.400000000000189,,2026-07-29 01:30:15.027000,2026-07-29 01:32:15.075000,15.027,120.048,1.4999999999998348,0.900000000000345,631,-11.200000000000099
2026-07-29 01:30:00,AUDUSD,AUD,Inflation Rate,-1.019,-1,30,5,-2.2999999999995246,,2026-07-29 01:30:30.056000,2026-07-29 01:30:35.084000,30.056,5.028,0.8999999999992347,1.2999999999996348,45,-1.2000000000000899
2026-07-29 01:30:00,AUDUSD,AUD,Inflation Rate,-1.019,-1,30,10,-3.0999999999992145,,2026-07-29 01:30:30.056000,2026-07-29 01:30:40.933000,30.056,10.877,0.8999999999992347,1.2999999999996348,77,-1.9999999999997797
2026-07-29 01:30:00,AUDUSD,AUD,Inflation Rate,-1.019,-1,30,15,-4.100000000000215,,2026-07-29 01:30:30.056000,2026-07-29 01:30:45.171000,30.056,15.115,0.8999999999992347,1.500000000000945,107,-2.9000000000001247
2026-07-29 01:30:00,AUDUSD,AUD,Inflation Rate,-1.019,-1,30,30,-3.6000000000002697,,2026-07-29 01:30:30.056000,2026-07-29 01:31:00.081000,30.056,30.025,0.8999999999992347,1.300000000000745,195,-2.4999999999997247
2026-07-29 01:30:00,AUDUSD,AUD,Inflation Rate,-1.019,-1,30,60,-3.9000000000000146,,2026-07-29 01:30:30.056000,2026-07-29 01:31:30.089000,30.056,60.033,0.8999999999992347,1.2000000000000899,381,-2.849999999999797
2026-07-29 01:30:00,AUDUSD,AUD,Inflation Rate,-1.019,-1,30,120,-9.599999999999609,,2026-07-29 01:30:30.056000,2026-07-29 01:32:30.164000,30.056,120.108,0.8999999999992347,1.40000000000029,545,-8.449999999999847
2026-07-29 01:30:00,AUDUSD,AUD,Inflation Rate,-1.019,-1,60,5,-0.9999999999998899,,2026-07-29 01:31:00.081000,2026-07-29 01:31:05.152000,60.081,5.071,1.300000000000745,0.700000000000145,38,-0.0
2026-07-29 01:30:00,AUDUSD,AUD,Inflation Rate,-1.019,-1,60,10,-3.1000000000003247,,2026-07-29 01:31:00.081000,2026-07-29 01:31:10.156000,60.081,10.075,1.300000000000745,1.100000000000545,70,-1.9000000000002348
2026-07-29 01:30:00,AUDUSD,AUD,Inflation Rate,-1.019,-1,60,15,-5.399999999999849,,2026-07-29 01:31:00.081000,2026-07-29 01:31:15.179000,60.081,15.098,1.300000000000745,1.3999999999991797,111,-4.049999999999887
2026-07-29 01:30:00,AUDUSD,AUD,Inflation Rate,-1.019,-1,60,30,-1.60000000000049,,2026-07-29 01:31:00.081000,2026-07-29 01:31:30.089000,60.081,30.008,1.300000000000745,1.2000000000000899,186,-0.3500000000000725
2026-07-29 01:30:00,AUDUSD,AUD,Inflation Rate,-1.019,-1,60,60,-5.600000000000049,,2026-07-29 01:31:00.081000,2026-07-29 01:32:00.188000,60.081,60.107,1.300000000000745,0.9999999999998899,263,-4.450000000000287
2026-07-29 01:30:00,AUDUSD,AUD,Inflation Rate,-1.019,-1,60,120,-7.300000000000084,,2026-07-29 01:31:00.081000,2026-07-29 01:33:00.214000,60.081,120.133,1.300000000000745,1.2999999999996348,441,-6.000000000000449
2026-07-30 09:00:00,EURUSD,EUR,GDP Annual Growth Rate,2.907,1,0,5,-0.3999999999981796,,2026-07-30 09:00:00.420000,2026-07-30 09:00:07.515000,0.42,7.095,0.3999999999981796,0.2999999999997449,3,-0.05000000000032756
2026-07-30 09:00:00,EURUSD,EUR,GDP Annual Growth Rate,2.907,1,0,10,-0.5999999999994898,,2026-07-30 09:00:00.420000,2026-07-30 09:00:10.502000,0.42,10.082,0.3999999999981796,0.5000000000010552,8,-0.15000000000098268
2026-07-30 09:00:00,EURUSD,EUR,GDP Annual Growth Rate,2.907,1,0,15,0.9000000000014552,,2026-07-30 09:00:00.420000,2026-07-30 09:00:15.763000,0.42,15.343,0.3999999999981796,0.2999999999997449,14,1.2499999999993072
2026-07-30 09:00:00,EURUSD,EUR,GDP Annual Growth Rate,2.907,1,0,30,0.8000000000008001,,2026-07-30 09:00:00.420000,2026-07-30 09:00:30.822000,0.42,30.402,0.3999999999981796,0.40000000000040004,40,1.2000000000012
2026-07-30 09:00:00,EURUSD,EUR,GDP Annual Growth Rate,2.907,1,0,60,1.40000000000029,,2026-07-30 09:00:00.420000,2026-07-30 09:01:02.011000,0.42,61.591,0.3999999999981796,0.2999999999997449,50,1.749999999998142
2026-07-30 09:00:00,EURUSD,EUR,GDP Annual Growth Rate,2.907,1,0,120,2.300000000001745,,2026-07-30 09:00:00.420000,2026-07-30 09:02:01.294000,0.42,120.874,0.3999999999981796,0.2999999999997449,101,2.649999999999597
2026-07-30 09:00:00,EURUSD,EUR,GDP Annual Growth Rate,2.907,1,1,5,-0.3999999999981796,,2026-07-30 09:00:01.831000,2026-07-30 09:00:07.515000,1.831,5.684,0.4999999999988347,0.2999999999997449,2,0.0
2026-07-30 09:00:00,EURUSD,EUR,GDP Annual Growth Rate,2.907,1,1,10,0.0,,2026-07-30 09:00:01.831000,2026-07-30 09:00:14.078000,1.831,12.247,0.4999999999988347,0.10000000000065512,8,0.2999999999997449
2026-07-30 09:00:00,EURUSD,EUR,GDP Annual Growth Rate,2.907,1,1,15,1.100000000000545,,2026-07-30 09:00:01.831000,2026-07-30 09:00:17.187000,1.831,15.356,0.4999999999988347,0.20000000000131024,17,1.4500000000006175
2026-07-30 09:00:00,EURUSD,EUR,GDP Annual Growth Rate,2.907,1,1,30,0.8000000000008001,,2026-07-30 09:00:01.831000,2026-07-30 09:00:32.899000,1.831,31.068,0.4999999999988347,0.5000000000010552,40,1.2999999999996348
2026-07-30 09:00:00,EURUSD,EUR,GDP Annual Growth Rate,2.907,1,1,60,1.40000000000029,,2026-07-30 09:00:01.831000,2026-07-30 09:01:02.011000,1.831,60.18,0.4999999999988347,0.2999999999997449,49,1.7999999999984695
2026-07-30 09:00:00,EURUSD,EUR,GDP Annual Growth Rate,2.907,1,1,120,2.300000000001745,,2026-07-30 09:00:01.831000,2026-07-30 09:02:07.584000,1.831,125.753,0.4999999999988347,0.1999999999990898,101,2.6500000000018176
2026-07-30 09:00:00,EURUSD,EUR,GDP Annual Growth Rate,2.907,1,3,5,0.09999999999843467,,2026-07-30 09:00:07.515000,2026-07-30 09:00:14.078000,7.515,6.563,0.2999999999997449,0.10000000000065512,6,0.2999999999997449
2026-07-30 09:00:00,EURUSD,EUR,GDP Annual Growth Rate,2.907,1,3,10,1.1999999999989797,,2026-07-30 09:00:07.515000,2026-07-30 09:00:18.954000,7.515,11.439,0.2999999999997449,0.40000000000040004,16,1.5499999999990521
2026-07-30 09:00:00,EURUSD,EUR,GDP Annual Growth Rate,2.907,1,3,15,0.9999999999998899,,2026-07-30 09:00:07.515000,2026-07-30 09:00:23.465000,7.515,15.95,0.2999999999997449,0.4999999999988347,23,1.40000000000029
2026-07-30 09:00:00,EURUSD,EUR,GDP Annual Growth Rate,2.907,1,3,30,1.0999999999983245,,2026-07-30 09:00:07.515000,2026-07-30 09:00:40.548000,7.515,33.033,0.2999999999997449,0.40000000000040004,41,1.449999999998397
2026-07-30 09:00:00,EURUSD,EUR,GDP Annual Growth Rate,2.907,1,3,60,1.7999999999984695,,2026-07-30 09:00:07.515000,2026-07-30 09:01:07.719000,7.515,60.204,0.2999999999997449,0.40000000000040004,50,2.149999999998542
2026-07-30 09:00:00,EURUSD,EUR,GDP Annual Growth Rate,2.907,1,3,120,2.4000000000001798,,2026-07-30 09:00:07.515000,2026-07-30 09:02:07.584000,7.515,120.069,0.2999999999997449,0.1999999999990898,99,2.6500000000018176
2026-07-30 09:00:00,EURUSD,EUR,GDP Annual Growth Rate,2.907,1,5,5,0.09999999999843467,,2026-07-30 09:00:07.515000,2026-07-30 09:00:14.078000,7.515,6.563,0.2999999999997449,0.10000000000065512,6,0.2999999999997449
2026-07-30 09:00:00,EURUSD,EUR,GDP Annual Growth Rate,2.907,1,5,10,1.1999999999989797,,2026-07-30 09:00:07.515000,2026-07-30 09:00:18.954000,7.515,11.439,0.2999999999997449,0.40000000000040004,16,1.5499999999990521
2026-07-30 09:00:00,EURUSD,EUR,GDP Annual Growth Rate,2.907,1,5,15,0.9999999999998899,,2026-07-30 09:00:07.515000,2026-07-30 09:00:23.465000,7.515,15.95,0.2999999999997449,0.4999999999988347,23,1.40000000000029
2026-07-30 09:00:00,EURUSD,EUR,GDP Annual Growth Rate,2.907,1,5,30,1.0999999999983245,,2026-07-30 09:00:07.515000,2026-07-30 09:00:40.548000,7.515,33.033,0.2999999999997449,0.40000000000040004,41,1.449999999998397
2026-07-30 09:00:00,EURUSD,EUR,GDP Annual Growth Rate,2.907,1,5,60,1.7999999999984695,,2026-07-30 09:00:07.515000,2026-07-30 09:01:07.719000,7.515,60.204,0.2999999999997449,0.40000000000040004,50,2.149999999998542
2026-07-30 09:00:00,EURUSD,EUR,GDP Annual Growth Rate,2.907,1,5,120,2.4000000000001798,,2026-07-30 09:00:07.515000,2026-07-30 09:02:07.584000,7.515,120.069,0.2999999999997449,0.1999999999990898,99,2.6500000000018176
2026-07-30 09:00:00,EURUSD,EUR,GDP Annual Growth Rate,2.907,1,10,5,0.8999999999992347,,2026-07-30 09:00:10.095000,2026-07-30 09:00:15.098000,10.095,5.003,0.2999999999997449,0.5000000000010552,7,1.2999999999996348
2026-07-30 09:00:00,EURUSD,EUR,GDP Annual Growth Rate,2.907,1,10,10,1.1999999999989797,,2026-07-30 09:00:10.095000,2026-07-30 09:00:20.520000,10.095,10.425,0.2999999999997449,0.30000000000196536,15,1.500000000000945
2026-07-30 09:00:00,EURUSD,EUR,GDP Annual Growth Rate,2.907,1,10,15,0.9999999999998899,,2026-07-30 09:00:10.095000,2026-07-30 09:00:25.247000,10.095,15.152,0.2999999999997449,0.5000000000010552,23,1.40000000000029
2026-07-30 09:00:00,EURUSD,EUR,GDP Annual Growth Rate,2.907,1,10,30,1.1999999999989797,,2026-07-30 09:00:10.095000,2026-07-30 09:00:40.548000,10.095,30.453,0.2999999999997449,0.40000000000040004,38,1.5499999999990521
2026-07-30 09:00:00,EURUSD,EUR,GDP Annual Growth Rate,2.907,1,10,60,1.7000000000000348,,2026-07-30 09:00:10.095000,2026-07-30 09:01:10.378000,10.095,60.283,0.2999999999997449,0.2999999999997449,53,1.9999999999997797
2026-07-30 09:00:00,EURUSD,EUR,GDP Annual Growth Rate,2.907,1,10,120,2.2999999999995246,,2026-07-30 09:00:10.095000,2026-07-30 09:02:10.520000,10.095,120.425,0.2999999999997449,0.5000000000010552,98,2.6999999999999247
2026-07-30 09:00:00,EURUSD,EUR,GDP Annual Growth Rate,2.907,1,15,5,-0.20000000000131024,,2026-07-30 09:00:15.098000,2026-07-30 09:00:20.520000,15.098,5.422,0.5000000000010552,0.30000000000196536,8,0.20000000000131024
2026-07-30 09:00:00,EURUSD,EUR,GDP Annual Growth Rate,2.907,1,15,10,-0.40000000000040004,,2026-07-30 09:00:15.098000,2026-07-30 09:00:25.247000,15.098,10.149,0.5000000000010552,0.5000000000010552,16,0.10000000000065512
2026-07-30 09:00:00,EURUSD,EUR,GDP Annual Growth Rate,2.907,1,15,15,-0.40000000000040004,,2026-07-30 09:00:15.098000,2026-07-30 09:00:30.822000,15.098,15.724,0.5000000000010552,0.40000000000040004,27,0.050000000002548006
2026-07-30 09:00:00,EURUSD,EUR,GDP Annual Growth Rate,2.907,1,15,30,-0.10000000000065512,,2026-07-30 09:00:15.098000,2026-07-30 09:00:53.230000,15.098,38.132,0.5000000000010552,0.2999999999997449,35,0.30000000000196536
2026-07-30 09:00:00,EURUSD,EUR,GDP Annual Growth Rate,2.907,1,15,60,0.5999999999994898,,2026-07-30 09:00:15.098000,2026-07-30 09:01:19.360000,15.098,64.262,0.5000000000010552,0.2999999999997449,50,1.0000000000021103
2026-07-30 09:00:00,EURUSD,EUR,GDP Annual Growth Rate,2.907,1,15,120,0.9999999999998899,,2026-07-30 09:00:15.098000,2026-07-30 09:02:15.099000,15.098,120.001,0.5000000000010552,0.2999999999997449,98,1.40000000000029
2026-07-30 09:00:00,EURUSD,EUR,GDP Annual Growth Rate,2.907,1,30,5,-0.20000000000131024,,2026-07-30 09:00:30.822000,2026-07-30 09:00:40.548000,30.822,9.726,0.40000000000040004,0.40000000000040004,4,0.19999999999686935
2026-07-30 09:00:00,EURUSD,EUR,GDP Annual Growth Rate,2.907,1,30,10,0.10000000000065512,,2026-07-30 09:00:30.822000,2026-07-30 09:00:41.925000,30.822,11.103,0.40000000000040004,0.1999999999990898,6,0.3999999999981796
2026-07-30 09:00:00,EURUSD,EUR,GDP Annual Growth Rate,2.907,1,30,15,-0.10000000000065512,,2026-07-30 09:00:30.822000,2026-07-30 09:00:53.230000,30.822,22.408,0.40000000000040004,0.2999999999997449,8,0.24999999999941735
2026-07-30 09:00:00,EURUSD,EUR,GDP Annual Growth Rate,2.907,1,30,30,0.1999999999990898,,2026-07-30 09:00:30.822000,2026-07-30 09:01:02.011000,30.822,31.189,0.40000000000040004,0.2999999999997449,10,0.5499999999969418
2026-07-30 09:00:00,EURUSD,EUR,GDP Annual Growth Rate,2.907,1,30,60,1.40000000000029,,2026-07-30 09:00:30.822000,2026-07-30 09:01:34.611000,30.822,63.789,0.40000000000040004,0.4999999999988347,36,1.849999999998797
2026-07-30 09:00:00,EURUSD,EUR,GDP Annual Growth Rate,2.907,1,30,120,2.4999999999986144,,2026-07-30 09:00:30.822000,2026-07-30 09:02:34.703000,30.822,123.881,0.40000000000040004,0.10000000000065512,98,2.749999999998032
2026-07-30 09:00:00,EURUSD,EUR,GDP Annual Growth Rate,2.907,1,60,5,0.0,,2026-07-30 09:01:02.011000,2026-07-30 09:01:07.719000,62.011,5.708,0.2999999999997449,0.40000000000040004,3,0.3500000000000725
2026-07-30 09:00:00,EURUSD,EUR,GDP Annual Growth Rate,2.907,1,60,10,0.0,,2026-07-30 09:01:02.011000,2026-07-30 09:01:12.399000,62.011,10.388,0.2999999999997449,0.10000000000065512,10,0.20000000000131024
2026-07-30 09:00:00,EURUSD,EUR,GDP Annual Growth Rate,2.907,1,60,15,0.10000000000065512,,2026-07-30 09:01:02.011000,2026-07-30 09:01:19.360000,62.011,17.349,0.2999999999997449,0.2999999999997449,13,0.4000000000026205
2026-07-30 09:00:00,EURUSD,EUR,GDP Annual Growth Rate,2.907,1,60,30,0.9000000000014552,,2026-07-30 09:01:02.011000,2026-07-30 09:01:34.611000,62.011,32.6,0.2999999999997449,0.4999999999988347,26,1.3000000000018552
2026-07-30 09:00:00,EURUSD,EUR,GDP Annual Growth Rate,2.907,1,60,60,0.6000000000017103,,2026-07-30 09:01:02.011000,2026-07-30 09:02:07.584000,62.011,65.573,0.2999999999997449,0.1999999999990898,52,0.8500000000033481
2026-07-30 09:00:00,EURUSD,EUR,GDP Annual Growth Rate,2.907,1,60,120,3.1000000000003247,,2026-07-30 09:01:02.011000,2026-07-30 09:03:03.253000,62.011,121.242,0.2999999999997449,0.10000000000065512,114,3.300000000001635
2026-07-30 09:00:00,EURUSD,EUR,GDP Growth Rate,1.692,1,0,5,-0.3999999999981796,,2026-07-30 09:00:00.420000,2026-07-30 09:00:07.515000,0.42,7.095,0.3999999999981796,0.2999999999997449,3,-0.05000000000032756
2026-07-30 09:00:00,EURUSD,EUR,GDP Growth Rate,1.692,1,0,10,-0.5999999999994898,,2026-07-30 09:00:00.420000,2026-07-30 09:00:10.502000,0.42,10.082,0.3999999999981796,0.5000000000010552,8,-0.15000000000098268
2026-07-30 09:00:00,EURUSD,EUR,GDP Growth Rate,1.692,1,0,15,0.9000000000014552,,2026-07-30 09:00:00.420000,2026-07-30 09:00:15.763000,0.42,15.343,0.3999999999981796,0.2999999999997449,14,1.2499999999993072
2026-07-30 09:00:00,EURUSD,EUR,GDP Growth Rate,1.692,1,0,30,0.8000000000008001,,2026-07-30 09:00:00.420000,2026-07-30 09:00:30.822000,0.42,30.402,0.3999999999981796,0.40000000000040004,40,1.2000000000012
2026-07-30 09:00:00,EURUSD,EUR,GDP Growth Rate,1.692,1,0,60,1.40000000000029,,2026-07-30 09:00:00.420000,2026-07-30 09:01:02.011000,0.42,61.591,0.3999999999981796,0.2999999999997449,50,1.749999999998142
2026-07-30 09:00:00,EURUSD,EUR,GDP Growth Rate,1.692,1,0,120,2.300000000001745,,2026-07-30 09:00:00.420000,2026-07-30 09:02:01.294000,0.42,120.874,0.3999999999981796,0.2999999999997449,101,2.649999999999597
2026-07-30 09:00:00,EURUSD,EUR,GDP Growth Rate,1.692,1,1,5,-0.3999999999981796,,2026-07-30 09:00:01.831000,2026-07-30 09:00:07.515000,1.831,5.684,0.4999999999988347,0.2999999999997449,2,0.0
2026-07-30 09:00:00,EURUSD,EUR,GDP Growth Rate,1.692,1,1,10,0.0,,2026-07-30 09:00:01.831000,2026-07-30 09:00:14.078000,1.831,12.247,0.4999999999988347,0.10000000000065512,8,0.2999999999997449
2026-07-30 09:00:00,EURUSD,EUR,GDP Growth Rate,1.692,1,1,15,1.100000000000545,,2026-07-30 09:00:01.831000,2026-07-30 09:00:17.187000,1.831,15.356,0.4999999999988347,0.20000000000131024,17,1.4500000000006175
2026-07-30 09:00:00,EURUSD,EUR,GDP Growth Rate,1.692,1,1,30,0.8000000000008001,,2026-07-30 09:00:01.831000,2026-07-30 09:00:32.899000,1.831,31.068,0.4999999999988347,0.5000000000010552,40,1.2999999999996348
2026-07-30 09:00:00,EURUSD,EUR,GDP Growth Rate,1.692,1,1,60,1.40000000000029,,2026-07-30 09:00:01.831000,2026-07-30 09:01:02.011000,1.831,60.18,0.4999999999988347,0.2999999999997449,49,1.7999999999984695
2026-07-30 09:00:00,EURUSD,EUR,GDP Growth Rate,1.692,1,1,120,2.300000000001745,,2026-07-30 09:00:01.831000,2026-07-30 09:02:07.584000,1.831,125.753,0.4999999999988347,0.1999999999990898,101,2.6500000000018176
2026-07-30 09:00:00,EURUSD,EUR,GDP Growth Rate,1.692,1,3,5,0.09999999999843467,,2026-07-30 09:00:07.515000,2026-07-30 09:00:14.078000,7.515,6.563,0.2999999999997449,0.10000000000065512,6,0.2999999999997449
2026-07-30 09:00:00,EURUSD,EUR,GDP Growth Rate,1.692,1,3,10,1.1999999999989797,,2026-07-30 09:00:07.515000,2026-07-30 09:00:18.954000,7.515,11.439,0.2999999999997449,0.40000000000040004,16,1.5499999999990521
2026-07-30 09:00:00,EURUSD,EUR,GDP Growth Rate,1.692,1,3,15,0.9999999999998899,,2026-07-30 09:00:07.515000,2026-07-30 09:00:23.465000,7.515,15.95,0.2999999999997449,0.4999999999988347,23,1.40000000000029
2026-07-30 09:00:00,EURUSD,EUR,GDP Growth Rate,1.692,1,3,30,1.0999999999983245,,2026-07-30 09:00:07.515000,2026-07-30 09:00:40.548000,7.515,33.033,0.2999999999997449,0.40000000000040004,41,1.449999999998397
2026-07-30 09:00:00,EURUSD,EUR,GDP Growth Rate,1.692,1,3,60,1.7999999999984695,,2026-07-30 09:00:07.515000,2026-07-30 09:01:07.719000,7.515,60.204,0.2999999999997449,0.40000000000040004,50,2.149999999998542
2026-07-30 09:00:00,EURUSD,EUR,GDP Growth Rate,1.692,1,3,120,2.4000000000001798,,2026-07-30 09:00:07.515000,2026-07-30 09:02:07.584000,7.515,120.069,0.2999999999997449,0.1999999999990898,99,2.6500000000018176
2026-07-30 09:00:00,EURUSD,EUR,GDP Growth Rate,1.692,1,5,5,0.09999999999843467,,2026-07-30 09:00:07.515000,2026-07-30 09:00:14.078000,7.515,6.563,0.2999999999997449,0.10000000000065512,6,0.2999999999997449
2026-07-30 09:00:00,EURUSD,EUR,GDP Growth Rate,1.692,1,5,10,1.1999999999989797,,2026-07-30 09:00:07.515000,2026-07-30 09:00:18.954000,7.515,11.439,0.2999999999997449,0.40000000000040004,16,1.5499999999990521
2026-07-30 09:00:00,EURUSD,EUR,GDP Growth Rate,1.692,1,5,15,0.9999999999998899,,2026-07-30 09:00:07.515000,2026-07-30 09:00:23.465000,7.515,15.95,0.2999999999997449,0.4999999999988347,23,1.40000000000029
2026-07-30 09:00:00,EURUSD,EUR,GDP Growth Rate,1.692,1,5,30,1.0999999999983245,,2026-07-30 09:00:07.515000,2026-07-30 09:00:40.548000,7.515,33.033,0.2999999999997449,0.40000000000040004,41,1.449999999998397
2026-07-30 09:00:00,EURUSD,EUR,GDP Growth Rate,1.692,1,5,60,1.7999999999984695,,2026-07-30 09:00:07.515000,2026-07-30 09:01:07.719000,7.515,60.204,0.2999999999997449,0.40000000000040004,50,2.149999999998542
2026-07-30 09:00:00,EURUSD,EUR,GDP Growth Rate,1.692,1,5,120,2.4000000000001798,,2026-07-30 09:00:07.515000,2026-07-30 09:02:07.584000,7.515,120.069,0.2999999999997449,0.1999999999990898,99,2.6500000000018176
2026-07-30 09:00:00,EURUSD,EUR,GDP Growth Rate,1.692,1,10,5,0.8999999999992347,,2026-07-30 09:00:10.095000,2026-07-30 09:00:15.098000,10.095,5.003,0.2999999999997449,0.5000000000010552,7,1.2999999999996348
2026-07-30 09:00:00,EURUSD,EUR,GDP Growth Rate,1.692,1,10,10,1.1999999999989797,,2026-07-30 09:00:10.095000,2026-07-30 09:00:20.520000,10.095,10.425,0.2999999999997449,0.30000000000196536,15,1.500000000000945
2026-07-30 09:00:00,EURUSD,EUR,GDP Growth Rate,1.692,1,10,15,0.9999999999998899,,2026-07-30 09:00:10.095000,2026-07-30 09:00:25.247000,10.095,15.152,0.2999999999997449,0.5000000000010552,23,1.40000000000029
2026-07-30 09:00:00,EURUSD,EUR,GDP Growth Rate,1.692,1,10,30,1.1999999999989797,,2026-07-30 09:00:10.095000,2026-07-30 09:00:40.548000,10.095,30.453,0.2999999999997449,0.40000000000040004,38,1.5499999999990521
2026-07-30 09:00:00,EURUSD,EUR,GDP Growth Rate,1.692,1,10,60,1.7000000000000348,,2026-07-30 09:00:10.095000,2026-07-30 09:01:10.378000,10.095,60.283,0.2999999999997449,0.2999999999997449,53,1.9999999999997797
2026-07-30 09:00:00,EURUSD,EUR,GDP Growth Rate,1.692,1,10,120,2.2999999999995246,,2026-07-30 09:00:10.095000,2026-07-30 09:02:10.520000,10.095,120.425,0.2999999999997449,0.5000000000010552,98,2.6999999999999247
2026-07-30 09:00:00,EURUSD,EUR,GDP Growth Rate,1.692,1,15,5,-0.20000000000131024,,2026-07-30 09:00:15.098000,2026-07-30 09:00:20.520000,15.098,5.422,0.5000000000010552,0.30000000000196536,8,0.20000000000131024
2026-07-30 09:00:00,EURUSD,EUR,GDP Growth Rate,1.692,1,15,10,-0.40000000000040004,,2026-07-30 09:00:15.098000,2026-07-30 09:00:25.247000,15.098,10.149,0.5000000000010552,0.5000000000010552,16,0.10000000000065512
2026-07-30 09:00:00,EURUSD,EUR,GDP Growth Rate,1.692,1,15,15,-0.40000000000040004,,2026-07-30 09:00:15.098000,2026-07-30 09:00:30.822000,15.098,15.724,0.5000000000010552,0.40000000000040004,27,0.050000000002548006
2026-07-30 09:00:00,EURUSD,EUR,GDP Growth Rate,1.692,1,15,30,-0.10000000000065512,,2026-07-30 09:00:15.098000,2026-07-30 09:00:53.230000,15.098,38.132,0.5000000000010552,0.2999999999997449,35,0.30000000000196536
2026-07-30 09:00:00,EURUSD,EUR,GDP Growth Rate,1.692,1,15,60,0.5999999999994898,,2026-07-30 09:00:15.098000,2026-07-30 09:01:19.360000,15.098,64.262,0.5000000000010552,0.2999999999997449,50,1.0000000000021103
2026-07-30 09:00:00,EURUSD,EUR,GDP Growth Rate,1.692,1,15,120,0.9999999999998899,,2026-07-30 09:00:15.098000,2026-07-30 09:02:15.099000,15.098,120.001,0.5000000000010552,0.2999999999997449,98,1.40000000000029
2026-07-30 09:00:00,EURUSD,EUR,GDP Growth Rate,1.692,1,30,5,-0.20000000000131024,,2026-07-30 09:00:30.822000,2026-07-30 09:00:40.548000,30.822,9.726,0.40000000000040004,0.40000000000040004,4,0.19999999999686935
2026-07-30 09:00:00,EURUSD,EUR,GDP Growth Rate,1.692,1,30,10,0.10000000000065512,,2026-07-30 09:00:30.822000,2026-07-30 09:00:41.925000,30.822,11.103,0.40000000000040004,0.1999999999990898,6,0.3999999999981796
2026-07-30 09:00:00,EURUSD,EUR,GDP Growth Rate,1.692,1,30,15,-0.10000000000065512,,2026-07-30 09:00:30.822000,2026-07-30 09:00:53.230000,30.822,22.408,0.40000000000040004,0.2999999999997449,8,0.24999999999941735
2026-07-30 09:00:00,EURUSD,EUR,GDP Growth Rate,1.692,1,30,30,0.1999999999990898,,2026-07-30 09:00:30.822000,2026-07-30 09:01:02.011000,30.822,31.189,0.40000000000040004,0.2999999999997449,10,0.5499999999969418
2026-07-30 09:00:00,EURUSD,EUR,GDP Growth Rate,1.692,1,30,60,1.40000000000029,,2026-07-30 09:00:30.822000,2026-07-30 09:01:34.611000,30.822,63.789,0.40000000000040004,0.4999999999988347,36,1.849999999998797
2026-07-30 09:00:00,EURUSD,EUR,GDP Growth Rate,1.692,1,30,120,2.4999999999986144,,2026-07-30 09:00:30.822000,2026-07-30 09:02:34.703000,30.822,123.881,0.40000000000040004,0.10000000000065512,98,2.749999999998032
2026-07-30 09:00:00,EURUSD,EUR,GDP Growth Rate,1.692,1,60,5,0.0,,2026-07-30 09:01:02.011000,2026-07-30 09:01:07.719000,62.011,5.708,0.2999999999997449,0.40000000000040004,3,0.3500000000000725
2026-07-30 09:00:00,EURUSD,EUR,GDP Growth Rate,1.692,1,60,10,0.0,,2026-07-30 09:01:02.011000,2026-07-30 09:01:12.399000,62.011,10.388,0.2999999999997449,0.10000000000065512,10,0.20000000000131024
2026-07-30 09:00:00,EURUSD,EUR,GDP Growth Rate,1.692,1,60,15,0.10000000000065512,,2026-07-30 09:01:02.011000,2026-07-30 09:01:19.360000,62.011,17.349,0.2999999999997449,0.2999999999997449,13,0.4000000000026205
2026-07-30 09:00:00,EURUSD,EUR,GDP Growth Rate,1.692,1,60,30,0.9000000000014552,,2026-07-30 09:01:02.011000,2026-07-30 09:01:34.611000,62.011,32.6,0.2999999999997449,0.4999999999988347,26,1.3000000000018552
2026-07-30 09:00:00,EURUSD,EUR,GDP Growth Rate,1.692,1,60,60,0.6000000000017103,,2026-07-30 09:01:02.011000,2026-07-30 09:02:07.584000,62.011,65.573,0.2999999999997449,0.1999999999990898,52,0.8500000000033481
2026-07-30 09:00:00,EURUSD,EUR,GDP Growth Rate,1.692,1,60,120,3.1000000000003247,,2026-07-30 09:01:02.011000,2026-07-30 09:03:03.253000,62.011,121.242,0.2999999999997449,0.10000000000065512,114,3.300000000001635
2026-07-30 09:00:00,EURUSD,EUR,Unemployment Rate,1.211,-1,0,5,-0.2999999999997449,,2026-07-30 09:00:00.420000,2026-07-30 09:00:07.515000,0.42,7.095,0.3999999999981796,0.2999999999997449,3,0.05000000000032756
2026-07-30 09:00:00,EURUSD,EUR,Unemployment Rate,1.211,-1,0,10,-0.2999999999997449,,2026-07-30 09:00:00.420000,2026-07-30 09:00:10.502000,0.42,10.082,0.3999999999981796,0.5000000000010552,8,0.15000000000098268
2026-07-30 09:00:00,EURUSD,EUR,Unemployment Rate,1.211,-1,0,15,-1.5999999999993797,,2026-07-30 09:00:00.420000,2026-07-30 09:00:15.763000,0.42,15.343,0.3999999999981796,0.2999999999997449,14,-1.2499999999993072
2026-07-30 09:00:00,EURUSD,EUR,Unemployment Rate,1.211,-1,0,30,-1.5999999999993797,,2026-07-30 09:00:00.420000,2026-07-30 09:00:30.822000,0.42,30.402,0.3999999999981796,0.40000000000040004,40,-1.2000000000012
2026-07-30 09:00:00,EURUSD,EUR,Unemployment Rate,1.211,-1,0,60,-2.0999999999982144,,2026-07-30 09:00:00.420000,2026-07-30 09:01:02.011000,0.42,61.591,0.3999999999981796,0.2999999999997449,50,-1.749999999998142
2026-07-30 09:00:00,EURUSD,EUR,Unemployment Rate,1.211,-1,0,120,-2.9999999999996696,,2026-07-30 09:00:00.420000,2026-07-30 09:02:01.294000,0.42,120.874,0.3999999999981796,0.2999999999997449,101,-2.649999999999597
2026-07-30 09:00:00,EURUSD,EUR,Unemployment Rate,1.211,-1,1,5,-0.40000000000040004,,2026-07-30 09:00:01.831000,2026-07-30 09:00:07.515000,1.831,5.684,0.4999999999988347,0.2999999999997449,2,-0.0
2026-07-30 09:00:00,EURUSD,EUR,Unemployment Rate,1.211,-1,1,10,-0.5999999999994898,,2026-07-30 09:00:01.831000,2026-07-30 09:00:14.078000,1.831,12.247,0.4999999999988347,0.10000000000065512,8,-0.2999999999997449
2026-07-30 09:00:00,EURUSD,EUR,Unemployment Rate,1.211,-1,1,15,-1.80000000000069,,2026-07-30 09:00:01.831000,2026-07-30 09:00:17.187000,1.831,15.356,0.4999999999988347,0.20000000000131024,17,-1.4500000000006175
2026-07-30 09:00:00,EURUSD,EUR,Unemployment Rate,1.211,-1,1,30,-1.80000000000069,,2026-07-30 09:00:01.831000,2026-07-30 09:00:32.899000,1.831,31.068,0.4999999999988347,0.5000000000010552,40,-1.2999999999996348
2026-07-30 09:00:00,EURUSD,EUR,Unemployment Rate,1.211,-1,1,60,-2.1999999999988695,,2026-07-30 09:00:01.831000,2026-07-30 09:01:02.011000,1.831,60.18,0.4999999999988347,0.2999999999997449,49,-1.7999999999984695
2026-07-30 09:00:00,EURUSD,EUR,Unemployment Rate,1.211,-1,1,120,-2.9999999999996696,,2026-07-30 09:00:01.831000,2026-07-30 09:02:07.584000,1.831,125.753,0.4999999999988347,0.1999999999990898,101,-2.6500000000018176
2026-07-30 09:00:00,EURUSD,EUR,Unemployment Rate,1.211,-1,3,5,-0.4999999999988347,,2026-07-30 09:00:07.515000,2026-07-30 09:00:14.078000,7.515,6.563,0.2999999999997449,0.10000000000065512,6,-0.2999999999997449
2026-07-30 09:00:00,EURUSD,EUR,Unemployment Rate,1.211,-1,3,10,-1.8999999999991246,,2026-07-30 09:00:07.515000,2026-07-30 09:00:18.954000,7.515,11.439,0.2999999999997449,0.40000000000040004,16,-1.5499999999990521
2026-07-30 09:00:00,EURUSD,EUR,Unemployment Rate,1.211,-1,3,15,-1.7999999999984695,,2026-07-30 09:00:07.515000,2026-07-30 09:00:23.465000,7.515,15.95,0.2999999999997449,0.4999999999988347,23,-1.40000000000029
2026-07-30 09:00:00,EURUSD,EUR,Unemployment Rate,1.211,-1,3,30,-1.7999999999984695,,2026-07-30 09:00:07.515000,2026-07-30 09:00:40.548000,7.515,33.033,0.2999999999997449,0.40000000000040004,41,-1.449999999998397
2026-07-30 09:00:00,EURUSD,EUR,Unemployment Rate,1.211,-1,3,60,-2.4999999999986144,,2026-07-30 09:00:07.515000,2026-07-30 09:01:07.719000,7.515,60.204,0.2999999999997449,0.40000000000040004,50,-2.149999999998542
2026-07-30 09:00:00,EURUSD,EUR,Unemployment Rate,1.211,-1,3,120,-2.8999999999990145,,2026-07-30 09:00:07.515000,2026-07-30 09:02:07.584000,7.515,120.069,0.2999999999997449,0.1999999999990898,99,-2.6500000000018176
2026-07-30 09:00:00,EURUSD,EUR,Unemployment Rate,1.211,-1,5,5,-0.4999999999988347,,2026-07-30 09:00:07.515000,2026-07-30 09:00:14.078000,7.515,6.563,0.2999999999997449,0.10000000000065512,6,-0.2999999999997449
2026-07-30 09:00:00,EURUSD,EUR,Unemployment Rate,1.211,-1,5,10,-1.8999999999991246,,2026-07-30 09:00:07.515000,2026-07-30 09:00:18.954000,7.515,11.439,0.2999999999997449,0.40000000000040004,16,-1.5499999999990521
2026-07-30 09:00:00,EURUSD,EUR,Unemployment Rate,1.211,-1,5,15,-1.7999999999984695,,2026-07-30 09:00:07.515000,2026-07-30 09:00:23.465000,7.515,15.95,0.2999999999997449,0.4999999999988347,23,-1.40000000000029
2026-07-30 09:00:00,EURUSD,EUR,Unemployment Rate,1.211,-1,5,30,-1.7999999999984695,,2026-07-30 09:00:07.515000,2026-07-30 09:00:40.548000,7.515,33.033,0.2999999999997449,0.40000000000040004,41,-1.449999999998397
2026-07-30 09:00:00,EURUSD,EUR,Unemployment Rate,1.211,-1,5,60,-2.4999999999986144,,2026-07-30 09:00:07.515000,2026-07-30 09:01:07.719000,7.515,60.204,0.2999999999997449,0.40000000000040004,50,-2.149999999998542
2026-07-30 09:00:00,EURUSD,EUR,Unemployment Rate,1.211,-1,5,120,-2.8999999999990145,,2026-07-30 09:00:07.515000,2026-07-30 09:02:07.584000,7.515,120.069,0.2999999999997449,0.1999999999990898,99,-2.6500000000018176
2026-07-30 09:00:00,EURUSD,EUR,Unemployment Rate,1.211,-1,10,5,-1.7000000000000348,,2026-07-30 09:00:10.095000,2026-07-30 09:00:15.098000,10.095,5.003,0.2999999999997449,0.5000000000010552,7,-1.2999999999996348
2026-07-30 09:00:00,EURUSD,EUR,Unemployment Rate,1.211,-1,10,10,-1.80000000000069,,2026-07-30 09:00:10.095000,2026-07-30 09:00:20.520000,10.095,10.425,0.2999999999997449,0.30000000000196536,15,-1.500000000000945
2026-07-30 09:00:00,EURUSD,EUR,Unemployment Rate,1.211,-1,10,15,-1.80000000000069,,2026-07-30 09:00:10.095000,2026-07-30 09:00:25.247000,10.095,15.152,0.2999999999997449,0.5000000000010552,23,-1.40000000000029
2026-07-30 09:00:00,EURUSD,EUR,Unemployment Rate,1.211,-1,10,30,-1.8999999999991246,,2026-07-30 09:00:10.095000,2026-07-30 09:00:40.548000,10.095,30.453,0.2999999999997449,0.40000000000040004,38,-1.5499999999990521
2026-07-30 09:00:00,EURUSD,EUR,Unemployment Rate,1.211,-1,10,60,-2.2999999999995246,,2026-07-30 09:00:10.095000,2026-07-30 09:01:10.378000,10.095,60.283,0.2999999999997449,0.2999999999997449,53,-1.9999999999997797
2026-07-30 09:00:00,EURUSD,EUR,Unemployment Rate,1.211,-1,10,120,-3.1000000000003247,,2026-07-30 09:00:10.095000,2026-07-30 09:02:10.520000,10.095,120.425,0.2999999999997449,0.5000000000010552,98,-2.6999999999999247
2026-07-30 09:00:00,EURUSD,EUR,Unemployment Rate,1.211,-1,15,5,-0.6000000000017103,,2026-07-30 09:00:15.098000,2026-07-30 09:00:20.520000,15.098,5.422,0.5000000000010552,0.30000000000196536,8,-0.20000000000131024
2026-07-30 09:00:00,EURUSD,EUR,Unemployment Rate,1.211,-1,15,10,-0.6000000000017103,,2026-07-30 09:00:15.098000,2026-07-30 09:00:25.247000,15.098,10.149,0.5000000000010552,0.5000000000010552,16,-0.10000000000065512
2026-07-30 09:00:00,EURUSD,EUR,Unemployment Rate,1.211,-1,15,15,-0.5000000000010552,,2026-07-30 09:00:15.098000,2026-07-30 09:00:30.822000,15.098,15.724,0.5000000000010552,0.40000000000040004,27,-0.050000000002548006
2026-07-30 09:00:00,EURUSD,EUR,Unemployment Rate,1.211,-1,15,30,-0.700000000000145,,2026-07-30 09:00:15.098000,2026-07-30 09:00:53.230000,15.098,38.132,0.5000000000010552,0.2999999999997449,35,-0.30000000000196536
2026-07-30 09:00:00,EURUSD,EUR,Unemployment Rate,1.211,-1,15,60,-1.40000000000029,,2026-07-30 09:00:15.098000,2026-07-30 09:01:19.360000,15.098,64.262,0.5000000000010552,0.2999999999997449,50,-1.0000000000021103
2026-07-30 09:00:00,EURUSD,EUR,Unemployment Rate,1.211,-1,15,120,-1.80000000000069,,2026-07-30 09:00:15.098000,2026-07-30 09:02:15.099000,15.098,120.001,0.5000000000010552,0.2999999999997449,98,-1.40000000000029
2026-07-30 09:00:00,EURUSD,EUR,Unemployment Rate,1.211,-1,30,5,-0.5999999999994898,,2026-07-30 09:00:30.822000,2026-07-30 09:00:40.548000,30.822,9.726,0.40000000000040004,0.40000000000040004,4,-0.19999999999686935
2026-07-30 09:00:00,EURUSD,EUR,Unemployment Rate,1.211,-1,30,10,-0.700000000000145,,2026-07-30 09:00:30.822000,2026-07-30 09:00:41.925000,30.822,11.103,0.40000000000040004,0.1999999999990898,6,-0.3999999999981796
2026-07-30 09:00:00,EURUSD,EUR,Unemployment Rate,1.211,-1,30,15,-0.5999999999994898,,2026-07-30 09:00:30.822000,2026-07-30 09:00:53.230000,30.822,22.408,0.40000000000040004,0.2999999999997449,8,-0.24999999999941735
2026-07-30 09:00:00,EURUSD,EUR,Unemployment Rate,1.211,-1,30,30,-0.8999999999992347,,2026-07-30 09:00:30.822000,2026-07-30 09:01:02.011000,30.822,31.189,0.40000000000040004,0.2999999999997449,10,-0.5499999999969418
2026-07-30 09:00:00,EURUSD,EUR,Unemployment Rate,1.211,-1,30,60,-2.2999999999995246,,2026-07-30 09:00:30.822000,2026-07-30 09:01:34.611000,30.822,63.789,0.40000000000040004,0.4999999999988347,36,-1.849999999998797
2026-07-30 09:00:00,EURUSD,EUR,Unemployment Rate,1.211,-1,30,120,-2.9999999999996696,,2026-07-30 09:00:30.822000,2026-07-30 09:02:34.703000,30.822,123.881,0.40000000000040004,0.10000000000065512,98,-2.749999999998032
2026-07-30 09:00:00,EURUSD,EUR,Unemployment Rate,1.211,-1,60,5,-0.700000000000145,,2026-07-30 09:01:02.011000,2026-07-30 09:01:07.719000,62.011,5.708,0.2999999999997449,0.40000000000040004,3,-0.3500000000000725
2026-07-30 09:00:00,EURUSD,EUR,Unemployment Rate,1.211,-1,60,10,-0.40000000000040004,,2026-07-30 09:01:02.011000,2026-07-30 09:01:12.399000,62.011,10.388,0.2999999999997449,0.10000000000065512,10,-0.20000000000131024
2026-07-30 09:00:00,EURUSD,EUR,Unemployment Rate,1.211,-1,60,15,-0.700000000000145,,2026-07-30 09:01:02.011000,2026-07-30 09:01:19.360000,62.011,17.349,0.2999999999997449,0.2999999999997449,13,-0.4000000000026205
2026-07-30 09:00:00,EURUSD,EUR,Unemployment Rate,1.211,-1,60,30,-1.7000000000000348,,2026-07-30 09:01:02.011000,2026-07-30 09:01:34.611000,62.011,32.6,0.2999999999997449,0.4999999999988347,26,-1.3000000000018552
2026-07-30 09:00:00,EURUSD,EUR,Unemployment Rate,1.211,-1,60,60,-1.100000000000545,,2026-07-30 09:01:02.011000,2026-07-30 09:02:07.584000,62.011,65.573,0.2999999999997449,0.1999999999990898,52,-0.8500000000033481
2026-07-30 09:00:00,EURUSD,EUR,Unemployment Rate,1.211,-1,60,120,-3.5000000000007248,,2026-07-30 09:01:02.011000,2026-07-30 09:03:03.253000,62.011,121.242,0.2999999999997449,0.10000000000065512,114,-3.300000000001635
2026-07-30 12:30:00,EURUSD,USD,GDP Growth Rate,-1.08,1,0,5,1.2999999999996348,,2026-07-30 12:30:00.086000,2026-07-30 12:30:05.107000,0.086,5.021,1.1999999999989797,0.30000000000196536,24,2.0500000000001073
2026-07-30 12:30:00,EURUSD,USD,GDP Growth Rate,-1.08,1,0,10,4.60000000000127,,2026-07-30 12:30:00.086000,2026-07-30 12:30:10.225000,0.086,10.139,1.1999999999989797,0.4999999999988347,58,5.450000000000177
2026-07-30 12:30:00,EURUSD,USD,GDP Growth Rate,-1.08,1,0,15,4.3999999999999595,,2026-07-30 12:30:00.086000,2026-07-30 12:30:15.098000,0.086,15.012,1.1999999999989797,0.40000000000040004,96,5.199999999998539
2026-07-30 12:30:00,EURUSD,USD,GDP Growth Rate,-1.08,1,0,30,2.20000000000109,,2026-07-30 12:30:00.086000,2026-07-30 12:30:30.109000,0.086,30.023,1.1999999999989797,0.2999999999997449,178,2.949999999999342
2026-07-30 12:30:00,EURUSD,USD,GDP Growth Rate,-1.08,1,0,60,1.40000000000029,,2026-07-30 12:30:00.086000,2026-07-30 12:31:01.606000,0.086,61.52,1.1999999999989797,0.2999999999997449,257,2.149999999998542
2026-07-30 12:30:00,EURUSD,USD,GDP Growth Rate,-1.08,1,0,120,-1.8999999999991246,,2026-07-30 12:30:00.086000,2026-07-30 12:32:00.983000,0.086,120.897,1.1999999999989797,0.1999999999990898,355,-1.1999999999989797
2026-07-30 12:30:00,EURUSD,USD,GDP Growth Rate,-1.08,1,1,5,1.1999999999989797,,2026-07-30 12:30:02.119000,2026-07-30 12:30:07.266000,2.119,5.147,1.100000000000545,0.8000000000008001,38,2.1500000000007624
2026-07-30 12:30:00,EURUSD,USD,GDP Growth Rate,-1.08,1,1,10,4.199999999998649,,2026-07-30 12:30:02.119000,2026-07-30 12:30:12.372000,2.119,10.253,1.100000000000545,0.5000000000010552,73,5.00000000000167
2026-07-30 12:30:00,EURUSD,USD,GDP Growth Rate,-1.08,1,1,15,4.599999999999049,,2026-07-30 12:30:02.119000,2026-07-30 12:30:17.311000,2.119,15.192,1.100000000000545,0.5000000000010552,109,5.399999999999849
2026-07-30 12:30:00,EURUSD,USD,GDP Growth Rate,-1.08,1,1,30,1.9999999999997797,,2026-07-30 12:30:02.119000,2026-07-30 12:30:32.203000,2.119,30.084,1.100000000000545,0.09999999999843467,182,2.5999999999992696
2026-07-30 12:30:00,EURUSD,USD,GDP Growth Rate,-1.08,1,1,60,0.9999999999998899,,2026-07-30 12:30:02.119000,2026-07-30 12:31:02.474000,2.119,60.355,1.100000000000545,0.2999999999997449,254,1.7000000000022553
2026-07-30 12:30:00,EURUSD,USD,GDP Growth Rate,-1.08,1,1,120,-2.100000000000435,,2026-07-30 12:30:02.119000,2026-07-30 12:32:03.506000,2.119,121.387,1.100000000000545,0.10000000000065512,355,-1.4999999999987246
2026-07-30 12:30:00,EURUSD,USD,GDP Growth Rate,-1.08,1,3,5,2.0999999999982144,,2026-07-30 12:30:03.106000,2026-07-30 12:30:08.187000,3.106,5.081,1.100000000000545,0.700000000000145,38,2.9999999999996696
2026-07-30 12:30:00,EURUSD,USD,GDP Growth Rate,-1.08,1,3,10,4.199999999998649,,2026-07-30 12:30:03.106000,2026-07-30 12:30:13.136000,3.106,10.03,1.100000000000545,0.20000000000131024,70,4.850000000000687
2026-07-30 12:30:00,EURUSD,USD,GDP Growth Rate,-1.08,1,3,15,5.399999999999849,,2026-07-30 12:30:03.106000,2026-07-30 12:30:18.326000,3.106,15.22,1.100000000000545,0.09999999999843467,111,5.999999999999339
2026-07-30 12:30:00,EURUSD,USD,GDP Growth Rate,-1.08,1,3,30,1.7000000000000348,,2026-07-30 12:30:03.106000,2026-07-30 12:30:33.545000,3.106,30.439,1.100000000000545,0.3999999999981796,180,2.4500000000005073
2026-07-30 12:30:00,EURUSD,USD,GDP Growth Rate,-1.08,1,3,60,0.8999999999992347,,2026-07-30 12:30:03.106000,2026-07-30 12:31:04.043000,3.106,60.937,1.100000000000545,0.10000000000065512,249,1.500000000000945
2026-07-30 12:30:00,EURUSD,USD,GDP Growth Rate,-1.08,1,3,120,-2.100000000000435,,2026-07-30 12:30:03.106000,2026-07-30 12:32:03.506000,3.106,120.4,1.100000000000545,0.10000000000065512,349,-1.4999999999987246
2026-07-30 12:30:00,EURUSD,USD,GDP Growth Rate,-1.08,1,5,5,2.900000000001235,,2026-07-30 12:30:05.003000,2026-07-30 12:30:10.225000,5.003,5.222,0.2999999999997449,0.4999999999988347,35,3.300000000001635
2026-07-30 12:30:00,EURUSD,USD,GDP Growth Rate,-1.08,1,5,10,2.6999999999999247,,2026-07-30 12:30:05.003000,2026-07-30 12:30:15.098000,5.003,10.095,0.2999999999997449,0.40000000000040004,73,3.049999999999997
2026-07-30 12:30:00,EURUSD,USD,GDP Growth Rate,-1.08,1,5,15,3.8000000000004697,,2026-07-30 12:30:05.003000,2026-07-30 12:30:20.188000,5.003,15.185,0.2999999999997449,0.5000000000010552,112,4.20000000000087
2026-07-30 12:30:00,EURUSD,USD,GDP Growth Rate,-1.08,1,5,30,0.20000000000131024,,2026-07-30 12:30:05.003000,2026-07-30 12:30:35.676000,5.003,30.673,0.2999999999997449,0.2999999999997449,172,0.5000000000032756
2026-07-30 12:30:00,EURUSD,USD,GDP Growth Rate,-1.08,1,5,60,-1.1999999999989797,,2026-07-30 12:30:05.003000,2026-07-30 12:31:05.072000,5.003,60.069,0.2999999999997449,0.4999999999988347,242,-0.7999999999985796
2026-07-30 12:30:00,EURUSD,USD,GDP Growth Rate,-1.08,1,5,120,-4.100000000000215,,2026-07-30 12:30:05.003000,2026-07-30 12:32:05.288000,5.003,120.285,0.2999999999997449,0.2999999999997449,339,-3.7999999999982492
2026-07-30 12:30:00,EURUSD,USD,GDP Growth Rate,-1.08,1,10,5,-0.4999999999988347,,2026-07-30 12:30:10.225000,2026-07-30 12:30:15.254000,10.225,5.029,0.4999999999988347,0.700000000000145,40,0.10000000000065512
2026-07-30 12:30:00,EURUSD,USD,GDP Growth Rate,-1.08,1,10,10,0.40000000000040004,,2026-07-30 12:30:10.225000,2026-07-30 12:30:20.292000,10.225,10.067,0.4999999999988347,0.40000000000040004,78,0.8500000000011276
2026-07-30 12:30:00,EURUSD,USD,GDP Growth Rate,-1.08,1,10,15,-2.4000000000001798,,2026-07-30 12:30:10.225000,2026-07-30 12:30:25.270000,10.225,15.045,0.4999999999988347,0.10000000000065512,105,-2.100000000000435
2026-07-30 12:30:00,EURUSD,USD,GDP Growth Rate,-1.08,1,10,30,-4.100000000000215,,2026-07-30 12:30:10.225000,2026-07-30 12:30:40.369000,10.225,30.144,0.4999999999988347,0.2999999999997449,157,-3.6999999999998145
2026-07-30 12:30:00,EURUSD,USD,GDP Growth Rate,-1.08,1,10,60,-5.199999999998539,,2026-07-30 12:30:10.225000,2026-07-30 12:31:11.774000,10.225,61.549,0.4999999999988347,0.1999999999990898,221,-4.850000000000687
2026-07-30 12:30:00,EURUSD,USD,GDP Growth Rate,-1.08,1,10,120,-7.599999999998719,,2026-07-30 12:30:10.225000,2026-07-30 12:32:12.184000,10.225,121.959,0.4999999999988347,0.2999999999997449,315,-7.200000000000539
2026-07-30 12:30:00,EURUSD,USD,GDP Growth Rate,-1.08,1,15,5,0.700000000000145,,2026-07-30 12:30:15.098000,2026-07-30 12:30:20.188000,15.098,5.09,0.40000000000040004,0.5000000000010552,39,1.1500000000008725
2026-07-30 12:30:00,EURUSD,USD,GDP Growth Rate,-1.08,1,15,10,-1.80000000000069,,2026-07-30 12:30:15.098000,2026-07-30 12:30:25.218000,15.098,10.12,0.40000000000040004,0.20000000000131024,66,-1.4999999999987246
2026-07-30 12:30:00,EURUSD,USD,GDP Growth Rate,-1.08,1,15,15,-2.5999999999992696,,2026-07-30 12:30:15.098000,2026-07-30 12:30:30.109000,15.098,15.011,0.40000000000040004,0.2999999999997449,82,-2.249999999999197
2026-07-30 12:30:00,EURUSD,USD,GDP Growth Rate,-1.08,1,15,30,-2.9999999999996696,,2026-07-30 12:30:15.098000,2026-07-30 12:30:45.144000,15.098,30.046,0.40000000000040004,0.1999999999990898,134,-2.6999999999999247
2026-07-30 12:30:00,EURUSD,USD,GDP Growth Rate,-1.08,1,15,60,-5.1000000000001044,,2026-07-30 12:30:15.098000,2026-07-30 12:31:18.713000,15.098,63.615,0.40000000000040004,0.40000000000040004,190,-4.699999999999704
2026-07-30 12:30:00,EURUSD,USD,GDP Growth Rate,-1.08,1,15,120,-7.599999999998719,,2026-07-30 12:30:15.098000,2026-07-30 12:32:15.267000,15.098,120.169,0.40000000000040004,0.09999999999843467,280,-7.349999999997081
2026-07-30 12:30:00,EURUSD,USD,GDP Growth Rate,-1.08,1,30,5,-0.4999999999988347,,2026-07-30 12:30:30.005000,2026-07-30 12:30:35.676000,30.005,5.671,0.10000000000065512,0.2999999999997449,18,-0.29999999999752447
2026-07-30 12:30:00,EURUSD,USD,GDP Growth Rate,-1.08,1,30,10,-1.4999999999987246,,2026-07-30 12:30:30.005000,2026-07-30 12:30:40.063000,30.005,10.058,0.10000000000065512,0.2999999999997449,37,-1.2999999999996348
2026-07-30 12:30:00,EURUSD,USD,GDP Growth Rate,-1.08,1,30,15,-0.5999999999994898,,2026-07-30 12:30:30.005000,2026-07-30 12:30:45.144000,30.005,15.139,0.10000000000065512,0.1999999999990898,53,-0.4500000000007276
2026-07-30 12:30:00,EURUSD,USD,GDP Growth Rate,-1.08,1,30,30,-0.9999999999998899,,2026-07-30 12:30:30.005000,2026-07-30 12:31:01.606000,30.005,31.601,0.10000000000065512,0.2999999999997449,80,-0.8000000000008001
2026-07-30 12:30:00,EURUSD,USD,GDP Growth Rate,-1.08,1,30,60,-4.8000000000003595,,2026-07-30 12:30:30.005000,2026-07-30 12:31:30.052000,30.005,60.047,0.10000000000065512,0.40000000000040004,132,-4.550000000000942
2026-07-30 12:30:00,EURUSD,USD,GDP Growth Rate,-1.08,1,30,120,-6.500000000000394,,2026-07-30 12:30:30.005000,2026-07-30 12:32:30.712000,30.005,120.707,0.10000000000065512,0.40000000000040004,228,-6.2499999999987566
2026-07-30 12:30:00,EURUSD,USD,GDP Growth Rate,-1.08,1,60,5,-1.40000000000029,,2026-07-30 12:31:01.606000,2026-07-30 12:31:06.702000,61.606,5.096,0.2999999999997449,0.40000000000040004,10,-1.0500000000002174
2026-07-30 12:30:00,EURUSD,USD,GDP Growth Rate,-1.08,1,60,10,-1.7999999999984695,,2026-07-30 12:31:01.606000,2026-07-30 12:31:11.774000,61.606,10.168,0.2999999999997449,0.1999999999990898,22,-1.5499999999990521
2026-07-30 12:30:00,EURUSD,USD,GDP Growth Rate,-1.08,1,60,15,-1.9999999999997797,,2026-07-30 12:31:01.606000,2026-07-30 12:31:18.713000,61.606,17.107,0.2999999999997449,0.40000000000040004,29,-1.6499999999997073
2026-07-30 12:30:00,EURUSD,USD,GDP Growth Rate,-1.08,1,60,30,-4.299999999999304,,2026-07-30 12:31:01.606000,2026-07-30 12:31:31.829000,61.606,30.223,0.2999999999997449,0.10000000000065512,55,-4.099999999997994
2026-07-30 12:30:00,EURUSD,USD,GDP Growth Rate,-1.08,1,60,60,-3.4000000000000696,,2026-07-30 12:31:01.606000,2026-07-30 12:32:01.731000,61.606,60.125,0.2999999999997449,0.2999999999997449,101,-3.0999999999981043
2026-07-30 12:30:00,EURUSD,USD,GDP Growth Rate,-1.08,1,60,120,-4.899999999998794,,2026-07-30 12:31:01.606000,2026-07-30 12:33:01.780000,61.606,120.174,0.2999999999997449,0.09999999999843467,189,-4.699999999999704
2026-07-30 23:50:00,USDJPY,JPY,Retail Sales YoY,-2.292,1,0,5,-0.899999999998613,,2026-07-30 23:50:00.122000,2026-07-30 23:50:14.065000,0.122,13.943,0.899999999998613,0.7999999999981355,5,-0.05000000000165983
2026-07-30 23:50:00,USDJPY,JPY,Retail Sales YoY,-2.292,1,0,10,-0.899999999998613,,2026-07-30 23:50:00.122000,2026-07-30 23:50:14.065000,0.122,13.943,0.899999999998613,0.7999999999981355,5,-0.05000000000165983
2026-07-30 23:50:00,USDJPY,JPY,Retail Sales YoY,-2.292,1,0,15,-2.7999999999991587,,2026-07-30 23:50:00.122000,2026-07-30 23:50:16.306000,0.122,16.184,0.899999999998613,0.2999999999985903,13,-2.200000000001978
2026-07-30 23:50:00,USDJPY,JPY,Retail Sales YoY,-2.292,1,0,30,-1.5999999999991132,,2026-07-30 23:50:00.122000,2026-07-30 23:50:30.434000,0.122,30.312,0.899999999998613,0.1999999999981128,33,-1.0500000000035925
2026-07-30 23:50:00,USDJPY,JPY,Retail Sales YoY,-2.292,1,0,60,-2.7999999999991587,,2026-07-30 23:50:00.122000,2026-07-30 23:51:00.161000,0.122,60.039,0.899999999998613,0.39999999999906777,76,-2.1500000000003183
2026-07-30 23:50:00,USDJPY,JPY,Retail Sales YoY,-2.292,1,0,120,-1.099999999999568,,2026-07-30 23:50:00.122000,2026-07-30 23:52:00.558000,0.122,120.436,0.899999999998613,0.49999999999954525,163,-0.40000000000190994
2026-07-30 23:50:00,USDJPY,JPY,Retail Sales YoY,-2.292,1,1,5,-0.9999999999990905,,2026-07-30 23:50:01.182000,2026-07-30 23:50:14.065000,1.182,12.883,0.9999999999990905,0.7999999999981355,2,-0.10000000000047748
2026-07-30 23:50:00,USDJPY,JPY,Retail Sales YoY,-2.292,1,1,10,-0.9999999999990905,,2026-07-30 23:50:01.182000,2026-07-30 23:50:14.065000,1.182,12.883,0.9999999999990905,0.7999999999981355,2,-0.10000000000047748
2026-07-30 23:50:00,USDJPY,JPY,Retail Sales YoY,-2.292,1,1,15,-2.899999999999636,,2026-07-30 23:50:01.182000,2026-07-30 23:50:16.306000,1.182,15.124,0.9999999999990905,0.2999999999985903,10,-2.250000000000796
2026-07-30 23:50:00,USDJPY,JPY,Retail Sales YoY,-2.292,1,1,30,-2.1000000000015007,,2026-07-30 23:50:01.182000,2026-07-30 23:50:36.295000,1.182,35.113,0.9999999999990905,0.7000000000005002,34,-1.2500000000017053
2026-07-30 23:50:00,USDJPY,JPY,Retail Sales YoY,-2.292,1,1,60,-3.2000000000010687,,2026-07-30 23:50:01.182000,2026-07-30 23:51:01.236000,1.182,60.054,0.9999999999990905,1.0000000000019327,80,-2.199999999999136
2026-07-30 23:50:00,USDJPY,JPY,Retail Sales YoY,-2.292,1,1,120,-1.4000000000010004,,2026-07-30 23:50:01.182000,2026-07-30 23:52:01.277000,1.182,120.095,0.9999999999990905,0.7000000000005002,166,-0.5500000000012051
2026-07-30 23:50:00,USDJPY,JPY,Retail Sales YoY,-2.292,1,3,5,-2.199999999999136,,2026-07-30 23:50:14.065000,2026-07-30 23:50:19.169000,14.065,5.104,0.7999999999981355,0.899999999998613,18,-1.3499999999993406
2026-07-30 23:50:00,USDJPY,JPY,Retail Sales YoY,-2.292,1,3,10,-2.199999999999136,,2026-07-30 23:50:14.065000,2026-07-30 23:50:24.233000,14.065,10.168,0.7999999999981355,0.9999999999990905,26,-1.300000000000523
2026-07-30 23:50:00,USDJPY,JPY,Retail Sales YoY,-2.292,1,3,15,-1.4999999999986358,,2026-07-30 23:50:14.065000,2026-07-30 23:50:30.434000,14.065,16.369,0.7999999999981355,0.1999999999981128,28,-1.0000000000019327
2026-07-30 23:50:00,USDJPY,JPY,Retail Sales YoY,-2.292,1,3,30,-0.7999999999981355,,2026-07-30 23:50:14.065000,2026-07-30 23:50:45.727000,14.065,31.662,0.7999999999981355,0.699999999997658,44,-0.05000000000165983
2026-07-30 23:50:00,USDJPY,JPY,Retail Sales YoY,-2.292,1,3,60,-3.3999999999991815,,2026-07-30 23:50:14.065000,2026-07-30 23:51:14.167000,14.065,60.102,0.7999999999981355,0.899999999998613,105,-2.549999999999386
2026-07-30 23:50:00,USDJPY,JPY,Retail Sales YoY,-2.292,1,3,120,-0.1999999999981128,,2026-07-30 23:50:14.065000,2026-07-30 23:52:14.096000,14.065,120.031,0.7999999999981355,0.1999999999981128,199,0.30000000000143245
2026-07-30 23:50:00,USDJPY,JPY,Retail Sales YoY,-2.292,1,5,5,-2.199999999999136,,2026-07-30 23:50:14.065000,2026-07-30 23:50:19.169000,14.065,5.104,0.7999999999981355,0.899999999998613,18,-1.3499999999993406
2026-07-30 23:50:00,USDJPY,JPY,Retail Sales YoY,-2.292,1,5,10,-2.199999999999136,,2026-07-30 23:50:14.065000,2026-07-30 23:50:24.233000,14.065,10.168,0.7999999999981355,0.9999999999990905,26,-1.300000000000523
2026-07-30 23:50:00,USDJPY,JPY,Retail Sales YoY,-2.292,1,5,15,-1.4999999999986358,,2026-07-30 23:50:14.065000,2026-07-30 23:50:30.434000,14.065,16.369,0.7999999999981355,0.1999999999981128,28,-1.0000000000019327
2026-07-30 23:50:00,USDJPY,JPY,Retail Sales YoY,-2.292,1,5,30,-0.7999999999981355,,2026-07-30 23:50:14.065000,2026-07-30 23:50:45.727000,14.065,31.662,0.7999999999981355,0.699999999997658,44,-0.05000000000165983
2026-07-30 23:50:00,USDJPY,JPY,Retail Sales YoY,-2.292,1,5,60,-3.3999999999991815,,2026-07-30 23:50:14.065000,2026-07-30 23:51:14.167000,14.065,60.102,0.7999999999981355,0.899999999998613,105,-2.549999999999386
2026-07-30 23:50:00,USDJPY,JPY,Retail Sales YoY,-2.292,1,5,120,-0.1999999999981128,,2026-07-30 23:50:14.065000,2026-07-30 23:52:14.096000,14.065,120.031,0.7999999999981355,0.1999999999981128,199,0.30000000000143245
2026-07-30 23:50:00,USDJPY,JPY,Retail Sales YoY,-2.292,1,10,5,-2.199999999999136,,2026-07-30 23:50:14.065000,2026-07-30 23:50:19.169000,14.065,5.104,0.7999999999981355,0.899999999998613,18,-1.3499999999993406
2026-07-30 23:50:00,USDJPY,JPY,Retail Sales YoY,-2.292,1,10,10,-2.199999999999136,,2026-07-30 23:50:14.065000,2026-07-30 23:50:24.233000,14.065,10.168,0.7999999999981355,0.9999999999990905,26,-1.300000000000523
2026-07-30 23:50:00,USDJPY,JPY,Retail Sales YoY,-2.292,1,10,15,-1.4999999999986358,,2026-07-30 23:50:14.065000,2026-07-30 23:50:30.434000,14.065,16.369,0.7999999999981355,0.1999999999981128,28,-1.0000000000019327
2026-07-30 23:50:00,USDJPY,JPY,Retail Sales YoY,-2.292,1,10,30,-0.7999999999981355,,2026-07-30 23:50:14.065000,2026-07-30 23:50:45.727000,14.065,31.662,0.7999999999981355,0.699999999997658,44,-0.05000000000165983
2026-07-30 23:50:00,USDJPY,JPY,Retail Sales YoY,-2.292,1,10,60,-3.3999999999991815,,2026-07-30 23:50:14.065000,2026-07-30 23:51:14.167000,14.065,60.102,0.7999999999981355,0.899999999998613,105,-2.549999999999386
2026-07-30 23:50:00,USDJPY,JPY,Retail Sales YoY,-2.292,1,10,120,-0.1999999999981128,,2026-07-30 23:50:14.065000,2026-07-30 23:52:14.096000,14.065,120.031,0.7999999999981355,0.1999999999981128,199,0.30000000000143245
2026-07-30 23:50:00,USDJPY,JPY,Retail Sales YoY,-2.292,1,15,5,0.0,,2026-07-30 23:50:16.306000,2026-07-30 23:50:22.163000,16.306,5.857,0.2999999999985903,1.0000000000019327,15,0.6499999999988404
2026-07-30 23:50:00,USDJPY,JPY,Retail Sales YoY,-2.292,1,15,10,0.9000000000014552,,2026-07-30 23:50:16.306000,2026-07-30 23:50:30.434000,16.306,14.128,0.2999999999985903,0.1999999999981128,20,1.1499999999983856
2026-07-30 23:50:00,USDJPY,JPY,Retail Sales YoY,-2.292,1,15,15,0.49999999999954525,,2026-07-30 23:50:16.306000,2026-07-30 23:50:36.295000,16.306,19.989,0.2999999999985903,0.7000000000005002,24,0.9999999999990905
2026-07-30 23:50:00,USDJPY,JPY,Retail Sales YoY,-2.292,1,15,30,1.4000000000010004,,2026-07-30 23:50:16.306000,2026-07-30 23:50:46.689000,16.306,30.383,0.2999999999985903,0.9999999999990905,38,2.049999999999841
2026-07-30 23:50:00,USDJPY,JPY,Retail Sales YoY,-2.292,1,15,60,-0.899999999998613,,2026-07-30 23:50:16.306000,2026-07-30 23:51:19.360000,16.306,63.054,0.2999999999985903,0.7999999999981355,100,-0.3500000000002501
2026-07-30 23:50:00,USDJPY,JPY,Retail Sales YoY,-2.292,1,15,120,2.000000000001023,,2026-07-30 23:50:16.306000,2026-07-30 23:52:16.329000,16.306,120.023,0.2999999999985903,0.49999999999954525,194,2.400000000000091
2026-07-30 23:50:00,USDJPY,JPY,Retail Sales YoY,-2.292,1,30,5,-0.6000000000000227,,2026-07-30 23:50:30.434000,2026-07-30 23:50:36.295000,30.434,5.861,0.1999999999981128,0.7000000000005002,4,-0.14999999999929514
2026-07-30 23:50:00,USDJPY,JPY,Retail Sales YoY,-2.292,1,30,10,0.40000000000190994,,2026-07-30 23:50:30.434000,2026-07-30 23:50:41.893000,30.434,11.459,0.1999999999981128,0.899999999998613,11,0.9500000000002728
2026-07-30 23:50:00,USDJPY,JPY,Retail Sales YoY,-2.292,1,30,15,0.5000000000023874,,2026-07-30 23:50:30.434000,2026-07-30 23:50:45.727000,30.434,15.293,0.1999999999981128,0.699999999997658,16,0.9500000000002728
2026-07-30 23:50:00,USDJPY,JPY,Retail Sales YoY,-2.292,1,30,30,-1.3999999999981583,,2026-07-30 23:50:30.434000,2026-07-30 23:51:00.724000,30.434,30.29,0.1999999999981128,0.7999999999981355,47,-0.899999999998613
2026-07-30 23:50:00,USDJPY,JPY,Retail Sales YoY,-2.292,1,30,60,-2.2999999999996135,,2026-07-30 23:50:30.434000,2026-07-30 23:51:31.167000,30.434,60.733,0.1999999999981128,0.40000000000190994,102,-1.999999999998181
2026-07-30 23:50:00,USDJPY,JPY,Retail Sales YoY,-2.292,1,30,120,1.9000000000005457,,2026-07-30 23:50:30.434000,2026-07-30 23:52:33.243000,30.434,122.809,0.1999999999981128,0.49999999999954525,210,2.250000000000796
2026-07-30 23:50:00,USDJPY,JPY,Retail Sales YoY,-2.292,1,60,5,0.0,,2026-07-30 23:51:00.109000,2026-07-30 23:51:05.375000,60.109,5.266,0.39999999999906777,0.7000000000005002,11,0.5500000000012051
2026-07-30 23:50:00,USDJPY,JPY,Retail Sales YoY,-2.292,1,60,10,-0.6000000000000227,,2026-07-30 23:51:00.109000,2026-07-30 23:51:10.685000,60.109,10.576,0.39999999999906777,0.8000000000009777,18,0.0
2026-07-30 23:50:00,USDJPY,JPY,Retail Sales YoY,-2.292,1,60,15,-0.39999999999906777,,2026-07-30 23:51:00.109000,2026-07-30 23:51:15.280000,60.109,15.171,0.39999999999906777,0.7000000000005002,37,0.1500000000021373
2026-07-30 23:50:00,USDJPY,JPY,Retail Sales YoY,-2.292,1,60,30,-0.7000000000005002,,2026-07-30 23:51:00.109000,2026-07-30 23:51:31.167000,60.109,31.058,0.39999999999906777,0.40000000000190994,60,-0.2999999999985903
2026-07-30 23:50:00,USDJPY,JPY,Retail Sales YoY,-2.292,1,60,60,1.9000000000005457,,2026-07-30 23:51:00.109000,2026-07-30 23:52:00.558000,60.109,60.449,0.39999999999906777,0.49999999999954525,88,2.3500000000012733
2026-07-30 23:50:00,USDJPY,JPY,Retail Sales YoY,-2.292,1,60,120,0.7000000000005002,,2026-07-30 23:51:00.109000,2026-07-30 23:53:00.184000,60.109,120.075,0.39999999999906777,0.7000000000005002,261,1.2500000000017053
2026-07-31 09:00:00,EURUSD,EUR,Core Inflation Rate,1.059,1,0,5,-0.40000000000040004,,2026-07-31 09:00:00.056000,2026-07-31 09:00:05.069000,0.056,5.013,0.40000000000040004,0.2999999999997449,27,-0.049999999998107114
2026-07-31 09:00:00,EURUSD,EUR,Core Inflation Rate,1.059,1,0,10,-0.1999999999990898,,2026-07-31 09:00:00.056000,2026-07-31 09:00:10.094000,0.056,10.038,0.40000000000040004,0.4999999999988347,50,0.2500000000016378
2026-07-31 09:00:00,EURUSD,EUR,Core Inflation Rate,1.059,1,0,15,1.5999999999993797,,2026-07-31 09:00:00.056000,2026-07-31 09:00:15.347000,0.056,15.291,0.40000000000040004,0.5000000000010552,88,2.0500000000023277
2026-07-31 09:00:00,EURUSD,EUR,Core Inflation Rate,1.059,1,0,30,1.100000000000545,,2026-07-31 09:00:00.056000,2026-07-31 09:00:30.095000,0.056,30.039,0.40000000000040004,0.5999999999994898,178,1.6000000000016001
2026-07-31 09:00:00,EURUSD,EUR,Core Inflation Rate,1.059,1,0,60,0.5999999999994898,,2026-07-31 09:00:00.056000,2026-07-31 09:01:00.154000,0.056,60.098,0.40000000000040004,0.20000000000131024,287,0.9000000000014552
2026-07-31 09:00:00,EURUSD,EUR,Core Inflation Rate,1.059,1,0,120,0.10000000000065512,,2026-07-31 09:00:00.056000,2026-07-31 09:02:00.494000,0.056,120.438,0.40000000000040004,0.40000000000040004,515,0.5000000000032756
2026-07-31 09:00:00,EURUSD,EUR,Core Inflation Rate,1.059,1,1,5,-0.10000000000065512,,2026-07-31 09:00:01.033000,2026-07-31 09:00:06.042000,1.033,5.009,0.30000000000196536,0.700000000000145,26,0.40000000000040004
2026-07-31 09:00:00,EURUSD,EUR,Core Inflation Rate,1.059,1,1,10,0.5999999999994898,,2026-07-31 09:00:01.033000,2026-07-31 09:00:11.074000,1.033,10.041,0.30000000000196536,0.40000000000040004,49,0.9500000000017828
2026-07-31 09:00:00,EURUSD,EUR,Core Inflation Rate,1.059,1,1,15,2.1999999999988695,,2026-07-31 09:00:01.033000,2026-07-31 09:00:16.083000,1.033,15.05,0.30000000000196536,0.10000000000065512,89,2.4000000000001798
2026-07-31 09:00:00,EURUSD,EUR,Core Inflation Rate,1.059,1,1,30,1.7999999999984695,,2026-07-31 09:00:01.033000,2026-07-31 09:00:31.040000,1.033,30.007,0.30000000000196536,0.10000000000065512,178,1.9999999999997797
2026-07-31 09:00:00,EURUSD,EUR,Core Inflation Rate,1.059,1,1,60,1.0999999999983245,,2026-07-31 09:00:01.033000,2026-07-31 09:01:01.416000,1.033,60.383,0.30000000000196536,0.10000000000065512,284,1.2999999999996348
2026-07-31 09:00:00,EURUSD,EUR,Core Inflation Rate,1.059,1,1,120,1.1999999999989797,,2026-07-31 09:00:01.033000,2026-07-31 09:02:01.569000,1.033,120.536,0.30000000000196536,0.10000000000065512,511,1.40000000000029
2026-07-31 09:00:00,EURUSD,EUR,Core Inflation Rate,1.059,1,3,5,-0.10000000000065512,,2026-07-31 09:00:03.026000,2026-07-31 09:00:09.836000,3.026,6.81,0.5000000000010552,0.700000000000145,29,0.5000000000010552
2026-07-31 09:00:00,EURUSD,EUR,Core Inflation Rate,1.059,1,3,10,1.5999999999993797,,2026-07-31 09:00:03.026000,2026-07-31 09:00:13.090000,3.026,10.064,0.5000000000010552,0.1999999999990898,55,1.9500000000016726
2026-07-31 09:00:00,EURUSD,EUR,Core Inflation Rate,1.059,1,3,15,1.40000000000029,,2026-07-31 09:00:03.026000,2026-07-31 09:00:18.381000,3.026,15.355,0.5000000000010552,0.09999999999843467,88,1.7000000000022553
2026-07-31 09:00:00,EURUSD,EUR,Core Inflation Rate,1.059,1,3,30,1.2999999999996348,,2026-07-31 09:00:03.026000,2026-07-31 09:00:33.293000,3.026,30.267,0.5000000000010552,0.10000000000065512,174,1.6000000000016001
2026-07-31 09:00:00,EURUSD,EUR,Core Inflation Rate,1.059,1,3,60,0.1999999999990898,,2026-07-31 09:00:03.026000,2026-07-31 09:01:04.333000,3.026,61.307,0.5000000000010552,0.1999999999990898,282,0.5500000000013827
2026-07-31 09:00:00,EURUSD,EUR,Core Inflation Rate,1.059,1,3,120,0.8999999999992347,,2026-07-31 09:00:03.026000,2026-07-31 09:02:03.620000,3.026,120.594,0.5000000000010552,0.10000000000065512,509,1.2000000000012
2026-07-31 09:00:00,EURUSD,EUR,Core Inflation Rate,1.059,1,5,5,-0.2999999999997449,,2026-07-31 09:00:05.016000,2026-07-31 09:00:10.094000,5.016,5.078,0.700000000000145,0.4999999999988347,24,0.2999999999997449
2026-07-31 09:00:00,EURUSD,EUR,Core Inflation Rate,1.059,1,5,10,1.4999999999987246,,2026-07-31 09:00:05.016000,2026-07-31 09:00:15.347000,5.016,10.331,0.700000000000145,0.5000000000010552,62,2.100000000000435
2026-07-31 09:00:00,EURUSD,EUR,Core Inflation Rate,1.059,1,5,15,1.100000000000545,,2026-07-31 09:00:05.016000,2026-07-31 09:00:20.033000,5.016,15.017,0.700000000000145,0.1999999999990898,93,1.5499999999990521
2026-07-31 09:00:00,EURUSD,EUR,Core Inflation Rate,1.059,1,5,30,1.8999999999991246,,2026-07-31 09:00:05.016000,2026-07-31 09:00:35.057000,5.016,30.041,0.700000000000145,0.40000000000040004,183,2.4500000000005073
2026-07-31 09:00:00,EURUSD,EUR,Core Inflation Rate,1.059,1,5,60,-0.20000000000131024,,2026-07-31 09:00:05.016000,2026-07-31 09:01:05.553000,5.016,60.537,0.700000000000145,0.10000000000065512,278,0.1999999999990898
2026-07-31 09:00:00,EURUSD,EUR,Core Inflation Rate,1.059,1,5,120,0.40000000000040004,,2026-07-31 09:00:05.016000,2026-07-31 09:02:06.041000,5.016,121.025,0.700000000000145,0.1999999999990898,505,0.8499999999989072
2026-07-31 09:00:00,EURUSD,EUR,Core Inflation Rate,1.059,1,10,5,1.2999999999996348,,2026-07-31 09:00:10.094000,2026-07-31 09:00:15.347000,10.094,5.253,0.4999999999988347,0.5000000000010552,38,1.80000000000069
2026-07-31 09:00:00,EURUSD,EUR,Core Inflation Rate,1.059,1,10,10,0.8000000000008001,,2026-07-31 09:00:10.094000,2026-07-31 09:00:20.289000,10.094,10.195,0.4999999999988347,0.2999999999997449,70,1.2000000000012
2026-07-31 09:00:00,EURUSD,EUR,Core Inflation Rate,1.059,1,10,15,0.9999999999998899,,2026-07-31 09:00:10.094000,2026-07-31 09:00:25.485000,10.094,15.391,0.4999999999988347,0.5000000000010552,101,1.4999999999987246
2026-07-31 09:00:00,EURUSD,EUR,Core Inflation Rate,1.059,1,10,30,2.4000000000001798,,2026-07-31 09:00:10.094000,2026-07-31 09:00:40.163000,10.094,30.069,0.4999999999988347,0.2999999999997449,174,2.7999999999983594
2026-07-31 09:00:00,EURUSD,EUR,Core Inflation Rate,1.059,1,10,60,-0.1999999999990898,,2026-07-31 09:00:10.094000,2026-07-31 09:01:10.116000,10.094,60.022,0.4999999999988347,0.40000000000040004,270,0.2500000000016378
2026-07-31 09:00:00,EURUSD,EUR,Core Inflation Rate,1.059,1,10,120,0.8000000000008001,,2026-07-31 09:00:10.094000,2026-07-31 09:02:10.567000,10.094,120.473,0.4999999999988347,0.1999999999990898,491,1.149999999998652
2026-07-31 09:00:00,EURUSD,EUR,Core Inflation Rate,1.059,1,15,5,-0.700000000000145,,2026-07-31 09:00:15.347000,2026-07-31 09:00:20.393000,15.347,5.046,0.5000000000010552,0.1999999999990898,33,-0.3500000000000725
2026-07-31 09:00:00,EURUSD,EUR,Core Inflation Rate,1.059,1,15,10,-0.8000000000008001,,2026-07-31 09:00:15.347000,2026-07-31 09:00:25.485000,15.347,10.138,0.5000000000010552,0.5000000000010552,63,-0.30000000000196536
2026-07-31 09:00:00,EURUSD,EUR,Core Inflation Rate,1.059,1,15,15,-1.2000000000012,,2026-07-31 09:00:15.347000,2026-07-31 09:00:30.407000,15.347,15.06,0.5000000000010552,0.30000000000196536,93,-0.8000000000008001
2026-07-31 09:00:00,EURUSD,EUR,Core Inflation Rate,1.059,1,15,30,-0.20000000000131024,,2026-07-31 09:00:15.347000,2026-07-31 09:00:46.282000,15.347,30.935,0.5000000000010552,0.30000000000196536,147,0.1999999999990898
2026-07-31 09:00:00,EURUSD,EUR,Core Inflation Rate,1.059,1,15,60,-2.2999999999995246,,2026-07-31 09:00:15.347000,2026-07-31 09:01:15.710000,15.347,60.363,0.5000000000010552,0.1999999999990898,260,-1.9500000000016726
2026-07-31 09:00:00,EURUSD,EUR,Core Inflation Rate,1.059,1,15,120,-1.2999999999996348,,2026-07-31 09:00:15.347000,2026-07-31 09:02:16.260000,15.347,120.913,0.5000000000010552,0.40000000000040004,464,-0.8499999999989072
2026-07-31 09:00:00,EURUSD,EUR,Core Inflation Rate,1.059,1,30,5,0.1999999999990898,,2026-07-31 09:00:30.095000,2026-07-31 09:00:35.716000,30.095,5.621,0.5999999999994898,0.40000000000040004,32,0.700000000000145
2026-07-31 09:00:00,EURUSD,EUR,Core Inflation Rate,1.059,1,30,10,0.9999999999998899,,2026-07-31 09:00:30.095000,2026-07-31 09:00:40.163000,30.095,10.068,0.5999999999994898,0.2999999999997449,46,1.449999999998397
2026-07-31 09:00:00,EURUSD,EUR,Core Inflation Rate,1.059,1,30,15,0.1999999999990898,,2026-07-31 09:00:30.095000,2026-07-31 09:00:46.282000,30.095,16.187,0.5999999999994898,0.30000000000196536,57,0.6499999999998174
2026-07-31 09:00:00,EURUSD,EUR,Core Inflation Rate,1.059,1,30,30,-1.100000000000545,,2026-07-31 09:00:30.095000,2026-07-31 09:01:00.154000,30.095,30.059,0.5999999999994898,0.20000000000131024,109,-0.700000000000145
2026-07-31 09:00:00,EURUSD,EUR,Core Inflation Rate,1.059,1,30,60,-0.5999999999994898,,2026-07-31 09:00:30.095000,2026-07-31 09:01:30.429000,30.095,60.334,0.5999999999994898,0.1999999999990898,231,-0.20000000000131024
2026-07-31 09:00:00,EURUSD,EUR,Core Inflation Rate,1.059,1,30,120,0.9999999999998899,,2026-07-31 09:00:30.095000,2026-07-31 09:02:30.705000,30.095,120.61,0.5999999999994898,0.20000000000131024,427,1.40000000000029
2026-07-31 09:00:00,EURUSD,EUR,Core Inflation Rate,1.059,1,60,5,-1.100000000000545,,2026-07-31 09:01:00,2026-07-31 09:01:05.553000,60.0,5.553,0.4999999999988347,0.10000000000065512,18,-0.8000000000008001
2026-07-31 09:00:00,EURUSD,EUR,Core Inflation Rate,1.059,1,60,10,-0.8999999999992347,,2026-07-31 09:01:00,2026-07-31 09:01:10.116000,60.0,10.116,0.4999999999988347,0.40000000000040004,34,-0.44999999999850715
2026-07-31 09:00:00,EURUSD,EUR,Core Inflation Rate,1.059,1,60,15,-1.1999999999989797,,2026-07-31 09:01:00,2026-07-31 09:01:15.001000,60.0,15.001,0.4999999999988347,0.2999999999997449,61,-0.7999999999985796
2026-07-31 09:00:00,EURUSD,EUR,Core Inflation Rate,1.059,1,60,30,0.10000000000065512,,2026-07-31 09:01:00,2026-07-31 09:01:30.429000,60.0,30.429,0.4999999999988347,0.1999999999990898,123,0.44999999999850715
2026-07-31 09:00:00,EURUSD,EUR,Core Inflation Rate,1.059,1,60,60,-0.8999999999992347,,2026-07-31 09:01:00,2026-07-31 09:02:00.494000,60.0,60.494,0.4999999999988347,0.40000000000040004,229,-0.44999999999850715
2026-07-31 09:00:00,EURUSD,EUR,Core Inflation Rate,1.059,1,60,120,0.40000000000040004,,2026-07-31 09:01:00,2026-07-31 09:03:00.495000,60.0,120.495,0.4999999999988347,0.1999999999990898,410,0.7500000000004725
2026-08-04 22:45:00,NZDUSD,NZD,Unemployment Rate,1.059,-1,0,5,-1.9999999999997797,,2026-08-04 22:45:00.026000,2026-08-04 22:45:05.477000,0.026,5.451,1.4999999999998348,1.0999999999994348,18,-0.700000000000145
2026-08-04 22:45:00,NZDUSD,NZD,Unemployment Rate,1.059,-1,0,10,2.6999999999999247,,2026-08-04 22:45:00.026000,2026-08-04 22:45:11.694000,0.026,11.668,1.4999999999998348,0.900000000000345,42,3.8999999999989043
2026-08-04 22:45:00,NZDUSD,NZD,Unemployment Rate,1.059,-1,0,15,2.4999999999997247,,2026-08-04 22:45:00.026000,2026-08-04 22:45:15.620000,0.026,15.594,1.4999999999998348,1.100000000000545,48,3.7999999999993594
2026-08-04 22:45:00,NZDUSD,NZD,Unemployment Rate,1.059,-1,0,30,5.899999999999794,,2026-08-04 22:45:00.026000,2026-08-04 22:45:30.776000,0.026,30.75,1.4999999999998348,0.9999999999998899,98,7.1499999999991015
2026-08-04 22:45:00,NZDUSD,NZD,Unemployment Rate,1.059,-1,0,60,8.099999999999774,,2026-08-04 22:45:00.026000,2026-08-04 22:46:00.366000,0.026,60.34,1.4999999999998348,0.900000000000345,144,9.299999999998754
2026-08-04 22:45:00,NZDUSD,NZD,Unemployment Rate,1.059,-1,0,120,10.999999999999899,,2026-08-04 22:45:00.026000,2026-08-04 22:47:00.398000,0.026,120.372,1.4999999999998348,1.300000000000745,271,12.399999999999078
2026-08-04 22:45:00,NZDUSD,NZD,Unemployment Rate,1.059,-1,1,5,1.60000000000049,,2026-08-04 22:45:01.043000,2026-08-04 22:45:06.139000,1.043,5.096,1.60000000000049,1.0999999999994348,13,2.9500000000015625
2026-08-04 22:45:00,NZDUSD,NZD,Unemployment Rate,1.059,-1,1,10,4.1999999999997595,,2026-08-04 22:45:01.043000,2026-08-04 22:45:11.694000,1.043,10.651,1.60000000000049,0.900000000000345,32,5.450000000000177
2026-08-04 22:45:00,NZDUSD,NZD,Unemployment Rate,1.059,-1,1,15,4.1999999999997595,,2026-08-04 22:45:01.043000,2026-08-04 22:45:16.126000,1.043,15.083,1.60000000000049,1.300000000000745,41,5.650000000001487
2026-08-04 22:45:00,NZDUSD,NZD,Unemployment Rate,1.059,-1,1,30,7.200000000000539,,2026-08-04 22:45:01.043000,2026-08-04 22:45:31.533000,1.043,30.49,1.60000000000049,1.1999999999989797,90,8.60000000000083
2026-08-04 22:45:00,NZDUSD,NZD,Unemployment Rate,1.059,-1,1,60,9.599999999999609,,2026-08-04 22:45:01.043000,2026-08-04 22:46:01.124000,1.043,60.081,1.60000000000049,1.300000000000745,135,11.050000000001337
2026-08-04 22:45:00,NZDUSD,NZD,Unemployment Rate,1.059,-1,1,120,12.299999999999534,,2026-08-04 22:45:01.043000,2026-08-04 22:47:01.209000,1.043,120.166,1.60000000000049,1.300000000000745,266,13.750000000001261
2026-08-04 22:45:00,NZDUSD,NZD,Unemployment Rate,1.059,-1,3,5,4.00000000000067,,2026-08-04 22:45:03.054000,2026-08-04 22:45:08.068000,3.054,5.014,0.9999999999998899,1.2000000000000899,24,5.1000000000001044
2026-08-04 22:45:00,NZDUSD,NZD,Unemployment Rate,1.059,-1,3,10,4.00000000000067,,2026-08-04 22:45:03.054000,2026-08-04 22:45:13.607000,3.054,10.553,0.9999999999998899,1.2999999999996348,32,5.150000000000432
2026-08-04 22:45:00,NZDUSD,NZD,Unemployment Rate,1.059,-1,3,15,4.20000000000087,,2026-08-04 22:45:03.054000,2026-08-04 22:45:18.494000,3.054,15.44,0.9999999999998899,1.2000000000000899,44,5.300000000001415
2026-08-04 22:45:00,NZDUSD,NZD,Unemployment Rate,1.059,-1,3,30,7.700000000000484,,2026-08-04 22:45:03.054000,2026-08-04 22:45:33.605000,3.054,30.551,0.9999999999998899,1.2000000000000899,94,8.799999999999919
2026-08-04 22:45:00,NZDUSD,NZD,Unemployment Rate,1.059,-1,3,60,9.600000000000719,,2026-08-04 22:45:03.054000,2026-08-04 22:46:03.998000,3.054,60.944,0.9999999999998899,1.2000000000000899,137,10.700000000001264
2026-08-04 22:45:00,NZDUSD,NZD,Unemployment Rate,1.059,-1,3,120,12.000000000000899,,2026-08-04 22:45:03.054000,2026-08-04 22:47:07.894000,3.054,124.84,0.9999999999998899,1.5999999999993797,265,13.300000000000534
2026-08-04 22:45:00,NZDUSD,NZD,Unemployment Rate,1.059,-1,5,5,3.6000000000002697,,2026-08-04 22:45:05.477000,2026-08-04 22:45:11.694000,5.477,6.217,1.0999999999994348,0.900000000000345,24,4.599999999999049
2026-08-04 22:45:00,NZDUSD,NZD,Unemployment Rate,1.059,-1,5,10,3.4000000000000696,,2026-08-04 22:45:05.477000,2026-08-04 22:45:15.620000,5.477,10.143,1.0999999999994348,1.100000000000545,30,4.499999999999504
2026-08-04 22:45:00,NZDUSD,NZD,Unemployment Rate,1.059,-1,5,15,5.600000000000049,,2026-08-04 22:45:05.477000,2026-08-04 22:45:20.576000,5.477,15.099,1.0999999999994348,1.100000000000545,52,6.699999999999484
2026-08-04 22:45:00,NZDUSD,NZD,Unemployment Rate,1.059,-1,5,30,7.900000000000684,,2026-08-04 22:45:05.477000,2026-08-04 22:45:36.730000,5.477,31.253,1.0999999999994348,1.0999999999994348,94,8.999999999999009
2026-08-04 22:45:00,NZDUSD,NZD,Unemployment Rate,1.059,-1,5,60,9.100000000000774,,2026-08-04 22:45:05.477000,2026-08-04 22:46:07.116000,5.477,61.639,1.0999999999994348,1.2999999999996348,133,10.299999999999754
2026-08-04 22:45:00,NZDUSD,NZD,Unemployment Rate,1.059,-1,5,120,11.500000000000954,,2026-08-04 22:45:05.477000,2026-08-04 22:47:07.894000,5.477,122.417,1.0999999999994348,1.5999999999993797,260,12.849999999999806
2026-08-04 22:45:00,NZDUSD,NZD,Unemployment Rate,1.059,-1,10,5,-0.7999999999996898,,2026-08-04 22:45:11.694000,2026-08-04 22:45:16.985000,11.694,5.291,0.900000000000345,1.2999999999996348,12,0.30000000000085514
2026-08-04 22:45:00,NZDUSD,NZD,Unemployment Rate,1.059,-1,10,10,1.60000000000049,,2026-08-04 22:45:11.694000,2026-08-04 22:45:21.792000,11.694,10.098,0.900000000000345,1.1999999999989797,32,2.6500000000007073
2026-08-04 22:45:00,NZDUSD,NZD,Unemployment Rate,1.059,-1,10,15,1.7000000000000348,,2026-08-04 22:45:11.694000,2026-08-04 22:45:27.647000,11.694,15.953,0.900000000000345,1.0999999999994348,49,2.6999999999999247
2026-08-04 22:45:00,NZDUSD,NZD,Unemployment Rate,1.059,-1,10,30,4.3999999999999595,,2026-08-04 22:45:11.694000,2026-08-04 22:45:49.432000,11.694,37.738,0.900000000000345,1.0999999999994348,86,5.399999999999849
2026-08-04 22:45:00,NZDUSD,NZD,Unemployment Rate,1.059,-1,10,60,6.599999999999939,,2026-08-04 22:45:11.694000,2026-08-04 22:46:13.374000,11.694,61.68,0.900000000000345,1.100000000000545,124,7.600000000000939
2026-08-04 22:45:00,NZDUSD,NZD,Unemployment Rate,1.059,-1,10,120,6.899999999999684,,2026-08-04 22:45:11.694000,2026-08-04 22:47:12.471000,11.694,120.777,0.900000000000345,1.40000000000029,243,8.050000000000557
2026-08-04 22:45:00,NZDUSD,NZD,Unemployment Rate,1.059,-1,15,5,1.40000000000029,,2026-08-04 22:45:15.620000,2026-08-04 22:45:20.678000,15.62,5.058,1.100000000000545,0.9999999999998899,23,2.4500000000005073
2026-08-04 22:45:00,NZDUSD,NZD,Unemployment Rate,1.059,-1,15,10,1.2999999999996348,,2026-08-04 22:45:15.620000,2026-08-04 22:45:25.829000,15.62,10.209,1.100000000000545,1.100000000000545,36,2.4000000000001798
2026-08-04 22:45:00,NZDUSD,NZD,Unemployment Rate,1.059,-1,15,15,2.2999999999995246,,2026-08-04 22:45:15.620000,2026-08-04 22:45:30.776000,15.62,15.156,1.100000000000545,0.9999999999998899,50,3.349999999999742
2026-08-04 22:45:00,NZDUSD,NZD,Unemployment Rate,1.059,-1,15,30,4.3999999999999595,,2026-08-04 22:45:15.620000,2026-08-04 22:45:49.432000,15.62,33.812,1.100000000000545,1.0999999999994348,80,5.499999999999394
2026-08-04 22:45:00,NZDUSD,NZD,Unemployment Rate,1.059,-1,15,60,7.599999999999829,,2026-08-04 22:45:15.620000,2026-08-04 22:46:16.452000,15.62,60.832,1.100000000000545,1.2000000000000899,123,8.750000000000702
2026-08-04 22:45:00,NZDUSD,NZD,Unemployment Rate,1.059,-1,15,120,6.500000000000394,,2026-08-04 22:45:15.620000,2026-08-04 22:47:16.101000,15.62,120.481,1.100000000000545,1.2999999999996348,244,7.700000000000484
2026-08-04 22:45:00,NZDUSD,NZD,Unemployment Rate,1.059,-1,30,5,0.10000000000065512,,2026-08-04 22:45:30.776000,2026-08-04 22:45:36.730000,30.776,5.954,0.9999999999998899,1.0999999999994348,14,1.1499999999997623
2026-08-04 22:45:00,NZDUSD,NZD,Unemployment Rate,1.059,-1,30,10,1.100000000000545,,2026-08-04 22:45:30.776000,2026-08-04 22:45:41.385000,30.776,10.609,0.9999999999998899,1.0999999999994348,28,2.149999999999652
2026-08-04 22:45:00,NZDUSD,NZD,Unemployment Rate,1.059,-1,30,15,1.100000000000545,,2026-08-04 22:45:30.776000,2026-08-04 22:45:49.432000,30.776,18.656,0.9999999999998899,1.0999999999994348,30,2.149999999999652
2026-08-04 22:45:00,NZDUSD,NZD,Unemployment Rate,1.059,-1,30,30,1.2000000000000899,,2026-08-04 22:45:30.776000,2026-08-04 22:46:01.124000,30.776,30.348,0.9999999999998899,1.300000000000745,47,2.3500000000009624
2026-08-04 22:45:00,NZDUSD,NZD,Unemployment Rate,1.059,-1,30,60,5.7000000000007045,,2026-08-04 22:45:30.776000,2026-08-04 22:46:31.419000,30.776,60.643,0.9999999999998899,1.0999999999994348,126,6.750000000000922
2026-08-04 22:45:00,NZDUSD,NZD,Unemployment Rate,1.059,-1,30,120,3.5000000000007248,,2026-08-04 22:45:30.776000,2026-08-04 22:47:32.111000,30.776,121.335,0.9999999999998899,0.900000000000345,215,4.450000000001397
2026-08-04 22:45:00,NZDUSD,NZD,Unemployment Rate,1.059,-1,60,5,-0.7999999999996898,,2026-08-04 22:46:00.366000,2026-08-04 22:46:07.116000,60.366,6.75,0.900000000000345,1.2999999999996348,7,0.30000000000085514
2026-08-04 22:45:00,NZDUSD,NZD,Unemployment Rate,1.059,-1,60,10,1.2000000000000899,,2026-08-04 22:46:00.366000,2026-08-04 22:46:10.957000,60.366,10.591,0.900000000000345,1.100000000000545,19,2.20000000000109
2026-08-04 22:45:00,NZDUSD,NZD,Unemployment Rate,1.059,-1,60,15,2.1999999999999797,,2026-08-04 22:46:00.366000,2026-08-04 22:46:16.452000,60.366,16.086,0.900000000000345,1.2000000000000899,27,3.2500000000013074
2026-08-04 22:45:00,NZDUSD,NZD,Unemployment Rate,1.059,-1,60,30,3.4999999999996145,,2026-08-04 22:46:00.366000,2026-08-04 22:46:30.412000,60.366,30.046,0.900000000000345,1.2000000000000899,79,4.550000000000942
2026-08-04 22:45:00,NZDUSD,NZD,Unemployment Rate,1.059,-1,60,60,1.9999999999997797,,2026-08-04 22:46:00.366000,2026-08-04 22:47:00.398000,60.366,60.032,0.900000000000345,1.300000000000745,127,3.1000000000003247
2026-08-04 22:45:00,NZDUSD,NZD,Unemployment Rate,1.059,-1,60,120,0.7999999999996898,,2026-08-04 22:46:00.366000,2026-08-04 22:48:00.407000,60.366,120.041,0.900000000000345,1.300000000000745,194,1.900000000001345
2026-08-06 09:00:00,EURUSD,EUR,Retail Sales MoM,-2.452,-1,0,5,-0.1999999999990898,,2026-08-06 09:00:00.021000,2026-08-06 09:00:06.149000,0.021,6.128,0.2999999999997449,0.2999999999997449,5,0.10000000000065512
2026-08-06 09:00:00,EURUSD,EUR,Retail Sales MoM,-2.452,-1,0,10,0.10000000000065512,,2026-08-06 09:00:00.021000,2026-08-06 09:00:13.589000,0.021,13.568,0.2999999999997449,0.40000000000040004,10,0.4500000000007276
2026-08-06 09:00:00,EURUSD,EUR,Retail Sales MoM,-2.452,-1,0,15,0.0,,2026-08-06 09:00:00.021000,2026-08-06 09:00:15.113000,0.021,15.092,0.2999999999997449,0.2999999999997449,11,0.30000000000196536
2026-08-06 09:00:00,EURUSD,EUR,Retail Sales MoM,-2.452,-1,0,30,0.8000000000008001,,2026-08-06 09:00:00.021000,2026-08-06 09:00:33.137000,0.021,33.116,0.2999999999997449,0.09999999999843467,25,1.0000000000021103
2026-08-06 09:00:00,EURUSD,EUR,Retail Sales MoM,-2.452,-1,0,60,0.8000000000008001,,2026-08-06 09:00:00.021000,2026-08-06 09:01:00.338000,0.021,60.317,0.2999999999997449,0.09999999999843467,36,1.0000000000021103
2026-08-06 09:00:00,EURUSD,EUR,Retail Sales MoM,-2.452,-1,0,120,0.8999999999992347,,2026-08-06 09:00:00.021000,2026-08-06 09:02:00.083000,0.021,120.062,0.2999999999997449,0.30000000000196536,67,1.2000000000012
2026-08-06 09:00:00,EURUSD,EUR,Retail Sales MoM,-2.452,-1,1,5,-0.09999999999843467,,2026-08-06 09:00:03.667000,2026-08-06 09:00:13.589000,3.667,9.922,0.5999999999994898,0.40000000000040004,8,0.40000000000040004
2026-08-06 09:00:00,EURUSD,EUR,Retail Sales MoM,-2.452,-1,1,10,-0.1999999999990898,,2026-08-06 09:00:03.667000,2026-08-06 09:00:15.113000,3.667,11.446,0.5999999999994898,0.2999999999997449,9,0.2500000000016378
2026-08-06 09:00:00,EURUSD,EUR,Retail Sales MoM,-2.452,-1,1,15,0.20000000000131024,,2026-08-06 09:00:03.667000,2026-08-06 09:00:23.188000,3.667,19.521,0.5999999999994898,0.40000000000040004,13,0.7000000000023654
2026-08-06 09:00:00,EURUSD,EUR,Retail Sales MoM,-2.452,-1,1,30,0.5000000000010552,,2026-08-06 09:00:03.667000,2026-08-06 09:00:33.748000,3.667,30.081,0.5999999999994898,0.40000000000040004,24,0.9999999999998899
2026-08-06 09:00:00,EURUSD,EUR,Retail Sales MoM,-2.452,-1,1,60,0.5000000000010552,,2026-08-06 09:00:03.667000,2026-08-06 09:01:04.729000,3.667,61.062,0.5999999999994898,0.1999999999990898,36,0.8999999999992347
2026-08-06 09:00:00,EURUSD,EUR,Retail Sales MoM,-2.452,-1,1,120,0.5000000000010552,,2026-08-06 09:00:03.667000,2026-08-06 09:02:10.774000,3.667,127.107,0.5999999999994898,0.2999999999997449,75,0.9500000000017828
2026-08-06 09:00:00,EURUSD,EUR,Retail Sales MoM,-2.452,-1,3,5,-0.09999999999843467,,2026-08-06 09:00:03.667000,2026-08-06 09:00:13.589000,3.667,9.922,0.5999999999994898,0.40000000000040004,8,0.40000000000040004
2026-08-06 09:00:00,EURUSD,EUR,Retail Sales MoM,-2.452,-1,3,10,-0.1999999999990898,,2026-08-06 09:00:03.667000,2026-08-06 09:00:15.113000,3.667,11.446,0.5999999999994898,0.2999999999997449,9,0.2500000000016378
2026-08-06 09:00:00,EURUSD,EUR,Retail Sales MoM,-2.452,-1,3,15,0.20000000000131024,,2026-08-06 09:00:03.667000,2026-08-06 09:00:23.188000,3.667,19.521,0.5999999999994898,0.40000000000040004,13,0.7000000000023654
2026-08-06 09:00:00,EURUSD,EUR,Retail Sales MoM,-2.452,-1,3,30,0.5000000000010552,,2026-08-06 09:00:03.667000,2026-08-06 09:00:33.748000,3.667,30.081,0.5999999999994898,0.40000000000040004,24,0.9999999999998899
2026-08-06 09:00:00,EURUSD,EUR,Retail Sales MoM,-2.452,-1,3,60,0.5000000000010552,,2026-08-06 09:00:03.667000,2026-08-06 09:01:04.729000,3.667,61.062,0.5999999999994898,0.1999999999990898,36,0.8999999999992347
2026-08-06 09:00:00,EURUSD,EUR,Retail Sales MoM,-2.452,-1,3,120,0.5000000000010552,,2026-08-06 09:00:03.667000,2026-08-06 09:02:10.774000,3.667,127.107,0.5999999999994898,0.2999999999997449,75,0.9500000000017828
2026-08-06 09:00:00,EURUSD,EUR,Retail Sales MoM,-2.452,-1,5,5,0.0,,2026-08-06 09:00:06.149000,2026-08-06 09:00:13.589000,6.149,7.44,0.2999999999997449,0.40000000000040004,5,0.3500000000000725
2026-08-06 09:00:00,EURUSD,EUR,Retail Sales MoM,-2.452,-1,5,10,0.0,,2026-08-06 09:00:06.149000,2026-08-06 09:00:16.334000,6.149,10.185,0.2999999999997449,0.40000000000040004,7,0.3500000000000725
2026-08-06 09:00:00,EURUSD,EUR,Retail Sales MoM,-2.452,-1,5,15,0.2999999999997449,,2026-08-06 09:00:06.149000,2026-08-06 09:00:23.188000,6.149,17.039,0.2999999999997449,0.40000000000040004,10,0.6500000000020378
2026-08-06 09:00:00,EURUSD,EUR,Retail Sales MoM,-2.452,-1,5,30,0.5999999999994898,,2026-08-06 09:00:06.149000,2026-08-06 09:00:39.172000,6.149,33.023,0.2999999999997449,0.10000000000065512,23,0.8000000000008001
2026-08-06 09:00:00,EURUSD,EUR,Retail Sales MoM,-2.452,-1,5,60,0.5999999999994898,,2026-08-06 09:00:06.149000,2026-08-06 09:01:06.204000,6.149,60.055,0.2999999999997449,0.1999999999990898,36,0.8499999999989072
2026-08-06 09:00:00,EURUSD,EUR,Retail Sales MoM,-2.452,-1,5,120,0.5999999999994898,,2026-08-06 09:00:06.149000,2026-08-06 09:02:10.774000,6.149,124.625,0.2999999999997449,0.2999999999997449,72,0.9000000000014552
2026-08-06 09:00:00,EURUSD,EUR,Retail Sales MoM,-2.452,-1,10,5,-0.10000000000065512,,2026-08-06 09:00:13.589000,2026-08-06 09:00:23.188000,13.589,9.599,0.40000000000040004,0.40000000000040004,5,0.30000000000196536
2026-08-06 09:00:00,EURUSD,EUR,Retail Sales MoM,-2.452,-1,10,10,0.5999999999994898,,2026-08-06 09:00:13.589000,2026-08-06 09:00:23.957000,13.589,10.368,0.40000000000040004,0.2999999999997449,8,0.9499999999995623
2026-08-06 09:00:00,EURUSD,EUR,Retail Sales MoM,-2.452,-1,10,15,0.1999999999990898,,2026-08-06 09:00:13.589000,2026-08-06 09:00:29.250000,13.589,15.661,0.40000000000040004,0.1999999999990898,14,0.4999999999988347
2026-08-06 09:00:00,EURUSD,EUR,Retail Sales MoM,-2.452,-1,10,30,0.09999999999843467,,2026-08-06 09:00:13.589000,2026-08-06 09:00:44.120000,13.589,30.531,0.40000000000040004,0.2999999999997449,20,0.4500000000007276
2026-08-06 09:00:00,EURUSD,EUR,Retail Sales MoM,-2.452,-1,10,60,0.4999999999988347,,2026-08-06 09:00:13.589000,2026-08-06 09:01:23.098000,13.589,69.509,0.40000000000040004,0.2999999999997449,35,0.8499999999989072
2026-08-06 09:00:00,EURUSD,EUR,Retail Sales MoM,-2.452,-1,10,120,0.1999999999990898,,2026-08-06 09:00:13.589000,2026-08-06 09:02:14.810000,13.589,121.221,0.40000000000040004,0.10000000000065512,70,0.4500000000007276
2026-08-06 09:00:00,EURUSD,EUR,Retail Sales MoM,-2.452,-1,15,5,0.10000000000065512,,2026-08-06 09:00:15.113000,2026-08-06 09:00:23.188000,15.113,8.075,0.2999999999997449,0.40000000000040004,4,0.4500000000007276
2026-08-06 09:00:00,EURUSD,EUR,Retail Sales MoM,-2.452,-1,15,10,0.700000000000145,,2026-08-06 09:00:15.113000,2026-08-06 09:00:25.442000,15.113,10.329,0.2999999999997449,0.2999999999997449,9,0.9999999999976694
2026-08-06 09:00:00,EURUSD,EUR,Retail Sales MoM,-2.452,-1,15,15,0.5000000000010552,,2026-08-06 09:00:15.113000,2026-08-06 09:00:33.137000,15.113,18.024,0.2999999999997449,0.09999999999843467,14,0.700000000000145
2026-08-06 09:00:00,EURUSD,EUR,Retail Sales MoM,-2.452,-1,15,30,0.20000000000131024,,2026-08-06 09:00:15.113000,2026-08-06 09:00:47.473000,15.113,32.36,0.2999999999997449,0.3999999999981796,20,0.5499999999991623
2026-08-06 09:00:00,EURUSD,EUR,Retail Sales MoM,-2.452,-1,15,60,0.700000000000145,,2026-08-06 09:00:15.113000,2026-08-06 09:01:23.098000,15.113,67.985,0.2999999999997449,0.2999999999997449,34,0.9999999999976694
2026-08-06 09:00:00,EURUSD,EUR,Retail Sales MoM,-2.452,-1,15,120,-0.10000000000065512,,2026-08-06 09:00:15.113000,2026-08-06 09:02:18.965000,15.113,123.852,0.2999999999997449,0.10000000000065512,72,0.09999999999843467
2026-08-06 09:00:00,EURUSD,EUR,Retail Sales MoM,-2.452,-1,30,5,-0.1999999999990898,,2026-08-06 09:00:33.137000,2026-08-06 09:00:39.172000,33.137,6.035,0.09999999999843467,0.10000000000065512,3,-0.10000000000065512
2026-08-06 09:00:00,EURUSD,EUR,Retail Sales MoM,-2.452,-1,30,10,-0.2999999999997449,,2026-08-06 09:00:33.137000,2026-08-06 09:00:44.120000,33.137,10.983,0.09999999999843467,0.2999999999997449,5,-0.10000000000065512
2026-08-06 09:00:00,EURUSD,EUR,Retail Sales MoM,-2.452,-1,30,15,-0.3999999999981796,,2026-08-06 09:00:33.137000,2026-08-06 09:00:51.750000,33.137,18.613,0.09999999999843467,0.2999999999997449,7,-0.20000000000131024
2026-08-06 09:00:00,EURUSD,EUR,Retail Sales MoM,-2.452,-1,30,30,-0.1999999999990898,,2026-08-06 09:00:33.137000,2026-08-06 09:01:04.729000,33.137,31.592,0.09999999999843467,0.1999999999990898,13,-0.050000000002548006
2026-08-06 09:00:00,EURUSD,EUR,Retail Sales MoM,-2.452,-1,30,60,0.40000000000040004,,2026-08-06 09:00:33.137000,2026-08-06 09:01:33.752000,33.137,60.615,0.09999999999843467,0.2999999999997449,26,0.5999999999994898
2026-08-06 09:00:00,EURUSD,EUR,Retail Sales MoM,-2.452,-1,30,120,-0.700000000000145,,2026-08-06 09:00:33.137000,2026-08-06 09:02:35.540000,33.137,122.403,0.09999999999843467,0.40000000000040004,73,-0.4500000000007276
2026-08-06 09:00:00,EURUSD,EUR,Retail Sales MoM,-2.452,-1,60,5,-0.09999999999843467,,2026-08-06 09:01:00.338000,2026-08-06 09:01:05.589000,60.338,5.251,0.09999999999843467,0.2999999999997449,3,0.10000000000065512
2026-08-06 09:00:00,EURUSD,EUR,Retail Sales MoM,-2.452,-1,60,10,0.10000000000065512,,2026-08-06 09:01:00.338000,2026-08-06 09:01:23.098000,60.338,22.76,0.09999999999843467,0.2999999999997449,9,0.29999999999752447
2026-08-06 09:00:00,EURUSD,EUR,Retail Sales MoM,-2.452,-1,60,15,0.10000000000065512,,2026-08-06 09:01:00.338000,2026-08-06 09:01:23.098000,60.338,22.76,0.09999999999843467,0.2999999999997449,9,0.29999999999752447
2026-08-06 09:00:00,EURUSD,EUR,Retail Sales MoM,-2.452,-1,60,30,0.40000000000040004,,2026-08-06 09:01:00.338000,2026-08-06 09:01:33.752000,60.338,33.414,0.09999999999843467,0.2999999999997449,15,0.5999999999994898
2026-08-06 09:00:00,EURUSD,EUR,Retail Sales MoM,-2.452,-1,60,60,0.0,,2026-08-06 09:01:00.338000,2026-08-06 09:02:00.842000,60.338,60.504,0.09999999999843467,0.20000000000131024,32,0.14999999999876223
2026-08-06 09:00:00,EURUSD,EUR,Retail Sales MoM,-2.452,-1,60,120,-0.5999999999994898,,2026-08-06 09:01:00.338000,2026-08-06 09:03:00.715000,60.338,120.377,0.09999999999843467,0.20000000000131024,83,-0.4500000000007276
2026-08-07 12:30:00,EURUSD,USD,Unemployment Rate,-1.033,-1,0,5,-29.69999999999917,,2026-08-07 12:30:00.036000,2026-08-07 12:30:05.095000,0.036,5.059,1.5999999999993797,0.700000000000145,63,-28.55000000000052
2026-08-07 12:30:00,EURUSD,USD,Unemployment Rate,-1.033,-1,0,10,-38.10000000000091,,2026-08-07 12:30:00.036000,2026-08-07 12:30:10.044000,0.036,10.008,1.5999999999993797,0.10000000000065512,131,-37.250000000002004
2026-08-07 12:30:00,EURUSD,USD,Unemployment Rate,-1.033,-1,0,15,-36.49999999999931,,2026-08-07 12:30:00.036000,2026-08-07 12:30:15.072000,0.036,15.036,1.5999999999993797,1.0999999999983245,196,-35.15000000000157
2026-08-07 12:30:00,EURUSD,USD,Unemployment Rate,-1.033,-1,0,30,-30.69999999999906,,2026-08-07 12:30:00.036000,2026-08-07 12:30:30.080000,0.036,30.044,1.5999999999993797,0.2999999999997449,380,-29.75000000000172
2026-08-07 12:30:00,EURUSD,USD,Unemployment Rate,-1.033,-1,0,60,-37.799999999998946,,2026-08-07 12:30:00.036000,2026-08-07 12:31:00.109000,0.036,60.073,1.5999999999993797,0.2999999999997449,662,-36.84999999999938
2026-08-07 12:30:00,EURUSD,USD,Unemployment Rate,-1.033,-1,0,120,-35.00000000000058,,2026-08-07 12:30:00.036000,2026-08-07 12:32:00.067000,0.036,120.031,1.5999999999993797,0.700000000000145,1138,-33.850000000001934
2026-08-07 12:30:00,EURUSD,USD,Unemployment Rate,-1.033,-1,1,5,-27.800000000000047,,2026-08-07 12:30:01.105000,2026-08-07 12:30:06.138000,1.105,5.033,2.100000000000435,0.9999999999998899,73,-26.250000000000995
2026-08-07 12:30:00,EURUSD,USD,Unemployment Rate,-1.033,-1,1,10,-40.10000000000069,,2026-08-07 12:30:01.105000,2026-08-07 12:30:11.135000,1.105,10.03,2.100000000000435,0.5000000000010552,138,-38.800000000001056
2026-08-07 12:30:00,EURUSD,USD,Unemployment Rate,-1.033,-1,1,15,-36.10000000000113,,2026-08-07 12:30:01.105000,2026-08-07 12:30:16.176000,1.105,15.071,2.100000000000435,0.2999999999997449,204,-34.90000000000215
2026-08-07 12:30:00,EURUSD,USD,Unemployment Rate,-1.033,-1,1,30,-32.40000000000131,,2026-08-07 12:30:01.105000,2026-08-07 12:30:31.119000,1.105,30.014,2.100000000000435,0.5000000000010552,386,-31.09999999999946
2026-08-07 12:30:00,EURUSD,USD,Unemployment Rate,-1.033,-1,1,60,-39.00000000000014,,2026-08-07 12:30:01.105000,2026-08-07 12:31:01.152000,1.105,60.047,2.100000000000435,0.700000000000145,668,-37.59999999999985
2026-08-07 12:30:00,EURUSD,USD,Unemployment Rate,-1.033,-1,1,120,-36.599999999999966,,2026-08-07 12:30:01.105000,2026-08-07 12:32:01.171000,1.105,120.066,2.100000000000435,0.4999999999988347,1143,-35.30000000000033
2026-08-07 12:30:00,EURUSD,USD,Unemployment Rate,-1.033,-1,3,5,-14.799999999999258,,2026-08-07 12:30:03.038000,2026-08-07 12:30:08.071000,3.038,5.033,2.5999999999992696,0.8999999999992347,71,-13.049999999998896
2026-08-07 12:30:00,EURUSD,USD,Unemployment Rate,-1.033,-1,3,10,-19.599999999999618,,2026-08-07 12:30:03.038000,2026-08-07 12:30:13.066000,3.038,10.028,2.5999999999992696,0.8999999999992347,136,-17.849999999999255
2026-08-07 12:30:00,EURUSD,USD,Unemployment Rate,-1.033,-1,3,15,-13.900000000000023,,2026-08-07 12:30:03.038000,2026-08-07 12:30:18.097000,3.038,15.059,2.5999999999992696,0.8999999999992347,198,-12.150000000001882
2026-08-07 12:30:00,EURUSD,USD,Unemployment Rate,-1.033,-1,3,30,-10.600000000000609,,2026-08-07 12:30:03.038000,2026-08-07 12:30:33.081000,3.038,30.043,2.5999999999992696,0.700000000000145,374,-8.950000000000902
2026-08-07 12:30:00,EURUSD,USD,Unemployment Rate,-1.033,-1,3,60,-18.400000000000638,,2026-08-07 12:30:03.038000,2026-08-07 12:31:03.115000,3.038,60.077,2.5999999999992696,0.40000000000040004,662,-16.899999999999693
2026-08-07 12:30:00,EURUSD,USD,Unemployment Rate,-1.033,-1,3,120,-16.700000000000603,,2026-08-07 12:30:03.038000,2026-08-07 12:32:03.524000,3.038,120.486,2.5999999999992696,0.5000000000010552,1124,-15.14999999999933
2026-08-07 12:30:00,EURUSD,USD,Unemployment Rate,-1.033,-1,5,5,-9.300000000000974,,2026-08-07 12:30:05.095000,2026-08-07 12:30:10.097000,5.095,5.002,0.700000000000145,0.5000000000010552,69,-8.700000000001484
2026-08-07 12:30:00,EURUSD,USD,Unemployment Rate,-1.033,-1,5,10,-7.200000000000539,,2026-08-07 12:30:05.095000,2026-08-07 12:30:15.176000,5.095,10.081,0.700000000000145,0.700000000000145,134,-6.500000000000394
2026-08-07 12:30:00,EURUSD,USD,Unemployment Rate,-1.033,-1,5,15,-4.100000000000215,,2026-08-07 12:30:05.095000,2026-08-07 12:30:20.121000,5.095,15.026,0.700000000000145,0.700000000000145,191,-3.4000000000000696
2026-08-07 12:30:00,EURUSD,USD,Unemployment Rate,-1.033,-1,5,30,0.8999999999992347,,2026-08-07 12:30:05.095000,2026-08-07 12:30:35.136000,5.095,30.041,0.700000000000145,0.5999999999994898,365,1.5499999999990521
2026-08-07 12:30:00,EURUSD,USD,Unemployment Rate,-1.033,-1,5,60,-9.799999999999809,,2026-08-07 12:30:05.095000,2026-08-07 12:31:05.131000,5.095,60.036,0.700000000000145,0.1999999999990898,652,-9.349999999999081
2026-08-07 12:30:00,EURUSD,USD,Unemployment Rate,-1.033,-1,5,120,-7.200000000000539,,2026-08-07 12:30:05.095000,2026-08-07 12:32:05.159000,5.095,120.064,0.700000000000145,0.5999999999994898,1105,-6.550000000000722
2026-08-07 12:30:00,EURUSD,USD,Unemployment Rate,-1.033,-1,10,5,1.500000000000945,,2026-08-07 12:30:10.044000,2026-08-07 12:30:15.072000,10.044,5.028,0.10000000000065512,1.0999999999983245,65,2.100000000000435
2026-08-07 12:30:00,EURUSD,USD,Unemployment Rate,-1.033,-1,10,10,4.900000000001015,,2026-08-07 12:30:10.044000,2026-08-07 12:30:20.121000,10.044,10.077,0.10000000000065512,0.700000000000145,123,5.300000000001415
2026-08-07 12:30:00,EURUSD,USD,Unemployment Rate,-1.033,-1,10,15,9.099999999999664,,2026-08-07 12:30:10.044000,2026-08-07 12:30:25.133000,10.044,15.089,0.10000000000065512,0.40000000000040004,183,9.350000000001302
2026-08-07 12:30:00,EURUSD,USD,Unemployment Rate,-1.033,-1,10,30,5.800000000000249,,2026-08-07 12:30:10.044000,2026-08-07 12:30:40.117000,10.044,30.073,0.10000000000065512,0.40000000000040004,350,6.050000000001887
2026-08-07 12:30:00,EURUSD,USD,Unemployment Rate,-1.033,-1,10,60,0.5999999999994898,,2026-08-07 12:30:10.044000,2026-08-07 12:31:10.213000,10.044,60.169,0.10000000000065512,0.20000000000131024,635,0.7500000000004725
2026-08-07 12:30:00,EURUSD,USD,Unemployment Rate,-1.033,-1,10,120,1.5999999999993797,,2026-08-07 12:30:10.044000,2026-08-07 12:32:10.081000,10.044,120.037,0.10000000000065512,0.8000000000008001,1074,2.0500000000001073
2026-08-07 12:30:00,EURUSD,USD,Unemployment Rate,-1.033,-1,15,5,2.4000000000001798,,2026-08-07 12:30:15.019000,2026-08-07 12:30:20.121000,15.019,5.102,1.2999999999996348,0.700000000000145,59,3.4000000000000696
2026-08-07 12:30:00,EURUSD,USD,Unemployment Rate,-1.033,-1,15,10,6.599999999998829,,2026-08-07 12:30:15.019000,2026-08-07 12:30:25.133000,15.019,10.114,1.2999999999996348,0.40000000000040004,119,7.449999999999957
2026-08-07 12:30:00,EURUSD,USD,Unemployment Rate,-1.033,-1,15,15,4.3999999999999595,,2026-08-07 12:30:15.019000,2026-08-07 12:30:30.028000,15.019,15.009,1.2999999999996348,0.2999999999997449,184,5.20000000000076
2026-08-07 12:30:00,EURUSD,USD,Unemployment Rate,-1.033,-1,15,30,3.5999999999991594,,2026-08-07 12:30:15.019000,2026-08-07 12:30:45.029000,15.019,30.01,1.2999999999996348,0.700000000000145,333,4.599999999999049
2026-08-07 12:30:00,EURUSD,USD,Unemployment Rate,-1.033,-1,15,60,-1.2999999999996348,,2026-08-07 12:30:15.019000,2026-08-07 12:31:15.114000,15.019,60.095,1.2999999999996348,0.700000000000145,615,-0.2999999999997449
2026-08-07 12:30:00,EURUSD,USD,Unemployment Rate,-1.033,-1,15,120,2.100000000000435,,2026-08-07 12:30:15.019000,2026-08-07 12:32:15.116000,15.019,120.097,1.2999999999996348,0.1999999999990898,1054,2.8500000000009074
2026-08-07 12:30:00,EURUSD,USD,Unemployment Rate,-1.033,-1,30,5,2.500000000000835,,2026-08-07 12:30:30.028000,2026-08-07 12:30:35.079000,30.028,5.051,0.2999999999997449,0.5999999999994898,48,2.949999999999342
2026-08-07 12:30:00,EURUSD,USD,Unemployment Rate,-1.033,-1,30,10,-1.40000000000029,,2026-08-07 12:30:30.028000,2026-08-07 12:30:40.117000,30.028,10.089,0.2999999999997449,0.40000000000040004,102,-1.0500000000002174
2026-08-07 12:30:00,EURUSD,USD,Unemployment Rate,-1.033,-1,30,15,-1.100000000000545,,2026-08-07 12:30:30.028000,2026-08-07 12:30:45.029000,30.028,15.001,0.2999999999997449,0.700000000000145,149,-0.6000000000017103
2026-08-07 12:30:00,EURUSD,USD,Unemployment Rate,-1.033,-1,30,30,-6.999999999999229,,2026-08-07 12:30:30.028000,2026-08-07 12:31:00.109000,30.028,30.081,0.2999999999997449,0.2999999999997449,283,-6.699999999999484
2026-08-07 12:30:00,EURUSD,USD,Unemployment Rate,-1.033,-1,30,60,-6.300000000001305,,2026-08-07 12:30:30.028000,2026-08-07 12:31:30.121000,30.028,60.093,0.2999999999997449,0.40000000000040004,556,-5.950000000001232
2026-08-07 12:30:00,EURUSD,USD,Unemployment Rate,-1.033,-1,30,120,-3.1000000000003247,,2026-08-07 12:30:30.028000,2026-08-07 12:32:30.126000,30.028,120.098,0.2999999999997449,0.2999999999997449,963,-2.80000000000058
2026-08-07 12:30:00,EURUSD,USD,Unemployment Rate,-1.033,-1,60,5,-1.1999999999989797,,2026-08-07 12:31:00.004000,2026-08-07 12:31:05.078000,60.004,5.074,0.4999999999988347,0.10000000000065512,53,-0.8999999999992347
2026-08-07 12:30:00,EURUSD,USD,Unemployment Rate,-1.033,-1,60,10,-0.4999999999988347,,2026-08-07 12:31:00.004000,2026-08-07 12:31:10.007000,60.004,10.003,0.4999999999988347,0.40000000000040004,104,-0.049999999998107114
2026-08-07 12:30:00,EURUSD,USD,Unemployment Rate,-1.033,-1,60,15,0.5000000000010552,,2026-08-07 12:31:00.004000,2026-08-07 12:31:15.011000,60.004,15.007,0.4999999999988347,0.5000000000010552,148,1.0000000000021103
2026-08-07 12:30:00,EURUSD,USD,Unemployment Rate,-1.033,-1,60,30,0.20000000000131024,,2026-08-07 12:31:00.004000,2026-08-07 12:31:30.017000,60.004,30.013,0.4999999999988347,0.2999999999997449,273,0.5999999999994898
2026-08-07 12:30:00,EURUSD,USD,Unemployment Rate,-1.033,-1,60,60,2.100000000000435,,2026-08-07 12:31:00.004000,2026-08-07 12:32:00.067000,60.004,60.063,0.4999999999988347,0.700000000000145,477,2.6999999999999247
2026-08-07 12:30:00,EURUSD,USD,Unemployment Rate,-1.033,-1,60,120,4.300000000001525,,2026-08-07 12:31:00.004000,2026-08-07 12:33:00.084000,60.004,120.08,0.4999999999988347,0.40000000000040004,859,4.750000000002252
2026-08-07 12:30:00,EURUSD,USD,Non Farm Payrolls,-1.477,1,0,5,27.399999999999647,,2026-08-07 12:30:00.036000,2026-08-07 12:30:05.095000,0.036,5.059,1.5999999999993797,0.700000000000145,63,28.55000000000052
2026-08-07 12:30:00,EURUSD,USD,Non Farm Payrolls,-1.477,1,0,10,36.40000000000087,,2026-08-07 12:30:00.036000,2026-08-07 12:30:10.044000,0.036,10.008,1.5999999999993797,0.10000000000065512,131,37.250000000002004
2026-08-07 12:30:00,EURUSD,USD,Non Farm Payrolls,-1.477,1,0,15,33.8000000000016,,2026-08-07 12:30:00.036000,2026-08-07 12:30:15.072000,0.036,15.036,1.5999999999993797,1.0999999999983245,196,35.15000000000157
2026-08-07 12:30:00,EURUSD,USD,Non Farm Payrolls,-1.477,1,0,30,28.799999999999937,,2026-08-07 12:30:00.036000,2026-08-07 12:30:30.080000,0.036,30.044,1.5999999999993797,0.2999999999997449,380,29.75000000000172
2026-08-07 12:30:00,EURUSD,USD,Non Farm Payrolls,-1.477,1,0,60,35.89999999999982,,2026-08-07 12:30:00.036000,2026-08-07 12:31:00.109000,0.036,60.073,1.5999999999993797,0.2999999999997449,662,36.84999999999938
2026-08-07 12:30:00,EURUSD,USD,Non Farm Payrolls,-1.477,1,0,120,32.70000000000106,,2026-08-07 12:30:00.036000,2026-08-07 12:32:00.067000,0.036,120.031,1.5999999999993797,0.700000000000145,1138,33.850000000001934
2026-08-07 12:30:00,EURUSD,USD,Non Farm Payrolls,-1.477,1,1,5,24.699999999999722,,2026-08-07 12:30:01.105000,2026-08-07 12:30:06.138000,1.105,5.033,2.100000000000435,0.9999999999998899,73,26.250000000000995
2026-08-07 12:30:00,EURUSD,USD,Non Farm Payrolls,-1.477,1,1,10,37.4999999999992,,2026-08-07 12:30:01.105000,2026-08-07 12:30:11.135000,1.105,10.03,2.100000000000435,0.5000000000010552,138,38.800000000001056
2026-08-07 12:30:00,EURUSD,USD,Non Farm Payrolls,-1.477,1,1,15,33.70000000000095,,2026-08-07 12:30:01.105000,2026-08-07 12:30:16.176000,1.105,15.071,2.100000000000435,0.2999999999997449,204,34.90000000000215
2026-08-07 12:30:00,EURUSD,USD,Non Farm Payrolls,-1.477,1,1,30,29.799999999999827,,2026-08-07 12:30:01.105000,2026-08-07 12:30:31.119000,1.105,30.014,2.100000000000435,0.5000000000010552,386,31.09999999999946
2026-08-07 12:30:00,EURUSD,USD,Non Farm Payrolls,-1.477,1,1,60,36.19999999999956,,2026-08-07 12:30:01.105000,2026-08-07 12:31:01.152000,1.105,60.047,2.100000000000435,0.700000000000145,668,37.59999999999985
2026-08-07 12:30:00,EURUSD,USD,Non Farm Payrolls,-1.477,1,1,120,34.000000000000696,,2026-08-07 12:30:01.105000,2026-08-07 12:32:01.171000,1.105,120.066,2.100000000000435,0.4999999999988347,1143,35.30000000000033
2026-08-07 12:30:00,EURUSD,USD,Non Farm Payrolls,-1.477,1,3,5,11.300000000000754,,2026-08-07 12:30:03.038000,2026-08-07 12:30:08.071000,3.038,5.033,2.5999999999992696,0.8999999999992347,71,13.049999999998896
2026-08-07 12:30:00,EURUSD,USD,Non Farm Payrolls,-1.477,1,3,10,16.100000000001113,,2026-08-07 12:30:03.038000,2026-08-07 12:30:13.066000,3.038,10.028,2.5999999999992696,0.8999999999992347,136,17.849999999999255
2026-08-07 12:30:00,EURUSD,USD,Non Farm Payrolls,-1.477,1,3,15,10.40000000000152,,2026-08-07 12:30:03.038000,2026-08-07 12:30:18.097000,3.038,15.059,2.5999999999992696,0.8999999999992347,198,12.150000000001882
2026-08-07 12:30:00,EURUSD,USD,Non Farm Payrolls,-1.477,1,3,30,7.300000000001194,,2026-08-07 12:30:03.038000,2026-08-07 12:30:33.081000,3.038,30.043,2.5999999999992696,0.700000000000145,374,8.950000000000902
2026-08-07 12:30:00,EURUSD,USD,Non Farm Payrolls,-1.477,1,3,60,15.400000000000968,,2026-08-07 12:30:03.038000,2026-08-07 12:31:03.115000,3.038,60.077,2.5999999999992696,0.40000000000040004,662,16.899999999999693
2026-08-07 12:30:00,EURUSD,USD,Non Farm Payrolls,-1.477,1,3,120,13.600000000000279,,2026-08-07 12:30:03.038000,2026-08-07 12:32:03.524000,3.038,120.486,2.5999999999992696,0.5000000000010552,1124,15.14999999999933
2026-08-07 12:30:00,EURUSD,USD,Non Farm Payrolls,-1.477,1,5,5,8.099999999999774,,2026-08-07 12:30:05.095000,2026-08-07 12:30:10.097000,5.095,5.002,0.700000000000145,0.5000000000010552,69,8.700000000001484
2026-08-07 12:30:00,EURUSD,USD,Non Farm Payrolls,-1.477,1,5,10,5.800000000000249,,2026-08-07 12:30:05.095000,2026-08-07 12:30:15.176000,5.095,10.081,0.700000000000145,0.700000000000145,134,6.500000000000394
2026-08-07 12:30:00,EURUSD,USD,Non Farm Payrolls,-1.477,1,5,15,2.6999999999999247,,2026-08-07 12:30:05.095000,2026-08-07 12:30:20.121000,5.095,15.026,0.700000000000145,0.700000000000145,191,3.4000000000000696
2026-08-07 12:30:00,EURUSD,USD,Non Farm Payrolls,-1.477,1,5,30,-2.1999999999988695,,2026-08-07 12:30:05.095000,2026-08-07 12:30:35.136000,5.095,30.041,0.700000000000145,0.5999999999994898,365,-1.5499999999990521
2026-08-07 12:30:00,EURUSD,USD,Non Farm Payrolls,-1.477,1,5,60,8.900000000000574,,2026-08-07 12:30:05.095000,2026-08-07 12:31:05.131000,5.095,60.036,0.700000000000145,0.1999999999990898,652,9.349999999999081
2026-08-07 12:30:00,EURUSD,USD,Non Farm Payrolls,-1.477,1,5,120,5.9000000000009045,,2026-08-07 12:30:05.095000,2026-08-07 12:32:05.159000,5.095,120.064,0.700000000000145,0.5999999999994898,1105,6.550000000000722
2026-08-07 12:30:00,EURUSD,USD,Non Farm Payrolls,-1.477,1,10,5,-2.6999999999999247,,2026-08-07 12:30:10.044000,2026-08-07 12:30:15.072000,10.044,5.028,0.10000000000065512,1.0999999999983245,65,-2.100000000000435
2026-08-07 12:30:00,EURUSD,USD,Non Farm Payrolls,-1.477,1,10,10,-5.700000000001815,,2026-08-07 12:30:10.044000,2026-08-07 12:30:20.121000,10.044,10.077,0.10000000000065512,0.700000000000145,123,-5.300000000001415
2026-08-07 12:30:00,EURUSD,USD,Non Farm Payrolls,-1.477,1,10,15,-9.600000000000719,,2026-08-07 12:30:10.044000,2026-08-07 12:30:25.133000,10.044,15.089,0.10000000000065512,0.40000000000040004,183,-9.350000000001302
2026-08-07 12:30:00,EURUSD,USD,Non Farm Payrolls,-1.477,1,10,30,-6.300000000001305,,2026-08-07 12:30:10.044000,2026-08-07 12:30:40.117000,10.044,30.073,0.10000000000065512,0.40000000000040004,350,-6.050000000001887
2026-08-07 12:30:00,EURUSD,USD,Non Farm Payrolls,-1.477,1,10,60,-0.9000000000014552,,2026-08-07 12:30:10.044000,2026-08-07 12:31:10.213000,10.044,60.169,0.10000000000065512,0.20000000000131024,635,-0.7500000000004725
2026-08-07 12:30:00,EURUSD,USD,Non Farm Payrolls,-1.477,1,10,120,-2.500000000000835,,2026-08-07 12:30:10.044000,2026-08-07 12:32:10.081000,10.044,120.037,0.10000000000065512,0.8000000000008001,1074,-2.0500000000001073
2026-08-07 12:30:00,EURUSD,USD,Non Farm Payrolls,-1.477,1,15,5,-4.3999999999999595,,2026-08-07 12:30:15.019000,2026-08-07 12:30:20.121000,15.019,5.102,1.2999999999996348,0.700000000000145,59,-3.4000000000000696
2026-08-07 12:30:00,EURUSD,USD,Non Farm Payrolls,-1.477,1,15,10,-8.299999999998864,,2026-08-07 12:30:15.019000,2026-08-07 12:30:25.133000,15.019,10.114,1.2999999999996348,0.40000000000040004,119,-7.449999999999957
2026-08-07 12:30:00,EURUSD,USD,Non Farm Payrolls,-1.477,1,15,15,-5.999999999999339,,2026-08-07 12:30:15.019000,2026-08-07 12:30:30.028000,15.019,15.009,1.2999999999996348,0.2999999999997449,184,-5.20000000000076
2026-08-07 12:30:00,EURUSD,USD,Non Farm Payrolls,-1.477,1,15,30,-5.599999999998939,,2026-08-07 12:30:15.019000,2026-08-07 12:30:45.029000,15.019,30.01,1.2999999999996348,0.700000000000145,333,-4.599999999999049
2026-08-07 12:30:00,EURUSD,USD,Non Farm Payrolls,-1.477,1,15,60,-0.700000000000145,,2026-08-07 12:30:15.019000,2026-08-07 12:31:15.114000,15.019,60.095,1.2999999999996348,0.700000000000145,615,0.2999999999997449
2026-08-07 12:30:00,EURUSD,USD,Non Farm Payrolls,-1.477,1,15,120,-3.5999999999991594,,2026-08-07 12:30:15.019000,2026-08-07 12:32:15.116000,15.019,120.097,1.2999999999996348,0.1999999999990898,1054,-2.8500000000009074
2026-08-07 12:30:00,EURUSD,USD,Non Farm Payrolls,-1.477,1,30,5,-3.4000000000000696,,2026-08-07 12:30:30.028000,2026-08-07 12:30:35.079000,30.028,5.051,0.2999999999997449,0.5999999999994898,48,-2.949999999999342
2026-08-07 12:30:00,EURUSD,USD,Non Farm Payrolls,-1.477,1,30,10,0.700000000000145,,2026-08-07 12:30:30.028000,2026-08-07 12:30:40.117000,30.028,10.089,0.2999999999997449,0.40000000000040004,102,1.0500000000002174
2026-08-07 12:30:00,EURUSD,USD,Non Farm Payrolls,-1.477,1,30,15,0.10000000000065512,,2026-08-07 12:30:30.028000,2026-08-07 12:30:45.029000,30.028,15.001,0.2999999999997449,0.700000000000145,149,0.6000000000017103
2026-08-07 12:30:00,EURUSD,USD,Non Farm Payrolls,-1.477,1,30,30,6.399999999999739,,2026-08-07 12:30:30.028000,2026-08-07 12:31:00.109000,30.028,30.081,0.2999999999997449,0.2999999999997449,283,6.699999999999484
2026-08-07 12:30:00,EURUSD,USD,Non Farm Payrolls,-1.477,1,30,60,5.60000000000116,,2026-08-07 12:30:30.028000,2026-08-07 12:31:30.121000,30.028,60.093,0.2999999999997449,0.40000000000040004,556,5.950000000001232
2026-08-07 12:30:00,EURUSD,USD,Non Farm Payrolls,-1.477,1,30,120,2.500000000000835,,2026-08-07 12:30:30.028000,2026-08-07 12:32:30.126000,30.028,120.098,0.2999999999997449,0.2999999999997449,963,2.80000000000058
2026-08-07 12:30:00,EURUSD,USD,Non Farm Payrolls,-1.477,1,60,5,0.5999999999994898,,2026-08-07 12:31:00.004000,2026-08-07 12:31:05.078000,60.004,5.074,0.4999999999988347,0.10000000000065512,53,0.8999999999992347
2026-08-07 12:30:00,EURUSD,USD,Non Farm Payrolls,-1.477,1,60,10,-0.40000000000040004,,2026-08-07 12:31:00.004000,2026-08-07 12:31:10.007000,60.004,10.003,0.4999999999988347,0.40000000000040004,104,0.049999999998107114
2026-08-07 12:30:00,EURUSD,USD,Non Farm Payrolls,-1.477,1,60,15,-1.500000000000945,,2026-08-07 12:31:00.004000,2026-08-07 12:31:15.011000,60.004,15.007,0.4999999999988347,0.5000000000010552,148,-1.0000000000021103
2026-08-07 12:30:00,EURUSD,USD,Non Farm Payrolls,-1.477,1,60,30,-0.9999999999998899,,2026-08-07 12:31:00.004000,2026-08-07 12:31:30.017000,60.004,30.013,0.4999999999988347,0.2999999999997449,273,-0.5999999999994898
2026-08-07 12:30:00,EURUSD,USD,Non Farm Payrolls,-1.477,1,60,60,-3.2999999999994145,,2026-08-07 12:31:00.004000,2026-08-07 12:32:00.067000,60.004,60.063,0.4999999999988347,0.700000000000145,477,-2.6999999999999247
2026-08-07 12:30:00,EURUSD,USD,Non Farm Payrolls,-1.477,1,60,120,-5.20000000000076,,2026-08-07 12:31:00.004000,2026-08-07 12:33:00.084000,60.004,120.08,0.4999999999988347,0.40000000000040004,859,-4.750000000002252
2026-08-07 12:30:00,USDCAD,CAD,Employment Change,1.144,-1,0,5,12.199999999999989,,2026-08-07 12:30:00.025000,2026-08-07 12:30:05.186000,0.025,5.161,2.9999999999996696,1.2000000000012,49,14.300000000000423
2026-08-07 12:30:00,USDCAD,CAD,Employment Change,1.144,-1,0,10,12.300000000000644,,2026-08-07 12:30:00.025000,2026-08-07 12:30:10.087000,0.025,10.062,2.9999999999996696,1.5999999999993797,110,14.599999999997948
2026-08-07 12:30:00,USDCAD,CAD,Employment Change,1.144,-1,0,15,22.500000000000853,,2026-08-07 12:30:00.025000,2026-08-07 12:30:15.123000,0.025,15.098,2.9999999999996696,2.4000000000001798,165,25.200000000000777
2026-08-07 12:30:00,USDCAD,CAD,Employment Change,1.144,-1,0,30,30.799999999999716,,2026-08-07 12:30:00.025000,2026-08-07 12:30:30.101000,0.025,30.076,2.9999999999996696,1.2000000000012,296,32.89999999999793
2026-08-07 12:30:00,USDCAD,CAD,Employment Change,1.144,-1,0,60,39.29999999999989,,2026-08-07 12:30:00.025000,2026-08-07 12:31:00.054000,0.025,60.029,2.9999999999996696,1.40000000000029,571,41.49999999999876
2026-08-07 12:30:00,USDCAD,CAD,Employment Change,1.144,-1,0,120,32.30000000000066,,2026-08-07 12:30:00.025000,2026-08-07 12:32:00.052000,0.025,120.027,2.9999999999996696,1.1999999999989797,942,34.399999999998876
2026-08-07 12:30:00,USDCAD,CAD,Employment Change,1.144,-1,1,5,12.900000000000134,,2026-08-07 12:30:01.133000,2026-08-07 12:30:06.150000,1.133,5.017,2.8999999999990145,1.9999999999997797,56,15.34999999999842
2026-08-07 12:30:00,USDCAD,CAD,Employment Change,1.144,-1,1,10,24.699999999999722,,2026-08-07 12:30:01.133000,2026-08-07 12:30:11.208000,1.133,10.075,2.8999999999990145,0.9000000000014552,120,26.599999999998847
2026-08-07 12:30:00,USDCAD,CAD,Employment Change,1.144,-1,1,15,23.900000000001143,,2026-08-07 12:30:01.133000,2026-08-07 12:30:16.143000,1.133,15.01,2.8999999999990145,2.6999999999999247,173,26.699999999999502
2026-08-07 12:30:00,USDCAD,CAD,Employment Change,1.144,-1,1,30,30.300000000000882,,2026-08-07 12:30:01.133000,2026-08-07 12:30:31.168000,1.133,30.035,2.8999999999990145,0.9999999999998899,304,32.250000000000334
2026-08-07 12:30:00,USDCAD,CAD,Employment Change,1.144,-1,1,60,40.599999999999525,,2026-08-07 12:30:01.133000,2026-08-07 12:31:01.224000,1.133,60.091,2.8999999999990145,0.700000000000145,577,42.399999999997995
2026-08-07 12:30:00,USDCAD,CAD,Employment Change,1.144,-1,1,120,34.600000000000186,,2026-08-07 12:30:01.133000,2026-08-07 12:32:01.225000,1.133,120.092,2.8999999999990145,1.2000000000012,951,36.64999999999807
2026-08-07 12:30:00,USDCAD,CAD,Employment Change,1.144,-1,3,5,0.8000000000008001,,2026-08-07 12:30:03.023000,2026-08-07 12:30:08.041000,3.023,5.018,3.900000000001125,1.7999999999984695,58,3.6500000000017074
2026-08-07 12:30:00,USDCAD,CAD,Employment Change,1.144,-1,3,10,8.900000000000574,,2026-08-07 12:30:03.023000,2026-08-07 12:30:13.040000,3.023,10.017,3.900000000001125,2.7999999999983594,115,12.250000000002537
2026-08-07 12:30:00,USDCAD,CAD,Employment Change,1.144,-1,3,15,10.300000000000864,,2026-08-07 12:30:03.023000,2026-08-07 12:30:18.069000,3.023,15.046,3.900000000001125,1.7999999999984695,161,13.150000000001771
2026-08-07 12:30:00,USDCAD,CAD,Employment Change,1.144,-1,3,30,15.300000000000313,,2026-08-07 12:30:03.023000,2026-08-07 12:30:33.051000,3.023,30.028,3.900000000001125,2.6999999999999247,298,18.60000000000195
2026-08-07 12:30:00,USDCAD,CAD,Employment Change,1.144,-1,3,60,27.099999999999902,,2026-08-07 12:30:03.023000,2026-08-07 12:31:03.179000,3.023,60.156,3.900000000001125,1.1999999999989797,568,29.650000000001064
2026-08-07 12:30:00,USDCAD,CAD,Employment Change,1.144,-1,3,120,22.299999999999542,,2026-08-07 12:30:03.023000,2026-08-07 12:32:03.611000,3.023,120.588,3.900000000001125,1.500000000000945,940,25.000000000001688
2026-08-07 12:30:00,USDCAD,CAD,Employment Change,1.144,-1,5,5,-0.9999999999998899,,2026-08-07 12:30:05.186000,2026-08-07 12:30:10.542000,5.186,5.356,1.2000000000012,1.4999999999987246,63,0.3500000000000725
2026-08-07 12:30:00,USDCAD,CAD,Employment Change,1.144,-1,5,10,8.299999999998864,,2026-08-07 12:30:05.186000,2026-08-07 12:30:15.225000,5.186,10.039,1.2000000000012,2.80000000000058,118,10.299999999998644
2026-08-07 12:30:00,USDCAD,CAD,Employment Change,1.144,-1,5,15,14.099999999999113,,2026-08-07 12:30:05.186000,2026-08-07 12:30:20.222000,5.186,15.036,1.2000000000012,1.7000000000000348,158,15.54999999999751
2026-08-07 12:30:00,USDCAD,CAD,Employment Change,1.144,-1,5,30,13.999999999998458,,2026-08-07 12:30:05.186000,2026-08-07 12:30:35.254000,5.186,30.068,1.2000000000012,2.100000000000435,303,15.649999999998165
2026-08-07 12:30:00,USDCAD,CAD,Employment Change,1.144,-1,5,60,27.099999999999902,,2026-08-07 12:30:05.186000,2026-08-07 12:31:05.216000,5.186,60.03,1.2000000000012,1.40000000000029,566,28.399999999999537
2026-08-07 12:30:00,USDCAD,CAD,Employment Change,1.144,-1,5,120,22.699999999999942,,2026-08-07 12:30:05.186000,2026-08-07 12:32:05.282000,5.186,120.096,1.2000000000012,1.0999999999983245,925,23.849999999998595
2026-08-07 12:30:00,USDCAD,CAD,Employment Change,1.144,-1,10,5,8.60000000000083,,2026-08-07 12:30:10.087000,2026-08-07 12:30:15.123000,10.087,5.036,1.5999999999993797,2.4000000000001798,55,10.60000000000283
2026-08-07 12:30:00,USDCAD,CAD,Employment Change,1.144,-1,10,10,12.300000000000644,,2026-08-07 12:30:10.087000,2026-08-07 12:30:20.120000,10.087,10.033,1.5999999999993797,2.80000000000058,96,14.500000000001734
2026-08-07 12:30:00,USDCAD,CAD,Employment Change,1.144,-1,10,15,14.700000000000824,,2026-08-07 12:30:10.087000,2026-08-07 12:30:25.090000,10.087,15.003,1.5999999999993797,2.1999999999988695,133,16.60000000000217
2026-08-07 12:30:00,USDCAD,CAD,Employment Change,1.144,-1,10,30,20.700000000000163,,2026-08-07 12:30:10.087000,2026-08-07 12:30:40.115000,10.087,30.028,1.5999999999993797,0.8999999999992347,298,21.94999999999947
2026-08-07 12:30:00,USDCAD,CAD,Employment Change,1.144,-1,10,60,28.399999999999537,,2026-08-07 12:30:10.087000,2026-08-07 12:31:11.139000,10.087,61.052,1.5999999999993797,0.9999999999998899,526,29.69999999999917
2026-08-07 12:30:00,USDCAD,CAD,Employment Change,1.144,-1,10,120,21.200000000001218,,2026-08-07 12:30:10.087000,2026-08-07 12:32:10.121000,10.087,120.034,1.5999999999993797,1.0999999999983245,899,22.55000000000118
2026-08-07 12:30:00,USDCAD,CAD,Employment Change,1.144,-1,15,5,1.40000000000029,,2026-08-07 12:30:15.021000,2026-08-07 12:30:20.120000,15.021,5.099,2.500000000000835,2.80000000000058,42,4.0500000000021075
2026-08-07 12:30:00,USDCAD,CAD,Employment Change,1.144,-1,15,10,3.8000000000004697,,2026-08-07 12:30:15.021000,2026-08-07 12:30:25.090000,15.021,10.069,2.500000000000835,2.1999999999988695,79,6.150000000002542
2026-08-07 12:30:00,USDCAD,CAD,Employment Change,1.144,-1,15,15,5.999999999999339,,2026-08-07 12:30:15.021000,2026-08-07 12:30:30.101000,15.021,15.08,2.500000000000835,1.2000000000012,132,7.850000000000357
2026-08-07 12:30:00,USDCAD,CAD,Employment Change,1.144,-1,15,30,8.999999999999009,,2026-08-07 12:30:15.021000,2026-08-07 12:30:45.032000,15.021,30.011,2.500000000000835,1.900000000001345,301,11.20000000000232
2026-08-07 12:30:00,USDCAD,CAD,Employment Change,1.144,-1,15,60,14.399999999998858,,2026-08-07 12:30:15.021000,2026-08-07 12:31:15.060000,15.021,60.039,2.500000000000835,1.40000000000029,494,16.35000000000053
2026-08-07 12:30:00,USDCAD,CAD,Employment Change,1.144,-1,15,120,8.299999999998864,,2026-08-07 12:30:15.021000,2026-08-07 12:32:15.060000,15.021,120.039,2.500000000000835,1.500000000000945,876,10.300000000000864
2026-08-07 12:30:00,USDCAD,CAD,Employment Change,1.144,-1,30,5,-6.299999999999084,,2026-08-07 12:30:30,2026-08-07 12:30:35.050000,30.0,5.05,2.20000000000109,2.0999999999982144,55,-4.150000000000542
2026-08-07 12:30:00,USDCAD,CAD,Employment Change,1.144,-1,30,10,1.100000000000545,,2026-08-07 12:30:30,2026-08-07 12:30:40.006000,30.0,10.006,2.20000000000109,0.5999999999994898,112,2.500000000000835
2026-08-07 12:30:00,USDCAD,CAD,Employment Change,1.144,-1,30,15,0.1999999999990898,,2026-08-07 12:30:30,2026-08-07 12:30:45.032000,30.0,15.032,2.20000000000109,1.900000000001345,170,2.2500000000014175
2026-08-07 12:30:00,USDCAD,CAD,Employment Change,1.144,-1,30,30,5.699999999999594,,2026-08-07 12:30:30,2026-08-07 12:31:00.054000,30.0,30.054,2.20000000000109,1.40000000000029,276,7.500000000000284
2026-08-07 12:30:00,USDCAD,CAD,Employment Change,1.144,-1,30,60,7.500000000000284,,2026-08-07 12:30:30,2026-08-07 12:31:30.036000,30.0,60.036,2.20000000000109,1.7000000000000348,429,9.449999999999736
2026-08-07 12:30:00,USDCAD,CAD,Employment Change,1.144,-1,30,120,0.8000000000008001,,2026-08-07 12:30:30,2026-08-07 12:32:30.057000,30.0,120.057,2.20000000000109,1.40000000000029,830,2.60000000000149
2026-08-07 12:30:00,USDCAD,CAD,Employment Change,1.144,-1,60,5,-0.10000000000065512,,2026-08-07 12:31:00.054000,2026-08-07 12:31:05.115000,60.054,5.061,1.40000000000029,1.100000000000545,43,1.149999999998652
2026-08-07 12:30:00,USDCAD,CAD,Employment Change,1.144,-1,60,10,1.5999999999993797,,2026-08-07 12:31:00.054000,2026-08-07 12:31:10.079000,60.054,10.025,1.40000000000029,0.9000000000014552,64,2.7500000000002522
2026-08-07 12:30:00,USDCAD,CAD,Employment Change,1.144,-1,60,15,-1.500000000000945,,2026-08-07 12:31:00.054000,2026-08-07 12:31:15.060000,60.054,15.006,1.40000000000029,1.40000000000029,87,-0.10000000000065512
2026-08-07 12:30:00,USDCAD,CAD,Employment Change,1.144,-1,60,30,-0.40000000000040004,,2026-08-07 12:31:00.054000,2026-08-07 12:31:30.087000,60.054,30.033,1.40000000000029,0.8000000000008001,154,0.700000000000145
2026-08-07 12:30:00,USDCAD,CAD,Employment Change,1.144,-1,60,60,-8.399999999999519,,2026-08-07 12:31:00.054000,2026-08-07 12:32:00.104000,60.054,60.05,1.40000000000029,1.40000000000029,372,-6.999999999999229
2026-08-07 12:30:00,USDCAD,CAD,Employment Change,1.144,-1,60,120,-4.3999999999999595,,2026-08-07 12:31:00.054000,2026-08-07 12:33:00.098000,60.054,120.044,1.40000000000029,1.5999999999993797,704,-2.8999999999990145
2026-08-14 12:30:00,EURUSD,USD,Retail Sales MoM,-2.232,1,0,5,4.100000000000215,,2026-08-14 12:30:00.017000,2026-08-14 12:30:05.050000,0.017,5.033,0.7999999999985796,0.20000000000131024,55,4.599999999999049
2026-08-14 12:30:00,EURUSD,USD,Retail Sales MoM,-2.232,1,0,10,1.9999999999997797,,2026-08-14 12:30:00.017000,2026-08-14 12:30:10.072000,0.017,10.055,0.7999999999985796,0.6000000000017103,95,2.6999999999999247
2026-08-14 12:30:00,EURUSD,USD,Retail Sales MoM,-2.232,1,0,15,4.700000000001925,,2026-08-14 12:30:00.017000,2026-08-14 12:30:15.067000,0.017,15.05,0.7999999999985796,0.1999999999990898,136,5.199999999998539
2026-08-14 12:30:00,EURUSD,USD,Retail Sales MoM,-2.232,1,0,30,7.7000000000015945,,2026-08-14 12:30:00.017000,2026-08-14 12:30:30.050000,0.017,30.033,0.7999999999985796,0.09999999999843467,254,8.149999999997881
2026-08-14 12:30:00,EURUSD,USD,Retail Sales MoM,-2.232,1,0,60,5.9000000000009045,,2026-08-14 12:30:00.017000,2026-08-14 12:31:01.376000,0.017,61.359,0.7999999999985796,0.2999999999997449,372,6.450000000000067
2026-08-14 12:30:00,EURUSD,USD,Retail Sales MoM,-2.232,1,0,120,6.00000000000156,,2026-08-14 12:30:00.017000,2026-08-14 12:32:00.419000,0.017,120.402,0.7999999999985796,0.4999999999988347,483,6.649999999999157
2026-08-14 12:30:00,EURUSD,USD,Retail Sales MoM,-2.232,1,1,5,-0.1999999999990898,,2026-08-14 12:30:01.018000,2026-08-14 12:30:06.092000,1.018,5.074,0.4999999999988347,0.8999999999992347,54,0.4999999999988347
2026-08-14 12:30:00,EURUSD,USD,Retail Sales MoM,-2.232,1,1,10,-1.1999999999989797,,2026-08-14 12:30:01.018000,2026-08-14 12:30:11.103000,1.018,10.085,0.4999999999988347,0.2999999999997449,88,-0.8000000000008001
2026-08-14 12:30:00,EURUSD,USD,Retail Sales MoM,-2.232,1,1,15,1.8999999999991246,,2026-08-14 12:30:01.018000,2026-08-14 12:30:16.171000,1.018,15.153,0.4999999999988347,0.30000000000196536,135,2.2999999999995246
2026-08-14 12:30:00,EURUSD,USD,Retail Sales MoM,-2.232,1,1,30,3.5999999999991594,,2026-08-14 12:30:01.018000,2026-08-14 12:30:31.085000,1.018,30.067,0.4999999999988347,0.5000000000010552,251,4.100000000000215
2026-08-14 12:30:00,EURUSD,USD,Retail Sales MoM,-2.232,1,1,60,2.4000000000001798,,2026-08-14 12:30:01.018000,2026-08-14 12:31:01.376000,1.018,60.358,0.4999999999988347,0.2999999999997449,359,2.80000000000058
2026-08-14 12:30:00,EURUSD,USD,Retail Sales MoM,-2.232,1,1,120,2.5999999999992696,,2026-08-14 12:30:01.018000,2026-08-14 12:32:01.432000,1.018,120.414,0.4999999999988347,0.40000000000040004,471,3.049999999999997
2026-08-14 12:30:00,EURUSD,USD,Retail Sales MoM,-2.232,1,3,5,-0.700000000000145,,2026-08-14 12:30:03.151000,2026-08-14 12:30:08.207000,3.151,5.056,0.7999999999985796,0.10000000000065512,42,-0.24999999999941735
2026-08-14 12:30:00,EURUSD,USD,Retail Sales MoM,-2.232,1,3,10,0.20000000000131024,,2026-08-14 12:30:03.151000,2026-08-14 12:30:13.186000,3.151,10.035,0.7999999999985796,0.4999999999988347,84,0.8500000000011276
2026-08-14 12:30:00,EURUSD,USD,Retail Sales MoM,-2.232,1,3,15,2.80000000000058,,2026-08-14 12:30:03.151000,2026-08-14 12:30:18.191000,3.151,15.04,0.7999999999985796,0.2999999999997449,131,3.3500000000019625
2026-08-14 12:30:00,EURUSD,USD,Retail Sales MoM,-2.232,1,3,30,3.8000000000004697,,2026-08-14 12:30:03.151000,2026-08-14 12:30:33.152000,3.151,30.001,0.7999999999985796,0.40000000000040004,244,4.40000000000218
2026-08-14 12:30:00,EURUSD,USD,Retail Sales MoM,-2.232,1,3,60,2.20000000000109,,2026-08-14 12:30:03.151000,2026-08-14 12:31:03.990000,3.151,60.839,0.7999999999985796,0.1999999999990898,347,2.6999999999999247
2026-08-14 12:30:00,EURUSD,USD,Retail Sales MoM,-2.232,1,3,120,2.9999999999996696,,2026-08-14 12:30:03.151000,2026-08-14 12:32:03.274000,3.151,120.123,0.7999999999985796,0.30000000000196536,453,3.5500000000010523
2026-08-14 12:30:00,EURUSD,USD,Retail Sales MoM,-2.232,1,5,5,-2.300000000001745,,2026-08-14 12:30:05.050000,2026-08-14 12:30:10.072000,5.05,5.022,0.20000000000131024,0.6000000000017103,40,-1.8999999999991246
2026-08-14 12:30:00,EURUSD,USD,Retail Sales MoM,-2.232,1,5,10,0.40000000000040004,,2026-08-14 12:30:05.050000,2026-08-14 12:30:15.067000,5.05,10.017,0.20000000000131024,0.1999999999990898,81,0.5999999999994898
2026-08-14 12:30:00,EURUSD,USD,Retail Sales MoM,-2.232,1,5,15,1.40000000000029,,2026-08-14 12:30:05.050000,2026-08-14 12:30:20.168000,5.05,15.118,0.20000000000131024,0.09999999999843467,130,1.5499999999990521
2026-08-14 12:30:00,EURUSD,USD,Retail Sales MoM,-2.232,1,5,30,2.6999999999999247,,2026-08-14 12:30:05.050000,2026-08-14 12:30:35.463000,5.05,30.413,0.20000000000131024,0.40000000000040004,238,3.00000000000189
2026-08-14 12:30:00,EURUSD,USD,Retail Sales MoM,-2.232,1,5,60,1.0999999999983245,,2026-08-14 12:30:05.050000,2026-08-14 12:31:05.066000,5.05,60.016,0.20000000000131024,0.40000000000040004,332,1.40000000000029
2026-08-14 12:30:00,EURUSD,USD,Retail Sales MoM,-2.232,1,5,120,1.4999999999987246,,2026-08-14 12:30:05.050000,2026-08-14 12:32:05.616000,5.05,120.566,0.20000000000131024,0.5000000000010552,439,1.8500000000010175
2026-08-14 12:30:00,EURUSD,USD,Retail Sales MoM,-2.232,1,10,5,1.8999999999991246,,2026-08-14 12:30:10.072000,2026-08-14 12:30:15.121000,10.072,5.049,0.6000000000017103,0.40000000000040004,42,2.3999999999979593
2026-08-14 12:30:00,EURUSD,USD,Retail Sales MoM,-2.232,1,10,10,3.1000000000003247,,2026-08-14 12:30:10.072000,2026-08-14 12:30:20.168000,10.072,10.096,0.6000000000017103,0.09999999999843467,90,3.4499999999981767
2026-08-14 12:30:00,EURUSD,USD,Retail Sales MoM,-2.232,1,10,15,4.199999999998649,,2026-08-14 12:30:10.072000,2026-08-14 12:30:25.112000,10.072,15.04,0.6000000000017103,0.20000000000131024,126,4.599999999999049
2026-08-14 12:30:00,EURUSD,USD,Retail Sales MoM,-2.232,1,10,30,1.8999999999991246,,2026-08-14 12:30:10.072000,2026-08-14 12:30:40.188000,10.072,30.116,0.6000000000017103,0.20000000000131024,226,2.2999999999995246
2026-08-14 12:30:00,EURUSD,USD,Retail Sales MoM,-2.232,1,10,60,2.4000000000001798,,2026-08-14 12:30:10.072000,2026-08-14 12:31:10.244000,10.072,60.172,0.6000000000017103,0.2999999999997449,306,2.849999999998687
2026-08-14 12:30:00,EURUSD,USD,Retail Sales MoM,-2.232,1,10,120,2.1999999999988695,,2026-08-14 12:30:10.072000,2026-08-14 12:32:10.101000,10.072,120.029,0.6000000000017103,0.40000000000040004,416,2.6999999999999247
2026-08-14 12:30:00,EURUSD,USD,Retail Sales MoM,-2.232,1,15,5,1.100000000000545,,2026-08-14 12:30:15.014000,2026-08-14 12:30:20.168000,15.014,5.154,0.10000000000065512,0.09999999999843467,50,1.1999999999989797
2026-08-14 12:30:00,EURUSD,USD,Retail Sales MoM,-2.232,1,15,10,2.1999999999988695,,2026-08-14 12:30:15.014000,2026-08-14 12:30:25.112000,15.014,10.098,0.10000000000065512,0.20000000000131024,86,2.349999999999852
2026-08-14 12:30:00,EURUSD,USD,Retail Sales MoM,-2.232,1,15,15,3.1000000000003247,,2026-08-14 12:30:15.014000,2026-08-14 12:30:30.050000,15.014,15.036,0.10000000000065512,0.09999999999843467,119,3.1999999999987594
2026-08-14 12:30:00,EURUSD,USD,Retail Sales MoM,-2.232,1,15,30,0.700000000000145,,2026-08-14 12:30:15.014000,2026-08-14 12:30:46.115000,15.014,31.101,0.10000000000065512,0.1999999999990898,210,0.8499999999989072
2026-08-14 12:30:00,EURUSD,USD,Retail Sales MoM,-2.232,1,15,60,0.7999999999985796,,2026-08-14 12:30:15.014000,2026-08-14 12:31:15.689000,15.014,60.675,0.10000000000065512,0.30000000000196536,272,0.9999999999998899
2026-08-14 12:30:00,EURUSD,USD,Retail Sales MoM,-2.232,1,15,120,0.5999999999994898,,2026-08-14 12:30:15.014000,2026-08-14 12:32:15.386000,15.014,120.372,0.10000000000065512,0.10000000000065512,385,0.700000000000145
2026-08-14 12:30:00,EURUSD,USD,Retail Sales MoM,-2.232,1,30,5,-0.7999999999985796,,2026-08-14 12:30:30.050000,2026-08-14 12:30:35.463000,30.05,5.413,0.09999999999843467,0.40000000000040004,39,-0.5499999999969418
2026-08-14 12:30:00,EURUSD,USD,Retail Sales MoM,-2.232,1,30,10,-3.2999999999994145,,2026-08-14 12:30:30.050000,2026-08-14 12:30:40.188000,30.05,10.138,0.09999999999843467,0.20000000000131024,67,-3.149999999998432
2026-08-14 12:30:00,EURUSD,USD,Retail Sales MoM,-2.232,1,30,15,-2.4999999999986144,,2026-08-14 12:30:30.050000,2026-08-14 12:30:46.115000,30.05,16.065,0.09999999999843467,0.1999999999990898,91,-2.349999999999852
2026-08-14 12:30:00,EURUSD,USD,Retail Sales MoM,-2.232,1,30,30,-1.8999999999991246,,2026-08-14 12:30:30.050000,2026-08-14 12:31:01.376000,30.05,31.326,0.09999999999843467,0.2999999999997449,118,-1.6999999999978144
2026-08-14 12:30:00,EURUSD,USD,Retail Sales MoM,-2.232,1,30,60,-0.8999999999992347,,2026-08-14 12:30:30.050000,2026-08-14 12:31:30.989000,30.05,60.939,0.09999999999843467,0.10000000000065512,176,-0.7999999999985796
2026-08-14 12:30:00,EURUSD,USD,Retail Sales MoM,-2.232,1,30,120,-2.4000000000001798,,2026-08-14 12:30:30.050000,2026-08-14 12:32:30.132000,30.05,120.082,0.09999999999843467,0.5000000000010552,302,-2.100000000000435
2026-08-14 12:30:00,EURUSD,USD,Retail Sales MoM,-2.232,1,60,5,-0.8999999999992347,,2026-08-14 12:31:01.376000,2026-08-14 12:31:06.610000,61.376,5.234,0.2999999999997449,0.5999999999994898,21,-0.4500000000007276
2026-08-14 12:30:00,EURUSD,USD,Retail Sales MoM,-2.232,1,60,10,-1.1999999999989797,,2026-08-14 12:31:01.376000,2026-08-14 12:31:11.574000,61.376,10.198,0.2999999999997449,0.3999999999981796,30,-0.8500000000011276
2026-08-14 12:30:00,EURUSD,USD,Retail Sales MoM,-2.232,1,60,15,-0.9999999999998899,,2026-08-14 12:31:01.376000,2026-08-14 12:31:16.663000,61.376,15.287,0.2999999999997449,0.2999999999997449,40,-0.700000000000145
2026-08-14 12:30:00,EURUSD,USD,Retail Sales MoM,-2.232,1,60,30,0.8999999999992347,,2026-08-14 12:31:01.376000,2026-08-14 12:31:31.505000,61.376,30.129,0.2999999999997449,0.40000000000040004,62,1.2499999999970868
2026-08-14 12:30:00,EURUSD,USD,Retail Sales MoM,-2.232,1,60,60,-0.10000000000065512,,2026-08-14 12:31:01.376000,2026-08-14 12:32:01.432000,61.376,60.056,0.2999999999997449,0.40000000000040004,112,0.24999999999941735
2026-08-14 12:30:00,EURUSD,USD,Retail Sales MoM,-2.232,1,60,120,-0.8999999999992347,,2026-08-14 12:31:01.376000,2026-08-14 12:33:01.409000,61.376,120.033,0.2999999999997449,0.2999999999997449,263,-0.5999999999994898
2026-08-26 01:30:00,AUDUSD,AUD,Inflation Rate,1.082,1,0,5,5.499999999999394,,2026-08-26 01:30:00.422000,2026-08-26 01:30:05.465000,0.422,5.043,1.2000000000000899,1.2000000000000899,44,6.699999999999484
2026-08-26 01:30:00,AUDUSD,AUD,Inflation Rate,1.082,1,0,10,9.000000000000119,,2026-08-26 01:30:00.422000,2026-08-26 01:30:10.435000,0.422,10.013,1.2000000000000899,0.3999999999992898,72,9.799999999999809
2026-08-26 01:30:00,AUDUSD,AUD,Inflation Rate,1.082,1,0,15,10.000000000000009,,2026-08-26 01:30:00.422000,2026-08-26 01:30:15.642000,0.422,15.22,1.2000000000000899,0.9999999999998899,109,11.099999999999444
2026-08-26 01:30:00,AUDUSD,AUD,Inflation Rate,1.082,1,0,30,10.899999999999244,,2026-08-26 01:30:00.422000,2026-08-26 01:30:30.522000,0.422,30.1,1.2000000000000899,0.700000000000145,190,11.849999999998806
2026-08-26 01:30:00,AUDUSD,AUD,Inflation Rate,1.082,1,0,60,12.599999999999278,,2026-08-26 01:30:00.422000,2026-08-26 01:31:00.493000,0.422,60.071,1.2000000000000899,0.900000000000345,314,13.649999999998386
2026-08-26 01:30:00,AUDUSD,AUD,Inflation Rate,1.082,1,0,120,7.099999999999884,,2026-08-26 01:30:00.422000,2026-08-26 01:32:00.606000,0.422,120.184,1.2000000000000899,0.7999999999996898,539,8.099999999999774
2026-08-26 01:30:00,AUDUSD,AUD,Inflation Rate,1.082,1,1,5,-2.60000000000038,,2026-08-26 01:30:01.055000,2026-08-26 01:30:06.077000,1.055,5.022,1.7999999999995797,1.300000000000745,40,-1.0500000000002174
2026-08-26 01:30:00,AUDUSD,AUD,Inflation Rate,1.082,1,1,10,2.1999999999999797,,2026-08-26 01:30:01.055000,2026-08-26 01:30:11.057000,1.055,10.002,1.7999999999995797,1.4999999999998348,76,3.8500000000007972
2026-08-26 01:30:00,AUDUSD,AUD,Inflation Rate,1.082,1,1,15,1.9999999999997797,,2026-08-26 01:30:01.055000,2026-08-26 01:30:16.104000,1.055,15.049,1.7999999999995797,0.8000000000008001,104,3.3000000000005247
2026-08-26 01:30:00,AUDUSD,AUD,Inflation Rate,1.082,1,1,30,3.3000000000005247,,2026-08-26 01:30:01.055000,2026-08-26 01:30:31.602000,1.055,30.547,1.7999999999995797,0.9999999999998899,187,4.700000000000815
2026-08-26 01:30:00,AUDUSD,AUD,Inflation Rate,1.082,1,1,60,4.6000000000001595,,2026-08-26 01:30:01.055000,2026-08-26 01:31:01.162000,1.055,60.107,1.7999999999995797,1.2999999999996348,309,6.150000000000322
2026-08-26 01:30:00,AUDUSD,AUD,Inflation Rate,1.082,1,1,120,-0.40000000000040004,,2026-08-26 01:30:01.055000,2026-08-26 01:32:01.175000,1.055,120.12,1.7999999999995797,0.900000000000345,536,0.9499999999995623
2026-08-26 01:30:00,AUDUSD,AUD,Inflation Rate,1.082,1,3,5,-1.4999999999998348,,2026-08-26 01:30:03.173000,2026-08-26 01:30:08.579000,3.173,5.406,1.100000000000545,1.4999999999998348,29,-0.1999999999990898
2026-08-26 01:30:00,AUDUSD,AUD,Inflation Rate,1.082,1,3,10,2.4000000000001798,,2026-08-26 01:30:03.173000,2026-08-26 01:30:13.251000,3.173,10.078,1.100000000000545,1.2000000000000899,63,3.5500000000010523
2026-08-26 01:30:00,AUDUSD,AUD,Inflation Rate,1.082,1,3,15,3.2999999999994145,,2026-08-26 01:30:03.173000,2026-08-26 01:30:18.368000,3.173,15.195,1.100000000000545,1.300000000000745,96,4.500000000000615
2026-08-26 01:30:00,AUDUSD,AUD,Inflation Rate,1.082,1,3,30,2.9000000000001247,,2026-08-26 01:30:03.173000,2026-08-26 01:30:33.204000,3.173,30.031,1.100000000000545,0.8999999999992347,170,3.9000000000000146
2026-08-26 01:30:00,AUDUSD,AUD,Inflation Rate,1.082,1,3,60,5.1000000000001044,,2026-08-26 01:30:03.173000,2026-08-26 01:31:03.256000,3.173,60.083,1.100000000000545,0.9999999999998899,293,6.150000000000322
2026-08-26 01:30:00,AUDUSD,AUD,Inflation Rate,1.082,1,3,120,0.20000000000020002,,2026-08-26 01:30:03.173000,2026-08-26 01:32:04.027000,3.173,120.854,1.100000000000545,1.0999999999994348,518,1.2999999999996348
2026-08-26 01:30:00,AUDUSD,AUD,Inflation Rate,1.082,1,5,5,1.3999999999991797,,2026-08-26 01:30:05.057000,2026-08-26 01:30:10.067000,5.057,5.01,1.40000000000029,0.700000000000145,26,2.449999999999397
2026-08-26 01:30:00,AUDUSD,AUD,Inflation Rate,1.082,1,5,10,3.4000000000000696,,2026-08-26 01:30:05.057000,2026-08-26 01:30:15.106000,5.057,10.049,1.40000000000029,1.0999999999994348,65,4.649999999999377
2026-08-26 01:30:00,AUDUSD,AUD,Inflation Rate,1.082,1,5,15,4.799999999999249,,2026-08-26 01:30:05.057000,2026-08-26 01:30:20.163000,5.057,15.106,1.40000000000029,1.2000000000000899,95,6.099999999999994
2026-08-26 01:30:00,AUDUSD,AUD,Inflation Rate,1.082,1,5,30,2.2999999999995246,,2026-08-26 01:30:05.057000,2026-08-26 01:30:35.058000,5.057,30.001,1.40000000000029,0.900000000000345,166,3.450000000000397
2026-08-26 01:30:00,AUDUSD,AUD,Inflation Rate,1.082,1,5,60,6.399999999999739,,2026-08-26 01:30:05.057000,2026-08-26 01:31:05.109000,5.057,60.052,1.40000000000029,0.7999999999996898,292,7.500000000000284
2026-08-26 01:30:00,AUDUSD,AUD,Inflation Rate,1.082,1,5,120,0.9999999999998899,,2026-08-26 01:30:05.057000,2026-08-26 01:32:05.257000,5.057,120.2,1.40000000000029,0.900000000000345,510,2.1500000000007624
2026-08-26 01:30:00,AUDUSD,AUD,Inflation Rate,1.082,1,10,5,1.300000000000745,,2026-08-26 01:30:10.067000,2026-08-26 01:30:15.106000,10.067,5.039,0.700000000000145,1.0999999999994348,39,2.1999999999999797
2026-08-26 01:30:00,AUDUSD,AUD,Inflation Rate,1.082,1,10,10,2.6999999999999247,,2026-08-26 01:30:10.067000,2026-08-26 01:30:20.163000,10.067,10.096,0.700000000000145,1.2000000000000899,69,3.650000000000597
2026-08-26 01:30:00,AUDUSD,AUD,Inflation Rate,1.082,1,10,15,2.4000000000001798,,2026-08-26 01:30:10.067000,2026-08-26 01:30:25.484000,10.067,15.417,0.700000000000145,0.9999999999998899,100,3.250000000000197
2026-08-26 01:30:00,AUDUSD,AUD,Inflation Rate,1.082,1,10,30,0.10000000000065512,,2026-08-26 01:30:10.067000,2026-08-26 01:30:40.386000,10.067,30.319,0.700000000000145,0.9999999999998899,158,0.9500000000006725
2026-08-26 01:30:00,AUDUSD,AUD,Inflation Rate,1.082,1,10,60,3.7000000000009248,,2026-08-26 01:30:10.067000,2026-08-26 01:31:10.163000,10.067,60.096,0.700000000000145,1.0999999999994348,295,4.6000000000001595
2026-08-26 01:30:00,AUDUSD,AUD,Inflation Rate,1.082,1,10,120,-0.7999999999996898,,2026-08-26 01:30:10.067000,2026-08-26 01:32:10.132000,10.067,120.065,0.700000000000145,0.7999999999996898,491,-0.04999999999921734
2026-08-26 01:30:00,AUDUSD,AUD,Inflation Rate,1.082,1,15,5,0.0999999999995449,,2026-08-26 01:30:15.054000,2026-08-26 01:30:20.163000,15.054,5.109,1.2999999999996348,1.2000000000000899,31,1.3499999999999623
2026-08-26 01:30:00,AUDUSD,AUD,Inflation Rate,1.082,1,15,10,-0.20000000000020002,,2026-08-26 01:30:15.054000,2026-08-26 01:30:25.484000,15.054,10.43,1.2999999999996348,0.9999999999998899,62,0.9499999999995623
2026-08-26 01:30:00,AUDUSD,AUD,Inflation Rate,1.082,1,15,15,0.0999999999995449,,2026-08-26 01:30:15.054000,2026-08-26 01:30:30.103000,15.054,15.049,1.2999999999996348,0.900000000000345,80,1.1999999999989797
2026-08-26 01:30:00,AUDUSD,AUD,Inflation Rate,1.082,1,15,30,-2.100000000000435,,2026-08-26 01:30:15.054000,2026-08-26 01:30:45.095000,15.054,30.041,1.2999999999996348,1.000000000001,128,-0.9499999999995623
2026-08-26 01:30:00,AUDUSD,AUD,Inflation Rate,1.082,1,15,60,1.100000000000545,,2026-08-26 01:30:15.054000,2026-08-26 01:31:15.245000,15.054,60.191,1.2999999999996348,0.9999999999998899,286,2.2500000000003073
2026-08-26 01:30:00,AUDUSD,AUD,Inflation Rate,1.082,1,15,120,-3.1000000000003247,,2026-08-26 01:30:15.054000,2026-08-26 01:32:16.242000,15.054,121.188,1.2999999999996348,0.900000000000345,462,-1.9999999999997797
2026-08-26 01:30:00,AUDUSD,AUD,Inflation Rate,1.082,1,30,5,-3.4000000000000696,,2026-08-26 01:30:30.103000,2026-08-26 01:30:36.029000,30.103,5.926,0.900000000000345,0.9999999999998899,23,-2.449999999999397
2026-08-26 01:30:00,AUDUSD,AUD,Inflation Rate,1.082,1,30,10,-3.4999999999996145,,2026-08-26 01:30:30.103000,2026-08-26 01:30:40.386000,30.103,10.283,0.900000000000345,0.9999999999998899,40,-2.549999999998942
2026-08-26 01:30:00,AUDUSD,AUD,Inflation Rate,1.082,1,30,15,-3.1000000000003247,,2026-08-26 01:30:30.103000,2026-08-26 01:30:45.197000,30.103,15.094,0.900000000000345,1.100000000000545,49,-2.0999999999993246
2026-08-26 01:30:00,AUDUSD,AUD,Inflation Rate,1.082,1,30,30,-0.20000000000020002,,2026-08-26 01:30:30.103000,2026-08-26 01:31:00.182000,30.103,30.079,0.900000000000345,0.900000000000345,127,0.700000000000145
2026-08-26 01:30:00,AUDUSD,AUD,Inflation Rate,1.082,1,30,60,-4.100000000000215,,2026-08-26 01:30:30.103000,2026-08-26 01:31:30.385000,30.103,60.282,0.900000000000345,0.900000000000345,257,-3.1999999999987594
2026-08-26 01:30:00,AUDUSD,AUD,Inflation Rate,1.082,1,30,120,-3.7999999999993594,,2026-08-26 01:30:30.103000,2026-08-26 01:32:33.163000,30.103,123.06,0.900000000000345,1.0999999999994348,392,-2.7999999999983594
2026-08-26 01:30:00,AUDUSD,AUD,Inflation Rate,1.082,1,60,5,0.0,,2026-08-26 01:31:00.026000,2026-08-26 01:31:05.109000,60.026,5.083,0.9999999999998899,0.7999999999996898,22,0.900000000000345
2026-08-26 01:30:00,AUDUSD,AUD,Inflation Rate,1.082,1,60,10,-0.5999999999994898,,2026-08-26 01:31:00.026000,2026-08-26 01:31:10.059000,60.026,10.033,0.9999999999998899,1.1999999999989797,50,0.49999999999994493
2026-08-26 01:30:00,AUDUSD,AUD,Inflation Rate,1.082,1,60,15,-0.700000000000145,,2026-08-26 01:31:00.026000,2026-08-26 01:31:15.039000,60.026,15.013,0.9999999999998899,1.2000000000000899,79,0.3999999999992898
2026-08-26 01:30:00,AUDUSD,AUD,Inflation Rate,1.082,1,60,30,-4.6000000000001595,,2026-08-26 01:31:00.026000,2026-08-26 01:31:30.078000,60.026,30.052,0.9999999999998899,1.100000000000545,130,-3.549999999999942
2026-08-26 01:30:00,AUDUSD,AUD,Inflation Rate,1.082,1,60,60,-6.599999999999939,,2026-08-26 01:31:00.026000,2026-08-26 01:32:00.147000,60.026,60.121,0.9999999999998899,0.900000000000345,227,-5.650000000000377
2026-08-26 01:30:00,AUDUSD,AUD,Inflation Rate,1.082,1,60,120,-4.1999999999997595,,2026-08-26 01:31:00.026000,2026-08-26 01:33:00.035000,60.026,120.009,0.9999999999998899,0.7999999999996898,320,-3.3000000000005247
2026-09-01 09:00:00,EURUSD,EUR,Unemployment Rate,1.165,-1,0,5,-0.09999999999843467,,2026-09-01 09:00:00.029000,2026-09-01 09:00:05.243000,0.029,5.214,0.700000000000145,0.3999999999981796,7,0.4500000000007276
2026-09-01 09:00:00,EURUSD,EUR,Unemployment Rate,1.165,-1,0,10,-0.2999999999997449,,2026-09-01 09:00:00.029000,2026-09-01 09:00:10.077000,0.029,10.048,0.700000000000145,0.5999999999994898,12,0.3500000000000725
2026-09-01 09:00:00,EURUSD,EUR,Unemployment Rate,1.165,-1,0,15,0.0,,2026-09-01 09:00:00.029000,2026-09-01 09:00:15.467000,0.029,15.438,0.700000000000145,0.5000000000010552,20,0.5999999999994898
2026-09-01 09:00:00,EURUSD,EUR,Unemployment Rate,1.165,-1,0,30,0.40000000000040004,,2026-09-01 09:00:00.029000,2026-09-01 09:00:31.541000,0.029,31.512,0.700000000000145,0.2999999999997449,40,0.9000000000014552
2026-09-01 09:00:00,EURUSD,EUR,Unemployment Rate,1.165,-1,0,60,0.5000000000010552,,2026-09-01 09:00:00.029000,2026-09-01 09:01:00.150000,0.029,60.121,0.700000000000145,0.10000000000065512,66,0.9000000000014552
2026-09-01 09:00:00,EURUSD,EUR,Unemployment Rate,1.165,-1,0,120,0.2999999999997449,,2026-09-01 09:00:00.029000,2026-09-01 09:02:00.142000,0.029,120.113,0.700000000000145,0.40000000000040004,115,0.8499999999989072
2026-09-01 09:00:00,EURUSD,EUR,Unemployment Rate,1.165,-1,1,5,-0.2999999999997449,,2026-09-01 09:00:02.879000,2026-09-01 09:00:10.077000,2.879,7.198,0.4999999999988347,0.5999999999994898,11,0.24999999999941735
2026-09-01 09:00:00,EURUSD,EUR,Unemployment Rate,1.165,-1,1,10,-0.09999999999843467,,2026-09-01 09:00:02.879000,2026-09-01 09:00:13.218000,2.879,10.339,0.4999999999988347,0.2999999999997449,18,0.30000000000196536
2026-09-01 09:00:00,EURUSD,EUR,Unemployment Rate,1.165,-1,1,15,0.10000000000065512,,2026-09-01 09:00:02.879000,2026-09-01 09:00:19.100000,2.879,16.221,0.4999999999988347,0.1999999999990898,23,0.4500000000007276
2026-09-01 09:00:00,EURUSD,EUR,Unemployment Rate,1.165,-1,1,30,0.5000000000010552,,2026-09-01 09:00:02.879000,2026-09-01 09:00:33.482000,2.879,30.603,0.4999999999988347,0.1999999999990898,42,0.8499999999989072
2026-09-01 09:00:00,EURUSD,EUR,Unemployment Rate,1.165,-1,1,60,0.20000000000131024,,2026-09-01 09:00:02.879000,2026-09-01 09:01:03.644000,2.879,60.765,0.4999999999988347,0.1999999999990898,68,0.5500000000013827
2026-09-01 09:00:00,EURUSD,EUR,Unemployment Rate,1.165,-1,1,120,0.9000000000014552,,2026-09-01 09:00:02.879000,2026-09-01 09:02:16.352000,2.879,133.473,0.4999999999988347,0.2999999999997449,118,1.2999999999996348
2026-09-01 09:00:00,EURUSD,EUR,Unemployment Rate,1.165,-1,3,5,-0.40000000000040004,,2026-09-01 09:00:03.090000,2026-09-01 09:00:10.077000,3.09,6.987,0.2999999999997449,0.5999999999994898,9,0.049999999998107114
2026-09-01 09:00:00,EURUSD,EUR,Unemployment Rate,1.165,-1,3,10,-0.1999999999990898,,2026-09-01 09:00:03.090000,2026-09-01 09:00:13.218000,3.09,10.128,0.2999999999997449,0.2999999999997449,16,0.10000000000065512
2026-09-01 09:00:00,EURUSD,EUR,Unemployment Rate,1.165,-1,3,15,0.0,,2026-09-01 09:00:03.090000,2026-09-01 09:00:19.100000,3.09,16.01,0.2999999999997449,0.1999999999990898,21,0.24999999999941735
2026-09-01 09:00:00,EURUSD,EUR,Unemployment Rate,1.165,-1,3,30,0.40000000000040004,,2026-09-01 09:00:03.090000,2026-09-01 09:00:33.482000,3.09,30.392,0.2999999999997449,0.1999999999990898,40,0.6499999999975969
2026-09-01 09:00:00,EURUSD,EUR,Unemployment Rate,1.165,-1,3,60,0.10000000000065512,,2026-09-01 09:00:03.090000,2026-09-01 09:01:03.644000,3.09,60.554,0.2999999999997449,0.1999999999990898,66,0.3500000000000725
2026-09-01 09:00:00,EURUSD,EUR,Unemployment Rate,1.165,-1,3,120,0.8000000000008001,,2026-09-01 09:00:03.090000,2026-09-01 09:02:16.352000,3.09,133.262,0.2999999999997449,0.2999999999997449,116,1.0999999999983245
2026-09-01 09:00:00,EURUSD,EUR,Unemployment Rate,1.165,-1,5,5,-0.4999999999988347,,2026-09-01 09:00:05.243000,2026-09-01 09:00:11.203000,5.243,5.96,0.3999999999981796,0.5999999999994898,7,-0.0
2026-09-01 09:00:00,EURUSD,EUR,Unemployment Rate,1.165,-1,5,10,-0.2999999999997449,,2026-09-01 09:00:05.243000,2026-09-01 09:00:15.467000,5.243,10.224,0.3999999999981796,0.5000000000010552,13,0.14999999999876223
2026-09-01 09:00:00,EURUSD,EUR,Unemployment Rate,1.165,-1,5,15,-0.6999999999979245,,2026-09-01 09:00:05.243000,2026-09-01 09:00:20.850000,5.243,15.607,0.3999999999981796,0.4999999999988347,22,-0.24999999999941735
2026-09-01 09:00:00,EURUSD,EUR,Unemployment Rate,1.165,-1,5,30,0.5000000000010552,,2026-09-01 09:00:05.243000,2026-09-01 09:00:36.494000,5.243,31.251,0.3999999999981796,0.10000000000065512,41,0.7500000000004725
2026-09-01 09:00:00,EURUSD,EUR,Unemployment Rate,1.165,-1,5,60,-0.3999999999981796,,2026-09-01 09:00:05.243000,2026-09-01 09:01:06.046000,5.243,60.803,0.3999999999981796,0.3999999999981796,65,-0.0
2026-09-01 09:00:00,EURUSD,EUR,Unemployment Rate,1.165,-1,5,120,0.6000000000017103,,2026-09-01 09:00:05.243000,2026-09-01 09:02:16.352000,5.243,131.109,0.3999999999981796,0.2999999999997449,112,0.9499999999995623
2026-09-01 09:00:00,EURUSD,EUR,Unemployment Rate,1.165,-1,10,5,-0.2999999999997449,,2026-09-01 09:00:10.077000,2026-09-01 09:00:15.467000,10.077,5.39,0.5999999999994898,0.5000000000010552,8,0.24999999999941735
2026-09-01 09:00:00,EURUSD,EUR,Unemployment Rate,1.165,-1,10,10,-0.3999999999981796,,2026-09-01 09:00:10.077000,2026-09-01 09:00:20.233000,10.077,10.156,0.5999999999994898,0.1999999999990898,16,-0.0
2026-09-01 09:00:00,EURUSD,EUR,Unemployment Rate,1.165,-1,10,15,-0.4999999999988347,,2026-09-01 09:00:10.077000,2026-09-01 09:00:25.819000,10.077,15.742,0.5999999999994898,0.40000000000040004,20,-0.0
2026-09-01 09:00:00,EURUSD,EUR,Unemployment Rate,1.165,-1,10,30,-0.1999999999990898,,2026-09-01 09:00:10.077000,2026-09-01 09:00:43.599000,10.077,33.522,0.5999999999994898,0.1999999999990898,45,0.20000000000131024
2026-09-01 09:00:00,EURUSD,EUR,Unemployment Rate,1.165,-1,10,60,-0.3999999999981796,,2026-09-01 09:00:10.077000,2026-09-01 09:01:10.238000,10.077,60.161,0.5999999999994898,0.2999999999997449,66,0.050000000002548006
2026-09-01 09:00:00,EURUSD,EUR,Unemployment Rate,1.165,-1,10,120,0.6000000000017103,,2026-09-01 09:00:10.077000,2026-09-01 09:02:16.352000,10.077,126.275,0.5999999999994898,0.2999999999997449,107,1.0500000000002174
2026-09-01 09:00:00,EURUSD,EUR,Unemployment Rate,1.165,-1,15,5,-0.8999999999992347,,2026-09-01 09:00:15.467000,2026-09-01 09:00:20.850000,15.467,5.383,0.5000000000010552,0.4999999999988347,9,-0.3999999999981796
2026-09-01 09:00:00,EURUSD,EUR,Unemployment Rate,1.165,-1,15,10,-0.700000000000145,,2026-09-01 09:00:15.467000,2026-09-01 09:00:25.819000,15.467,10.352,0.5000000000010552,0.40000000000040004,12,-0.24999999999941735
2026-09-01 09:00:00,EURUSD,EUR,Unemployment Rate,1.165,-1,15,15,-0.10000000000065512,,2026-09-01 09:00:15.467000,2026-09-01 09:00:31.541000,15.467,16.074,0.5000000000010552,0.2999999999997449,20,0.30000000000196536
2026-09-01 09:00:00,EURUSD,EUR,Unemployment Rate,1.165,-1,15,30,-0.40000000000040004,,2026-09-01 09:00:15.467000,2026-09-01 09:00:52.762000,15.467,37.295,0.5000000000010552,0.1999999999990898,40,-0.049999999998107114
2026-09-01 09:00:00,EURUSD,EUR,Unemployment Rate,1.165,-1,15,60,-0.5000000000010552,,2026-09-01 09:00:15.467000,2026-09-01 09:01:18.143000,15.467,62.676,0.5000000000010552,0.40000000000040004,66,-0.049999999998107114
2026-09-01 09:00:00,EURUSD,EUR,Unemployment Rate,1.165,-1,15,120,0.40000000000040004,,2026-09-01 09:00:15.467000,2026-09-01 09:02:16.352000,15.467,120.885,0.5000000000010552,0.2999999999997449,99,0.8000000000008001
2026-09-01 09:00:00,EURUSD,EUR,Unemployment Rate,1.165,-1,30,5,0.10000000000065512,,2026-09-01 09:00:31.541000,2026-09-01 09:00:36.601000,31.541,5.06,0.2999999999997449,0.1999999999990898,9,0.3500000000000725
2026-09-01 09:00:00,EURUSD,EUR,Unemployment Rate,1.165,-1,30,10,-0.5999999999994898,,2026-09-01 09:00:31.541000,2026-09-01 09:00:43.599000,31.541,12.058,0.2999999999997449,0.1999999999990898,17,-0.3500000000000725
2026-09-01 09:00:00,EURUSD,EUR,Unemployment Rate,1.165,-1,30,15,-0.5999999999994898,,2026-09-01 09:00:31.541000,2026-09-01 09:00:52.762000,31.541,21.221,0.2999999999997449,0.1999999999990898,20,-0.3500000000000725
2026-09-01 09:00:00,EURUSD,EUR,Unemployment Rate,1.165,-1,30,30,-0.2999999999997449,,2026-09-01 09:00:31.541000,2026-09-01 09:01:02.680000,31.541,31.139,0.2999999999997449,0.2999999999997449,28,-0.0
2026-09-01 09:00:00,EURUSD,EUR,Unemployment Rate,1.165,-1,30,60,-0.2999999999997449,,2026-09-01 09:00:31.541000,2026-09-01 09:01:31.730000,31.541,60.189,0.2999999999997449,0.40000000000040004,58,0.049999999998107114
2026-09-01 09:00:00,EURUSD,EUR,Unemployment Rate,1.165,-1,30,120,-0.2999999999997449,,2026-09-01 09:00:31.541000,2026-09-01 09:02:36.339000,31.541,124.798,0.2999999999997449,0.20000000000131024,93,-0.05000000000032756
2026-09-01 09:00:00,EURUSD,EUR,Unemployment Rate,1.165,-1,60,5,-0.700000000000145,,2026-09-01 09:01:00.150000,2026-09-01 09:01:06.046000,60.15,5.896,0.10000000000065512,0.3999999999981796,6,-0.4500000000007276
2026-09-01 09:00:00,EURUSD,EUR,Unemployment Rate,1.165,-1,60,10,-0.700000000000145,,2026-09-01 09:01:00.150000,2026-09-01 09:01:10.238000,60.15,10.088,0.10000000000065512,0.2999999999997449,12,-0.4999999999988347
2026-09-01 09:00:00,EURUSD,EUR,Unemployment Rate,1.165,-1,60,15,-0.6000000000017103,,2026-09-01 09:01:00.150000,2026-09-01 09:01:18.143000,60.15,17.993,0.10000000000065512,0.40000000000040004,20,-0.3500000000000725
2026-09-01 09:00:00,EURUSD,EUR,Unemployment Rate,1.165,-1,60,30,-0.20000000000131024,,2026-09-01 09:01:00.150000,2026-09-01 09:01:31.730000,60.15,31.58,0.10000000000065512,0.40000000000040004,32,0.049999999998107114
2026-09-01 09:00:00,EURUSD,EUR,Unemployment Rate,1.165,-1,60,60,-0.30000000000196536,,2026-09-01 09:01:00.150000,2026-09-01 09:02:00.700000,60.15,60.55,0.10000000000065512,0.5000000000010552,50,-0.0
2026-09-01 09:00:00,EURUSD,EUR,Unemployment Rate,1.165,-1,60,120,-0.20000000000131024,,2026-09-01 09:01:00.150000,2026-09-01 09:03:00.587000,60.15,120.437,0.10000000000065512,0.20000000000131024,82,-0.05000000000032756
2026-09-01 09:00:00,EURUSD,EUR,Core Inflation Rate,-1.059,-1,0,5,-0.09999999999843467,,2026-09-01 09:00:00.029000,2026-09-01 09:00:05.243000,0.029,5.214,0.700000000000145,0.3999999999981796,7,0.4500000000007276
2026-09-01 09:00:00,EURUSD,EUR,Core Inflation Rate,-1.059,-1,0,10,-0.2999999999997449,,2026-09-01 09:00:00.029000,2026-09-01 09:00:10.077000,0.029,10.048,0.700000000000145,0.5999999999994898,12,0.3500000000000725
2026-09-01 09:00:00,EURUSD,EUR,Core Inflation Rate,-1.059,-1,0,15,0.0,,2026-09-01 09:00:00.029000,2026-09-01 09:00:15.467000,0.029,15.438,0.700000000000145,0.5000000000010552,20,0.5999999999994898
2026-09-01 09:00:00,EURUSD,EUR,Core Inflation Rate,-1.059,-1,0,30,0.40000000000040004,,2026-09-01 09:00:00.029000,2026-09-01 09:00:31.541000,0.029,31.512,0.700000000000145,0.2999999999997449,40,0.9000000000014552
2026-09-01 09:00:00,EURUSD,EUR,Core Inflation Rate,-1.059,-1,0,60,0.5000000000010552,,2026-09-01 09:00:00.029000,2026-09-01 09:01:00.150000,0.029,60.121,0.700000000000145,0.10000000000065512,66,0.9000000000014552
2026-09-01 09:00:00,EURUSD,EUR,Core Inflation Rate,-1.059,-1,0,120,0.2999999999997449,,2026-09-01 09:00:00.029000,2026-09-01 09:02:00.142000,0.029,120.113,0.700000000000145,0.40000000000040004,115,0.8499999999989072
2026-09-01 09:00:00,EURUSD,EUR,Core Inflation Rate,-1.059,-1,1,5,-0.2999999999997449,,2026-09-01 09:00:02.879000,2026-09-01 09:00:10.077000,2.879,7.198,0.4999999999988347,0.5999999999994898,11,0.24999999999941735
2026-09-01 09:00:00,EURUSD,EUR,Core Inflation Rate,-1.059,-1,1,10,-0.09999999999843467,,2026-09-01 09:00:02.879000,2026-09-01 09:00:13.218000,2.879,10.339,0.4999999999988347,0.2999999999997449,18,0.30000000000196536
2026-09-01 09:00:00,EURUSD,EUR,Core Inflation Rate,-1.059,-1,1,15,0.10000000000065512,,2026-09-01 09:00:02.879000,2026-09-01 09:00:19.100000,2.879,16.221,0.4999999999988347,0.1999999999990898,23,0.4500000000007276
2026-09-01 09:00:00,EURUSD,EUR,Core Inflation Rate,-1.059,-1,1,30,0.5000000000010552,,2026-09-01 09:00:02.879000,2026-09-01 09:00:33.482000,2.879,30.603,0.4999999999988347,0.1999999999990898,42,0.8499999999989072
2026-09-01 09:00:00,EURUSD,EUR,Core Inflation Rate,-1.059,-1,1,60,0.20000000000131024,,2026-09-01 09:00:02.879000,2026-09-01 09:01:03.644000,2.879,60.765,0.4999999999988347,0.1999999999990898,68,0.5500000000013827
2026-09-01 09:00:00,EURUSD,EUR,Core Inflation Rate,-1.059,-1,1,120,0.9000000000014552,,2026-09-01 09:00:02.879000,2026-09-01 09:02:16.352000,2.879,133.473,0.4999999999988347,0.2999999999997449,118,1.2999999999996348
2026-09-01 09:00:00,EURUSD,EUR,Core Inflation Rate,-1.059,-1,3,5,-0.40000000000040004,,2026-09-01 09:00:03.090000,2026-09-01 09:00:10.077000,3.09,6.987,0.2999999999997449,0.5999999999994898,9,0.049999999998107114
2026-09-01 09:00:00,EURUSD,EUR,Core Inflation Rate,-1.059,-1,3,10,-0.1999999999990898,,2026-09-01 09:00:03.090000,2026-09-01 09:00:13.218000,3.09,10.128,0.2999999999997449,0.2999999999997449,16,0.10000000000065512
2026-09-01 09:00:00,EURUSD,EUR,Core Inflation Rate,-1.059,-1,3,15,0.0,,2026-09-01 09:00:03.090000,2026-09-01 09:00:19.100000,3.09,16.01,0.2999999999997449,0.1999999999990898,21,0.24999999999941735
2026-09-01 09:00:00,EURUSD,EUR,Core Inflation Rate,-1.059,-1,3,30,0.40000000000040004,,2026-09-01 09:00:03.090000,2026-09-01 09:00:33.482000,3.09,30.392,0.2999999999997449,0.1999999999990898,40,0.6499999999975969
2026-09-01 09:00:00,EURUSD,EUR,Core Inflation Rate,-1.059,-1,3,60,0.10000000000065512,,2026-09-01 09:00:03.090000,2026-09-01 09:01:03.644000,3.09,60.554,0.2999999999997449,0.1999999999990898,66,0.3500000000000725
2026-09-01 09:00:00,EURUSD,EUR,Core Inflation Rate,-1.059,-1,3,120,0.8000000000008001,,2026-09-01 09:00:03.090000,2026-09-01 09:02:16.352000,3.09,133.262,0.2999999999997449,0.2999999999997449,116,1.0999999999983245
2026-09-01 09:00:00,EURUSD,EUR,Core Inflation Rate,-1.059,-1,5,5,-0.4999999999988347,,2026-09-01 09:00:05.243000,2026-09-01 09:00:11.203000,5.243,5.96,0.3999999999981796,0.5999999999994898,7,-0.0
2026-09-01 09:00:00,EURUSD,EUR,Core Inflation Rate,-1.059,-1,5,10,-0.2999999999997449,,2026-09-01 09:00:05.243000,2026-09-01 09:00:15.467000,5.243,10.224,0.3999999999981796,0.5000000000010552,13,0.14999999999876223
2026-09-01 09:00:00,EURUSD,EUR,Core Inflation Rate,-1.059,-1,5,15,-0.6999999999979245,,2026-09-01 09:00:05.243000,2026-09-01 09:00:20.850000,5.243,15.607,0.3999999999981796,0.4999999999988347,22,-0.24999999999941735
2026-09-01 09:00:00,EURUSD,EUR,Core Inflation Rate,-1.059,-1,5,30,0.5000000000010552,,2026-09-01 09:00:05.243000,2026-09-01 09:00:36.494000,5.243,31.251,0.3999999999981796,0.10000000000065512,41,0.7500000000004725
2026-09-01 09:00:00,EURUSD,EUR,Core Inflation Rate,-1.059,-1,5,60,-0.3999999999981796,,2026-09-01 09:00:05.243000,2026-09-01 09:01:06.046000,5.243,60.803,0.3999999999981796,0.3999999999981796,65,-0.0
2026-09-01 09:00:00,EURUSD,EUR,Core Inflation Rate,-1.059,-1,5,120,0.6000000000017103,,2026-09-01 09:00:05.243000,2026-09-01 09:02:16.352000,5.243,131.109,0.3999999999981796,0.2999999999997449,112,0.9499999999995623
2026-09-01 09:00:00,EURUSD,EUR,Core Inflation Rate,-1.059,-1,10,5,-0.2999999999997449,,2026-09-01 09:00:10.077000,2026-09-01 09:00:15.467000,10.077,5.39,0.5999999999994898,0.5000000000010552,8,0.24999999999941735
2026-09-01 09:00:00,EURUSD,EUR,Core Inflation Rate,-1.059,-1,10,10,-0.3999999999981796,,2026-09-01 09:00:10.077000,2026-09-01 09:00:20.233000,10.077,10.156,0.5999999999994898,0.1999999999990898,16,-0.0
2026-09-01 09:00:00,EURUSD,EUR,Core Inflation Rate,-1.059,-1,10,15,-0.4999999999988347,,2026-09-01 09:00:10.077000,2026-09-01 09:00:25.819000,10.077,15.742,0.5999999999994898,0.40000000000040004,20,-0.0
2026-09-01 09:00:00,EURUSD,EUR,Core Inflation Rate,-1.059,-1,10,30,-0.1999999999990898,,2026-09-01 09:00:10.077000,2026-09-01 09:00:43.599000,10.077,33.522,0.5999999999994898,0.1999999999990898,45,0.20000000000131024
2026-09-01 09:00:00,EURUSD,EUR,Core Inflation Rate,-1.059,-1,10,60,-0.3999999999981796,,2026-09-01 09:00:10.077000,2026-09-01 09:01:10.238000,10.077,60.161,0.5999999999994898,0.2999999999997449,66,0.050000000002548006
2026-09-01 09:00:00,EURUSD,EUR,Core Inflation Rate,-1.059,-1,10,120,0.6000000000017103,,2026-09-01 09:00:10.077000,2026-09-01 09:02:16.352000,10.077,126.275,0.5999999999994898,0.2999999999997449,107,1.0500000000002174
2026-09-01 09:00:00,EURUSD,EUR,Core Inflation Rate,-1.059,-1,15,5,-0.8999999999992347,,2026-09-01 09:00:15.467000,2026-09-01 09:00:20.850000,15.467,5.383,0.5000000000010552,0.4999999999988347,9,-0.3999999999981796
2026-09-01 09:00:00,EURUSD,EUR,Core Inflation Rate,-1.059,-1,15,10,-0.700000000000145,,2026-09-01 09:00:15.467000,2026-09-01 09:00:25.819000,15.467,10.352,0.5000000000010552,0.40000000000040004,12,-0.24999999999941735
2026-09-01 09:00:00,EURUSD,EUR,Core Inflation Rate,-1.059,-1,15,15,-0.10000000000065512,,2026-09-01 09:00:15.467000,2026-09-01 09:00:31.541000,15.467,16.074,0.5000000000010552,0.2999999999997449,20,0.30000000000196536
2026-09-01 09:00:00,EURUSD,EUR,Core Inflation Rate,-1.059,-1,15,30,-0.40000000000040004,,2026-09-01 09:00:15.467000,2026-09-01 09:00:52.762000,15.467,37.295,0.5000000000010552,0.1999999999990898,40,-0.049999999998107114
2026-09-01 09:00:00,EURUSD,EUR,Core Inflation Rate,-1.059,-1,15,60,-0.5000000000010552,,2026-09-01 09:00:15.467000,2026-09-01 09:01:18.143000,15.467,62.676,0.5000000000010552,0.40000000000040004,66,-0.049999999998107114
2026-09-01 09:00:00,EURUSD,EUR,Core Inflation Rate,-1.059,-1,15,120,0.40000000000040004,,2026-09-01 09:00:15.467000,2026-09-01 09:02:16.352000,15.467,120.885,0.5000000000010552,0.2999999999997449,99,0.8000000000008001
2026-09-01 09:00:00,EURUSD,EUR,Core Inflation Rate,-1.059,-1,30,5,0.10000000000065512,,2026-09-01 09:00:31.541000,2026-09-01 09:00:36.601000,31.541,5.06,0.2999999999997449,0.1999999999990898,9,0.3500000000000725
2026-09-01 09:00:00,EURUSD,EUR,Core Inflation Rate,-1.059,-1,30,10,-0.5999999999994898,,2026-09-01 09:00:31.541000,2026-09-01 09:00:43.599000,31.541,12.058,0.2999999999997449,0.1999999999990898,17,-0.3500000000000725
2026-09-01 09:00:00,EURUSD,EUR,Core Inflation Rate,-1.059,-1,30,15,-0.5999999999994898,,2026-09-01 09:00:31.541000,2026-09-01 09:00:52.762000,31.541,21.221,0.2999999999997449,0.1999999999990898,20,-0.3500000000000725
2026-09-01 09:00:00,EURUSD,EUR,Core Inflation Rate,-1.059,-1,30,30,-0.2999999999997449,,2026-09-01 09:00:31.541000,2026-09-01 09:01:02.680000,31.541,31.139,0.2999999999997449,0.2999999999997449,28,-0.0
2026-09-01 09:00:00,EURUSD,EUR,Core Inflation Rate,-1.059,-1,30,60,-0.2999999999997449,,2026-09-01 09:00:31.541000,2026-09-01 09:01:31.730000,31.541,60.189,0.2999999999997449,0.40000000000040004,58,0.049999999998107114
2026-09-01 09:00:00,EURUSD,EUR,Core Inflation Rate,-1.059,-1,30,120,-0.2999999999997449,,2026-09-01 09:00:31.541000,2026-09-01 09:02:36.339000,31.541,124.798,0.2999999999997449,0.20000000000131024,93,-0.05000000000032756
2026-09-01 09:00:00,EURUSD,EUR,Core Inflation Rate,-1.059,-1,60,5,-0.700000000000145,,2026-09-01 09:01:00.150000,2026-09-01 09:01:06.046000,60.15,5.896,0.10000000000065512,0.3999999999981796,6,-0.4500000000007276
2026-09-01 09:00:00,EURUSD,EUR,Core Inflation Rate,-1.059,-1,60,10,-0.700000000000145,,2026-09-01 09:01:00.150000,2026-09-01 09:01:10.238000,60.15,10.088,0.10000000000065512,0.2999999999997449,12,-0.4999999999988347
2026-09-01 09:00:00,EURUSD,EUR,Core Inflation Rate,-1.059,-1,60,15,-0.6000000000017103,,2026-09-01 09:01:00.150000,2026-09-01 09:01:18.143000,60.15,17.993,0.10000000000065512,0.40000000000040004,20,-0.3500000000000725
2026-09-01 09:00:00,EURUSD,EUR,Core Inflation Rate,-1.059,-1,60,30,-0.20000000000131024,,2026-09-01 09:01:00.150000,2026-09-01 09:01:31.730000,60.15,31.58,0.10000000000065512,0.40000000000040004,32,0.049999999998107114
2026-09-01 09:00:00,EURUSD,EUR,Core Inflation Rate,-1.059,-1,60,60,-0.30000000000196536,,2026-09-01 09:01:00.150000,2026-09-01 09:02:00.700000,60.15,60.55,0.10000000000065512,0.5000000000010552,50,-0.0
2026-09-01 09:00:00,EURUSD,EUR,Core Inflation Rate,-1.059,-1,60,120,-0.20000000000131024,,2026-09-01 09:01:00.150000,2026-09-01 09:03:00.587000,60.15,120.437,0.10000000000065512,0.20000000000131024,82,-0.05000000000032756
2026-09-03 06:30:00,USDCHF,CHF,Inflation Rate,2.366,-1,0,5,3.7000000000009248,,2026-09-03 06:30:00.037000,2026-09-03 06:30:05.044000,0.037,5.007,0.5999999999994898,1.2999999999996348,50,4.650000000000487
2026-09-03 06:30:00,USDCHF,CHF,Inflation Rate,2.366,-1,0,10,4.00000000000067,,2026-09-03 06:30:00.037000,2026-09-03 06:30:10.153000,0.037,10.116,0.5999999999994898,1.3999999999991797,82,5.0000000000005596
2026-09-03 06:30:00,USDCHF,CHF,Inflation Rate,2.366,-1,0,15,5.800000000000249,,2026-09-03 06:30:00.037000,2026-09-03 06:30:15.072000,0.037,15.035,0.5999999999994898,0.49999999999994493,101,6.350000000000522
2026-09-03 06:30:00,USDCHF,CHF,Inflation Rate,2.366,-1,0,30,6.700000000000594,,2026-09-03 06:30:00.037000,2026-09-03 06:30:30.365000,0.037,30.328,0.5999999999994898,0.5999999999994898,142,7.300000000000084
2026-09-03 06:30:00,USDCHF,CHF,Inflation Rate,2.366,-1,0,60,6.4000000000008495,,2026-09-03 06:30:00.037000,2026-09-03 06:31:00.890000,0.037,60.853,0.5999999999994898,0.7999999999996898,212,7.100000000000994
2026-09-03 06:30:00,USDCHF,CHF,Inflation Rate,2.366,-1,0,120,9.900000000000464,,2026-09-03 06:30:00.037000,2026-09-03 06:32:00.441000,0.037,120.404,0.5999999999994898,0.9999999999998899,338,10.700000000000154
2026-09-03 06:30:00,USDCHF,CHF,Inflation Rate,2.366,-1,1,5,-0.40000000000040004,,2026-09-03 06:30:01.083000,2026-09-03 06:30:06.183000,1.083,5.1,1.300000000000745,1.40000000000029,49,0.9499999999995623
2026-09-03 06:30:00,USDCHF,CHF,Inflation Rate,2.366,-1,1,10,0.3999999999992898,,2026-09-03 06:30:01.083000,2026-09-03 06:30:11.132000,1.083,10.049,1.300000000000745,1.40000000000029,77,1.7499999999992522
2026-09-03 06:30:00,USDCHF,CHF,Inflation Rate,2.366,-1,1,15,1.7999999999995797,,2026-09-03 06:30:01.083000,2026-09-03 06:30:16.463000,1.083,15.38,1.300000000000745,0.9999999999998899,98,2.949999999999342
2026-09-03 06:30:00,USDCHF,CHF,Inflation Rate,2.366,-1,1,30,2.4999999999997247,,2026-09-03 06:30:01.083000,2026-09-03 06:30:31.547000,1.083,30.464,1.300000000000745,0.900000000000345,134,3.5999999999991594
2026-09-03 06:30:00,USDCHF,CHF,Inflation Rate,2.366,-1,1,60,1.9999999999997797,,2026-09-03 06:30:01.083000,2026-09-03 06:31:01.201000,1.083,60.118,1.300000000000745,1.0999999999994348,202,3.1999999999987594
2026-09-03 06:30:00,USDCHF,CHF,Inflation Rate,2.366,-1,1,120,5.999999999999339,,2026-09-03 06:30:01.083000,2026-09-03 06:32:01.415000,1.083,120.332,1.300000000000745,0.900000000000345,329,7.099999999999884
2026-09-03 06:30:00,USDCHF,CHF,Inflation Rate,2.366,-1,3,5,-3.4999999999996145,,2026-09-03 06:30:03.011000,2026-09-03 06:30:08.957000,3.011,5.946,1.3999999999991797,1.2000000000000899,48,-2.20000000000109
2026-09-03 06:30:00,USDCHF,CHF,Inflation Rate,2.366,-1,3,10,-3.4000000000000696,,2026-09-03 06:30:03.011000,2026-09-03 06:30:14.909000,3.011,11.898,1.3999999999991797,1.2000000000000899,69,-2.100000000000435
2026-09-03 06:30:00,USDCHF,CHF,Inflation Rate,2.366,-1,3,15,-1.5999999999993797,,2026-09-03 06:30:03.011000,2026-09-03 06:30:19.921000,3.011,16.91,1.3999999999991797,0.5999999999994898,84,-0.6000000000006
2026-09-03 06:30:00,USDCHF,CHF,Inflation Rate,2.366,-1,3,30,-1.3999999999991797,,2026-09-03 06:30:03.011000,2026-09-03 06:30:33.334000,3.011,30.323,1.3999999999991797,0.7999999999996898,121,-0.2999999999997449
2026-09-03 06:30:00,USDCHF,CHF,Inflation Rate,2.366,-1,3,60,-1.8999999999991246,,2026-09-03 06:30:03.011000,2026-09-03 06:31:03.067000,3.011,60.056,1.3999999999991797,0.7999999999996898,191,-0.8000000000008001
2026-09-03 06:30:00,USDCHF,CHF,Inflation Rate,2.366,-1,3,120,4.00000000000067,,2026-09-03 06:30:03.011000,2026-09-03 06:32:03.490000,3.011,120.479,1.3999999999991797,0.7999999999996898,324,5.1000000000001044
2026-09-03 06:30:00,USDCHF,CHF,Inflation Rate,2.366,-1,5,5,-0.9999999999998899,,2026-09-03 06:30:05.044000,2026-09-03 06:30:10.153000,5.044,5.109,1.2999999999996348,1.3999999999991797,32,0.3500000000000725
2026-09-03 06:30:00,USDCHF,CHF,Inflation Rate,2.366,-1,5,10,0.7999999999996898,,2026-09-03 06:30:05.044000,2026-09-03 06:30:15.072000,5.044,10.028,1.2999999999996348,0.49999999999994493,51,1.7000000000000348
2026-09-03 06:30:00,USDCHF,CHF,Inflation Rate,2.366,-1,5,15,0.7999999999996898,,2026-09-03 06:30:05.044000,2026-09-03 06:30:20.079000,5.044,15.035,1.2999999999996348,0.700000000000145,65,1.7999999999995797
2026-09-03 06:30:00,USDCHF,CHF,Inflation Rate,2.366,-1,5,30,-0.20000000000020002,,2026-09-03 06:30:05.044000,2026-09-03 06:30:35.085000,5.044,30.041,1.2999999999996348,1.100000000000545,107,0.9999999999998899
2026-09-03 06:30:00,USDCHF,CHF,Inflation Rate,2.366,-1,5,60,0.900000000000345,,2026-09-03 06:30:05.044000,2026-09-03 06:31:05.310000,5.044,60.266,1.2999999999996348,0.8999999999992347,174,1.9999999999997797
2026-09-03 06:30:00,USDCHF,CHF,Inflation Rate,2.366,-1,5,120,7.000000000000339,,2026-09-03 06:30:05.044000,2026-09-03 06:32:05.644000,5.044,120.6,1.2999999999996348,0.8999999999992347,308,8.099999999999774
2026-09-03 06:30:00,USDCHF,CHF,Inflation Rate,2.366,-1,10,5,0.900000000000345,,2026-09-03 06:30:10.153000,2026-09-03 06:30:15.178000,10.153,5.025,1.3999999999991797,0.6000000000006,21,1.8999999999991246
2026-09-03 06:30:00,USDCHF,CHF,Inflation Rate,2.366,-1,10,10,0.5000000000010552,,2026-09-03 06:30:10.153000,2026-09-03 06:30:20.694000,10.153,10.541,1.3999999999991797,0.6999999999990347,34,1.5499999999990521
2026-09-03 06:30:00,USDCHF,CHF,Inflation Rate,2.366,-1,10,15,0.900000000000345,,2026-09-03 06:30:10.153000,2026-09-03 06:30:25.415000,10.153,15.262,1.3999999999991797,0.900000000000345,49,2.0500000000001073
2026-09-03 06:30:00,USDCHF,CHF,Inflation Rate,2.366,-1,10,30,0.0,,2026-09-03 06:30:10.153000,2026-09-03 06:30:40.675000,10.153,30.522,1.3999999999991797,0.8000000000008001,92,1.0999999999994348
2026-09-03 06:30:00,USDCHF,CHF,Inflation Rate,2.366,-1,10,60,0.900000000000345,,2026-09-03 06:30:10.153000,2026-09-03 06:31:11.609000,10.153,61.456,1.3999999999991797,0.900000000000345,152,2.0500000000001073
2026-09-03 06:30:00,USDCHF,CHF,Inflation Rate,2.366,-1,10,120,6.200000000000649,,2026-09-03 06:30:10.153000,2026-09-03 06:32:10.359000,10.153,120.206,1.3999999999991797,0.900000000000345,296,7.3499999999993015
2026-09-03 06:30:00,USDCHF,CHF,Inflation Rate,2.366,-1,15,5,-0.49999999999994493,,2026-09-03 06:30:15.018000,2026-09-03 06:30:20.079000,15.018,5.061,0.700000000000145,0.700000000000145,15,0.20000000000020002
2026-09-03 06:30:00,USDCHF,CHF,Inflation Rate,2.366,-1,15,10,0.20000000000020002,,2026-09-03 06:30:15.018000,2026-09-03 06:30:25.107000,15.018,10.089,0.700000000000145,0.9999999999998899,30,1.0500000000002174
2026-09-03 06:30:00,USDCHF,CHF,Inflation Rate,2.366,-1,15,15,0.40000000000040004,,2026-09-03 06:30:15.018000,2026-09-03 06:30:30.365000,15.018,15.347,0.700000000000145,0.5999999999994898,42,1.0500000000002174
2026-09-03 06:30:00,USDCHF,CHF,Inflation Rate,2.366,-1,15,30,-0.700000000000145,,2026-09-03 06:30:15.018000,2026-09-03 06:30:46.763000,15.018,31.745,0.700000000000145,0.900000000000345,81,0.10000000000065512
2026-09-03 06:30:00,USDCHF,CHF,Inflation Rate,2.366,-1,15,60,-0.0999999999995449,,2026-09-03 06:30:15.018000,2026-09-03 06:31:15.729000,15.018,60.711,0.700000000000145,0.7999999999996898,141,0.6499999999998174
2026-09-03 06:30:00,USDCHF,CHF,Inflation Rate,2.366,-1,15,120,6.000000000000449,,2026-09-03 06:30:15.018000,2026-09-03 06:32:15.069000,15.018,120.051,0.700000000000145,1.2000000000000899,295,6.950000000001122
2026-09-03 06:30:00,USDCHF,CHF,Inflation Rate,2.366,-1,30,5,-2.4999999999997247,,2026-09-03 06:30:30.365000,2026-09-03 06:30:35.659000,30.365,5.294,0.5999999999994898,0.900000000000345,18,-1.7500000000003624
2026-09-03 06:30:00,USDCHF,CHF,Inflation Rate,2.366,-1,30,10,-1.9000000000002348,,2026-09-03 06:30:30.365000,2026-09-03 06:30:40.675000,30.365,10.31,0.5999999999994898,0.8000000000008001,32,-1.2000000000000899
2026-09-03 06:30:00,USDCHF,CHF,Inflation Rate,2.366,-1,30,15,-1.7000000000000348,,2026-09-03 06:30:30.365000,2026-09-03 06:30:46.763000,30.365,16.398,0.5999999999994898,0.900000000000345,39,-0.9499999999995623
2026-09-03 06:30:00,USDCHF,CHF,Inflation Rate,2.366,-1,30,30,-0.8999999999992347,,2026-09-03 06:30:30.365000,2026-09-03 06:31:00.890000,30.365,30.525,0.5999999999994898,0.7999999999996898,70,-0.1999999999990898
2026-09-03 06:30:00,USDCHF,CHF,Inflation Rate,2.366,-1,30,60,0.8000000000008001,,2026-09-03 06:30:30.365000,2026-09-03 06:31:31.459000,30.365,61.094,0.5999999999994898,0.8999999999992347,137,1.5500000000001624
2026-09-03 06:30:00,USDCHF,CHF,Inflation Rate,2.366,-1,30,120,8.00000000000023,,2026-09-03 06:30:30.365000,2026-09-03 06:32:30.407000,30.365,120.042,0.5999999999994898,0.700000000000145,327,8.650000000000047
2026-09-03 06:30:00,USDCHF,CHF,Inflation Rate,2.366,-1,60,5,-1.40000000000029,,2026-09-03 06:31:00.890000,2026-09-03 06:31:05.921000,60.89,5.031,0.7999999999996898,0.900000000000345,13,-0.5500000000013827
2026-09-03 06:30:00,USDCHF,CHF,Inflation Rate,2.366,-1,60,10,-0.900000000000345,,2026-09-03 06:31:00.890000,2026-09-03 06:31:11.609000,60.89,10.719,0.7999999999996898,0.900000000000345,22,-0.05000000000032756
2026-09-03 06:30:00,USDCHF,CHF,Inflation Rate,2.366,-1,60,15,-0.900000000000345,,2026-09-03 06:31:00.890000,2026-09-03 06:31:15.936000,60.89,15.046,0.7999999999996898,0.7999999999996898,30,-0.10000000000065512
2026-09-03 06:30:00,USDCHF,CHF,Inflation Rate,2.366,-1,60,30,0.900000000000345,,2026-09-03 06:31:00.890000,2026-09-03 06:31:31.459000,60.89,30.569,0.7999999999996898,0.8999999999992347,67,1.7499999999992522
2026-09-03 06:30:00,USDCHF,CHF,Inflation Rate,2.366,-1,60,60,2.7999999999994696,,2026-09-03 06:31:00.890000,2026-09-03 06:32:01.415000,60.89,60.525,0.7999999999996898,0.900000000000345,129,3.649999999999487
2026-09-03 06:30:00,USDCHF,CHF,Inflation Rate,2.366,-1,60,120,10.499999999999954,,2026-09-03 06:31:00.890000,2026-09-03 06:33:01.115000,60.89,120.225,0.7999999999996898,0.5999999999994898,376,11.199999999998989
2026-09-03 06:30:00,USDCHF,CHF,Inflation Rate Mom,3.155,-1,0,5,3.7000000000009248,,2026-09-03 06:30:00.037000,2026-09-03 06:30:05.044000,0.037,5.007,0.5999999999994898,1.2999999999996348,50,4.650000000000487
2026-09-03 06:30:00,USDCHF,CHF,Inflation Rate Mom,3.155,-1,0,10,4.00000000000067,,2026-09-03 06:30:00.037000,2026-09-03 06:30:10.153000,0.037,10.116,0.5999999999994898,1.3999999999991797,82,5.0000000000005596
2026-09-03 06:30:00,USDCHF,CHF,Inflation Rate Mom,3.155,-1,0,15,5.800000000000249,,2026-09-03 06:30:00.037000,2026-09-03 06:30:15.072000,0.037,15.035,0.5999999999994898,0.49999999999994493,101,6.350000000000522
2026-09-03 06:30:00,USDCHF,CHF,Inflation Rate Mom,3.155,-1,0,30,6.700000000000594,,2026-09-03 06:30:00.037000,2026-09-03 06:30:30.365000,0.037,30.328,0.5999999999994898,0.5999999999994898,142,7.300000000000084
2026-09-03 06:30:00,USDCHF,CHF,Inflation Rate Mom,3.155,-1,0,60,6.4000000000008495,,2026-09-03 06:30:00.037000,2026-09-03 06:31:00.890000,0.037,60.853,0.5999999999994898,0.7999999999996898,212,7.100000000000994
2026-09-03 06:30:00,USDCHF,CHF,Inflation Rate Mom,3.155,-1,0,120,9.900000000000464,,2026-09-03 06:30:00.037000,2026-09-03 06:32:00.441000,0.037,120.404,0.5999999999994898,0.9999999999998899,338,10.700000000000154
2026-09-03 06:30:00,USDCHF,CHF,Inflation Rate Mom,3.155,-1,1,5,-0.40000000000040004,,2026-09-03 06:30:01.083000,2026-09-03 06:30:06.183000,1.083,5.1,1.300000000000745,1.40000000000029,49,0.9499999999995623
2026-09-03 06:30:00,USDCHF,CHF,Inflation Rate Mom,3.155,-1,1,10,0.3999999999992898,,2026-09-03 06:30:01.083000,2026-09-03 06:30:11.132000,1.083,10.049,1.300000000000745,1.40000000000029,77,1.7499999999992522
2026-09-03 06:30:00,USDCHF,CHF,Inflation Rate Mom,3.155,-1,1,15,1.7999999999995797,,2026-09-03 06:30:01.083000,2026-09-03 06:30:16.463000,1.083,15.38,1.300000000000745,0.9999999999998899,98,2.949999999999342
2026-09-03 06:30:00,USDCHF,CHF,Inflation Rate Mom,3.155,-1,1,30,2.4999999999997247,,2026-09-03 06:30:01.083000,2026-09-03 06:30:31.547000,1.083,30.464,1.300000000000745,0.900000000000345,134,3.5999999999991594
2026-09-03 06:30:00,USDCHF,CHF,Inflation Rate Mom,3.155,-1,1,60,1.9999999999997797,,2026-09-03 06:30:01.083000,2026-09-03 06:31:01.201000,1.083,60.118,1.300000000000745,1.0999999999994348,202,3.1999999999987594
2026-09-03 06:30:00,USDCHF,CHF,Inflation Rate Mom,3.155,-1,1,120,5.999999999999339,,2026-09-03 06:30:01.083000,2026-09-03 06:32:01.415000,1.083,120.332,1.300000000000745,0.900000000000345,329,7.099999999999884
2026-09-03 06:30:00,USDCHF,CHF,Inflation Rate Mom,3.155,-1,3,5,-3.4999999999996145,,2026-09-03 06:30:03.011000,2026-09-03 06:30:08.957000,3.011,5.946,1.3999999999991797,1.2000000000000899,48,-2.20000000000109
2026-09-03 06:30:00,USDCHF,CHF,Inflation Rate Mom,3.155,-1,3,10,-3.4000000000000696,,2026-09-03 06:30:03.011000,2026-09-03 06:30:14.909000,3.011,11.898,1.3999999999991797,1.2000000000000899,69,-2.100000000000435
2026-09-03 06:30:00,USDCHF,CHF,Inflation Rate Mom,3.155,-1,3,15,-1.5999999999993797,,2026-09-03 06:30:03.011000,2026-09-03 06:30:19.921000,3.011,16.91,1.3999999999991797,0.5999999999994898,84,-0.6000000000006
2026-09-03 06:30:00,USDCHF,CHF,Inflation Rate Mom,3.155,-1,3,30,-1.3999999999991797,,2026-09-03 06:30:03.011000,2026-09-03 06:30:33.334000,3.011,30.323,1.3999999999991797,0.7999999999996898,121,-0.2999999999997449
2026-09-03 06:30:00,USDCHF,CHF,Inflation Rate Mom,3.155,-1,3,60,-1.8999999999991246,,2026-09-03 06:30:03.011000,2026-09-03 06:31:03.067000,3.011,60.056,1.3999999999991797,0.7999999999996898,191,-0.8000000000008001
2026-09-03 06:30:00,USDCHF,CHF,Inflation Rate Mom,3.155,-1,3,120,4.00000000000067,,2026-09-03 06:30:03.011000,2026-09-03 06:32:03.490000,3.011,120.479,1.3999999999991797,0.7999999999996898,324,5.1000000000001044
2026-09-03 06:30:00,USDCHF,CHF,Inflation Rate Mom,3.155,-1,5,5,-0.9999999999998899,,2026-09-03 06:30:05.044000,2026-09-03 06:30:10.153000,5.044,5.109,1.2999999999996348,1.3999999999991797,32,0.3500000000000725
2026-09-03 06:30:00,USDCHF,CHF,Inflation Rate Mom,3.155,-1,5,10,0.7999999999996898,,2026-09-03 06:30:05.044000,2026-09-03 06:30:15.072000,5.044,10.028,1.2999999999996348,0.49999999999994493,51,1.7000000000000348
2026-09-03 06:30:00,USDCHF,CHF,Inflation Rate Mom,3.155,-1,5,15,0.7999999999996898,,2026-09-03 06:30:05.044000,2026-09-03 06:30:20.079000,5.044,15.035,1.2999999999996348,0.700000000000145,65,1.7999999999995797
2026-09-03 06:30:00,USDCHF,CHF,Inflation Rate Mom,3.155,-1,5,30,-0.20000000000020002,,2026-09-03 06:30:05.044000,2026-09-03 06:30:35.085000,5.044,30.041,1.2999999999996348,1.100000000000545,107,0.9999999999998899
2026-09-03 06:30:00,USDCHF,CHF,Inflation Rate Mom,3.155,-1,5,60,0.900000000000345,,2026-09-03 06:30:05.044000,2026-09-03 06:31:05.310000,5.044,60.266,1.2999999999996348,0.8999999999992347,174,1.9999999999997797
2026-09-03 06:30:00,USDCHF,CHF,Inflation Rate Mom,3.155,-1,5,120,7.000000000000339,,2026-09-03 06:30:05.044000,2026-09-03 06:32:05.644000,5.044,120.6,1.2999999999996348,0.8999999999992347,308,8.099999999999774
2026-09-03 06:30:00,USDCHF,CHF,Inflation Rate Mom,3.155,-1,10,5,0.900000000000345,,2026-09-03 06:30:10.153000,2026-09-03 06:30:15.178000,10.153,5.025,1.3999999999991797,0.6000000000006,21,1.8999999999991246
2026-09-03 06:30:00,USDCHF,CHF,Inflation Rate Mom,3.155,-1,10,10,0.5000000000010552,,2026-09-03 06:30:10.153000,2026-09-03 06:30:20.694000,10.153,10.541,1.3999999999991797,0.6999999999990347,34,1.5499999999990521
2026-09-03 06:30:00,USDCHF,CHF,Inflation Rate Mom,3.155,-1,10,15,0.900000000000345,,2026-09-03 06:30:10.153000,2026-09-03 06:30:25.415000,10.153,15.262,1.3999999999991797,0.900000000000345,49,2.0500000000001073
2026-09-03 06:30:00,USDCHF,CHF,Inflation Rate Mom,3.155,-1,10,30,0.0,,2026-09-03 06:30:10.153000,2026-09-03 06:30:40.675000,10.153,30.522,1.3999999999991797,0.8000000000008001,92,1.0999999999994348
2026-09-03 06:30:00,USDCHF,CHF,Inflation Rate Mom,3.155,-1,10,60,0.900000000000345,,2026-09-03 06:30:10.153000,2026-09-03 06:31:11.609000,10.153,61.456,1.3999999999991797,0.900000000000345,152,2.0500000000001073
2026-09-03 06:30:00,USDCHF,CHF,Inflation Rate Mom,3.155,-1,10,120,6.200000000000649,,2026-09-03 06:30:10.153000,2026-09-03 06:32:10.359000,10.153,120.206,1.3999999999991797,0.900000000000345,296,7.3499999999993015
2026-09-03 06:30:00,USDCHF,CHF,Inflation Rate Mom,3.155,-1,15,5,-0.49999999999994493,,2026-09-03 06:30:15.018000,2026-09-03 06:30:20.079000,15.018,5.061,0.700000000000145,0.700000000000145,15,0.20000000000020002
2026-09-03 06:30:00,USDCHF,CHF,Inflation Rate Mom,3.155,-1,15,10,0.20000000000020002,,2026-09-03 06:30:15.018000,2026-09-03 06:30:25.107000,15.018,10.089,0.700000000000145,0.9999999999998899,30,1.0500000000002174
2026-09-03 06:30:00,USDCHF,CHF,Inflation Rate Mom,3.155,-1,15,15,0.40000000000040004,,2026-09-03 06:30:15.018000,2026-09-03 06:30:30.365000,15.018,15.347,0.700000000000145,0.5999999999994898,42,1.0500000000002174
2026-09-03 06:30:00,USDCHF,CHF,Inflation Rate Mom,3.155,-1,15,30,-0.700000000000145,,2026-09-03 06:30:15.018000,2026-09-03 06:30:46.763000,15.018,31.745,0.700000000000145,0.900000000000345,81,0.10000000000065512
2026-09-03 06:30:00,USDCHF,CHF,Inflation Rate Mom,3.155,-1,15,60,-0.0999999999995449,,2026-09-03 06:30:15.018000,2026-09-03 06:31:15.729000,15.018,60.711,0.700000000000145,0.7999999999996898,141,0.6499999999998174
2026-09-03 06:30:00,USDCHF,CHF,Inflation Rate Mom,3.155,-1,15,120,6.000000000000449,,2026-09-03 06:30:15.018000,2026-09-03 06:32:15.069000,15.018,120.051,0.700000000000145,1.2000000000000899,295,6.950000000001122
2026-09-03 06:30:00,USDCHF,CHF,Inflation Rate Mom,3.155,-1,30,5,-2.4999999999997247,,2026-09-03 06:30:30.365000,2026-09-03 06:30:35.659000,30.365,5.294,0.5999999999994898,0.900000000000345,18,-1.7500000000003624
2026-09-03 06:30:00,USDCHF,CHF,Inflation Rate Mom,3.155,-1,30,10,-1.9000000000002348,,2026-09-03 06:30:30.365000,2026-09-03 06:30:40.675000,30.365,10.31,0.5999999999994898,0.8000000000008001,32,-1.2000000000000899
2026-09-03 06:30:00,USDCHF,CHF,Inflation Rate Mom,3.155,-1,30,15,-1.7000000000000348,,2026-09-03 06:30:30.365000,2026-09-03 06:30:46.763000,30.365,16.398,0.5999999999994898,0.900000000000345,39,-0.9499999999995623
2026-09-03 06:30:00,USDCHF,CHF,Inflation Rate Mom,3.155,-1,30,30,-0.8999999999992347,,2026-09-03 06:30:30.365000,2026-09-03 06:31:00.890000,30.365,30.525,0.5999999999994898,0.7999999999996898,70,-0.1999999999990898
2026-09-03 06:30:00,USDCHF,CHF,Inflation Rate Mom,3.155,-1,30,60,0.8000000000008001,,2026-09-03 06:30:30.365000,2026-09-03 06:31:31.459000,30.365,61.094,0.5999999999994898,0.8999999999992347,137,1.5500000000001624
2026-09-03 06:30:00,USDCHF,CHF,Inflation Rate Mom,3.155,-1,30,120,8.00000000000023,,2026-09-03 06:30:30.365000,2026-09-03 06:32:30.407000,30.365,120.042,0.5999999999994898,0.700000000000145,327,8.650000000000047
2026-09-03 06:30:00,USDCHF,CHF,Inflation Rate Mom,3.155,-1,60,5,-1.40000000000029,,2026-09-03 06:31:00.890000,2026-09-03 06:31:05.921000,60.89,5.031,0.7999999999996898,0.900000000000345,13,-0.5500000000013827
2026-09-03 06:30:00,USDCHF,CHF,Inflation Rate Mom,3.155,-1,60,10,-0.900000000000345,,2026-09-03 06:31:00.890000,2026-09-03 06:31:11.609000,60.89,10.719,0.7999999999996898,0.900000000000345,22,-0.05000000000032756
2026-09-03 06:30:00,USDCHF,CHF,Inflation Rate Mom,3.155,-1,60,15,-0.900000000000345,,2026-09-03 06:31:00.890000,2026-09-03 06:31:15.936000,60.89,15.046,0.7999999999996898,0.7999999999996898,30,-0.10000000000065512
2026-09-03 06:30:00,USDCHF,CHF,Inflation Rate Mom,3.155,-1,60,30,0.900000000000345,,2026-09-03 06:31:00.890000,2026-09-03 06:31:31.459000,60.89,30.569,0.7999999999996898,0.8999999999992347,67,1.7499999999992522
2026-09-03 06:30:00,USDCHF,CHF,Inflation Rate Mom,3.155,-1,60,60,2.7999999999994696,,2026-09-03 06:31:00.890000,2026-09-03 06:32:01.415000,60.89,60.525,0.7999999999996898,0.900000000000345,129,3.649999999999487
2026-09-03 06:30:00,USDCHF,CHF,Inflation Rate Mom,3.155,-1,60,120,10.499999999999954,,2026-09-03 06:31:00.890000,2026-09-03 06:33:01.115000,60.89,120.225,0.7999999999996898,0.5999999999994898,376,11.199999999998989
2026-09-04 09:00:00,EURUSD,EUR,Retail Sales MoM,-5.198,-1,0,5,-0.1999999999990898,,2026-09-04 09:00:00.074000,2026-09-04 09:00:05.942000,0.074,5.868,0.40000000000040004,0.40000000000040004,6,0.20000000000131024
2026-09-04 09:00:00,EURUSD,EUR,Retail Sales MoM,-5.198,-1,0,10,0.2999999999997449,,2026-09-04 09:00:00.074000,2026-09-04 09:00:12.526000,0.074,12.452,0.40000000000040004,0.40000000000040004,10,0.700000000000145
2026-09-04 09:00:00,EURUSD,EUR,Retail Sales MoM,-5.198,-1,0,15,0.5999999999994898,,2026-09-04 09:00:00.074000,2026-09-04 09:00:16.182000,0.074,16.108,0.40000000000040004,0.10000000000065512,11,0.8500000000011276
2026-09-04 09:00:00,EURUSD,EUR,Retail Sales MoM,-5.198,-1,0,30,0.10000000000065512,,2026-09-04 09:00:00.074000,2026-09-04 09:00:30.288000,0.074,30.214,0.40000000000040004,0.10000000000065512,32,0.3500000000022929
2026-09-04 09:00:00,EURUSD,EUR,Retail Sales MoM,-5.198,-1,0,60,1.2000000000012,,2026-09-04 09:00:00.074000,2026-09-04 09:01:01.357000,0.074,61.283,0.40000000000040004,0.2999999999997449,50,1.550000000003493
2026-09-04 09:00:00,EURUSD,EUR,Retail Sales MoM,-5.198,-1,0,120,1.2000000000012,,2026-09-04 09:00:00.074000,2026-09-04 09:02:00.284000,0.074,120.21,0.40000000000040004,0.1999999999990898,91,1.500000000000945
2026-09-04 09:00:00,EURUSD,EUR,Retail Sales MoM,-5.198,-1,1,5,0.10000000000065512,,2026-09-04 09:00:01.253000,2026-09-04 09:00:06.709000,1.253,5.456,0.10000000000065512,0.40000000000040004,4,0.3500000000022929
2026-09-04 09:00:00,EURUSD,EUR,Retail Sales MoM,-5.198,-1,1,10,0.2999999999997449,,2026-09-04 09:00:01.253000,2026-09-04 09:00:12.526000,1.253,11.273,0.10000000000065512,0.40000000000040004,6,0.5499999999991623
2026-09-04 09:00:00,EURUSD,EUR,Retail Sales MoM,-5.198,-1,1,15,0.5999999999994898,,2026-09-04 09:00:01.253000,2026-09-04 09:00:16.288000,1.253,15.035,0.10000000000065512,0.2999999999997449,8,0.7999999999985796
2026-09-04 09:00:00,EURUSD,EUR,Retail Sales MoM,-5.198,-1,1,30,0.0,,2026-09-04 09:00:01.253000,2026-09-04 09:00:31.600000,1.253,30.347,0.10000000000065512,0.40000000000040004,30,0.2500000000016378
2026-09-04 09:00:00,EURUSD,EUR,Retail Sales MoM,-5.198,-1,1,60,1.2000000000012,,2026-09-04 09:00:01.253000,2026-09-04 09:01:01.357000,1.253,60.104,0.10000000000065512,0.2999999999997449,46,1.4000000000025103
2026-09-04 09:00:00,EURUSD,EUR,Retail Sales MoM,-5.198,-1,1,120,0.9999999999998899,,2026-09-04 09:00:01.253000,2026-09-04 09:02:01.365000,1.253,120.112,0.10000000000065512,0.20000000000131024,90,1.1500000000008725
2026-09-04 09:00:00,EURUSD,EUR,Retail Sales MoM,-5.198,-1,3,5,0.1999999999990898,,2026-09-04 09:00:04.567000,2026-09-04 09:00:12.526000,4.567,7.959,0.40000000000040004,0.40000000000040004,5,0.5999999999994898
2026-09-04 09:00:00,EURUSD,EUR,Retail Sales MoM,-5.198,-1,3,10,0.4999999999988347,,2026-09-04 09:00:04.567000,2026-09-04 09:00:16.182000,4.567,11.615,0.40000000000040004,0.10000000000065512,6,0.7500000000004725
2026-09-04 09:00:00,EURUSD,EUR,Retail Sales MoM,-5.198,-1,3,15,0.5999999999994898,,2026-09-04 09:00:04.567000,2026-09-04 09:00:19.675000,4.567,15.108,0.40000000000040004,0.10000000000065512,18,0.8500000000011276
2026-09-04 09:00:00,EURUSD,EUR,Retail Sales MoM,-5.198,-1,3,30,0.0,,2026-09-04 09:00:04.567000,2026-09-04 09:00:38.621000,4.567,34.054,0.40000000000040004,0.1999999999990898,31,0.30000000000196536
2026-09-04 09:00:00,EURUSD,EUR,Retail Sales MoM,-5.198,-1,3,60,1.100000000000545,,2026-09-04 09:00:04.567000,2026-09-04 09:01:06.201000,4.567,61.634,0.40000000000040004,0.1999999999990898,50,1.40000000000029
2026-09-04 09:00:00,EURUSD,EUR,Retail Sales MoM,-5.198,-1,3,120,0.8999999999992347,,2026-09-04 09:00:04.567000,2026-09-04 09:02:06.976000,4.567,122.409,0.40000000000040004,0.20000000000131024,91,1.2000000000012
2026-09-04 09:00:00,EURUSD,EUR,Retail Sales MoM,-5.198,-1,5,5,0.09999999999843467,,2026-09-04 09:00:05.942000,2026-09-04 09:00:12.526000,5.942,6.584,0.40000000000040004,0.40000000000040004,4,0.4999999999988347
2026-09-04 09:00:00,EURUSD,EUR,Retail Sales MoM,-5.198,-1,5,10,0.3999999999981796,,2026-09-04 09:00:05.942000,2026-09-04 09:00:16.182000,5.942,10.24,0.40000000000040004,0.10000000000065512,5,0.6499999999998174
2026-09-04 09:00:00,EURUSD,EUR,Retail Sales MoM,-5.198,-1,5,15,0.1999999999990898,,2026-09-04 09:00:05.942000,2026-09-04 09:00:23.162000,5.942,17.22,0.40000000000040004,0.10000000000065512,20,0.4500000000007276
2026-09-04 09:00:00,EURUSD,EUR,Retail Sales MoM,-5.198,-1,5,30,-0.10000000000065512,,2026-09-04 09:00:05.942000,2026-09-04 09:00:38.621000,5.942,32.679,0.40000000000040004,0.1999999999990898,30,0.20000000000131024
2026-09-04 09:00:00,EURUSD,EUR,Retail Sales MoM,-5.198,-1,5,60,0.9999999999998899,,2026-09-04 09:00:05.942000,2026-09-04 09:01:06.201000,5.942,60.259,0.40000000000040004,0.1999999999990898,49,1.2999999999996348
2026-09-04 09:00:00,EURUSD,EUR,Retail Sales MoM,-5.198,-1,5,120,0.7999999999985796,,2026-09-04 09:00:05.942000,2026-09-04 09:02:06.976000,5.942,121.034,0.40000000000040004,0.20000000000131024,90,1.100000000000545
2026-09-04 09:00:00,EURUSD,EUR,Retail Sales MoM,-5.198,-1,10,5,0.0,,2026-09-04 09:00:12.526000,2026-09-04 09:00:18.194000,12.526,5.668,0.40000000000040004,0.2999999999997449,11,0.3500000000000725
2026-09-04 09:00:00,EURUSD,EUR,Retail Sales MoM,-5.198,-1,10,10,-0.2999999999997449,,2026-09-04 09:00:12.526000,2026-09-04 09:00:23.162000,12.526,10.636,0.40000000000040004,0.10000000000065512,16,-0.049999999998107114
2026-09-04 09:00:00,EURUSD,EUR,Retail Sales MoM,-5.198,-1,10,15,-0.4999999999988347,,2026-09-04 09:00:12.526000,2026-09-04 09:00:27.956000,12.526,15.43,0.40000000000040004,0.1999999999990898,19,-0.19999999999686935
2026-09-04 09:00:00,EURUSD,EUR,Retail Sales MoM,-5.198,-1,10,30,0.40000000000040004,,2026-09-04 09:00:12.526000,2026-09-04 09:00:46.203000,12.526,33.677,0.40000000000040004,0.2999999999997449,35,0.750000000002693
2026-09-04 09:00:00,EURUSD,EUR,Retail Sales MoM,-5.198,-1,10,60,0.700000000000145,,2026-09-04 09:00:12.526000,2026-09-04 09:01:12.976000,12.526,60.45,0.40000000000040004,0.2999999999997449,52,1.0500000000002174
2026-09-04 09:00:00,EURUSD,EUR,Retail Sales MoM,-5.198,-1,10,120,0.40000000000040004,,2026-09-04 09:00:12.526000,2026-09-04 09:02:13.539000,12.526,121.013,0.40000000000040004,0.1999999999990898,90,0.700000000000145
2026-09-04 09:00:00,EURUSD,EUR,Retail Sales MoM,-5.198,-1,15,5,-0.2999999999997449,,2026-09-04 09:00:16.182000,2026-09-04 09:00:23.162000,16.182,6.98,0.10000000000065512,0.10000000000065512,15,-0.1999999999990898
2026-09-04 09:00:00,EURUSD,EUR,Retail Sales MoM,-5.198,-1,15,10,-0.4999999999988347,,2026-09-04 09:00:16.182000,2026-09-04 09:00:27.956000,16.182,11.774,0.10000000000065512,0.1999999999990898,18,-0.34999999999785203
2026-09-04 09:00:00,EURUSD,EUR,Retail Sales MoM,-5.198,-1,15,15,-0.700000000000145,,2026-09-04 09:00:16.182000,2026-09-04 09:00:31.600000,16.182,15.418,0.10000000000065512,0.40000000000040004,23,-0.44999999999850715
2026-09-04 09:00:00,EURUSD,EUR,Retail Sales MoM,-5.198,-1,15,30,0.40000000000040004,,2026-09-04 09:00:16.182000,2026-09-04 09:00:46.203000,16.182,30.021,0.10000000000065512,0.2999999999997449,34,0.6000000000017103
2026-09-04 09:00:00,EURUSD,EUR,Retail Sales MoM,-5.198,-1,15,60,0.8000000000008001,,2026-09-04 09:00:16.182000,2026-09-04 09:01:16.423000,16.182,60.241,0.10000000000065512,0.1999999999990898,54,0.9500000000017828
2026-09-04 09:00:00,EURUSD,EUR,Retail Sales MoM,-5.198,-1,15,120,0.2999999999997449,,2026-09-04 09:00:16.182000,2026-09-04 09:02:17.108000,16.182,120.926,0.10000000000065512,0.20000000000131024,93,0.4500000000007276
2026-09-04 09:00:00,EURUSD,EUR,Retail Sales MoM,-5.198,-1,30,5,-0.10000000000065512,,2026-09-04 09:00:30.288000,2026-09-04 09:00:38.621000,30.288,8.333,0.10000000000065512,0.1999999999990898,4,0.05000000000032756
2026-09-04 09:00:00,EURUSD,EUR,Retail Sales MoM,-5.198,-1,30,10,0.1999999999990898,,2026-09-04 09:00:30.288000,2026-09-04 09:00:40.486000,30.288,10.198,0.10000000000065512,0.2999999999997449,5,0.40000000000040004
2026-09-04 09:00:00,EURUSD,EUR,Retail Sales MoM,-5.198,-1,30,15,0.8999999999992347,,2026-09-04 09:00:30.288000,2026-09-04 09:00:46.203000,30.288,15.915,0.10000000000065512,0.2999999999997449,13,1.100000000000545
2026-09-04 09:00:00,EURUSD,EUR,Retail Sales MoM,-5.198,-1,30,30,0.9999999999998899,,2026-09-04 09:00:30.288000,2026-09-04 09:01:01.357000,30.288,31.069,0.10000000000065512,0.2999999999997449,18,1.2000000000012
2026-09-04 09:00:00,EURUSD,EUR,Retail Sales MoM,-5.198,-1,30,60,0.3999999999981796,,2026-09-04 09:00:30.288000,2026-09-04 09:01:31.393000,30.288,61.105,0.10000000000065512,0.20000000000131024,46,0.5499999999991623
2026-09-04 09:00:00,EURUSD,EUR,Retail Sales MoM,-5.198,-1,30,120,-0.20000000000131024,,2026-09-04 09:00:30.288000,2026-09-04 09:02:31.731000,30.288,121.443,0.10000000000065512,0.2999999999997449,92,-2.220446049250313e-12
2026-09-04 09:00:00,EURUSD,EUR,Retail Sales MoM,-5.198,-1,60,5,-0.2999999999997449,,2026-09-04 09:01:01.357000,2026-09-04 09:01:07.667000,61.357,6.31,0.2999999999997449,0.2999999999997449,6,-0.0
2026-09-04 09:00:00,EURUSD,EUR,Retail Sales MoM,-5.198,-1,60,10,-0.10000000000065512,,2026-09-04 09:01:01.357000,2026-09-04 09:01:12.976000,61.357,11.619,0.2999999999997449,0.2999999999997449,12,0.19999999999686935
2026-09-04 09:00:00,EURUSD,EUR,Retail Sales MoM,-5.198,-1,60,15,0.0,,2026-09-04 09:01:01.357000,2026-09-04 09:01:16.423000,61.357,15.066,0.2999999999997449,0.1999999999990898,15,0.24999999999941735
2026-09-04 09:00:00,EURUSD,EUR,Retail Sales MoM,-5.198,-1,60,30,-0.9000000000014552,,2026-09-04 09:01:01.357000,2026-09-04 09:01:31.393000,61.357,30.036,0.2999999999997449,0.20000000000131024,28,-0.6500000000020378
2026-09-04 09:00:00,EURUSD,EUR,Retail Sales MoM,-5.198,-1,60,60,-0.5000000000010552,,2026-09-04 09:01:01.357000,2026-09-04 09:02:01.365000,61.357,60.008,0.2999999999997449,0.20000000000131024,44,-0.2500000000016378
2026-09-04 09:00:00,EURUSD,EUR,Retail Sales MoM,-5.198,-1,60,120,-1.2999999999996348,,2026-09-04 09:01:01.357000,2026-09-04 09:03:08.533000,61.357,127.176,0.2999999999997449,0.1999999999990898,93,-1.0500000000002174
2026-09-04 09:00:00,EURUSD,EUR,Retail Sales YoY,-1.031,-1,0,5,-0.1999999999990898,,2026-09-04 09:00:00.074000,2026-09-04 09:00:05.942000,0.074,5.868,0.40000000000040004,0.40000000000040004,6,0.20000000000131024
2026-09-04 09:00:00,EURUSD,EUR,Retail Sales YoY,-1.031,-1,0,10,0.2999999999997449,,2026-09-04 09:00:00.074000,2026-09-04 09:00:12.526000,0.074,12.452,0.40000000000040004,0.40000000000040004,10,0.700000000000145
2026-09-04 09:00:00,EURUSD,EUR,Retail Sales YoY,-1.031,-1,0,15,0.5999999999994898,,2026-09-04 09:00:00.074000,2026-09-04 09:00:16.182000,0.074,16.108,0.40000000000040004,0.10000000000065512,11,0.8500000000011276
2026-09-04 09:00:00,EURUSD,EUR,Retail Sales YoY,-1.031,-1,0,30,0.10000000000065512,,2026-09-04 09:00:00.074000,2026-09-04 09:00:30.288000,0.074,30.214,0.40000000000040004,0.10000000000065512,32,0.3500000000022929
2026-09-04 09:00:00,EURUSD,EUR,Retail Sales YoY,-1.031,-1,0,60,1.2000000000012,,2026-09-04 09:00:00.074000,2026-09-04 09:01:01.357000,0.074,61.283,0.40000000000040004,0.2999999999997449,50,1.550000000003493
2026-09-04 09:00:00,EURUSD,EUR,Retail Sales YoY,-1.031,-1,0,120,1.2000000000012,,2026-09-04 09:00:00.074000,2026-09-04 09:02:00.284000,0.074,120.21,0.40000000000040004,0.1999999999990898,91,1.500000000000945
2026-09-04 09:00:00,EURUSD,EUR,Retail Sales YoY,-1.031,-1,1,5,0.10000000000065512,,2026-09-04 09:00:01.253000,2026-09-04 09:00:06.709000,1.253,5.456,0.10000000000065512,0.40000000000040004,4,0.3500000000022929
2026-09-04 09:00:00,EURUSD,EUR,Retail Sales YoY,-1.031,-1,1,10,0.2999999999997449,,2026-09-04 09:00:01.253000,2026-09-04 09:00:12.526000,1.253,11.273,0.10000000000065512,0.40000000000040004,6,0.5499999999991623
2026-09-04 09:00:00,EURUSD,EUR,Retail Sales YoY,-1.031,-1,1,15,0.5999999999994898,,2026-09-04 09:00:01.253000,2026-09-04 09:00:16.288000,1.253,15.035,0.10000000000065512,0.2999999999997449,8,0.7999999999985796
2026-09-04 09:00:00,EURUSD,EUR,Retail Sales YoY,-1.031,-1,1,30,0.0,,2026-09-04 09:00:01.253000,2026-09-04 09:00:31.600000,1.253,30.347,0.10000000000065512,0.40000000000040004,30,0.2500000000016378
2026-09-04 09:00:00,EURUSD,EUR,Retail Sales YoY,-1.031,-1,1,60,1.2000000000012,,2026-09-04 09:00:01.253000,2026-09-04 09:01:01.357000,1.253,60.104,0.10000000000065512,0.2999999999997449,46,1.4000000000025103
2026-09-04 09:00:00,EURUSD,EUR,Retail Sales YoY,-1.031,-1,1,120,0.9999999999998899,,2026-09-04 09:00:01.253000,2026-09-04 09:02:01.365000,1.253,120.112,0.10000000000065512,0.20000000000131024,90,1.1500000000008725
2026-09-04 09:00:00,EURUSD,EUR,Retail Sales YoY,-1.031,-1,3,5,0.1999999999990898,,2026-09-04 09:00:04.567000,2026-09-04 09:00:12.526000,4.567,7.959,0.40000000000040004,0.40000000000040004,5,0.5999999999994898
2026-09-04 09:00:00,EURUSD,EUR,Retail Sales YoY,-1.031,-1,3,10,0.4999999999988347,,2026-09-04 09:00:04.567000,2026-09-04 09:00:16.182000,4.567,11.615,0.40000000000040004,0.10000000000065512,6,0.7500000000004725
2026-09-04 09:00:00,EURUSD,EUR,Retail Sales YoY,-1.031,-1,3,15,0.5999999999994898,,2026-09-04 09:00:04.567000,2026-09-04 09:00:19.675000,4.567,15.108,0.40000000000040004,0.10000000000065512,18,0.8500000000011276
2026-09-04 09:00:00,EURUSD,EUR,Retail Sales YoY,-1.031,-1,3,30,0.0,,2026-09-04 09:00:04.567000,2026-09-04 09:00:38.621000,4.567,34.054,0.40000000000040004,0.1999999999990898,31,0.30000000000196536
2026-09-04 09:00:00,EURUSD,EUR,Retail Sales YoY,-1.031,-1,3,60,1.100000000000545,,2026-09-04 09:00:04.567000,2026-09-04 09:01:06.201000,4.567,61.634,0.40000000000040004,0.1999999999990898,50,1.40000000000029
2026-09-04 09:00:00,EURUSD,EUR,Retail Sales YoY,-1.031,-1,3,120,0.8999999999992347,,2026-09-04 09:00:04.567000,2026-09-04 09:02:06.976000,4.567,122.409,0.40000000000040004,0.20000000000131024,91,1.2000000000012
2026-09-04 09:00:00,EURUSD,EUR,Retail Sales YoY,-1.031,-1,5,5,0.09999999999843467,,2026-09-04 09:00:05.942000,2026-09-04 09:00:12.526000,5.942,6.584,0.40000000000040004,0.40000000000040004,4,0.4999999999988347
2026-09-04 09:00:00,EURUSD,EUR,Retail Sales YoY,-1.031,-1,5,10,0.3999999999981796,,2026-09-04 09:00:05.942000,2026-09-04 09:00:16.182000,5.942,10.24,0.40000000000040004,0.10000000000065512,5,0.6499999999998174
2026-09-04 09:00:00,EURUSD,EUR,Retail Sales YoY,-1.031,-1,5,15,0.1999999999990898,,2026-09-04 09:00:05.942000,2026-09-04 09:00:23.162000,5.942,17.22,0.40000000000040004,0.10000000000065512,20,0.4500000000007276
2026-09-04 09:00:00,EURUSD,EUR,Retail Sales YoY,-1.031,-1,5,30,-0.10000000000065512,,2026-09-04 09:00:05.942000,2026-09-04 09:00:38.621000,5.942,32.679,0.40000000000040004,0.1999999999990898,30,0.20000000000131024
2026-09-04 09:00:00,EURUSD,EUR,Retail Sales YoY,-1.031,-1,5,60,0.9999999999998899,,2026-09-04 09:00:05.942000,2026-09-04 09:01:06.201000,5.942,60.259,0.40000000000040004,0.1999999999990898,49,1.2999999999996348
2026-09-04 09:00:00,EURUSD,EUR,Retail Sales YoY,-1.031,-1,5,120,0.7999999999985796,,2026-09-04 09:00:05.942000,2026-09-04 09:02:06.976000,5.942,121.034,0.40000000000040004,0.20000000000131024,90,1.100000000000545
2026-09-04 09:00:00,EURUSD,EUR,Retail Sales YoY,-1.031,-1,10,5,0.0,,2026-09-04 09:00:12.526000,2026-09-04 09:00:18.194000,12.526,5.668,0.40000000000040004,0.2999999999997449,11,0.3500000000000725
2026-09-04 09:00:00,EURUSD,EUR,Retail Sales YoY,-1.031,-1,10,10,-0.2999999999997449,,2026-09-04 09:00:12.526000,2026-09-04 09:00:23.162000,12.526,10.636,0.40000000000040004,0.10000000000065512,16,-0.049999999998107114
2026-09-04 09:00:00,EURUSD,EUR,Retail Sales YoY,-1.031,-1,10,15,-0.4999999999988347,,2026-09-04 09:00:12.526000,2026-09-04 09:00:27.956000,12.526,15.43,0.40000000000040004,0.1999999999990898,19,-0.19999999999686935
2026-09-04 09:00:00,EURUSD,EUR,Retail Sales YoY,-1.031,-1,10,30,0.40000000000040004,,2026-09-04 09:00:12.526000,2026-09-04 09:00:46.203000,12.526,33.677,0.40000000000040004,0.2999999999997449,35,0.750000000002693
2026-09-04 09:00:00,EURUSD,EUR,Retail Sales YoY,-1.031,-1,10,60,0.700000000000145,,2026-09-04 09:00:12.526000,2026-09-04 09:01:12.976000,12.526,60.45,0.40000000000040004,0.2999999999997449,52,1.0500000000002174
2026-09-04 09:00:00,EURUSD,EUR,Retail Sales YoY,-1.031,-1,10,120,0.40000000000040004,,2026-09-04 09:00:12.526000,2026-09-04 09:02:13.539000,12.526,121.013,0.40000000000040004,0.1999999999990898,90,0.700000000000145
2026-09-04 09:00:00,EURUSD,EUR,Retail Sales YoY,-1.031,-1,15,5,-0.2999999999997449,,2026-09-04 09:00:16.182000,2026-09-04 09:00:23.162000,16.182,6.98,0.10000000000065512,0.10000000000065512,15,-0.1999999999990898
2026-09-04 09:00:00,EURUSD,EUR,Retail Sales YoY,-1.031,-1,15,10,-0.4999999999988347,,2026-09-04 09:00:16.182000,2026-09-04 09:00:27.956000,16.182,11.774,0.10000000000065512,0.1999999999990898,18,-0.34999999999785203
2026-09-04 09:00:00,EURUSD,EUR,Retail Sales YoY,-1.031,-1,15,15,-0.700000000000145,,2026-09-04 09:00:16.182000,2026-09-04 09:00:31.600000,16.182,15.418,0.10000000000065512,0.40000000000040004,23,-0.44999999999850715
2026-09-04 09:00:00,EURUSD,EUR,Retail Sales YoY,-1.031,-1,15,30,0.40000000000040004,,2026-09-04 09:00:16.182000,2026-09-04 09:00:46.203000,16.182,30.021,0.10000000000065512,0.2999999999997449,34,0.6000000000017103
2026-09-04 09:00:00,EURUSD,EUR,Retail Sales YoY,-1.031,-1,15,60,0.8000000000008001,,2026-09-04 09:00:16.182000,2026-09-04 09:01:16.423000,16.182,60.241,0.10000000000065512,0.1999999999990898,54,0.9500000000017828
2026-09-04 09:00:00,EURUSD,EUR,Retail Sales YoY,-1.031,-1,15,120,0.2999999999997449,,2026-09-04 09:00:16.182000,2026-09-04 09:02:17.108000,16.182,120.926,0.10000000000065512,0.20000000000131024,93,0.4500000000007276
2026-09-04 09:00:00,EURUSD,EUR,Retail Sales YoY,-1.031,-1,30,5,-0.10000000000065512,,2026-09-04 09:00:30.288000,2026-09-04 09:00:38.621000,30.288,8.333,0.10000000000065512,0.1999999999990898,4,0.05000000000032756
2026-09-04 09:00:00,EURUSD,EUR,Retail Sales YoY,-1.031,-1,30,10,0.1999999999990898,,2026-09-04 09:00:30.288000,2026-09-04 09:00:40.486000,30.288,10.198,0.10000000000065512,0.2999999999997449,5,0.40000000000040004
2026-09-04 09:00:00,EURUSD,EUR,Retail Sales YoY,-1.031,-1,30,15,0.8999999999992347,,2026-09-04 09:00:30.288000,2026-09-04 09:00:46.203000,30.288,15.915,0.10000000000065512,0.2999999999997449,13,1.100000000000545
2026-09-04 09:00:00,EURUSD,EUR,Retail Sales YoY,-1.031,-1,30,30,0.9999999999998899,,2026-09-04 09:00:30.288000,2026-09-04 09:01:01.357000,30.288,31.069,0.10000000000065512,0.2999999999997449,18,1.2000000000012
2026-09-04 09:00:00,EURUSD,EUR,Retail Sales YoY,-1.031,-1,30,60,0.3999999999981796,,2026-09-04 09:00:30.288000,2026-09-04 09:01:31.393000,30.288,61.105,0.10000000000065512,0.20000000000131024,46,0.5499999999991623
2026-09-04 09:00:00,EURUSD,EUR,Retail Sales YoY,-1.031,-1,30,120,-0.20000000000131024,,2026-09-04 09:00:30.288000,2026-09-04 09:02:31.731000,30.288,121.443,0.10000000000065512,0.2999999999997449,92,-2.220446049250313e-12
2026-09-04 09:00:00,EURUSD,EUR,Retail Sales YoY,-1.031,-1,60,5,-0.2999999999997449,,2026-09-04 09:01:01.357000,2026-09-04 09:01:07.667000,61.357,6.31,0.2999999999997449,0.2999999999997449,6,-0.0
2026-09-04 09:00:00,EURUSD,EUR,Retail Sales YoY,-1.031,-1,60,10,-0.10000000000065512,,2026-09-04 09:01:01.357000,2026-09-04 09:01:12.976000,61.357,11.619,0.2999999999997449,0.2999999999997449,12,0.19999999999686935
2026-09-04 09:00:00,EURUSD,EUR,Retail Sales YoY,-1.031,-1,60,15,0.0,,2026-09-04 09:01:01.357000,2026-09-04 09:01:16.423000,61.357,15.066,0.2999999999997449,0.1999999999990898,15,0.24999999999941735
2026-09-04 09:00:00,EURUSD,EUR,Retail Sales YoY,-1.031,-1,60,30,-0.9000000000014552,,2026-09-04 09:01:01.357000,2026-09-04 09:01:31.393000,61.357,30.036,0.2999999999997449,0.20000000000131024,28,-0.6500000000020378
2026-09-04 09:00:00,EURUSD,EUR,Retail Sales YoY,-1.031,-1,60,60,-0.5000000000010552,,2026-09-04 09:01:01.357000,2026-09-04 09:02:01.365000,61.357,60.008,0.2999999999997449,0.20000000000131024,44,-0.2500000000016378
2026-09-04 09:00:00,EURUSD,EUR,Retail Sales YoY,-1.031,-1,60,120,-1.2999999999996348,,2026-09-04 09:01:01.357000,2026-09-04 09:03:08.533000,61.357,127.176,0.2999999999997449,0.1999999999990898,93,-1.0500000000002174
2026-09-04 12:30:00,EURUSD,USD,Non Farm Payrolls,1.516,-1,0,5,33.0000000000008,,2026-09-04 12:30:00.023000,2026-09-04 12:30:05.066000,0.023,5.043,0.9999999999998899,2.4000000000001798,65,34.70000000000084
2026-09-04 12:30:00,EURUSD,USD,Non Farm Payrolls,1.516,-1,0,10,37.30000000000011,,2026-09-04 12:30:00.023000,2026-09-04 12:30:10.067000,0.023,10.044,0.9999999999998899,1.100000000000545,125,38.35000000000033
2026-09-04 12:30:00,EURUSD,USD,Non Farm Payrolls,1.516,-1,0,15,32.49999999999975,,2026-09-04 12:30:00.023000,2026-09-04 12:30:15.031000,0.023,15.008,0.9999999999998899,0.700000000000145,187,33.350000000000875
2026-09-04 12:30:00,EURUSD,USD,Non Farm Payrolls,1.516,-1,0,30,27.900000000000702,,2026-09-04 12:30:00.023000,2026-09-04 12:30:30.088000,0.023,30.065,0.9999999999998899,0.5000000000010552,363,28.650000000003395
2026-09-04 12:30:00,EURUSD,USD,Non Farm Payrolls,1.516,-1,0,60,36.89999999999971,,2026-09-04 12:30:00.023000,2026-09-04 12:31:00.097000,0.023,60.074,0.9999999999998899,0.700000000000145,683,37.75000000000084
2026-09-04 12:30:00,EURUSD,USD,Non Farm Payrolls,1.516,-1,0,120,38.000000000000256,,2026-09-04 12:30:00.023000,2026-09-04 12:32:00.126000,0.023,120.103,0.9999999999998899,0.5000000000010552,1195,38.75000000000295
2026-09-04 12:30:00,EURUSD,USD,Non Farm Payrolls,1.516,-1,1,5,32.79999999999949,,2026-09-04 12:30:01.055000,2026-09-04 12:30:06.149000,1.055,5.094,2.900000000001235,0.2999999999997449,67,34.399999999998876
2026-09-04 12:30:00,EURUSD,USD,Non Farm Payrolls,1.516,-1,1,10,32.59999999999818,,2026-09-04 12:30:01.055000,2026-09-04 12:30:11.126000,1.055,10.071,2.900000000001235,0.40000000000040004,126,34.250000000000114
2026-09-04 12:30:00,EURUSD,USD,Non Farm Payrolls,1.516,-1,1,15,28.799999999999937,,2026-09-04 12:30:01.055000,2026-09-04 12:30:16.141000,1.055,15.086,2.900000000001235,0.4999999999988347,192,30.49999999999997
2026-09-04 12:30:00,EURUSD,USD,Non Farm Payrolls,1.516,-1,1,30,25.799999999998047,,2026-09-04 12:30:01.055000,2026-09-04 12:30:31.127000,1.055,30.072,2.900000000001235,0.8000000000008001,362,27.649999999999064
2026-09-04 12:30:00,EURUSD,USD,Non Farm Payrolls,1.516,-1,1,60,34.59999999999796,,2026-09-04 12:30:01.055000,2026-09-04 12:31:01.153000,1.055,60.098,2.900000000001235,0.20000000000131024,685,36.14999999999924
2026-09-04 12:30:00,EURUSD,USD,Non Farm Payrolls,1.516,-1,1,120,35.29999999999811,,2026-09-04 12:30:01.055000,2026-09-04 12:32:01.073000,1.055,120.018,2.900000000001235,0.30000000000196536,1195,36.89999999999971
2026-09-04 12:30:00,EURUSD,USD,Non Farm Payrolls,1.516,-1,3,5,2.1999999999988695,,2026-09-04 12:30:03.025000,2026-09-04 12:30:08.082000,3.025,5.057,2.300000000001745,1.2999999999996348,64,3.9999999999995595
2026-09-04 12:30:00,EURUSD,USD,Non Farm Payrolls,1.516,-1,3,10,-1.40000000000029,,2026-09-04 12:30:03.025000,2026-09-04 12:30:13.129000,3.025,10.104,2.300000000001745,1.4999999999987246,127,0.4999999999988347
2026-09-04 12:30:00,EURUSD,USD,Non Farm Payrolls,1.516,-1,3,15,-4.100000000000215,,2026-09-04 12:30:03.025000,2026-09-04 12:30:18.090000,3.025,15.065,2.300000000001745,0.1999999999990898,193,-2.849999999998687
2026-09-04 12:30:00,EURUSD,USD,Non Farm Payrolls,1.516,-1,3,30,-6.6000000000010495,,2026-09-04 12:30:03.025000,2026-09-04 12:30:33.109000,3.025,30.084,2.300000000001745,0.2999999999997449,355,-5.299999999999194
2026-09-04 12:30:00,EURUSD,USD,Non Farm Payrolls,1.516,-1,3,60,1.7000000000000348,,2026-09-04 12:30:03.025000,2026-09-04 12:31:03.122000,3.025,60.097,2.300000000001745,0.09999999999843467,678,2.900000000001235
2026-09-04 12:30:00,EURUSD,USD,Non Farm Payrolls,1.516,-1,3,120,1.3999999999980695,,2026-09-04 12:30:03.025000,2026-09-04 12:32:03.074000,3.025,120.049,2.300000000001745,0.40000000000040004,1189,2.749999999998032
2026-09-04 12:30:00,EURUSD,USD,Non Farm Payrolls,1.516,-1,5,5,1.8999999999991246,,2026-09-04 12:30:05.014000,2026-09-04 12:30:10.067000,5.014,5.053,2.6999999999999247,1.100000000000545,61,3.7999999999982492
2026-09-04 12:30:00,EURUSD,USD,Non Farm Payrolls,1.516,-1,5,10,-2.900000000001235,,2026-09-04 12:30:05.014000,2026-09-04 12:30:15.031000,5.014,10.017,2.6999999999999247,0.700000000000145,123,-1.2000000000012
2026-09-04 12:30:00,EURUSD,USD,Non Farm Payrolls,1.516,-1,5,15,-5.20000000000076,,2026-09-04 12:30:05.014000,2026-09-04 12:30:20.053000,5.014,15.039,2.6999999999999247,0.9999999999998899,182,-3.3500000000019625
2026-09-04 12:30:00,EURUSD,USD,Non Farm Payrolls,1.516,-1,5,30,-8.699999999999264,,2026-09-04 12:30:05.014000,2026-09-04 12:30:35.069000,5.014,30.055,2.6999999999999247,0.2999999999997449,353,-7.199999999998319
2026-09-04 12:30:00,EURUSD,USD,Non Farm Payrolls,1.516,-1,5,60,2.100000000000435,,2026-09-04 12:30:05.014000,2026-09-04 12:31:05.044000,5.014,60.03,2.6999999999999247,0.40000000000040004,673,3.649999999999487
2026-09-04 12:30:00,EURUSD,USD,Non Farm Payrolls,1.516,-1,5,120,1.40000000000029,,2026-09-04 12:30:05.014000,2026-09-04 12:32:05.370000,5.014,120.356,2.6999999999999247,0.4999999999988347,1178,2.9999999999996696
2026-09-04 12:30:00,EURUSD,USD,Non Farm Payrolls,1.516,-1,10,5,-5.699999999999594,,2026-09-04 12:30:10.067000,2026-09-04 12:30:15.135000,10.067,5.068,1.100000000000545,0.5999999999994898,63,-4.849999999998467
2026-09-04 12:30:00,EURUSD,USD,Non Farm Payrolls,1.516,-1,10,10,-7.699999999999374,,2026-09-04 12:30:10.067000,2026-09-04 12:30:20.259000,10.067,10.192,1.100000000000545,0.700000000000145,122,-6.799999999997919
2026-09-04 12:30:00,EURUSD,USD,Non Farm Payrolls,1.516,-1,10,15,-9.200000000000319,,2026-09-04 12:30:10.067000,2026-09-04 12:30:25.107000,10.067,15.04,1.100000000000545,0.9999999999998899,177,-8.149999999997881
2026-09-04 12:30:00,EURUSD,USD,Non Farm Payrolls,1.516,-1,10,30,-8.399999999999519,,2026-09-04 12:30:10.067000,2026-09-04 12:30:40.076000,10.067,30.009,1.100000000000545,0.5999999999994898,355,-7.549999999998391
2026-09-04 12:30:00,EURUSD,USD,Non Farm Payrolls,1.516,-1,10,60,0.5000000000010552,,2026-09-04 12:30:10.067000,2026-09-04 12:31:10.149000,10.067,60.082,1.100000000000545,0.2999999999997449,665,1.2000000000034206
2026-09-04 12:30:00,EURUSD,USD,Non Farm Payrolls,1.516,-1,10,120,-1.80000000000069,,2026-09-04 12:30:10.067000,2026-09-04 12:32:10.106000,10.067,120.039,1.100000000000545,0.2999999999997449,1155,-1.0999999999983245
2026-09-04 12:30:00,EURUSD,USD,Non Farm Payrolls,1.516,-1,15,5,-2.9999999999996696,,2026-09-04 12:30:15.031000,2026-09-04 12:30:20.053000,15.031,5.022,0.700000000000145,0.9999999999998899,59,-2.1500000000007624
2026-09-04 12:30:00,EURUSD,USD,Non Farm Payrolls,1.516,-1,15,10,-3.9999999999995595,,2026-09-04 12:30:15.031000,2026-09-04 12:30:25.107000,15.031,10.076,0.700000000000145,0.9999999999998899,115,-3.149999999998432
2026-09-04 12:30:00,EURUSD,USD,Non Farm Payrolls,1.516,-1,15,15,-5.299999999999194,,2026-09-04 12:30:15.031000,2026-09-04 12:30:30.088000,15.031,15.057,0.700000000000145,0.5000000000010552,176,-4.699999999997484
2026-09-04 12:30:00,EURUSD,USD,Non Farm Payrolls,1.516,-1,15,30,-1.5999999999993797,,2026-09-04 12:30:15.031000,2026-09-04 12:30:45.040000,15.031,30.009,0.700000000000145,0.5000000000010552,353,-0.9999999999998899
2026-09-04 12:30:00,EURUSD,USD,Non Farm Payrolls,1.516,-1,15,60,4.8000000000003595,,2026-09-04 12:30:15.031000,2026-09-04 12:31:15.038000,15.031,60.007,0.700000000000145,0.5000000000010552,649,5.40000000000207
2026-09-04 12:30:00,EURUSD,USD,Non Farm Payrolls,1.516,-1,15,120,3.1000000000003247,,2026-09-04 12:30:15.031000,2026-09-04 12:32:15.069000,15.031,120.038,0.700000000000145,0.2999999999997449,1144,3.5999999999991594
2026-09-04 12:30:00,EURUSD,USD,Non Farm Payrolls,1.516,-1,30,5,-2.000000000002,,2026-09-04 12:30:30.088000,2026-09-04 12:30:35.121000,30.088,5.033,0.5000000000010552,0.700000000000145,55,-1.4000000000025103
2026-09-04 12:30:00,EURUSD,USD,Non Farm Payrolls,1.516,-1,30,10,1.7000000000000348,,2026-09-04 12:30:30.088000,2026-09-04 12:30:40.129000,30.088,10.041,0.5000000000010552,0.6999999999979245,118,2.299999999997304
2026-09-04 12:30:00,EURUSD,USD,Non Farm Payrolls,1.516,-1,30,15,3.8999999999989043,,2026-09-04 12:30:30.088000,2026-09-04 12:30:45.146000,30.088,15.058,0.5000000000010552,0.10000000000065512,178,4.199999999998649
2026-09-04 12:30:00,EURUSD,USD,Non Farm Payrolls,1.516,-1,30,30,8.499999999997954,,2026-09-04 12:30:30.088000,2026-09-04 12:31:00.097000,30.088,30.009,0.5000000000010552,0.700000000000145,320,9.099999999997443
2026-09-04 12:30:00,EURUSD,USD,Non Farm Payrolls,1.516,-1,30,60,10.099999999999554,,2026-09-04 12:30:30.088000,2026-09-04 12:31:30.116000,30.088,60.028,0.5000000000010552,0.4999999999988347,586,10.599999999998388
2026-09-04 12:30:00,EURUSD,USD,Non Farm Payrolls,1.516,-1,30,120,8.699999999999264,,2026-09-04 12:30:30.088000,2026-09-04 12:32:30.198000,30.088,120.11,0.5000000000010552,0.4999999999988347,1049,9.199999999998099
2026-09-04 12:30:00,EURUSD,USD,Non Farm Payrolls,1.516,-1,60,5,0.10000000000065512,,2026-09-04 12:31:00.097000,2026-09-04 12:31:05.099000,60.097,5.002,0.700000000000145,0.20000000000131024,55,0.5500000000013827
2026-09-04 12:30:00,EURUSD,USD,Non Farm Payrolls,1.516,-1,60,10,1.3000000000018552,,2026-09-04 12:31:00.097000,2026-09-04 12:31:10.149000,60.097,10.052,0.700000000000145,0.2999999999997449,107,1.8000000000029104
2026-09-04 12:30:00,EURUSD,USD,Non Farm Payrolls,1.516,-1,60,15,0.40000000000040004,,2026-09-04 12:31:00.097000,2026-09-04 12:31:15.200000,60.097,15.103,0.700000000000145,0.5000000000010552,155,1.0000000000021103
2026-09-04 12:30:00,EURUSD,USD,Non Farm Payrolls,1.516,-1,60,30,0.9000000000014552,,2026-09-04 12:31:00.097000,2026-09-04 12:31:30.116000,60.097,30.019,0.700000000000145,0.4999999999988347,266,1.500000000000945
2026-09-04 12:30:00,EURUSD,USD,Non Farm Payrolls,1.516,-1,60,60,0.40000000000040004,,2026-09-04 12:31:00.097000,2026-09-04 12:32:00.126000,60.097,60.029,0.700000000000145,0.5000000000010552,512,1.0000000000021103
2026-09-04 12:30:00,EURUSD,USD,Non Farm Payrolls,1.516,-1,60,120,-2.6999999999999247,,2026-09-04 12:31:00.097000,2026-09-04 12:33:00.132000,60.097,120.035,0.700000000000145,0.10000000000065512,888,-2.2999999999995246
2026-09-04 12:30:00,USDCAD,CAD,Employment Change,-1.056,1,0,5,32.600000000000406,,2026-09-04 12:30:00.080000,2026-09-04 12:30:05.137000,0.08,5.057,3.20000000000098,1.8999999999991246,44,35.149999999999345
2026-09-04 12:30:00,USDCAD,CAD,Employment Change,-1.056,1,0,10,43.29999999999945,,2026-09-04 12:30:00.080000,2026-09-04 12:30:10.171000,0.08,10.091,3.20000000000098,2.20000000000109,100,45.999999999999375
2026-09-04 12:30:00,USDCAD,CAD,Employment Change,-1.056,1,0,15,45.29999999999923,,2026-09-04 12:30:00.080000,2026-09-04 12:30:15.164000,0.08,15.084,3.20000000000098,2.900000000001235,155,48.34999999999923
2026-09-04 12:30:00,USDCAD,CAD,Employment Change,-1.056,1,0,30,61.500000000000995,,2026-09-04 12:30:00.080000,2026-09-04 12:30:30.102000,0.08,30.022,3.20000000000098,0.7999999999985796,333,63.49999999999856
2026-09-04 12:30:00,USDCAD,CAD,Employment Change,-1.056,1,0,60,56.499999999999325,,2026-09-04 12:30:00.080000,2026-09-04 12:31:00.131000,0.08,60.051,3.20000000000098,1.100000000000545,670,58.65000000000009
2026-09-04 12:30:00,USDCAD,CAD,Employment Change,-1.056,1,0,120,67.50000000000034,,2026-09-04 12:30:00.080000,2026-09-04 12:32:00.145000,0.08,120.065,3.20000000000098,1.4999999999987246,1174,69.84999999999796
2026-09-04 12:30:00,USDCAD,CAD,Employment Change,-1.056,1,1,5,30.89999999999815,,2026-09-04 12:30:01.180000,2026-09-04 12:30:06.185000,1.18,5.005,2.80000000000058,1.80000000000069,45,33.199999999999896
2026-09-04 12:30:00,USDCAD,CAD,Employment Change,-1.056,1,1,10,40.99999999999992,,2026-09-04 12:30:01.180000,2026-09-04 12:30:11.275000,1.18,10.095,2.80000000000058,1.0999999999983245,106,42.94999999999938
2026-09-04 12:30:00,USDCAD,CAD,Employment Change,-1.056,1,1,15,44.899999999998826,,2026-09-04 12:30:01.180000,2026-09-04 12:30:16.187000,1.18,15.007,2.80000000000058,2.2999999999995246,163,47.44999999999777
2026-09-04 12:30:00,USDCAD,CAD,Employment Change,-1.056,1,1,30,59.099999999998595,,2026-09-04 12:30:01.180000,2026-09-04 12:30:31.232000,1.18,30.052,2.80000000000058,0.9000000000014552,341,60.94999999999961
2026-09-04 12:30:00,USDCAD,CAD,Employment Change,-1.056,1,1,60,55.19999999999969,,2026-09-04 12:30:01.180000,2026-09-04 12:31:01.207000,1.18,60.027,2.80000000000058,1.5999999999993797,678,57.39999999999856
2026-09-04 12:30:00,USDCAD,CAD,Employment Change,-1.056,1,1,120,66.89999999999863,,2026-09-04 12:30:01.180000,2026-09-04 12:32:01.312000,1.18,120.132,2.80000000000058,0.9999999999998899,1174,68.79999999999775
2026-09-04 12:30:00,USDCAD,CAD,Employment Change,-1.056,1,3,5,19.400000000000528,,2026-09-04 12:30:03.049000,2026-09-04 12:30:08.073000,3.049,5.024,7.399999999999629,2.4999999999986144,49,24.34999999999965
2026-09-04 12:30:00,USDCAD,CAD,Employment Change,-1.056,1,3,10,15.700000000000713,,2026-09-04 12:30:03.049000,2026-09-04 12:30:13.164000,3.049,10.115,7.399999999999629,2.5999999999992696,107,20.700000000000163
2026-09-04 12:30:00,USDCAD,CAD,Employment Change,-1.056,1,3,15,19.499999999998963,,2026-09-04 12:30:03.049000,2026-09-04 12:30:18.174000,3.049,15.125,7.399999999999629,1.7000000000000348,161,24.049999999997684
2026-09-04 12:30:00,USDCAD,CAD,Employment Change,-1.056,1,3,30,34.09999999999913,,2026-09-04 12:30:03.049000,2026-09-04 12:30:33.158000,3.049,30.109,7.399999999999629,1.100000000000545,342,38.349999999998104
2026-09-04 12:30:00,USDCAD,CAD,Employment Change,-1.056,1,3,60,28.900000000000592,,2026-09-04 12:30:03.049000,2026-09-04 12:31:03.075000,3.049,60.026,7.399999999999629,1.9999999999997797,677,33.60000000000029
2026-09-04 12:30:00,USDCAD,CAD,Employment Change,-1.056,1,3,120,40.70000000000018,,2026-09-04 12:30:03.049000,2026-09-04 12:32:03.095000,3.049,120.046,7.399999999999629,1.4999999999987246,1168,45.14999999999824
2026-09-04 12:30:00,USDCAD,CAD,Employment Change,-1.056,1,5,5,6.500000000000394,,2026-09-04 12:30:05.034000,2026-09-04 12:30:10.068000,5.034,5.034,4.100000000000215,2.4999999999986144,56,9.799999999999809
2026-09-04 12:30:00,USDCAD,CAD,Employment Change,-1.056,1,5,10,8.699999999999264,,2026-09-04 12:30:05.034000,2026-09-04 12:30:15.164000,5.034,10.13,4.100000000000215,2.900000000001235,112,12.199999999999989
2026-09-04 12:30:00,USDCAD,CAD,Employment Change,-1.056,1,5,15,9.799999999999809,,2026-09-04 12:30:05.034000,2026-09-04 12:30:20.044000,5.034,15.01,4.100000000000215,1.500000000000945,169,12.600000000000389
2026-09-04 12:30:00,USDCAD,CAD,Employment Change,-1.056,1,5,30,24.500000000000632,,2026-09-04 12:30:05.034000,2026-09-04 12:30:35.119000,5.034,30.085,4.100000000000215,2.1999999999988695,354,27.650000000001285
2026-09-04 12:30:00,USDCAD,CAD,Employment Change,-1.056,1,5,60,18.499999999999073,,2026-09-04 12:30:05.034000,2026-09-04 12:31:05.153000,5.034,60.119,4.100000000000215,1.40000000000029,685,21.249999999999325
2026-09-04 12:30:00,USDCAD,CAD,Employment Change,-1.056,1,5,120,30.90000000000037,,2026-09-04 12:30:05.034000,2026-09-04 12:32:05.109000,5.034,120.075,4.100000000000215,0.9999999999998899,1169,33.449999999999314
2026-09-04 12:30:00,USDCAD,CAD,Employment Change,-1.056,1,10,5,-0.2999999999997449,,2026-09-04 12:30:10.068000,2026-09-04 12:30:15.164000,10.068,5.096,2.4999999999986144,2.900000000001235,56,2.4000000000001798
2026-09-04 12:30:00,USDCAD,CAD,Employment Change,-1.056,1,10,10,0.40000000000040004,,2026-09-04 12:30:10.068000,2026-09-04 12:30:20.095000,10.068,10.027,2.4999999999986144,1.80000000000069,114,2.549999999998942
2026-09-04 12:30:00,USDCAD,CAD,Employment Change,-1.056,1,10,15,11.500000000002064,,2026-09-04 12:30:10.068000,2026-09-04 12:30:25.245000,10.068,15.177,2.4999999999986144,1.0999999999983245,176,13.300000000000534
2026-09-04 12:30:00,USDCAD,CAD,Employment Change,-1.056,1,10,30,18.900000000001693,,2026-09-04 12:30:10.068000,2026-09-04 12:30:40.126000,10.068,30.058,2.4999999999986144,1.40000000000029,357,20.850000000001145
2026-09-04 12:30:00,USDCAD,CAD,Employment Change,-1.056,1,10,60,12.400000000001299,,2026-09-04 12:30:10.068000,2026-09-04 12:31:10.084000,10.068,60.016,2.4999999999986144,1.1999999999989797,677,14.250000000000096
2026-09-04 12:30:00,USDCAD,CAD,Employment Change,-1.056,1,10,120,21.100000000000563,,2026-09-04 12:30:10.068000,2026-09-04 12:32:10.135000,10.068,120.067,2.4999999999986144,1.2999999999996348,1154,22.999999999999687
2026-09-04 12:30:00,USDCAD,CAD,Employment Change,-1.056,1,15,5,-1.7000000000000348,,2026-09-04 12:30:15.164000,2026-09-04 12:30:20.247000,15.164,5.083,2.900000000001235,1.4999999999987246,59,0.4999999999988347
2026-09-04 12:30:00,USDCAD,CAD,Employment Change,-1.056,1,15,10,8.900000000000574,,2026-09-04 12:30:15.164000,2026-09-04 12:30:25.245000,15.164,10.081,2.900000000001235,1.0999999999983245,120,10.900000000000354
2026-09-04 12:30:00,USDCAD,CAD,Employment Change,-1.056,1,15,15,12.799999999999478,,2026-09-04 12:30:15.164000,2026-09-04 12:30:30.204000,15.164,15.04,2.900000000001235,1.500000000000945,180,15.000000000000568
2026-09-04 12:30:00,USDCAD,CAD,Employment Change,-1.056,1,15,30,13.300000000000534,,2026-09-04 12:30:15.164000,2026-09-04 12:30:45.246000,15.164,30.082,2.900000000001235,1.7000000000000348,363,15.600000000000058
2026-09-04 12:30:00,USDCAD,CAD,Employment Change,-1.056,1,15,60,8.900000000000574,,2026-09-04 12:30:15.164000,2026-09-04 12:31:15.314000,15.164,60.15,2.900000000001235,1.4999999999987246,668,11.100000000001664
2026-09-04 12:30:00,USDCAD,CAD,Employment Change,-1.056,1,15,120,16.300000000000203,,2026-09-04 12:30:15.164000,2026-09-04 12:32:15.176000,15.164,120.012,2.900000000001235,0.7999999999985796,1143,18.15000000000122
2026-09-04 12:30:00,USDCAD,CAD,Employment Change,-1.056,1,30,5,-1.1999999999989797,,2026-09-04 12:30:30.102000,2026-09-04 12:30:35.119000,30.102,5.017,0.7999999999985796,2.1999999999988695,64,0.30000000000196536
2026-09-04 12:30:00,USDCAD,CAD,Employment Change,-1.056,1,30,10,2.20000000000109,,2026-09-04 12:30:30.102000,2026-09-04 12:30:40.126000,30.102,10.024,0.7999999999985796,1.40000000000029,123,3.300000000001635
2026-09-04 12:30:00,USDCAD,CAD,Employment Change,-1.056,1,30,15,-0.700000000000145,,2026-09-04 12:30:30.102000,2026-09-04 12:30:45.144000,30.102,15.042,0.7999999999985796,1.900000000001345,184,0.6500000000020378
2026-09-04 12:30:00,USDCAD,CAD,Employment Change,-1.056,1,30,30,-5.800000000000249,,2026-09-04 12:30:30.102000,2026-09-04 12:31:00.131000,30.102,30.029,0.7999999999985796,1.100000000000545,337,-4.849999999998467
2026-09-04 12:30:00,USDCAD,CAD,Employment Change,-1.056,1,30,60,-5.399999999999849,,2026-09-04 12:30:30.102000,2026-09-04 12:31:30.162000,30.102,60.06,0.7999999999985796,1.80000000000069,625,-4.100000000000215
2026-09-04 12:30:00,USDCAD,CAD,Employment Change,-1.056,1,30,120,2.9999999999996696,,2026-09-04 12:30:30.102000,2026-09-04 12:32:30.383000,30.102,120.281,0.7999999999985796,1.3000000000018552,1064,4.0500000000021075
2026-09-04 12:30:00,USDCAD,CAD,Employment Change,-1.056,1,60,5,-1.900000000001345,,2026-09-04 12:31:00.028000,2026-09-04 12:31:05.153000,60.028,5.125,0.8000000000008001,1.40000000000029,59,-0.8000000000008001
2026-09-04 12:30:00,USDCAD,CAD,Employment Change,-1.056,1,60,10,0.700000000000145,,2026-09-04 12:31:00.028000,2026-09-04 12:31:10.033000,60.028,10.005,0.8000000000008001,1.40000000000029,106,1.80000000000069
2026-09-04 12:30:00,USDCAD,CAD,Employment Change,-1.056,1,60,15,0.5999999999994898,,2026-09-04 12:31:00.028000,2026-09-04 12:31:15.057000,60.028,15.029,0.8000000000008001,1.9999999999997797,151,1.9999999999997797
2026-09-04 12:30:00,USDCAD,CAD,Employment Change,-1.056,1,60,30,-0.10000000000065512,,2026-09-04 12:31:00.028000,2026-09-04 12:31:30.060000,60.028,30.032,0.8000000000008001,1.5999999999993797,288,1.0999999999983245
2026-09-04 12:30:00,USDCAD,CAD,Employment Change,-1.056,1,60,60,10.600000000000609,,2026-09-04 12:31:00.028000,2026-09-04 12:32:00.043000,60.028,60.015,0.8000000000008001,1.1999999999989797,504,11.600000000000499
2026-09-04 12:30:00,USDCAD,CAD,Employment Change,-1.056,1,60,120,12.199999999999989,,2026-09-04 12:31:00.028000,2026-09-04 12:33:00.120000,60.028,120.092,0.8000000000008001,1.40000000000029,898,13.300000000000534
2026-09-07 09:00:00,EURUSD,EUR,GDP Growth Rate,1.598,1,0,5,-0.10000000000065512,,2026-09-07 09:00:03.663000,2026-09-07 09:00:09.465000,3.663,5.802,0.10000000000065512,0.1999999999990898,3,0.049999999998107114
2026-09-07 09:00:00,EURUSD,EUR,GDP Growth Rate,1.598,1,0,10,0.2999999999997449,,2026-09-07 09:00:03.663000,2026-09-07 09:00:18.135000,3.663,14.472,0.10000000000065512,0.1999999999990898,7,0.4500000000007276
2026-09-07 09:00:00,EURUSD,EUR,GDP Growth Rate,1.598,1,0,15,0.1999999999990898,,2026-09-07 09:00:03.663000,2026-09-07 09:00:19.606000,3.663,15.943,0.10000000000065512,0.4999999999988347,9,0.4999999999988347
2026-09-07 09:00:00,EURUSD,EUR,GDP Growth Rate,1.598,1,0,30,0.1999999999990898,,2026-09-07 09:00:03.663000,2026-09-07 09:00:34.393000,3.663,30.73,0.10000000000065512,0.2999999999997449,23,0.3999999999981796
2026-09-07 09:00:00,EURUSD,EUR,GDP Growth Rate,1.598,1,0,60,-0.40000000000040004,,2026-09-07 09:00:03.663000,2026-09-07 09:01:06.394000,3.663,62.731,0.10000000000065512,0.1999999999990898,42,-0.24999999999941735
2026-09-07 09:00:00,EURUSD,EUR,GDP Growth Rate,1.598,1,0,120,0.8999999999992347,,2026-09-07 09:00:03.663000,2026-09-07 09:02:05.141000,3.663,121.478,0.10000000000065512,0.10000000000065512,70,0.9999999999998899
2026-09-07 09:00:00,EURUSD,EUR,GDP Growth Rate,1.598,1,1,5,-0.10000000000065512,,2026-09-07 09:00:03.663000,2026-09-07 09:00:09.465000,3.663,5.802,0.10000000000065512,0.1999999999990898,3,0.049999999998107114
2026-09-07 09:00:00,EURUSD,EUR,GDP Growth Rate,1.598,1,1,10,0.2999999999997449,,2026-09-07 09:00:03.663000,2026-09-07 09:00:18.135000,3.663,14.472,0.10000000000065512,0.1999999999990898,7,0.4500000000007276
2026-09-07 09:00:00,EURUSD,EUR,GDP Growth Rate,1.598,1,1,15,0.1999999999990898,,2026-09-07 09:00:03.663000,2026-09-07 09:00:19.606000,3.663,15.943,0.10000000000065512,0.4999999999988347,9,0.4999999999988347
2026-09-07 09:00:00,EURUSD,EUR,GDP Growth Rate,1.598,1,1,30,0.1999999999990898,,2026-09-07 09:00:03.663000,2026-09-07 09:00:34.393000,3.663,30.73,0.10000000000065512,0.2999999999997449,23,0.3999999999981796
2026-09-07 09:00:00,EURUSD,EUR,GDP Growth Rate,1.598,1,1,60,-0.40000000000040004,,2026-09-07 09:00:03.663000,2026-09-07 09:01:06.394000,3.663,62.731,0.10000000000065512,0.1999999999990898,42,-0.24999999999941735
2026-09-07 09:00:00,EURUSD,EUR,GDP Growth Rate,1.598,1,1,120,0.8999999999992347,,2026-09-07 09:00:03.663000,2026-09-07 09:02:05.141000,3.663,121.478,0.10000000000065512,0.10000000000065512,70,0.9999999999998899
2026-09-07 09:00:00,EURUSD,EUR,GDP Growth Rate,1.598,1,3,5,-0.10000000000065512,,2026-09-07 09:00:03.663000,2026-09-07 09:00:09.465000,3.663,5.802,0.10000000000065512,0.1999999999990898,3,0.049999999998107114
2026-09-07 09:00:00,EURUSD,EUR,GDP Growth Rate,1.598,1,3,10,0.2999999999997449,,2026-09-07 09:00:03.663000,2026-09-07 09:00:18.135000,3.663,14.472,0.10000000000065512,0.1999999999990898,7,0.4500000000007276
2026-09-07 09:00:00,EURUSD,EUR,GDP Growth Rate,1.598,1,3,15,0.1999999999990898,,2026-09-07 09:00:03.663000,2026-09-07 09:00:19.606000,3.663,15.943,0.10000000000065512,0.4999999999988347,9,0.4999999999988347
2026-09-07 09:00:00,EURUSD,EUR,GDP Growth Rate,1.598,1,3,30,0.1999999999990898,,2026-09-07 09:00:03.663000,2026-09-07 09:00:34.393000,3.663,30.73,0.10000000000065512,0.2999999999997449,23,0.3999999999981796
2026-09-07 09:00:00,EURUSD,EUR,GDP Growth Rate,1.598,1,3,60,-0.40000000000040004,,2026-09-07 09:00:03.663000,2026-09-07 09:01:06.394000,3.663,62.731,0.10000000000065512,0.1999999999990898,42,-0.24999999999941735
2026-09-07 09:00:00,EURUSD,EUR,GDP Growth Rate,1.598,1,3,120,0.8999999999992347,,2026-09-07 09:00:03.663000,2026-09-07 09:02:05.141000,3.663,121.478,0.10000000000065512,0.10000000000065512,70,0.9999999999998899
2026-09-07 09:00:00,EURUSD,EUR,GDP Growth Rate,1.598,1,5,5,0.20000000000131024,,2026-09-07 09:00:09.465000,2026-09-07 09:00:18.135000,9.465,8.67,0.1999999999990898,0.1999999999990898,4,0.4000000000026205
2026-09-07 09:00:00,EURUSD,EUR,GDP Growth Rate,1.598,1,5,10,0.10000000000065512,,2026-09-07 09:00:09.465000,2026-09-07 09:00:19.606000,9.465,10.141,0.1999999999990898,0.4999999999988347,6,0.4500000000007276
2026-09-07 09:00:00,EURUSD,EUR,GDP Growth Rate,1.598,1,5,15,0.5000000000010552,,2026-09-07 09:00:09.465000,2026-09-07 09:00:25.697000,9.465,16.232,0.1999999999990898,0.2999999999997449,14,0.750000000002693
2026-09-07 09:00:00,EURUSD,EUR,GDP Growth Rate,1.598,1,5,30,0.2999999999997449,,2026-09-07 09:00:09.465000,2026-09-07 09:00:39.557000,9.465,30.092,0.1999999999990898,0.2999999999997449,24,0.5500000000013827
2026-09-07 09:00:00,EURUSD,EUR,GDP Growth Rate,1.598,1,5,60,0.0,,2026-09-07 09:00:09.465000,2026-09-07 09:01:09.527000,9.465,60.062,0.1999999999990898,0.2999999999997449,50,0.24999999999941735
2026-09-07 09:00:00,EURUSD,EUR,GDP Growth Rate,1.598,1,5,120,0.5000000000010552,,2026-09-07 09:00:09.465000,2026-09-07 09:02:13.377000,9.465,123.912,0.1999999999990898,0.2999999999997449,71,0.750000000002693
2026-09-07 09:00:00,EURUSD,EUR,GDP Growth Rate,1.598,1,10,5,0.10000000000065512,,2026-09-07 09:00:18.135000,2026-09-07 09:00:25.697000,18.135,7.562,0.1999999999990898,0.2999999999997449,10,0.3500000000000725
2026-09-07 09:00:00,EURUSD,EUR,GDP Growth Rate,1.598,1,10,10,0.0,,2026-09-07 09:00:18.135000,2026-09-07 09:00:29.382000,18.135,11.247,0.1999999999990898,0.10000000000065512,11,0.14999999999876223
2026-09-07 09:00:00,EURUSD,EUR,GDP Growth Rate,1.598,1,10,15,-0.2999999999997449,,2026-09-07 09:00:18.135000,2026-09-07 09:00:34.393000,18.135,16.258,0.1999999999990898,0.2999999999997449,16,-0.050000000002548006
2026-09-07 09:00:00,EURUSD,EUR,GDP Growth Rate,1.598,1,10,30,-0.2999999999997449,,2026-09-07 09:00:18.135000,2026-09-07 09:00:51.837000,18.135,33.702,0.1999999999990898,0.1999999999990898,26,-0.10000000000065512
2026-09-07 09:00:00,EURUSD,EUR,GDP Growth Rate,1.598,1,10,60,0.2999999999997449,,2026-09-07 09:00:18.135000,2026-09-07 09:01:35.255000,18.135,77.12,0.1999999999990898,0.10000000000065512,50,0.44999999999850715
2026-09-07 09:00:00,EURUSD,EUR,GDP Growth Rate,1.598,1,10,120,0.0,,2026-09-07 09:00:18.135000,2026-09-07 09:02:22.793000,18.135,124.658,0.1999999999990898,0.2999999999997449,69,0.24999999999941735
2026-09-07 09:00:00,EURUSD,EUR,GDP Growth Rate,1.598,1,15,5,0.10000000000065512,,2026-09-07 09:00:18.135000,2026-09-07 09:00:25.697000,18.135,7.562,0.1999999999990898,0.2999999999997449,10,0.3500000000000725
2026-09-07 09:00:00,EURUSD,EUR,GDP Growth Rate,1.598,1,15,10,0.0,,2026-09-07 09:00:18.135000,2026-09-07 09:00:29.382000,18.135,11.247,0.1999999999990898,0.10000000000065512,11,0.14999999999876223
2026-09-07 09:00:00,EURUSD,EUR,GDP Growth Rate,1.598,1,15,15,-0.2999999999997449,,2026-09-07 09:00:18.135000,2026-09-07 09:00:34.393000,18.135,16.258,0.1999999999990898,0.2999999999997449,16,-0.050000000002548006
2026-09-07 09:00:00,EURUSD,EUR,GDP Growth Rate,1.598,1,15,30,-0.2999999999997449,,2026-09-07 09:00:18.135000,2026-09-07 09:00:51.837000,18.135,33.702,0.1999999999990898,0.1999999999990898,26,-0.10000000000065512
2026-09-07 09:00:00,EURUSD,EUR,GDP Growth Rate,1.598,1,15,60,0.2999999999997449,,2026-09-07 09:00:18.135000,2026-09-07 09:01:35.255000,18.135,77.12,0.1999999999990898,0.10000000000065512,50,0.44999999999850715
2026-09-07 09:00:00,EURUSD,EUR,GDP Growth Rate,1.598,1,15,120,0.0,,2026-09-07 09:00:18.135000,2026-09-07 09:02:22.793000,18.135,124.658,0.1999999999990898,0.2999999999997449,69,0.24999999999941735
2026-09-07 09:00:00,EURUSD,EUR,GDP Growth Rate,1.598,1,30,5,-0.2999999999997449,,2026-09-07 09:00:30.405000,2026-09-07 09:00:36.976000,30.405,6.571,0.4999999999988347,0.1999999999990898,3,0.05000000000032756
2026-09-07 09:00:00,EURUSD,EUR,GDP Growth Rate,1.598,1,30,10,-0.2999999999997449,,2026-09-07 09:00:30.405000,2026-09-07 09:00:42.848000,30.405,12.443,0.4999999999988347,0.2999999999997449,11,0.09999999999843467
2026-09-07 09:00:00,EURUSD,EUR,GDP Growth Rate,1.598,1,30,15,-0.2999999999997449,,2026-09-07 09:00:30.405000,2026-09-07 09:00:51.837000,30.405,21.432,0.4999999999988347,0.1999999999990898,12,0.05000000000032756
2026-09-07 09:00:00,EURUSD,EUR,GDP Growth Rate,1.598,1,30,30,-0.700000000000145,,2026-09-07 09:00:30.405000,2026-09-07 09:01:00.687000,30.405,30.282,0.4999999999988347,0.40000000000040004,17,-0.2500000000016378
2026-09-07 09:00:00,EURUSD,EUR,GDP Growth Rate,1.598,1,30,60,0.2999999999997449,,2026-09-07 09:00:30.405000,2026-09-07 09:01:35.255000,30.405,64.85,0.4999999999988347,0.10000000000065512,36,0.5999999999994898
2026-09-07 09:00:00,EURUSD,EUR,GDP Growth Rate,1.598,1,30,120,0.2999999999997449,,2026-09-07 09:00:30.405000,2026-09-07 09:02:31.862000,30.405,121.457,0.4999999999988347,0.10000000000065512,58,0.5999999999994898
2026-09-07 09:00:00,EURUSD,EUR,GDP Growth Rate,1.598,1,60,5,-0.5999999999994898,,2026-09-07 09:01:00.687000,2026-09-07 09:01:06.394000,60.687,5.707,0.40000000000040004,0.1999999999990898,4,-0.29999999999752447
2026-09-07 09:00:00,EURUSD,EUR,GDP Growth Rate,1.598,1,60,10,0.40000000000040004,,2026-09-07 09:01:00.687000,2026-09-07 09:01:12.910000,60.687,12.223,0.40000000000040004,0.09999999999843467,18,0.6500000000020378
2026-09-07 09:00:00,EURUSD,EUR,GDP Growth Rate,1.598,1,60,15,0.5999999999994898,,2026-09-07 09:01:00.687000,2026-09-07 09:01:35.255000,60.687,34.568,0.40000000000040004,0.10000000000065512,19,0.8500000000011276
2026-09-07 09:00:00,EURUSD,EUR,GDP Growth Rate,1.598,1,60,30,0.5999999999994898,,2026-09-07 09:01:00.687000,2026-09-07 09:01:35.255000,60.687,34.568,0.40000000000040004,0.10000000000065512,19,0.8500000000011276
2026-09-07 09:00:00,EURUSD,EUR,GDP Growth Rate,1.598,1,60,60,0.700000000000145,,2026-09-07 09:01:00.687000,2026-09-07 09:02:01.858000,60.687,61.171,0.40000000000040004,0.40000000000040004,30,1.1000000000027654
2026-09-07 09:00:00,EURUSD,EUR,GDP Growth Rate,1.598,1,60,120,0.40000000000040004,,2026-09-07 09:01:00.687000,2026-09-07 09:03:00.926000,60.687,120.239,0.40000000000040004,0.1999999999990898,47,0.700000000000145
