cur,date,nc_long,nc_short,comm_long,comm_short,oi
AUD,2000-01-11,9782,642,9934,27303,30290
AUD,2000-01-18,17623,314,9908,37993,40500
AUD,2000-01-25,15623,224,10421,35061,38359
AUD,2000-02-01,1861,4873,25151,20508,33312
AUD,2000-02-08,1646,4744,25312,20787,32010
AUD,2000-02-15,746,5693,26010,18444,31826
AUD,2000-02-22,1074,6099,25934,17683,31711
AUD,2000-02-29,801,8014,27479,17067,33732
AUD,2000-03-07,885,8588,29527,17971,35724
AUD,2000-03-14,921,9342,15848,4209,20595
AUD,2000-03-21,872,9179,16483,4561,21335
AUD,2000-03-28,836,8684,16838,5396,22401
AUD,2000-04-04,872,8440,16572,4896,22574
AUD,2000-04-11,1262,9277,17432,5424,23356
AUD,2000-04-18,869,9834,19023,4546,24969
AUD,2000-04-25,869,9161,19703,5501,25230
AUD,2000-05-02,475,10058,20128,5328,25510
AUD,2000-05-09,475,8523,18542,5934,23977
AUD,2000-05-16,0,5768,17423,4125,24091
AUD,2000-05-23,0,5283,18103,3977,24119
AUD,2000-05-30,0,4782,16761,4389,23560
AUD,2000-06-06,0,5438,19016,6679,25818
AUD,2000-06-13,417,4296,21157,11807,30014
AUD,2000-08-29,500,3007,12070,7885,22356
AUD,2000-09-05,600,3322,13563,10705,23929
AUD,2000-09-12,1250,4804,20925,15102,32544
AUD,2000-09-26,1500,4922,13051,6949,23818
AUD,2000-10-03,1500,5113,13159,6785,24100
AUD,2000-10-10,1500,4990,13710,7154,24487
AUD,2000-10-17,1500,4701,13829,7014,24654
AUD,2000-10-24,1700,3428,13229,7575,24107
AUD,2000-10-31,1700,3846,13553,7461,24973
AUD,2000-11-07,1700,4316,13170,8056,24313
AUD,2000-11-14,1700,3441,12979,8252,24415
AUD,2000-11-21,1700,3970,14643,8538,25701
AUD,2000-11-28,1700,2473,13914,9037,24753
AUD,2000-12-05,2641,1981,15304,16901,28474
AUD,2000-12-12,2641,1971,16512,18129,30062
AUD,2001-01-02,4514,1468,8468,15673,23374
AUD,2001-01-09,4695,1363,9297,20070,25878
AUD,2001-01-16,4581,1322,9975,20345,26450
AUD,2001-01-23,3695,858,9988,19583,25392
AUD,2001-01-30,3225,1351,8828,17815,23202
AUD,2001-02-06,3685,1854,9645,16811,23352
AUD,2001-02-13,2562,2250,11677,15435,24104
AUD,2001-02-20,2229,3444,15505,15245,25814
AUD,2001-02-27,2386,3787,15881,15036,26498
AUD,2001-03-06,2430,3967,24058,21581,35712
AUD,2001-03-13,3109,4597,27547,23354,42016
AUD,2001-03-20,1776,4944,13729,7612,25392
AUD,2001-03-27,1852,4480,13415,7620,26034
AUD,2001-04-03,1895,5027,14173,7750,26563
AUD,2001-04-10,1895,5540,14941,8194,27091
AUD,2001-04-17,1895,4964,14663,9629,26220
AUD,2001-04-24,1925,3148,13917,13262,25375
AUD,2001-05-01,1950,2735,14578,13421,25961
AUD,2001-05-08,1950,2694,13458,12654,25187
AUD,2001-05-15,2420,3779,15025,13366,26570
AUD,2001-05-22,3350,1842,14602,16527,28223
AUD,2001-05-29,2968,2352,15593,15917,27921
AUD,2001-06-05,2195,1352,15476,14392,25951
AUD,2001-06-12,2100,2021,16229,16176,28945
AUD,2001-07-03,1700,2411,9302,8245,18832
AUD,2001-07-10,1700,2225,7645,7895,18348
AUD,2001-07-17,1993,3846,10397,7848,21834
AUD,2001-07-24,2665,3823,10509,8157,21886
AUD,2001-07-31,2623,3390,10503,7644,23550
AUD,2001-08-07,1500,2090,8304,10537,21232
AUD,2001-08-14,1900,2018,11612,15456,22711
AUD,2001-08-21,5975,1251,9380,22852,26018
AUD,2001-08-28,6695,2709,5430,18783,27949
AUD,2001-09-04,5677,1744,5252,19999,26449
AUD,2001-09-10,4759,1056,7234,18961,28692
AUD,2001-09-18,2552,4382,9122,9057,22407
AUD,2001-09-25,2084,3900,8900,9418,22796
AUD,2001-10-02,2622,3827,9657,8859,23946
AUD,2001-10-09,2181,4693,11672,8193,23874
AUD,2001-10-16,1617,2559,10104,9989,21924
AUD,2001-10-23,1597,2244,10088,10160,21557
AUD,2001-10-30,2210,1670,10365,11084,21672
AUD,2001-11-06,2634,1638,9800,11496,21872
AUD,2001-11-13,3028,3016,10151,14530,24463
AUD,2001-11-20,3729,428,7725,16256,24095
AUD,2001-11-27,3637,428,7241,16338,23520
AUD,2001-12-04,2664,528,7075,15255,22626
AUD,2001-12-11,1864,1942,7002,14246,24669
AUD,2002-01-29,2500,1523,9005,15628,23264
AUD,2002-02-05,2265,1879,9389,13091,22051
AUD,2002-02-12,2277,5114,12939,12173,23861
AUD,2002-02-26,1889,1804,10429,14971,21858
AUD,2002-03-12,8849,3423,13611,31210,40202
AUD,2002-03-19,9853,2978,8046,27784,33061
AUD,2002-03-26,13628,1368,8916,36199,40611
AUD,2002-04-02,15926,1623,7648,38293,43378
AUD,2002-04-09,25660,1623,8594,48195,53917
AUD,2002-04-16,19241,2074,8964,43351,48665
AUD,2002-04-23,20887,1536,8662,45251,49941
AUD,2002-04-30,18671,2050,9329,43473,48150
AUD,2002-05-07,17665,2336,9497,42345,48575
AUD,2002-05-14,13392,2055,9744,38721,45570
AUD,2002-05-21,10944,2873,9352,34595,41905
AUD,2002-05-28,13737,1915,9191,37092,43033
AUD,2002-06-04,14948,919,10638,40718,46120
AUD,2002-06-11,11974,625,15451,43059,52016
AUD,2002-06-18,9276,840,6218,30826,34311
AUD,2002-06-25,7315,753,6024,29834,33939
AUD,2002-07-02,7708,1486,8033,29335,34128
AUD,2002-07-09,7641,1304,8253,29407,33989
AUD,2002-07-16,7087,2708,7899,26050,32752
AUD,2002-07-23,3909,3160,10417,21199,30034
AUD,2002-08-06,1111,0,10820,20040,25198
AUD,2002-08-13,1191,0,10427,17950,23438
AUD,2002-08-20,1064,511,9795,17332,22559
AUD,2002-08-27,1034,1124,9715,18401,23142
AUD,2002-09-03,1034,867,10129,20858,25787
AUD,2002-09-10,995,471,11899,22804,27644
AUD,2002-10-01,2342,0,3843,15316,19336
AUD,2002-10-08,5845,0,3208,21684,24636
AUD,2002-10-15,5242,0,3211,21450,25002
AUD,2002-10-22,10534,563,3227,30406,34495
AUD,2002-10-29,12614,0,2837,33286,37148
AUD,2002-11-05,17956,240,3335,38949,42461
AUD,2002-11-12,17738,0,2817,39799,43395
AUD,2002-11-19,17300,0,1957,37248,40926
AUD,2002-11-26,15411,0,2551,36754,40034
AUD,2002-12-03,13508,0,3291,33838,37360
AUD,2002-12-10,11373,0,9389,38449,43658
AUD,2002-12-17,15088,577,2298,34445,37752
AUD,2002-12-23,12508,0,3498,32309,35422
AUD,2002-12-31,10920,0,3988,30973,34586
AUD,2003-01-07,19740,401,2789,39931,43834
AUD,2003-01-14,20414,431,2862,41752,45912
AUD,2003-01-21,19788,431,2892,41224,45506
AUD,2003-01-28,20369,431,3285,41544,46233
AUD,2003-02-04,23281,431,3169,44181,49109
AUD,2003-02-11,20066,431,3824,41679,46893
AUD,2003-02-18,18514,431,4250,42130,47209
AUD,2003-02-25,18461,431,5010,42176,47107
AUD,2003-03-04,18586,431,4266,41830,48318
AUD,2003-03-11,18087,89,7217,44255,53484
AUD,2003-03-18,9869,0,4320,30913,34641
AUD,2003-03-25,6153,0,5679,28459,32152
AUD,2003-04-01,6016,0,5764,28333,32383
AUD,2003-04-08,6806,0,3743,25101,30549
AUD,2003-04-15,10954,0,2989,29732,35538
AUD,2003-04-22,14919,1137,3435,35334,41589
AUD,2003-04-29,15235,429,3289,36640,43118
AUD,2003-05-06,14987,429,2635,35338,41820
AUD,2003-05-13,15089,429,3133,34994,41295
AUD,2003-05-20,13371,429,3029,33717,39408
AUD,2003-05-27,11885,429,3478,31387,37438
AUD,2003-06-03,14148,429,4114,34246,42095
AUD,2003-06-10,13338,431,6066,35581,44219
AUD,2003-06-17,10956,0,1294,31581,36601
AUD,2003-06-24,12800,0,2236,31973,36254
AUD,2003-07-01,15224,0,2571,33200,38754
AUD,2003-07-08,14175,0,1430,30102,36365
AUD,2003-07-15,12233,0,2382,27609,34228
AUD,2003-07-22,11621,0,3697,27489,33512
AUD,2003-07-29,12207,0,4414,31551,36006
AUD,2003-08-05,11385,0,3907,27531,33355
AUD,2003-08-12,10578,0,5022,27693,33216
AUD,2003-08-19,10320,0,5463,28229,34305
AUD,2003-08-26,7393,894,6606,25193,31865
AUD,2003-09-02,7307,2604,9609,22173,33573
AUD,2003-09-09,4746,1312,12831,26532,36930
AUD,2003-09-16,11590,1693,6538,29862,36082
AUD,2003-09-23,11559,1714,7675,34956,41264
AUD,2003-09-30,13188,1769,6306,35347,42727
AUD,2003-10-07,18224,1481,6727,42386,49919
AUD,2003-10-14,19182,1060,6037,42977,50668
AUD,2003-10-21,21851,1461,5163,46005,53949
AUD,2003-10-28,23216,1060,5865,46904,55553
AUD,2003-11-04,26380,1060,5800,49473,59105
AUD,2003-11-11,25795,1060,7750,49914,60650
AUD,2003-11-18,27948,1758,7758,52601,63444
AUD,2003-11-25,25859,625,8002,52671,61806
AUD,2003-12-02,27078,647,7971,53993,63089
AUD,2003-12-09,26691,1044,15657,60728,73209
AUD,2003-12-16,25711,532,4811,47943,56208
AUD,2003-12-22,27805,480,4806,49578,57595
AUD,2003-12-30,26703,582,6256,50982,58386
AUD,2004-01-06,25848,1341,7835,51471,61052
AUD,2004-01-13,27269,1913,7872,52353,62404
AUD,2004-01-20,26269,698,7121,49701,61905
AUD,2004-01-27,26523,1153,7803,51196,61742
AUD,2004-02-03,21322,1044,6665,41419,51677
AUD,2004-02-10,24250,2337,6783,47709,58655
AUD,2004-02-17,31248,2153,9207,54525,67461
AUD,2004-02-24,22429,1082,12008,48364,59772
AUD,2004-03-02,17417,995,12491,42100,55548
AUD,2004-03-09,14256,3771,18743,42451,58264
AUD,2004-03-16,6792,2956,4486,20717,29167
AUD,2004-03-23,5533,2567,5938,21468,29576
AUD,2004-03-30,6776,2604,7144,23046,30367
AUD,2004-04-06,11844,1477,6617,30354,37468
AUD,2004-04-12,12252,826,8048,32503,39460
AUD,2004-04-20,5808,2562,9475,21700,31409
AUD,2004-04-27,5801,2668,11346,22108,32822
AUD,2004-05-04,6397,4211,15117,21782,35722
AUD,2004-05-11,2845,5687,20143,20821,36777
AUD,2004-05-18,4260,6035,19859,21525,38361
AUD,2004-05-25,3817,8097,19877,18539,38618
AUD,2004-06-01,3008,8071,21602,19630,39054
AUD,2004-06-08,2186,6255,23855,23996,42488
AUD,2004-06-15,3931,4841,6997,7737,23761
AUD,2004-06-22,3662,4794,8242,8967,24238
AUD,2004-06-29,5885,4181,8380,10807,26312
AUD,2004-07-06,5257,3067,6653,22371,25832
AUD,2004-07-13,8622,953,6319,20799,30583
AUD,2004-07-20,10974,868,7847,25001,36642
AUD,2004-07-27,5018,2369,7771,16107,28377
AUD,2004-08-03,7348,888,7478,19064,30603
AUD,2004-08-10,8478,1365,6977,20160,30904
AUD,2004-08-17,9122,943,7487,23166,33254
AUD,2004-08-24,8792,1513,8646,24076,34627
AUD,2004-08-31,7138,2400,8243,19195,32662
AUD,2004-09-07,5160,5823,15336,17085,35375
AUD,2004-09-21,6972,6159,4605,4910,22195
AUD,2004-09-28,10783,3698,4549,18396,29604
AUD,2004-10-05,19510,2610,5610,33816,43324
AUD,2004-10-12,26060,1857,4430,42674,53591
AUD,2004-10-19,24842,2333,6105,43850,53667
AUD,2004-10-26,30579,2049,4680,48572,60051
AUD,2004-11-02,30737,1747,5504,48988,61179
AUD,2004-11-09,34824,2434,5386,52304,67041
AUD,2004-11-16,37285,2682,6775,56012,70438
AUD,2004-11-23,33214,2585,8675,56092,70137
AUD,2004-11-30,33361,2387,10893,57270,73359
AUD,2004-12-07,35652,1409,22386,71878,88254
AUD,2004-12-14,29627,66,7497,47159,56837
AUD,2004-12-21,29069,65,8956,48694,59283
AUD,2004-12-28,30330,73,8428,51620,60977
AUD,2005-01-04,32283,1670,10887,55491,66759
AUD,2005-01-11,26494,517,14661,52728,62685
AUD,2005-01-18,27749,534,15419,54133,65081
AUD,2005-01-25,31905,1002,16991,59467,71814
AUD,2005-02-01,38430,2646,15927,67085,79897
AUD,2005-02-08,36050,8451,16625,60624,76844
AUD,2005-02-15,44618,7919,15181,73102,89106
AUD,2005-02-22,49918,3948,14255,82272,95179
AUD,2005-03-01,56250,871,16082,94838,104099
AUD,2005-03-08,55816,3863,38147,114073,130231
AUD,2005-03-15,57410,3269,17468,93058,102848
AUD,2005-03-22,58973,3982,18980,94366,105846
AUD,2005-03-29,30819,4195,28694,69175,81324
AUD,2005-04-05,26134,5048,33001,63420,78489
AUD,2005-04-12,31709,6286,34721,69601,85163
AUD,2005-04-19,25245,6922,38177,64396,85577
AUD,2005-04-26,33986,6692,32727,73094,89273
AUD,2005-05-03,33987,4622,34403,74141,89548
AUD,2005-05-10,36178,5352,30980,73518,89282
AUD,2005-05-17,24221,8986,42004,61736,84442
AUD,2005-05-24,21939,8632,44079,61188,85299
AUD,2005-05-31,15019,9095,49234,58473,83172
AUD,2005-06-07,15528,2679,51749,70369,87578
AUD,2005-06-14,19846,4587,20750,44750,59436
AUD,2005-06-21,36466,3071,22351,72745,83291
AUD,2005-06-28,24447,1473,23923,61343,69392
AUD,2005-07-05,16534,7964,25456,40238,60369
AUD,2005-07-12,17868,9312,29218,39583,64490
AUD,2005-07-19,16209,9453,32041,38703,63659
AUD,2005-07-26,20643,3300,22845,46424,60938
AUD,2005-08-02,20549,3232,21469,48155,60900
AUD,2005-08-09,30047,2029,22896,61145,72496
AUD,2005-08-16,27090,786,23777,65004,73801
AUD,2005-08-23,14661,2791,26984,46249,60188
AUD,2005-08-30,14142,3277,35242,49984,61099
AUD,2005-09-06,20798,1465,31242,56505,65292
AUD,2005-09-13,36285,3043,32270,82812,96367
AUD,2005-09-20,36201,0,16360,72611,78632
AUD,2005-09-27,23527,582,16703,54112,63181
AUD,2005-10-04,29452,582,16799,60544,69587
AUD,2005-10-11,18844,1916,21722,48964,60128
AUD,2005-10-18,19393,8331,28198,43633,63897
AUD,2005-10-25,15562,7648,27250,41155,59833
AUD,2005-11-01,14623,10587,31931,38432,61243
AUD,2005-11-08,17183,13112,36510,39067,68200
AUD,2005-11-15,18367,18174,43292,40805,75581
AUD,2005-11-22,19690,18941,46121,44046,79829
AUD,2005-11-29,21190,15448,44298,48198,78973
AUD,2005-12-06,23052,7340,31614,52959,71637
AUD,2005-12-13,23890,3608,34827,64988,82817
AUD,2005-12-20,14497,6588,13740,25054,43315
AUD,2005-12-27,13691,12787,29658,28100,57071
AUD,2006-01-03,21116,14006,25302,29085,60245
AUD,2006-01-10,26703,4969,12877,39564,55332
AUD,2006-01-17,27102,4393,12878,45695,61525
AUD,2006-01-24,29898,10522,13517,42780,63978
AUD,2006-01-31,38523,9265,12794,54552,73813
AUD,2006-02-07,31309,10528,19114,44065,68525
AUD,2006-02-14,22669,14618,25417,33199,62933
AUD,2006-02-21,19649,15648,26327,31353,62973
AUD,2006-02-28,16175,14800,26143,29205,58377
AUD,2006-03-07,16803,19699,36511,32067,67707
AUD,2006-03-14,16571,14937,15857,12127,43094
AUD,2006-03-21,19065,30392,28478,9527,61058
AUD,2006-03-28,18522,31854,36285,14187,68768
AUD,2006-04-04,21629,27479,30227,16853,65124
AUD,2006-04-11,23254,16317,19038,22291,54618
AUD,2006-04-18,20597,9436,17592,27800,52049
AUD,2006-04-25,23684,15927,13441,24437,52591
AUD,2006-05-02,27297,5524,12098,45089,57861
AUD,2006-05-09,34685,5831,15610,60601,74660
AUD,2006-05-16,36522,5937,17242,66322,78831
AUD,2006-05-23,28453,12143,28741,61558,81572
AUD,2006-05-30,33720,6932,18797,61867,76396
AUD,2006-06-06,24106,10188,24680,53267,72968
AUD,2006-06-13,23302,11350,37012,61109,81160
AUD,2006-06-20,11753,14165,10406,15936,37629
AUD,2006-06-27,14220,11514,10614,21734,42014
AUD,2006-07-03,17141,12080,11331,24672,45680
AUD,2006-07-11,21901,4965,10403,36251,51757
AUD,2006-07-18,30614,2399,4185,44690,54649
AUD,2006-07-25,37046,3654,3560,50202,62339
AUD,2006-08-01,40195,2082,3493,57753,67931
AUD,2006-08-08,36364,3307,4646,53975,65353
AUD,2006-08-15,42751,3659,4684,62087,72893
AUD,2006-08-22,31584,1509,6071,53113,62131
AUD,2006-08-29,34383,1142,4827,55290,63348
AUD,2006-09-05,49725,1779,4187,71468,81372
AUD,2006-09-12,25739,1205,19295,55186,69370
AUD,2006-09-19,39055,5423,2905,48997,61952
AUD,2006-09-26,34442,4353,3532,44390,57337
AUD,2006-10-03,31493,9912,7190,37403,56292
AUD,2006-10-10,43831,8581,3157,47002,65437
AUD,2006-10-17,49027,9338,4191,56534,74025
AUD,2006-10-24,61738,5314,2506,72762,87502
AUD,2006-10-31,78430,7077,2322,89841,107657
AUD,2006-11-07,94014,8399,832,105593,123491
AUD,2006-11-14,71619,6669,3090,89581,105229
AUD,2006-11-21,75236,7775,2370,90452,108253
AUD,2006-11-28,90263,10505,1602,103506,123916
AUD,2006-12-05,88467,13156,6613,108357,129455
AUD,2006-12-12,92025,11111,40752,145481,170902
AUD,2006-12-19,95543,6643,3877,117463,129934
AUD,2006-12-26,92051,7016,7440,115522,128732
AUD,2007-01-03,97410,8587,5058,115664,132225
AUD,2007-01-09,61978,12100,26843,94404,116268
AUD,2007-01-16,73505,6749,17498,103896,121645
AUD,2007-01-23,86840,9592,11257,108961,127566
AUD,2007-01-30,70120,5915,18993,98520,116294
AUD,2007-02-06,70813,9568,23375,96725,117781
AUD,2007-02-13,69996,5128,20776,98159,115145
AUD,2007-02-20,76535,6918,19611,105158,123639
AUD,2007-02-27,92669,9594,16207,118486,140036
AUD,2007-03-06,45971,18961,49184,89906,120959
AUD,2007-03-13,52719,4612,52390,112672,132184
AUD,2007-03-20,71585,8420,3550,83267,104097
AUD,2007-03-27,88508,7911,3580,100030,120220
AUD,2007-04-03,87803,5972,4459,103094,121869
AUD,2007-04-10,80577,6222,5038,95867,117562
AUD,2007-04-17,88724,10407,4980,100022,123468
AUD,2007-04-24,85191,8714,7331,101405,123137
AUD,2007-05-01,72663,8818,6652,86586,107911
AUD,2007-05-08,81980,8354,5933,92016,114679
AUD,2007-05-15,83700,8562,4597,94056,114784
AUD,2007-05-22,66861,19561,10057,71475,103300
AUD,2007-05-29,61546,22208,10925,62351,97790
AUD,2007-06-05,85106,7850,6599,101954,122120
AUD,2007-06-12,90443,17069,29955,125734,157047
AUD,2007-06-19,75187,9974,7354,95081,115118
AUD,2007-06-26,73314,6339,4639,93141,111504
AUD,2007-07-03,68053,9956,10171,89064,109147
AUD,2007-07-10,69945,4787,6466,93890,110984
AUD,2007-07-17,78022,9766,9972,97491,120509
AUD,2007-07-24,75651,8808,9799,94630,118608
AUD,2007-07-31,54254,18481,27336,78588,108022
AUD,2007-08-07,52971,22252,31815,78037,110617
AUD,2007-08-14,42572,19252,34581,75452,105080
AUD,2007-08-21,24197,19221,51179,66498,95901
AUD,2007-08-28,23209,11250,53347,72862,96642
AUD,2007-09-04,36282,9762,47591,80156,103527
AUD,2007-09-11,39919,9472,43498,84624,106674
AUD,2007-09-18,34512,11396,2703,41350,59950
AUD,2007-09-25,46504,7462,4391,60079,74017
AUD,2007-10-02,66857,12225,5729,78473,97556
AUD,2007-10-09,61054,12003,9052,76234,95293
AUD,2007-10-16,64754,9165,7431,79191,96797
AUD,2007-10-23,51672,8019,9591,68892,85160
AUD,2007-10-30,54852,8830,8531,73210,88532
AUD,2007-11-06,59911,9274,8185,75825,93618
AUD,2007-11-13,38876,6048,15471,62608,78011
AUD,2007-11-20,35304,4808,14247,57792,70026
AUD,2007-11-27,30147,4493,14051,51273,64572
AUD,2007-12-04,31152,7633,15645,49535,67940
AUD,2007-12-11,36148,3183,17612,64409,75747
AUD,2007-12-18,19365,8328,13956,38769,54969
AUD,2007-12-24,24100,10560,11152,39267,57131
AUD,2007-12-31,26901,8877,12940,43994,60423
AUD,2008-01-08,35947,12551,12975,54657,78398
AUD,2008-01-15,40712,15252,13604,58118,81641
AUD,2008-01-22,23779,18172,19825,37258,68055
AUD,2008-01-29,29037,12728,12657,42613,65613
AUD,2008-02-05,45325,12428,5230,51209,73676
AUD,2008-02-12,53483,17615,6134,61036,86843
AUD,2008-02-19,58464,18044,8022,66708,94144
AUD,2008-02-26,57201,20357,9311,65590,94774
AUD,2008-03-04,55808,18422,6127,62910,90774
AUD,2008-03-11,47880,16188,17602,67479,93044
AUD,2008-03-18,40625,5060,6003,56149,72466
AUD,2008-03-25,40242,4622,8883,58804,71646
AUD,2008-04-01,41035,4067,10506,59894,72433
AUD,2008-04-08,59685,7996,4528,72927,88174
AUD,2008-04-15,57536,12891,7569,68620,90258
AUD,2008-04-22,70348,11850,2567,81053,101469
AUD,2008-04-29,60245,9780,7737,76815,96564
AUD,2008-05-06,75627,10206,2094,86190,106209
AUD,2008-05-13,69793,12339,6961,79352,101516
AUD,2008-05-20,72418,11117,8600,89280,111047
AUD,2008-05-27,67200,9908,8929,87302,107884
AUD,2008-06-03,63673,10366,11754,76659,109056
AUD,2008-06-10,57536,10039,16770,71084,106214
AUD,2008-06-17,42536,5549,2769,40709,72514
AUD,2008-06-24,57267,7885,3346,64778,88918
AUD,2008-07-01,60912,9503,6570,68702,96429
AUD,2008-07-08,59766,10460,6929,67189,97165
AUD,2008-07-15,69126,13058,6361,82907,105902
AUD,2008-07-22,67105,13517,10242,81410,107776
AUD,2008-07-29,40755,11836,16854,64479,85686
AUD,2008-08-05,33288,18541,23249,49210,80980
AUD,2008-08-12,27714,18661,22932,43248,74805
AUD,2008-08-19,31016,25066,26828,32556,76367
AUD,2008-08-26,31820,30443,30550,32763,78479
AUD,2008-09-02,33552,32041,33360,34324,84673
AUD,2008-09-09,31792,30206,46263,45571,93898
AUD,2008-09-16,8575,25601,28995,10126,53874
AUD,2008-09-23,7759,27221,32346,13958,55072
AUD,2008-09-30,9103,23450,31535,16665,53200
AUD,2008-10-07,9501,17848,31447,23634,54239
AUD,2008-10-14,7511,14484,27187,20211,47396
AUD,2008-10-21,6711,13945,31073,21728,57785
AUD,2008-10-28,8762,18581,39476,28466,72743
AUD,2008-11-04,10623,16136,43866,36724,67219
AUD,2008-11-11,7314,15918,45269,35476,65790
AUD,2008-11-18,6661,12451,45776,35573,63207
AUD,2008-11-25,6524,15148,49610,38403,69320
AUD,2008-12-02,6121,15999,52581,40041,71412
AUD,2008-12-09,6463,10915,46993,43878,68074
AUD,2008-12-16,5922,10121,9571,9519,28784
AUD,2008-12-22,10581,12017,9893,10733,32564
AUD,2008-12-30,11209,11661,8691,12692,33147
AUD,2009-01-06,12656,12061,10094,16823,38208
AUD,2009-01-13,10310,14786,16073,14625,39676
AUD,2009-01-20,10971,17086,22007,16344,45585
AUD,2009-01-27,12591,16006,20406,17105,45177
AUD,2009-02-03,12195,17314,24128,17579,48632
AUD,2009-02-10,9507,15355,21276,17847,44254
AUD,2009-02-17,10183,17473,24225,17757,48452
AUD,2009-02-24,9908,15491,22636,17696,45886
AUD,2009-03-03,12386,15172,23300,18604,49180
AUD,2009-03-10,11649,15594,40275,42551,68898
AUD,2009-03-17,14926,15345,19033,25625,50497
AUD,2009-03-24,22254,13841,18787,36283,58361
AUD,2009-03-31,24594,13307,20377,42409,63184
AUD,2009-04-07,28880,10764,20438,53130,70500
AUD,2009-04-14,31641,10852,21739,56976,74516
AUD,2009-04-21,25840,8590,23083,51932,69568
AUD,2009-04-28,25748,9056,24159,52272,69683
AUD,2009-05-05,34186,11122,22914,60432,79209
AUD,2009-05-12,39484,11253,22705,64760,84347
AUD,2009-05-19,38275,8980,23956,67102,85069
AUD,2009-05-26,41658,9189,23793,73030,90037
AUD,2009-06-02,42095,11351,26621,74542,92940
AUD,2009-06-09,40966,9083,43347,90078,107627
AUD,2009-06-16,41233,9030,11003,55571,73219
AUD,2009-06-23,39780,10412,16269,57623,77430
AUD,2009-06-30,46348,11358,22842,71094,91416
AUD,2009-07-07,44542,12656,20443,64058,86620
AUD,2009-07-14,42301,16708,25056,60259,87807
AUD,2009-07-21,51052,12264,23493,77646,98479
AUD,2009-07-28,53877,10382,23448,83098,103394
AUD,2009-08-04,56300,9890,22267,86568,106512
AUD,2009-08-11,57276,8430,22134,87447,106896
AUD,2009-08-18,51792,7672,22789,83833,101123
AUD,2009-08-25,55340,7053,23720,89600,106751
AUD,2009-09-01,51967,10031,24756,81046,102915
AUD,2009-09-08,54829,6445,28223,95497,114028
AUD,2009-09-15,58173,9572,17506,88301,104312
AUD,2009-09-22,61001,9477,19441,92523,109900
AUD,2009-09-29,55700,8002,20795,87859,104250
AUD,2009-10-06,58029,7864,23247,91476,110359
AUD,2009-10-13,59930,7283,24838,99661,119675
AUD,2009-10-20,62429,8439,27039,97669,120590
AUD,2009-10-27,59128,6241,23778,97808,115342
AUD,2009-11-03,55825,5442,28556,97718,114518
AUD,2009-11-09,54402,6968,26289,93706,111424
AUD,2009-11-17,60635,13747,30030,100283,124030
AUD,2009-11-24,53743,10179,34754,97938,118766
AUD,2009-12-01,55415,6977,31839,99362,118047
AUD,2009-12-08,50719,4037,42746,105198,125262
AUD,2009-12-15,54757,13774,22600,77031,101906
AUD,2009-12-22,48769,16344,21197,67630,94188
AUD,2009-12-29,53603,17072,20461,71294,98465
AUD,2010-01-05,62114,15006,20892,83608,108728
AUD,2010-01-12,73240,13888,23798,100860,126970
AUD,2010-01-19,77331,14480,24229,107538,133086
AUD,2010-01-26,61097,15779,23947,84010,112867
AUD,2010-02-02,46531,13260,24041,69877,98426
AUD,2010-02-09,44346,16740,31470,64292,99643
AUD,2010-02-16,43315,16312,30745,65385,98449
AUD,2010-02-23,51882,12890,27846,79853,108320
AUD,2010-03-02,59106,10345,27975,92352,116667
AUD,2010-03-09,69885,8600,29687,108447,130808
AUD,2010-03-16,73747,10253,22806,105720,126301
AUD,2010-03-23,84248,9909,25514,116708,142413
AUD,2010-03-30,79698,10358,28480,116105,142815
AUD,2010-04-06,84060,10862,27933,124526,151605
AUD,2010-04-13,88635,7961,26134,128840,154014
AUD,2010-04-20,87169,8265,28159,129072,154367
AUD,2010-04-27,75357,9289,30000,112994,140472
AUD,2010-05-04,68196,11214,36175,106918,136437
AUD,2010-05-11,56155,6957,35575,91981,115269
AUD,2010-05-18,50564,12184,36692,83248,113271
AUD,2010-05-25,39367,19844,45318,68966,106473
AUD,2010-06-01,37021,21976,52653,65964,110772
AUD,2010-06-08,29746,21311,57197,69578,108956
AUD,2010-06-15,27729,15323,10978,24015,57653
AUD,2010-06-22,29809,18003,11625,27219,60340
AUD,2010-06-29,28105,15251,11191,27689,59657
AUD,2010-07-06,25885,18639,16180,26973,64872
AUD,2010-07-13,35209,11729,11605,40217,68482
AUD,2010-07-20,45253,12367,11829,50979,80302
AUD,2010-07-27,51282,10749,12858,62833,89389
AUD,2010-08-03,62096,13381,12383,71518,99149
AUD,2010-08-10,68353,13983,19236,83895,114049
AUD,2010-08-17,71020,13323,22053,90861,120329
AUD,2010-08-24,58462,11445,24554,78900,107434
AUD,2010-08-31,54261,10453,22236,74235,102439
AUD,2010-09-07,69700,12734,30034,99652,128346
AUD,2010-09-14,74076,17407,17839,89852,120308
AUD,2010-09-21,77944,13620,21347,102218,129713
AUD,2010-09-28,81419,11886,25090,111037,137646
AUD,2010-10-05,81871,12835,24969,113042,139447
AUD,2010-10-12,79697,12006,26478,112594,138537
AUD,2010-10-19,71661,12480,26588,105534,133257
AUD,2010-10-26,67433,12318,27672,100417,128470
AUD,2010-11-02,66821,15641,26980,93698,125968
AUD,2010-11-09,62983,15367,31145,98063,130206
AUD,2010-11-16,52462,16260,36564,86694,121110
AUD,2010-11-23,46935,18464,40091,83467,117998
AUD,2010-11-30,44794,18151,41271,82785,117302
AUD,2010-12-07,53550,10198,41937,102478,127012
AUD,2010-12-14,62670,8892,21026,93149,113584
AUD,2010-12-21,69875,9325,14331,93481,115007
AUD,2010-12-28,76857,12541,13244,98213,124005
AUD,2011-01-04,75056,12543,13543,96872,121562
AUD,2011-01-11,64837,11340,16020,90574,113920
AUD,2011-01-18,63811,10303,17432,90843,114314
AUD,2011-01-25,59185,13727,23722,85857,113570
AUD,2011-02-01,71144,11067,15318,95573,120991
AUD,2011-02-08,85741,13762,15829,106915,135334
AUD,2011-02-15,70847,5333,17094,102368,122473
AUD,2011-02-22,72726,6662,17645,101838,125341
AUD,2011-03-01,80398,8545,17715,110206,135527
AUD,2011-03-08,80756,7061,30380,125660,152865
AUD,2011-03-15,56352,8401,12897,74230,100326
AUD,2011-03-22,59626,7892,13863,79549,101180
AUD,2011-03-29,91791,6226,12988,117432,138638
AUD,2011-04-05,99390,8452,12397,122422,146108
AUD,2011-04-12,97153,6502,15943,124202,149033
AUD,2011-04-19,91589,6628,17201,119299,143732
AUD,2011-04-26,88675,7808,18141,117274,143468
AUD,2011-05-03,87326,13905,18928,109777,142328
AUD,2011-05-10,72871,12550,22128,96866,128314
AUD,2011-05-17,61179,10260,20488,88124,115090
AUD,2011-05-24,63002,9959,16551,84371,110968
AUD,2011-05-31,72030,12015,12100,90293,117502
AUD,2011-06-07,78547,13342,32724,112579,145346
AUD,2011-06-14,79616,11946,4590,88017,115119
AUD,2011-06-21,66796,12225,4847,72030,100079
AUD,2011-06-28,58957,12060,6506,62369,93784
AUD,2011-07-05,82079,18743,4216,87563,121626
AUD,2011-07-12,81258,13635,5758,91748,120703
AUD,2011-07-19,90221,12426,5153,101714,128712
AUD,2011-07-26,92174,10736,7504,109250,135764
AUD,2011-08-02,91352,15754,7737,103387,133930
AUD,2011-08-09,40840,11824,36040,71987,104527
AUD,2011-08-16,41286,11563,40131,67875,103162
AUD,2011-08-23,50917,7343,38279,82039,112068
AUD,2011-08-30,60605,13036,33659,86705,120394
AUD,2011-09-06,62247,14206,35525,93889,131598
AUD,2011-09-13,50014,13080,47077,89512,125386
AUD,2011-09-20,39049,15954,16984,43688,78616
AUD,2011-09-27,29422,24255,35675,37453,82580
AUD,2011-10-04,35937,23026,49285,51991,100016
AUD,2011-10-11,37196,26443,67682,67203,118182
AUD,2011-10-18,41395,21042,64270,77567,121691
AUD,2011-10-25,45831,22760,62659,79953,126816
AUD,2011-11-01,56797,30931,60616,87073,139057
AUD,2011-11-08,64485,37469,56781,87876,147684
AUD,2011-11-15,57352,33022,58059,85397,136465
AUD,2011-11-22,43450,25490,63506,83333,128192
AUD,2011-11-29,34307,21765,72823,80564,124760
AUD,2011-12-06,53653,23829,68285,99239,142807
AUD,2011-12-13,60132,25703,70313,106719,153296
AUD,2011-12-20,52047,26305,32830,59702,104817
AUD,2011-12-27,60302,27665,29967,65001,111210
AUD,2012-01-03,70268,23731,24729,73890,117247
AUD,2012-01-10,78721,25195,20526,80649,125914
AUD,2012-01-17,83346,29040,23025,87121,135321
AUD,2012-01-24,90943,21457,17892,98364,139724
AUD,2012-01-31,97471,19427,21327,109504,150115
AUD,2012-02-07,94332,19237,18962,108736,148879
AUD,2012-02-14,93866,20125,21447,108889,151885
AUD,2012-02-21,92233,17533,20354,107822,149840
AUD,2012-02-28,103665,25464,20156,113145,161219
AUD,2012-03-06,96358,34638,31532,103390,164007
AUD,2012-03-13,98469,31713,53899,131001,200719
AUD,2012-03-20,97025,51834,33030,88470,160387
AUD,2012-03-27,91615,32041,27485,95723,147373
AUD,2012-04-03,85990,36671,37090,94011,151825
AUD,2012-04-10,79806,40377,46393,91475,154070
AUD,2012-04-17,83830,35409,36524,94156,148796
AUD,2012-04-24,80597,34556,40760,90888,146739
AUD,2012-05-01,88649,36369,29309,92087,147749
AUD,2012-05-08,72145,47041,58045,80412,152108
AUD,2012-05-15,51066,46332,73951,72336,144001
AUD,2012-05-22,29999,46897,90838,65667,139963
AUD,2012-05-29,14788,50315,112809,62740,142616
AUD,2012-06-05,12579,63751,132503,66629,158833
AUD,2012-06-12,21189,66648,147022,86990,195475
AUD,2012-06-19,41121,44579,74126,61099,130234
AUD,2012-06-26,40023,42182,64507,58937,122384
AUD,2012-07-03,50125,40777,58014,62192,125706
AUD,2012-07-10,54718,35653,48365,61709,121235
AUD,2012-07-17,50981,37050,50901,61841,122934
AUD,2012-07-24,66740,40297,41986,68179,131295
AUD,2012-07-31,79895,42660,36723,80453,144498
AUD,2012-08-07,94635,41741,36362,98566,162436
AUD,2012-08-14,109875,43196,34273,111003,176287
AUD,2012-08-21,127500,40618,34598,133528,195293
AUD,2012-08-28,124137,46065,35887,124144,190631
AUD,2012-09-04,111869,49430,48115,116561,189241
AUD,2012-09-11,107537,39278,76057,150826,218910
AUD,2012-09-18,117009,47763,24935,106185,174458
AUD,2012-09-25,119144,29582,24563,127147,178886
AUD,2012-10-02,98600,34857,31880,107076,162699
AUD,2012-10-09,78524,38710,55002,99021,162802
AUD,2012-10-16,77802,39358,56422,99112,162167
AUD,2012-10-23,83602,37951,57541,107131,168663
AUD,2012-10-30,91030,38940,50708,113151,174957
AUD,2012-11-06,98037,37720,42622,118735,178421
AUD,2012-11-13,105833,37687,42286,120280,183439
AUD,2012-11-20,104617,39906,41848,117417,180364
AUD,2012-11-27,122186,45380,35680,126860,196520
AUD,2012-12-04,136218,43989,36331,142205,212072
AUD,2012-12-11,139540,36164,45906,164116,229394
AUD,2012-12-18,144966,47470,17900,136599,204312
AUD,2012-12-24,116141,40708,19778,114212,173118
AUD,2012-12-31,117354,37832,19960,113165,170157
AUD,2013-01-08,122343,42028,22532,121549,184083
AUD,2013-01-15,137090,48033,21884,136456,203425
AUD,2013-01-22,143776,46765,21291,141610,208776
AUD,2013-01-29,124520,39224,23524,126124,183507
AUD,2013-02-05,122609,41669,23026,120494,180781
AUD,2013-02-12,99758,45644,36069,94218,163745
AUD,2013-02-19,87921,43940,42837,90314,159346
AUD,2013-02-26,79140,53445,56173,75351,157363
AUD,2013-03-05,61315,54166,72129,74303,157595
AUD,2013-03-12,77746,54480,76542,99853,183095
AUD,2013-03-19,100998,46943,25584,89594,158807
AUD,2013-03-26,141086,55571,25847,123606,202150
AUD,2013-04-02,135540,51569,24755,121634,197264
AUD,2013-04-09,117540,39661,29723,122755,186911
AUD,2013-04-16,98834,45659,38235,100187,169445
AUD,2013-04-23,82715,51458,50852,80562,161752
AUD,2013-04-30,81303,51069,48629,82312,158954
AUD,2013-05-07,61501,54871,66399,71760,157170
AUD,2013-05-14,61654,75104,104366,75058,190884
AUD,2013-05-21,50036,82445,132194,75077,205301
AUD,2013-05-28,42213,84520,143864,76670,209027
AUD,2013-06-04,32853,91403,158435,72242,212222
AUD,2013-06-11,24482,87759,186973,98769,240067
AUD,2013-06-18,28769,92290,136873,45973,180895
AUD,2013-06-25,21403,83047,136052,46924,174012
AUD,2013-07-02,21521,92036,143118,48410,182925
AUD,2013-07-09,20955,84210,140827,51477,178595
AUD,2013-07-16,19222,89908,149150,54708,186264
AUD,2013-07-23,17344,81326,148171,66995,185349
AUD,2013-07-30,19527,92100,159310,65429,198272
AUD,2013-08-06,16566,93345,167002,64766,201885
AUD,2013-08-13,12625,75346,154583,71806,184822
AUD,2013-08-20,13676,76859,154651,72102,184178
AUD,2013-08-27,14662,85779,155509,65258,186664
AUD,2013-09-03,13655,85161,156076,67702,189334
AUD,2013-09-10,8464,68496,144695,69955,183606
AUD,2013-09-17,29805,57165,82504,43563,129806
AUD,2013-09-24,20049,54868,87537,45396,126462
AUD,2013-10-01,14928,43732,77577,44014,113676
AUD,2013-10-08,17221,43625,79356,46187,117075
AUD,2013-10-15,17656,49893,83389,47141,124276
AUD,2013-10-22,22882,44993,77484,53324,125592
AUD,2013-10-29,25041,48239,76692,55730,129053
AUD,2013-11-05,22357,47424,82474,54547,129497
AUD,2013-11-12,20484,56293,95507,52230,137241
AUD,2013-11-19,17585,53347,97955,53477,136699
AUD,2013-11-26,17197,50708,74587,29744,111673
AUD,2013-12-03,20197,64508,83514,22978,121078
AUD,2013-12-10,19134,64984,87997,24318,126620
AUD,2013-12-17,13752,65405,80950,14183,113118
AUD,2013-12-24,14857,69096,86022,13901,117884
AUD,2013-12-31,14430,71844,87910,13836,120071
AUD,2014-01-07,14213,71065,88807,15605,122121
AUD,2014-01-14,10376,62364,81673,15682,112341
AUD,2014-01-21,15645,80299,103859,16090,137503
AUD,2014-01-28,13997,79720,105951,17466,136426
AUD,2014-02-04,11696,67219,96114,20634,125394
AUD,2014-02-11,10202,57605,82610,17864,110523
AUD,2014-02-18,9439,53837,75006,15831,103049
AUD,2014-02-25,10299,49290,70170,15302,98643
AUD,2014-03-04,12262,53370,75194,18834,105792
AUD,2014-03-11,8627,49477,78468,23125,122241
AUD,2014-03-18,21577,46040,38976,8343,81737
AUD,2014-03-25,24387,44914,37246,11211,84232
AUD,2014-04-01,35398,40278,33879,27761,93999
AUD,2014-04-08,37630,34320,32547,34651,96887
AUD,2014-04-15,40463,32366,31472,38399,98933
AUD,2014-04-22,49540,33170,29077,49057,107696
AUD,2014-04-29,50019,39313,32067,45391,109934
AUD,2014-05-06,44805,36168,31455,44038,104936
AUD,2014-05-13,50147,33020,29362,49780,107302
AUD,2014-05-20,50130,30668,30015,49714,107613
AUD,2014-05-27,52071,36223,30206,46843,109139
AUD,2014-06-03,56811,35284,28982,51238,110911
AUD,2014-06-10,62141,33894,30183,64362,128984
AUD,2014-06-17,61078,34049,5813,42821,99400
AUD,2014-06-24,65612,32149,4093,46032,101998
AUD,2014-07-01,76598,37719,5394,54499,114918
AUD,2014-07-08,66705,30102,5583,48218,101860
AUD,2014-07-15,70881,31138,5880,49630,105209
AUD,2014-07-22,72170,33377,6628,53708,109341
AUD,2014-07-29,69348,29742,8752,54732,106836
AUD,2014-08-05,60860,27560,12264,47016,98196
AUD,2014-08-12,54691,25145,15869,45316,94030
AUD,2014-08-19,65747,29173,10373,49554,103432
AUD,2014-08-26,71658,29720,10080,54684,107819
AUD,2014-09-02,77050,28003,11239,62297,114146
AUD,2014-09-09,73321,32092,28598,70600,126831
AUD,2014-09-16,55588,33448,23154,34741,97839
AUD,2014-09-23,47187,38840,37349,36787,105756
AUD,2014-09-30,43193,45210,55299,38251,118488
AUD,2014-10-07,31601,58087,79551,34444,129561
AUD,2014-10-14,14367,44638,82846,35626,115941
AUD,2014-10-21,13951,45460,83989,35215,115985
AUD,2014-10-28,17446,51297,83133,37105,120071
AUD,2014-11-04,14595,52863,89948,34288,123342
AUD,2014-11-11,12896,50923,93580,34902,123726
AUD,2014-11-18,9522,47124,90530,35291,117859
AUD,2014-11-25,12050,56138,95111,35965,127008
AUD,2014-12-02,13565,54675,99125,40356,133675
AUD,2014-12-09,17378,62391,119036,53756,159287
AUD,2014-12-16,26786,61039,75012,18777,116787
AUD,2014-12-23,26180,65416,77548,16227,118773
AUD,2014-12-30,24646,65343,79561,16391,120316
AUD,2015-01-06,16981,65633,88621,16452,122205
AUD,2015-01-13,14778,60143,86541,17697,119819
AUD,2015-01-20,9828,56408,85490,15042,110904
AUD,2015-01-27,16079,65022,95365,16824,125620
AUD,2015-02-03,15969,72128,103126,17340,133075
AUD,2015-02-10,12517,65699,98421,15694,125359
AUD,2015-02-17,17230,71061,98952,16458,131722
AUD,2015-02-24,15597,78751,109289,17810,139805
AUD,2015-03-03,13652,75197,103821,18659,136841
AUD,2015-03-10,15137,91988,130799,23082,196534
AUD,2015-03-17,63046,91853,75365,19252,152746
AUD,2015-03-24,52079,80447,68957,18636,135693
AUD,2015-03-31,55814,80170,66179,20286,138260
AUD,2015-04-07,55928,96209,89081,21243,159532
AUD,2015-04-14,55077,97510,92927,21531,161971
AUD,2015-04-21,55570,90233,83040,23795,153363
AUD,2015-04-28,53753,81158,67196,22618,140298
AUD,2015-05-05,59033,58407,57213,44377,137001
AUD,2015-05-12,59435,54948,58529,48204,136249
AUD,2015-05-19,65130,57807,57688,53630,142589
AUD,2015-05-26,65245,58823,62234,50336,144495
AUD,2015-06-02,63386,76642,76618,43107,156474
AUD,2015-06-09,65195,79222,75985,41975,165681
AUD,2015-06-16,65421,69469,39468,19755,119362
AUD,2015-06-23,56099,65151,44097,19622,116184
AUD,2015-06-30,54909,66940,48384,19641,118443
AUD,2015-07-07,55071,77268,64045,16480,135648
AUD,2015-07-14,54936,88477,78477,18376,148406
AUD,2015-07-21,52330,93180,93305,22394,159796
AUD,2015-07-28,46555,97214,104328,22358,165974
AUD,2015-08-04,49401,98813,104143,22692,168404
AUD,2015-08-11,48017,99287,101106,22371,164751
AUD,2015-08-18,47544,97427,99128,22350,161344
AUD,2015-08-25,47275,111002,113985,24746,174378
AUD,2015-09-01,50928,106660,108502,25707,173947
AUD,2015-09-08,50072,103388,117383,32699,190761
AUD,2015-09-15,59117,99846,84540,18072,156879
AUD,2015-09-22,42666,95498,89836,13865,147279
AUD,2015-09-29,44560,93425,83537,13958,142869
AUD,2015-10-06,41592,82431,83503,20718,139935
AUD,2015-10-13,42266,75971,82260,34533,142024
AUD,2015-10-20,43295,81707,80919,30283,140367
AUD,2015-10-27,44835,81187,80227,31082,141008
AUD,2015-11-03,49856,88481,84261,24766,145861
AUD,2015-11-10,45893,98723,95178,14992,153590
AUD,2015-11-17,44933,111397,103191,14327,162083
AUD,2015-11-24,46037,103182,90627,15600,152585
AUD,2015-12-01,48063,94711,86462,26968,154800
AUD,2015-12-08,47696,81275,88170,44052,162139
AUD,2015-12-15,61956,72408,31733,10352,110538
AUD,2015-12-22,49122,69976,43043,9475,106301
AUD,2015-12-29,44766,62311,37489,9384,98174
AUD,2016-01-05,46047,59808,35972,9916,99001
AUD,2016-01-12,48528,71571,57436,10835,121590
AUD,2016-01-19,45471,81738,72319,12417,132814
AUD,2016-01-26,46281,79079,62404,11530,125451
AUD,2016-02-02,51397,77565,53282,11652,122056
AUD,2016-02-09,64020,69646,31378,16899,113354
AUD,2016-02-16,66740,63933,26421,21113,111447
AUD,2016-02-23,72523,62948,25907,30500,119526
AUD,2016-03-01,76480,59619,26825,37442,122911
AUD,2016-03-08,86141,56946,25233,58592,141845
AUD,2016-03-15,61544,48762,7917,30785,99992
AUD,2016-03-22,67931,49901,10603,42084,111677
AUD,2016-03-29,77076,53610,10620,46385,119665
AUD,2016-04-05,78234,51389,11143,48378,121060
AUD,2016-04-12,90768,55646,11242,56356,132621
AUD,2016-04-19,97472,53366,12161,65712,142922
AUD,2016-04-26,109932,50392,13416,81886,155703
AUD,2016-05-03,99024,46629,14397,72974,142695
AUD,2016-05-10,82774,44616,16516,59234,126768
AUD,2016-05-17,71793,46900,15864,41952,114119
AUD,2016-05-24,51712,51588,36381,36986,114633
AUD,2016-05-31,44560,49318,44974,36356,114647
AUD,2016-06-07,35406,51214,53952,34470,119376
AUD,2016-06-14,39512,46290,15871,6253,79135
AUD,2016-06-21,38611,45654,16500,10357,78925
AUD,2016-06-28,32556,34508,13173,15088,70276
AUD,2016-07-05,33794,28891,12741,21702,72989
AUD,2016-07-12,45938,29722,12635,36784,89743
AUD,2016-07-19,61642,28211,12042,46274,99518
AUD,2016-07-26,57083,25573,11171,44998,95520
AUD,2016-08-02,58269,26906,10162,46366,99112
AUD,2016-08-09,59586,24702,10178,52574,102059
AUD,2016-08-16,68945,27832,9177,60033,112135
AUD,2016-08-23,71011,28254,10509,60498,114452
AUD,2016-08-30,70432,27866,9540,56601,110040
AUD,2016-09-06,66211,27252,9551,53119,108852
AUD,2016-09-13,63134,26667,17950,55832,112367
AUD,2016-09-20,48543,41695,13293,22527,86614
AUD,2016-09-27,62892,47884,8205,26374,98351
AUD,2016-10-04,73545,49607,8085,36206,110028
AUD,2016-10-11,73395,47291,9760,42144,112028
AUD,2016-10-18,80526,50546,10866,48481,122436
AUD,2016-10-25,83153,51230,10276,50447,124584
AUD,2016-11-01,85541,44674,8723,55432,125387
AUD,2016-11-08,92503,51395,11276,61026,137560
AUD,2016-11-15,77814,36296,8814,54377,113124
AUD,2016-11-22,63488,32783,12131,39400,100989
AUD,2016-11-29,54791,33834,13591,30888,92699
AUD,2016-12-06,48274,27403,12291,32094,84900
AUD,2016-12-13,40290,26817,19670,35495,87770
AUD,2016-12-20,38321,34380,16673,13912,76916
AUD,2016-12-27,44076,45586,28548,19310,94451
AUD,2017-01-03,47948,51204,35945,21753,104009
AUD,2017-01-10,40782,44630,37011,20968,96885
AUD,2017-01-17,42401,37556,24813,21441,87631
AUD,2017-01-24,54552,44258,15346,24539,94379
AUD,2017-01-31,59187,47131,14533,30063,101420
AUD,2017-02-07,66545,49797,17178,42613,114105
AUD,2017-02-14,79313,55095,16536,49043,127869
AUD,2017-02-21,88768,55246,16605,58241,137436
AUD,2017-02-28,95696,43781,14049,72110,141914
AUD,2017-03-07,85221,34243,28980,84354,153365
AUD,2017-03-14,73553,30288,11853,57341,114008
AUD,2017-03-21,85397,40442,12908,68591,134004
AUD,2017-03-28,90838,37700,12750,70972,134422
AUD,2017-04-04,90215,40622,17082,72342,137172
AUD,2017-04-11,76747,31596,16850,65296,123144
AUD,2017-04-18,70392,27130,15228,61661,114453
AUD,2017-04-25,64684,21982,18109,59978,108559
AUD,2017-05-02,64169,21494,17149,57787,107876
AUD,2017-05-09,56471,30687,38654,54711,120039
AUD,2017-05-16,52244,45900,63428,54442,138755
AUD,2017-05-23,42892,40257,64102,55587,128250
AUD,2017-05-30,43148,40081,63520,56238,129388
AUD,2017-06-06,39101,39215,68531,60312,133572
AUD,2017-06-13,33134,34645,65992,59467,134959
AUD,2017-06-20,42272,27239,12348,26545,81975
AUD,2017-06-27,48906,29157,12980,33431,89953
AUD,2017-07-03,57544,25130,12063,50973,100735
AUD,2017-07-11,55950,19144,11922,53888,98130
AUD,2017-07-18,69075,17719,11175,73624,117718
AUD,2017-07-25,80799,24425,11844,83053,132765
AUD,2017-08-01,85280,24567,13319,92907,139228
AUD,2017-08-08,92077,34067,16430,91905,149911
AUD,2017-08-15,93318,33706,17160,94625,149809
AUD,2017-08-22,91558,31074,19484,95356,149592
AUD,2017-08-29,100962,34435,20088,101502,159477
AUD,2017-09-05,103353,38449,22559,105748,168171
AUD,2017-09-12,101713,38680,31939,115192,187355
AUD,2017-09-19,102990,30478,18702,105724,158733
AUD,2017-09-26,103507,26313,14921,104186,154112
AUD,2017-10-03,98499,26687,14774,96957,147098
AUD,2017-10-10,93702,24520,12358,91755,140854
AUD,2017-10-17,85763,23963,11903,86204,134145
AUD,2017-10-24,85819,28569,13359,82097,134558
AUD,2017-10-31,85422,33814,18420,70863,131999
AUD,2017-11-07,75144,29707,21027,67161,125196
AUD,2017-11-14,73155,29123,23527,68430,126097
AUD,2017-11-21,78134,38317,27595,64409,132975
AUD,2017-11-28,78202,39320,29788,64787,134805
AUD,2017-12-05,83634,43306,29503,62576,139427
AUD,2017-12-12,93384,52664,37288,65974,157029
AUD,2017-12-19,38012,50672,46343,26026,105270
AUD,2017-12-26,38210,51849,46400,31394,110525
AUD,2018-01-02,45175,65201,46978,31445,123176
AUD,2018-01-09,52347,46889,37398,50367,123463
AUD,2018-01-16,50348,40274,41865,58561,123922
AUD,2018-01-23,63551,46872,40162,68262,141176
AUD,2018-01-30,63496,50345,38325,62688,140204
AUD,2018-02-06,68273,54525,34538,60302,139810
AUD,2018-02-13,49208,40127,32965,48963,113967
AUD,2018-02-20,47170,35295,32814,50246,111159
AUD,2018-02-27,47255,37681,32477,45598,111306
AUD,2018-03-06,47469,44334,28372,33366,106051
AUD,2018-03-13,38366,39145,34070,37221,106473
AUD,2018-03-20,53750,35825,18312,32262,97255
AUD,2018-03-27,51072,42998,29055,32096,104797
AUD,2018-04-03,46152,46227,36814,31908,108830
AUD,2018-04-10,38793,41589,40843,32907,104209
AUD,2018-04-17,29832,39987,41794,32133,99720
AUD,2018-04-24,49580,52976,49598,34595,122645
AUD,2018-05-01,63321,68993,56868,35939,145711
AUD,2018-05-08,62751,79517,71721,38213,160224
AUD,2018-05-15,72514,95620,79458,35162,173515
AUD,2018-05-22,56063,77175,73776,30864,150320
AUD,2018-05-29,58656,81891,73856,32534,155973
AUD,2018-06-05,51719,71927,70654,34052,143872
AUD,2018-06-12,45318,60553,65457,36391,137724
AUD,2018-06-19,32212,75311,81295,20747,135854
AUD,2018-06-26,33105,74083,83884,21126,137795
AUD,2018-07-03,35061,74291,85361,22815,141049
AUD,2018-07-10,30112,71085,85184,22304,135171
AUD,2018-07-17,28530,69055,84062,22798,132268
AUD,2018-07-24,22676,68162,91104,26089,133557
AUD,2018-07-31,21642,73118,95089,23942,137325
AUD,2018-08-07,21364,75904,99840,23223,141237
AUD,2018-08-14,25649,77432,101102,25328,149238
AUD,2018-08-21,25528,75735,100385,24192,145299
AUD,2018-08-28,24792,69425,95798,29591,141344
AUD,2018-09-04,31772,75803,102691,34877,156234
AUD,2018-09-11,48230,92542,101451,34606,176761
AUD,2018-09-18,26231,94234,115478,21693,162860
AUD,2018-09-25,21888,93949,114724,21213,158761
AUD,2018-10-02,20470,92188,112337,22090,154671
AUD,2018-10-09,25596,98880,118989,25120,170758
AUD,2018-10-16,19849,91340,114572,21667,155988
AUD,2018-10-23,20207,90575,112791,22859,157539
AUD,2018-10-30,22379,92791,118814,25412,164840
AUD,2018-11-06,20825,87270,107738,23914,150565
AUD,2018-11-13,18800,78580,102833,26861,146295
AUD,2018-11-20,15968,75148,100111,30275,141872
AUD,2018-11-27,12168,66071,100080,32098,136796
AUD,2018-12-04,16743,67498,104601,43770,148755
AUD,2018-12-11,14520,60051,101796,46175,148414
AUD,2018-12-18,17970,53039,70380,22177,112262
AUD,2018-12-24,22653,53914,68742,25759,117693
AUD,2018-12-31,27919,54210,69453,26535,122428
AUD,2019-01-08,22345,60120,81875,26573,127476
AUD,2019-01-15,21029,58998,81689,28771,125344
AUD,2019-01-22,17580,53643,79775,30002,120516
AUD,2019-01-29,21112,53224,78875,33327,121855
AUD,2019-02-05,18997,54614,74270,32277,120590
AUD,2019-02-12,18677,53172,83336,36107,127343
AUD,2019-02-19,17626,54694,84466,34301,129223
AUD,2019-02-26,18802,54545,87345,36941,130502
AUD,2019-03-05,22597,63338,93097,37291,141773
AUD,2019-03-12,25440,69139,106757,47379,163073
AUD,2019-03-19,20513,72415,92717,27589,142382
AUD,2019-03-26,22879,76549,94623,24403,141322
AUD,2019-04-02,26551,82294,95264,25653,149828
AUD,2019-04-09,28481,82897,93894,25128,146576
AUD,2019-04-16,29791,76671,88873,26403,140674
AUD,2019-04-23,28754,79203,89802,21781,142394
AUD,2019-04-30,30520,89525,104455,25158,159857
AUD,2019-05-07,32291,89340,102979,26196,162579
AUD,2019-05-14,29130,93176,104319,27412,165582
AUD,2019-05-21,39757,105868,109635,30466,183247
AUD,2019-05-28,38653,105046,110339,29753,179990
AUD,2019-06-04,36304,99595,104571,26179,170251
AUD,2019-06-11,32447,95673,128190,53894,198112
AUD,2019-06-18,43352,108215,103974,24195,178401
AUD,2019-06-25,30526,96846,104222,26423,164741
AUD,2019-07-02,34840,93575,98007,29627,162186
AUD,2019-07-09,31850,85857,96527,31911,158794
AUD,2019-07-16,31843,84419,97244,37725,157734
AUD,2019-07-23,29500,77480,90564,37275,150525
AUD,2019-07-30,35450,88892,94555,34339,162988
AUD,2019-08-06,42314,97825,101373,37743,178023
AUD,2019-08-13,36304,99216,107151,33598,175597
AUD,2019-08-20,32358,95139,106719,32822,169175
AUD,2019-08-27,31850,92882,102382,29039,165752
AUD,2019-09-03,34089,93407,107251,39293,174021
AUD,2019-09-10,36994,90008,106088,45529,182355
AUD,2019-09-17,34566,74648,76139,27646,138052
AUD,2019-09-24,46244,93399,85567,29798,160872
AUD,2019-10-01,46909,99211,92776,31137,171940
AUD,2019-10-08,43328,90272,93277,37433,168839
AUD,2019-10-15,42162,89767,90704,35866,163884
AUD,2019-10-22,38170,82156,87692,37098,157200
AUD,2019-10-29,36831,77118,83476,38117,153444
AUD,2019-11-05,49832,76626,78925,45650,161411
AUD,2019-11-12,41261,82070,87164,43025,160129
AUD,2019-11-19,43871,91111,98695,46234,172425
AUD,2019-11-26,52639,97994,100068,51305,184471
AUD,2019-12-03,57550,93983,94723,56145,185828
AUD,2019-12-10,46614,83422,101174,62265,181496
AUD,2019-12-17,33294,79872,90892,41782,153504
AUD,2019-12-24,39526,85690,89022,39846,155810
AUD,2019-12-31,49430,87769,84632,48224,164305
AUD,2020-01-07,52063,79312,66191,50531,157739
AUD,2020-01-14,43769,64318,63913,48870,144568
AUD,2020-01-21,42359,61660,65728,46445,139478
AUD,2020-01-28,44662,72182,77258,45879,156721
AUD,2020-02-04,48368,91665,98191,48949,180856
AUD,2020-02-11,48188,80856,96321,56891,177528
AUD,2020-02-18,47989,85466,101646,60714,187455
AUD,2020-02-25,56684,100536,121783,71918,213324
AUD,2020-03-03,64846,116799,133455,68215,223084
AUD,2020-03-10,49757,103770,133836,67971,211243
AUD,2020-03-17,39246,67979,88902,50077,149878
AUD,2020-03-24,31024,56231,85562,48337,135097
AUD,2020-03-31,27315,58979,87450,42986,130982
AUD,2020-04-07,26483,61881,86869,38875,130056
AUD,2020-04-14,22037,57591,90406,39133,128258
AUD,2020-04-21,21452,56272,89976,39083,126180
AUD,2020-04-28,21736,59477,89749,39533,129162
AUD,2020-05-05,23541,56996,90061,41987,129293
AUD,2020-05-12,23719,59144,89686,39723,129264
AUD,2020-05-19,25301,64859,91226,39980,132797
AUD,2020-05-26,25530,66068,94516,40279,136920
AUD,2020-06-02,26571,67362,91638,37786,135378
AUD,2020-06-09,29912,66487,87115,43474,138936
AUD,2020-06-16,31685,38217,39081,31889,90803
AUD,2020-06-23,35974,40784,38500,32502,93782
AUD,2020-06-30,40025,42933,41029,34920,100658
AUD,2020-07-07,44740,45434,38279,40090,105115
AUD,2020-07-14,45543,41293,40756,44908,107237
AUD,2020-07-21,41778,41983,42632,43078,108952
AUD,2020-07-28,42402,47414,45814,45768,113682
AUD,2020-08-04,45465,46513,45444,52952,120274
AUD,2020-08-11,47321,50809,46317,50026,122210
AUD,2020-08-18,48489,51789,45335,51840,124931
AUD,2020-08-25,51131,55030,46395,51927,127505
AUD,2020-09-01,58190,58355,47313,58360,137131
AUD,2020-09-08,57097,59141,51276,60542,144091
AUD,2020-09-15,59687,43468,43307,68561,131814
AUD,2020-09-22,60713,44374,45151,66731,133214
AUD,2020-09-29,53816,44879,48694,62703,128448
AUD,2020-10-06,61379,50532,44861,60822,132119
AUD,2020-10-13,63863,60009,46258,58761,137281
AUD,2020-10-20,61147,54392,44413,60360,134220
AUD,2020-10-27,59696,50806,44741,61047,130361
AUD,2020-11-03,56529,57843,52543,57744,134352
AUD,2020-11-10,49371,58091,53794,51538,130615
AUD,2020-11-17,48831,54954,51163,55627,129737
AUD,2020-11-24,51679,56956,50373,53842,131531
AUD,2020-12-01,45453,56253,51743,56725,130727
AUD,2020-12-08,50650,60757,64389,71469,160280
AUD,2020-12-15,45786,55111,45513,55118,127016
AUD,2020-12-21,53323,57742,48497,58169,136013
AUD,2020-12-29,53827,60333,48369,61082,138309
AUD,2021-01-05,59738,63645,48589,62298,146093
AUD,2021-01-12,60450,54994,50727,68740,144614
AUD,2021-01-19,59927,55067,48604,70740,144283
AUD,2021-01-26,56372,55601,49695,67333,143073
AUD,2021-02-02,55768,57235,49919,65838,142644
AUD,2021-02-09,55931,56147,47319,63010,140497
AUD,2021-02-16,54675,57496,48431,62601,140954
AUD,2021-02-23,55664,57300,49301,67172,145261
AUD,2021-03-02,61047,55006,49676,72272,149904
AUD,2021-03-09,61848,53773,47413,68322,150330
AUD,2021-03-16,57840,50220,39964,60410,129421
AUD,2021-03-23,59032,53090,40903,60124,133276
AUD,2021-03-30,66607,54344,42450,61087,137335
AUD,2021-04-06,62991,58925,44308,59802,137218
AUD,2021-04-13,64031,60272,45433,58979,139633
AUD,2021-04-20,56723,58529,46349,60639,136167
AUD,2021-04-27,59735,61145,46828,61967,140736
AUD,2021-05-04,58385,56909,46969,62148,137649
AUD,2021-05-11,59158,56742,45644,66213,140907
AUD,2021-05-18,57862,54860,47486,65373,137436
AUD,2021-05-25,55098,55907,49401,62190,134790
AUD,2021-06-01,55385,57310,47419,59432,135182
AUD,2021-06-08,48150,57587,60293,64596,148640
AUD,2021-06-15,40139,58019,56902,46546,124137
AUD,2021-06-22,56133,73708,67907,47559,147814
AUD,2021-06-29,48824,66624,65391,49139,140482
AUD,2021-07-06,53352,78222,68894,42409,147352
AUD,2021-07-13,56721,85509,76758,42155,155995
AUD,2021-07-20,57072,92762,84561,39577,163574
AUD,2021-07-27,57415,96762,89675,38072,167840
AUD,2021-08-03,57742,99025,89342,37905,169889
AUD,2021-08-10,57323,106636,94109,29861,171742
AUD,2021-08-17,64169,114536,101694,31985,186948
AUD,2021-08-24,60964,117564,116451,38991,197636
AUD,2021-08-31,47384,107462,114931,33350,182084
AUD,2021-09-07,32496,102984,116164,32709,173484
AUD,2021-09-14,13116,96499,131163,35130,164727
AUD,2021-09-21,24746,110330,141655,39353,185492
AUD,2021-09-28,18407,104790,143863,39165,180869
AUD,2021-10-05,17471,107450,151501,42808,188691
AUD,2021-10-12,11193,98801,146176,44176,177932
AUD,2021-10-19,11632,87690,121502,40191,158531
AUD,2021-10-26,17448,92694,117662,41263,160011
AUD,2021-11-02,19187,94683,116464,42494,162888
AUD,2021-11-09,23844,87268,108880,42695,157269
AUD,2021-11-16,30760,91913,112044,42186,166688
AUD,2021-11-23,40523,103788,122921,49498,188033
AUD,2021-11-30,33217,113402,144539,49830,201981
AUD,2021-12-07,33380,115172,152842,53968,212150
AUD,2021-12-14,29254,108157,147601,49178,197405
AUD,2021-12-21,22958,103312,148859,50826,191309
AUD,2021-12-28,16885,98626,146266,46790,183152
AUD,2022-01-04,12632,101998,145915,45106,180107
AUD,2022-01-11,12383,103869,150375,46766,185453
AUD,2022-01-18,9051,97505,148978,50459,181136
AUD,2022-01-25,15121,98394,153386,55637,190020
AUD,2022-02-01,18835,98664,155124,59026,196913
AUD,2022-02-08,17323,103064,155203,56846,196403
AUD,2022-02-15,11692,98386,155928,58244,192578
AUD,2022-02-22,11553,95633,157416,61344,192579
AUD,2022-03-01,12720,91056,151922,64185,189667
AUD,2022-03-08,19521,97716,146144,67961,197094
AUD,2022-03-15,24281,69137,77621,28981,124521
AUD,2022-03-22,23747,74936,75916,27528,127767
AUD,2022-03-29,33960,83566,80885,39991,143007
AUD,2022-04-05,34871,72384,80207,57875,148898
AUD,2022-04-12,39770,68485,81396,63520,150939
AUD,2022-04-19,39201,68038,79208,58408,147309
AUD,2022-04-26,47105,74756,75929,47013,147090
AUD,2022-05-03,46995,75511,80147,45922,152257
AUD,2022-05-10,36869,78583,91731,44605,153209
AUD,2022-05-17,41473,86115,98903,44466,163809
AUD,2022-05-24,36579,82025,99401,46132,158615
AUD,2022-05-31,32897,81579,97031,45903,153661
AUD,2022-06-07,31720,79616,99747,52334,166422
AUD,2022-06-14,31660,74914,85591,40881,142857
AUD,2022-06-21,31745,72351,82514,37906,137017
AUD,2022-06-28,28887,71867,86347,39184,139891
AUD,2022-07-05,27622,75243,95252,39544,146950
AUD,2022-07-12,30527,72127,106112,53622,158263
AUD,2022-07-19,30578,73726,102518,53242,155246
AUD,2022-07-26,30024,77409,102398,51797,156473
AUD,2022-08-02,30835,86785,115141,53017,167931
AUD,2022-08-09,25644,83232,109593,50152,158100
AUD,2022-08-16,28835,88083,110918,47448,160045
AUD,2022-08-23,32342,92370,114923,50738,169212
AUD,2022-08-30,31304,88697,114957,52454,169267
AUD,2022-09-06,33305,89805,118817,55033,178232
AUD,2022-09-13,29218,87068,120393,53375,182287
AUD,2022-09-20,38797,79353,92900,40772,150544
AUD,2022-09-27,39006,73659,92836,44838,152301
AUD,2022-10-04,36248,64012,82080,43276,139490
AUD,2022-10-11,29325,60596,86475,43783,138320
AUD,2022-10-18,33046,68405,95474,46503,150496
AUD,2022-10-25,32159,83605,115337,49018,166961
AUD,2022-11-01,34148,84680,111638,48912,165411
AUD,2022-11-08,33288,79971,108584,53361,162523
AUD,2022-11-15,33214,77963,110099,55987,162440
AUD,2022-11-22,32825,75611,104123,54109,156807
AUD,2022-11-29,35045,79675,104506,53600,159378
AUD,2022-12-06,36334,76897,101160,58340,158755
AUD,2022-12-13,35825,73662,105480,62635,172269
AUD,2022-12-20,31779,65894,75507,37079,129256
AUD,2022-12-27,32955,69746,72829,34548,129195
AUD,2023-01-03,35208,71475,74724,35129,132960
AUD,2023-01-10,30210,63900,71696,39486,126028
AUD,2023-01-17,28593,62213,71052,45116,128213
AUD,2023-01-24,29466,62637,74818,45112,129490
AUD,2023-01-31,36337,66929,72741,49579,136304
AUD,2023-02-07,30044,58149,64682,41941,124006
AUD,2023-02-14,30752,59659,66335,42600,126033
AUD,2023-02-21,38492,63280,60543,35494,123456
AUD,2023-02-28,41071,65236,63222,34644,126681
AUD,2023-03-07,54307,79131,69770,33771,157990
AUD,2023-03-14,41685,81776,86614,33485,150058
AUD,2023-03-21,41183,79642,87354,36800,151836
AUD,2023-03-28,43813,79166,83523,37693,151238
AUD,2023-04-04,46687,73920,80257,43420,151242
AUD,2023-04-11,45481,83418,86468,39398,159441
AUD,2023-04-18,44610,86966,88628,38071,159708
AUD,2023-04-25,54241,93703,98900,45154,178757
AUD,2023-05-02,52340,97350,102454,45902,181229
AUD,2023-05-09,41225,90418,98698,41801,165532
AUD,2023-05-16,43903,97497,98069,36167,167020
AUD,2023-05-23,53419,102500,102079,42036,180138
AUD,2023-05-30,68969,113095,109462,50362,204963
AUD,2023-06-06,54501,110969,119775,52279,209680
AUD,2023-06-13,38758,100503,109260,35353,182562
AUD,2023-06-20,45743,95359,79300,28314,149898
AUD,2023-06-27,45225,84649,67857,29035,136335
AUD,2023-07-03,50170,94752,82076,30702,153744
AUD,2023-07-11,43661,88745,87458,33423,152495
AUD,2023-07-18,38252,88653,84937,33892,148592
AUD,2023-07-25,39108,90309,80237,30676,146423
AUD,2023-08-01,46612,98404,90885,33615,161298
AUD,2023-08-08,61091,104283,96999,41154,182842
AUD,2023-08-15,68623,122020,109110,43852,204458
AUD,2023-08-22,72034,135820,125129,48235,226955
AUD,2023-08-29,61376,131561,130388,49782,223489
AUD,2023-09-05,54032,137569,146176,50810,241201
AUD,2023-09-12,47309,126842,164961,69971,256219
AUD,2023-09-19,36780,133726,158199,48187,221229
AUD,2023-09-26,36104,122919,151041,48791,211882
AUD,2023-10-03,39465,121452,142572,45306,207782
AUD,2023-10-10,31827,108404,134148,43039,190133
AUD,2023-10-17,31565,112304,141329,44197,196044
AUD,2023-10-24,28018,111099,142753,43900,194666
AUD,2023-10-31,32805,107915,135553,49121,196866
AUD,2023-11-07,34049,99612,126869,53602,192496
AUD,2023-11-14,32728,103684,132639,53582,197469
AUD,2023-11-21,29565,107535,131742,49738,196598
AUD,2023-11-28,29203,100422,131213,57424,197053
AUD,2023-12-05,32886,90567,124388,69489,195569
AUD,2023-12-12,30967,83307,140172,85304,208927
AUD,2023-12-19,35277,85954,83462,37154,147665
AUD,2023-12-26,39011,90314,83467,40405,152735
AUD,2024-01-02,44442,87335,82030,51735,157003
AUD,2024-01-09,47326,79600,77374,56304,156375
AUD,2024-01-16,45812,93669,83911,44867,163442
AUD,2024-01-23,42853,96973,87611,34962,161999
AUD,2024-01-30,36956,95251,97888,39041,165531
AUD,2024-02-06,39242,111055,115517,35486,180793
AUD,2024-02-13,47405,126381,128465,37480,199485
AUD,2024-02-20,49100,130975,131694,39083,205656
AUD,2024-02-27,49640,128816,129292,39515,204992
AUD,2024-03-05,53966,138709,151903,56158,234196
AUD,2024-03-12,41591,132431,151731,54053,229723
AUD,2024-03-19,38207,145745,158919,42857,220921
AUD,2024-03-26,34438,139890,162079,44539,218982
AUD,2024-04-02,34557,137242,164790,50704,224894
AUD,2024-04-09,30556,122897,151421,49811,208938
AUD,2024-04-16,42365,143448,169334,52990,234919
AUD,2024-04-23,43429,139668,174015,59139,239278
AUD,2024-04-30,41293,124528,157629,65235,224573
AUD,2024-05-07,49480,113996,135023,62501,209670
AUD,2024-05-14,40059,117230,131596,54454,201798
AUD,2024-05-21,50536,106769,115463,63870,196609
AUD,2024-05-28,53892,103808,112209,62849,193678
AUD,2024-06-04,51661,102964,117000,70077,199796
AUD,2024-06-11,45540,110325,125453,63410,212796
AUD,2024-06-18,55699,97355,86558,50174,174695
AUD,2024-06-25,64620,88296,82549,63206,181071
AUD,2024-07-02,77951,93787,88004,76711,197799
AUD,2024-07-09,98997,96584,89192,101324,225017
AUD,2024-07-16,106312,95199,84403,112286,229593
AUD,2024-07-23,96973,105787,90711,94754,226258
AUD,2024-07-30,79236,110606,94451,61621,205852
AUD,2024-08-06,68193,108392,97019,52276,192634
AUD,2024-08-13,65028,107644,94084,45603,188298
AUD,2024-08-20,70554,109439,89429,51063,187360
AUD,2024-08-27,81486,100645,87629,80407,204850
AUD,2024-09-03,87118,94982,87254,94066,213538
AUD,2024-09-10,74259,88301,114426,111806,230013
AUD,2024-09-17,53941,94063,85069,53091,169684
AUD,2024-09-24,81924,93172,58488,63132,176442
AUD,2024-10-01,101462,86934,61915,95766,201032
AUD,2024-10-08,111561,78139,59057,109310,205706
AUD,2024-10-15,99051,79782,56412,94490,193289
AUD,2024-10-22,102509,74830,51835,93365,186950
AUD,2024-10-29,93677,66161,57807,95665,183977
AUD,2024-11-05,91488,60512,59108,90867,177416
AUD,2024-11-12,83555,53760,59537,92171,171880
AUD,2024-11-19,86703,55105,64987,92093,181688
AUD,2024-11-26,88694,56918,67173,94631,185533
AUD,2024-12-03,86699,65298,71206,93492,190247
AUD,2024-12-10,88751,80266,111884,112619,239026
AUD,2024-12-17,32929,94460,111276,40177,172661
AUD,2024-12-24,31414,99584,117514,39314,177789
AUD,2024-12-31,35248,106659,116636,38137,182872
AUD,2025-01-07,33116,106549,133477,50470,197764
AUD,2025-01-14,26135,103766,134239,46942,192020
AUD,2025-01-21,31179,102475,127375,47576,190211
AUD,2025-01-28,32196,104027,129574,50573,192011
AUD,2025-02-04,35330,110639,139494,55993,204869
AUD,2025-02-11,40368,105953,123991,53547,196295
AUD,2025-02-18,46918,103641,110010,49657,189686
AUD,2025-02-25,50873,96453,105108,52776,185971
AUD,2025-03-04,55151,103384,111644,54615,202272
AUD,2025-03-11,52171,100397,163521,108120,258738
AUD,2025-03-18,27628,98077,117162,46203,180546
AUD,2025-03-25,28124,105570,119381,37052,180087
AUD,2025-04-01,26211,102074,119373,40221,182766
AUD,2025-04-08,28493,91793,127546,57341,194476
AUD,2025-04-15,19740,78588,123729,59997,178747
AUD,2025-04-22,27175,81757,125583,75153,190798
AUD,2025-04-29,26602,76545,123079,74276,184804
AUD,2025-05-06,26243,74615,121539,71826,183057
AUD,2025-05-13,25507,74853,119964,69081,180460
AUD,2025-05-20,20997,80074,121279,61743,177853
AUD,2025-05-27,21572,82752,119718,63303,179292
AUD,2025-06-03,23969,87124,130735,69540,202595
AUD,2025-06-10,23997,93941,153541,89771,224272
AUD,2025-06-17,21194,90584,94487,29107,147471
AUD,2025-06-24,23249,95811,97992,27517,151032
AUD,2025-07-01,25539,95629,93083,27084,151338
AUD,2025-07-08,23272,97586,95712,27567,153390
AUD,2025-07-15,21233,96152,97063,24535,150487
AUD,2025-07-22,25066,106321,105142,27801,161394
AUD,2025-07-29,26506,104600,102997,27955,159680
AUD,2025-08-05,23988,107548,110361,27816,163900
AUD,2025-08-12,25631,113536,114396,30163,171294
AUD,2025-08-19,31668,126555,124358,30962,185901
AUD,2025-08-26,28700,129290,135250,33965,191207
AUD,2025-09-02,29677,112360,124987,45873,185048
AUD,2025-09-09,32200,111431,141051,67830,208092
AUD,2025-09-16,40276,91436,82083,41432,154790
AUD,2025-09-23,41994,101584,89563,40649,160854
AUD,2025-09-30,41713,106319,97084,43192,167976
AUD,2025-10-07,47717,105522,91184,49383,170970
AUD,2025-10-14,50324,109902,89806,39328,170002
AUD,2025-10-21,51794,117558,94799,36580,173878
AUD,2025-10-28,41715,115649,102393,35731,173436
AUD,2025-11-04,50360,121936,100810,35707,180801
AUD,2025-11-10,43114,121741,104992,34248,179467
AUD,2025-11-18,45721,121577,103569,36764,179341
AUD,2025-11-25,43918,128094,114486,38934,192678
AUD,2025-12-02,45868,129261,120635,50354,202574
AUD,2025-12-09,57569,120516,184216,139130,296662
AUD,2025-12-16,67640,89535,103738,102167,293796
AUD,2025-12-23,70657,92255,106231,102459,217163
AUD,2025-12-30,77497,98713,105384,106222,223804
AUD,2026-01-06,80491,99451,106793,110036,230926
AUD,2026-01-13,83955,102801,103295,106905,229456
AUD,2026-01-20,85759,99770,100608,112395,230657
AUD,2026-01-27,109806,102660,100026,128335,252055
AUD,2026-02-03,118751,92633,92582,140642,254240
AUD,2026-02-10,112766,79557,87293,146429,247194
AUD,2026-02-17,117820,71889,82854,156843,256213
AUD,2026-02-24,121661,69017,75380,152693,248697
AUD,2026-03-03,136515,68753,72991,162240,267280
AUD,2026-03-10,121394,67197,124347,206532,315898
AUD,2026-03-17,136074,67013,83769,177541,265675
AUD,2026-03-24,132629,61757,80063,174430,257694
AUD,2026-03-31,141775,60269,79251,188292,263962
AUD,2026-04-07,137959,67146,81872,179219,264658
AUD,2026-04-14,129517,64442,88824,179640,263918
AUD,2026-04-21,128811,63994,100168,193366,275415
AUD,2026-04-28,136909,65040,96356,193741,277370
AUD,2026-05-05,143214,64540,92272,197817,279532
AUD,2026-05-12,150800,65810,93647,205450,289244
AUD,2026-05-19,151583,65939,100426,209998,301269
AUD,2026-05-26,129129,68974,122598,203030,302802
AUD,2026-06-02,105176,63364,143693,204466,305391
AUD,2026-06-09,92995,74835,172451,209120,314177
AUD,2026-06-16,84342,88467,87946,101030,295545
AUD,2026-06-23,82200,95212,97086,97949,214349
AUD,2026-06-30,77788,95488,101790,100156,215837
AUD,2026-07-07,71962,96613,93234,82438,204837
AUD,2026-07-14,68377,99087,99130,86317,208457
AUD,2026-07-21,66184,103869,115741,99654,225153
AUD,2026-07-28,67819,107783,122985,99486,229784
AUD,2026-08-04,74385,107575,127695,115371,240482
AUD,2026-08-11,80538,119761,145363,130502,267222
AUD,2026-08-18,88204,132363,158823,137357,288526
AUD,2026-08-25,106864,151319,183852,164778,333906
AUD,2026-09-01,114105,153511,235152,216342,391678
AUD,2026-09-08,120532,155402,271564,255880,455468
CAD,2000-01-04,24810,11385,14961,43990,61690
CAD,2000-01-11,22760,12679,15553,42293,61961
CAD,2000-01-18,24509,4797,14610,52480,63372
CAD,2000-01-25,32165,5081,14705,61875,73798
CAD,2000-02-01,24091,4597,16679,53184,66504
CAD,2000-02-08,23406,2938,17263,54691,66877
CAD,2000-02-15,17494,4850,24096,47825,63502
CAD,2000-02-22,10843,6253,30690,45369,62692
CAD,2000-02-29,8764,5135,31816,47083,61992
CAD,2000-03-07,6093,6978,32658,44094,61387
CAD,2000-03-14,5460,7385,35441,39920,63071
CAD,2000-03-21,5733,14975,34030,27939,56963
CAD,2000-03-28,8011,10472,26619,30683,55329
CAD,2000-04-04,8323,8716,24572,33450,53474
CAD,2000-04-11,4862,9047,28376,30655,50945
CAD,2000-04-18,7441,19019,41874,31142,67355
CAD,2000-04-25,7897,19257,42147,31378,66751
CAD,2000-05-02,8693,20772,46456,34799,71246
CAD,2000-05-09,8689,21721,46408,33207,71504
CAD,2000-05-16,6500,26334,42052,24165,72524
CAD,2000-05-23,6178,31947,53026,24843,82820
CAD,2000-05-30,5453,36942,56420,22730,86836
CAD,2000-06-06,3161,21233,43857,27116,68252
CAD,2000-06-13,4085,19002,47426,38732,78822
CAD,2000-06-20,4038,18381,47235,40135,74847
CAD,2000-06-27,2599,18897,36987,25219,58960
CAD,2000-07-05,3419,23213,43403,26717,65357
CAD,2000-07-11,3653,23327,45392,28158,66531
CAD,2000-07-18,4960,23494,41998,29456,67426
CAD,2000-07-25,10573,15815,33622,40108,69355
CAD,2000-08-01,3794,16796,35951,33140,65130
CAD,2000-08-08,4783,17446,42049,31510,65692
CAD,2000-08-15,3197,17475,45279,34113,68102
CAD,2000-08-22,1998,14425,41340,33510,63613
CAD,2000-08-29,3473,17213,45702,33528,67795
CAD,2000-09-05,4785,13557,38971,36346,63791
CAD,2000-09-12,2972,14947,46184,36393,68219
CAD,2000-09-19,2760,19543,52705,34927,72763
CAD,2000-09-26,1590,24485,43650,16787,59723
CAD,2000-10-03,3598,38763,58083,17416,78505
CAD,2000-10-10,3623,38583,58044,18143,78505
CAD,2000-10-17,4022,41327,60928,20611,84011
CAD,2000-10-24,3268,41290,58498,21393,82404
CAD,2000-10-31,3916,41021,56410,18882,81105
CAD,2000-11-07,3480,35075,55523,22917,79094
CAD,2000-11-14,3896,33625,54161,23639,79013
CAD,2000-11-21,3887,31537,51174,23011,76490
CAD,2000-11-28,4021,23202,47482,27451,73411
CAD,2000-12-05,3490,21927,47021,26730,71774
CAD,2000-12-12,3399,18260,45214,32652,75994
CAD,2000-12-19,3637,17283,43058,34894,69859
CAD,2000-12-26,3950,15480,29371,26408,55410
CAD,2001-01-02,5119,8942,23434,31986,52655
CAD,2001-01-09,9894,7873,23062,38032,57409
CAD,2001-01-16,11507,7533,23691,38416,57391
CAD,2001-01-23,12107,2190,20356,36988,52651
CAD,2001-01-30,10381,3157,20180,35659,50284
CAD,2001-02-06,10988,2336,19150,36723,51675
CAD,2001-02-13,9971,9946,27843,30848,57201
CAD,2001-02-20,8476,12774,34033,31553,61308
CAD,2001-02-27,7853,20802,41559,30065,69634
CAD,2001-03-06,8966,22446,40714,26985,70550
CAD,2001-03-13,10414,23833,46287,34822,80110
CAD,2001-03-20,9314,23988,49631,33561,78051
CAD,2001-03-27,3470,24502,43010,19990,65818
CAD,2001-04-03,3959,23323,43111,22109,66276
CAD,2001-04-10,4069,19091,39717,24036,64143
CAD,2001-04-17,3101,18703,40347,23997,63369
CAD,2001-04-24,3543,17060,41293,28881,64298
CAD,2001-05-01,4485,16641,37975,29663,63144
CAD,2001-05-08,3986,17120,37072,32003,65893
CAD,2001-05-15,2979,17833,39611,31863,65681
CAD,2001-05-22,4986,16488,35337,32166,64565
CAD,2001-05-29,4303,18345,38560,29761,65466
CAD,2001-06-05,7287,18816,31609,28994,64530
CAD,2001-06-12,7532,13041,34217,39450,70123
CAD,2001-06-19,6765,11575,33022,42577,69704
CAD,2001-06-26,7771,11178,17216,31166,53314
CAD,2001-07-03,7625,5501,18920,35354,53420
CAD,2001-07-10,7197,5725,18523,35175,53021
CAD,2001-07-17,5565,9728,24551,32204,54950
CAD,2001-07-24,3957,16148,29434,27786,57116
CAD,2001-07-31,4673,6048,24251,31680,51491
CAD,2001-08-07,4322,5882,24705,33150,52698
CAD,2001-08-14,4362,6013,31870,39694,51988
CAD,2001-08-21,3187,10321,40267,40692,57084
CAD,2001-08-28,3946,10821,31358,31101,58016
CAD,2001-09-04,3533,19060,38129,23387,65580
CAD,2001-09-10,3124,28391,48103,23650,79523
CAD,2001-09-18,2896,29474,57437,29084,83693
CAD,2001-09-25,3279,31216,43040,14788,67827
CAD,2001-10-02,3386,33725,46287,17679,73001
CAD,2001-10-09,4092,24381,44940,24991,72186
CAD,2001-10-16,5300,17918,38938,28970,68069
CAD,2001-10-23,3210,23014,43143,24768,70752
CAD,2001-10-30,2629,23202,44879,25031,72414
CAD,2001-11-06,3330,29762,50904,22518,78392
CAD,2001-11-13,3353,31442,55415,23609,83277
CAD,2001-11-20,3288,28663,55412,29289,83231
CAD,2001-11-27,3288,29960,59840,31474,87310
CAD,2001-12-04,5272,13242,43125,38386,74823
CAD,2001-12-11,4954,12748,44464,38768,77469
CAD,2001-12-18,6470,11370,41276,44599,75039
CAD,2001-12-21,5691,11782,23218,20915,51055
CAD,2001-12-28,4463,19064,30066,19143,59460
CAD,2002-01-08,4934,20267,31607,16877,61485
CAD,2002-01-15,5816,21261,33848,21095,67456
CAD,2002-01-22,6459,28504,43740,20876,76458
CAD,2002-01-29,5473,22637,41773,23837,72933
CAD,2002-02-05,6294,21720,38310,26222,68040
CAD,2002-02-12,6825,20421,38240,29774,70779
CAD,2002-02-19,9420,18758,37235,32605,71389
CAD,2002-02-26,7508,27468,44433,28193,80851
CAD,2002-03-05,8231,18325,35304,29626,71722
CAD,2002-03-12,11215,13315,35214,41851,76124
CAD,2002-03-19,11431,13722,36472,44232,76366
CAD,2002-03-26,8954,13510,27805,32909,62741
CAD,2002-04-02,6936,19422,31650,31749,65664
CAD,2002-04-09,6269,27031,40907,27860,71824
CAD,2002-04-16,5992,14814,31032,33660,64020
CAD,2002-04-23,10765,11234,29214,43568,69168
CAD,2002-04-30,13840,11533,26606,45707,71236
CAD,2002-05-07,19596,13414,25890,52398,77436
CAD,2002-05-14,22304,11781,25845,57134,80626
CAD,2002-05-21,23552,8351,24057,60995,83236
CAD,2002-05-28,27114,8909,23600,65600,87172
CAD,2002-06-04,27776,4498,24137,71402,88429
CAD,2002-06-11,24689,0,32189,79317,95310
CAD,2002-06-18,22162,3217,33058,79135,94694
CAD,2002-06-25,20756,2581,18607,63394,76098
CAD,2002-07-02,25139,1727,17102,67095,78330
CAD,2002-07-09,25180,2864,17773,68608,81078
CAD,2002-07-16,19536,3314,19631,63921,77868
CAD,2002-07-23,14095,4989,22862,53658,70325
CAD,2002-07-30,8821,4616,24756,46605,63134
CAD,2002-08-06,5739,4505,31628,48483,65956
CAD,2002-08-13,5236,4175,31499,45611,62556
CAD,2002-08-20,5373,4816,32087,45324,63401
CAD,2002-08-27,5905,3138,29687,45182,61302
CAD,2002-09-03,13983,3463,29139,54824,69959
CAD,2002-09-10,14014,3411,29107,58378,75560
CAD,2002-09-17,8942,6768,32387,52521,73191
CAD,2002-09-24,6520,5908,16994,31216,51972
CAD,2002-10-01,6000,6414,17815,31782,52448
CAD,2002-10-08,7560,7507,19501,32263,55966
CAD,2002-10-15,7633,8043,20142,32705,57220
CAD,2002-10-22,9755,2189,16873,39931,56278
CAD,2002-10-29,14787,2202,12775,43129,57794
CAD,2002-11-05,17085,1469,12749,48503,61231
CAD,2002-11-12,13449,1724,15622,46667,59832
CAD,2002-11-19,10173,5683,20579,40902,61051
CAD,2002-11-26,8708,4406,21316,40609,59002
CAD,2002-12-03,17276,634,16671,50563,64722
CAD,2002-12-10,18682,0,26492,62984,77910
CAD,2002-12-17,24101,488,30248,75520,89152
CAD,2002-12-23,23062,0,10785,59300,68035
CAD,2002-12-31,14855,3336,13357,48398,62742
CAD,2003-01-07,13131,0,14304,50139,61623
CAD,2003-01-14,25482,500,15656,69949,81532
CAD,2003-01-21,32585,600,16179,78778,91593
CAD,2003-01-28,39185,937,17911,86664,97544
CAD,2003-02-04,43347,200,16972,90878,102651
CAD,2003-02-11,42852,30,17215,90191,101272
CAD,2003-02-18,43606,200,18298,92224,105250
CAD,2003-02-25,41929,320,22655,97738,109750
CAD,2003-03-04,42784,320,22082,101892,112974
CAD,2003-03-11,41764,0,31933,108215,121735
CAD,2003-03-18,42676,0,34433,110559,121951
CAD,2003-03-25,34508,300,21319,81402,93264
CAD,2003-04-01,33961,772,20612,80729,94115
CAD,2003-04-08,33003,200,22399,82123,94969
CAD,2003-04-15,33509,200,22578,85274,97003
CAD,2003-04-22,31288,200,24667,85425,97984
CAD,2003-04-29,36374,938,25275,89385,102455
CAD,2003-05-06,33702,945,24192,84578,97802
CAD,2003-05-13,31618,728,26743,84145,98743
CAD,2003-05-20,26085,525,28284,80851,95663
CAD,2003-05-27,22461,2514,32151,77215,93169
CAD,2003-06-03,21775,3413,33826,77335,94481
CAD,2003-06-10,20614,2934,36283,75630,95778
CAD,2003-06-17,19963,1509,33231,78406,92878
CAD,2003-06-24,16599,820,25013,58088,72542
CAD,2003-07-01,18022,1241,25862,60872,75746
CAD,2003-07-08,17984,61,25817,55425,74235
CAD,2003-07-15,12118,2782,27697,52742,69818
CAD,2003-07-22,9352,1086,29486,46905,66155
CAD,2003-07-29,10028,594,27302,48809,62645
CAD,2003-08-05,9585,1290,26813,48749,62515
CAD,2003-08-12,13743,697,23835,52289,66366
CAD,2003-08-19,10444,473,25024,49479,61784
CAD,2003-08-26,9662,113,26626,47642,62024
CAD,2003-09-02,12384,119,24231,50743,64314
CAD,2003-09-09,19420,0,27906,65004,78757
CAD,2003-09-16,20282,150,22913,68008,81631
CAD,2003-09-23,23454,1147,10188,54750,66514
CAD,2003-09-30,24828,1741,11118,57389,69358
CAD,2003-10-07,31011,411,9950,61938,76303
CAD,2003-10-14,30697,843,12710,66469,80019
CAD,2003-10-21,29847,442,11987,67505,80185
CAD,2003-10-28,34353,1482,12882,70656,84034
CAD,2003-11-04,29207,487,14375,65547,78303
CAD,2003-11-11,30192,487,14012,68526,80154
CAD,2003-11-18,34048,572,13996,73250,86715
CAD,2003-11-25,26518,641,14430,64579,79162
CAD,2003-12-02,31155,487,14709,69174,82914
CAD,2003-12-09,27407,320,20703,70552,87364
CAD,2003-12-16,17627,1029,29274,65651,81898
CAD,2003-12-22,13535,4872,17501,45058,62750
CAD,2003-12-30,22336,3377,13092,50732,66536
CAD,2004-01-06,29498,2286,11732,58933,73435
CAD,2004-01-13,39658,2089,12964,76580,89905
CAD,2004-01-20,25232,1288,15120,62636,76063
CAD,2004-01-27,16478,2769,18303,51712,65919
CAD,2004-02-03,7835,11687,26927,37883,63329
CAD,2004-02-10,7968,12402,29483,39509,66688
CAD,2004-02-17,8385,8758,22919,39522,61898
CAD,2004-02-24,6769,13545,26795,32930,62648
CAD,2004-03-02,5834,15249,31777,33766,65508
CAD,2004-03-09,11605,8781,29441,47098,72882
CAD,2004-03-16,9820,6078,33705,49404,71603
CAD,2004-03-23,10562,3462,11945,31507,48702
CAD,2004-03-30,35066,2051,11716,61888,76113
CAD,2004-04-06,44219,2354,11327,71326,86421
CAD,2004-04-12,20785,3635,13846,47521,66422
CAD,2004-04-20,14206,14758,25086,36245,65409
CAD,2004-04-27,12310,21935,32715,31461,70976
CAD,2004-05-04,13178,32569,44669,29194,81767
CAD,2004-05-11,13705,39353,46258,26172,86362
CAD,2004-05-18,13380,42114,52164,29627,91114
CAD,2004-05-25,13154,32331,43484,30913,82269
CAD,2004-06-01,13430,27706,44522,35658,82138
CAD,2004-06-08,13149,18041,39363,41041,77098
CAD,2004-06-15,14039,25029,45349,39757,84500
CAD,2004-06-22,12265,27470,22618,15392,58449
CAD,2004-06-29,16877,16612,17734,29074,59016
CAD,2004-07-06,18933,7612,15425,38100,62007
CAD,2004-07-13,30113,6237,15040,53202,72639
CAD,2004-07-20,36916,5938,15734,61096,82944
CAD,2004-07-27,31026,5311,16201,56748,75905
CAD,2004-08-03,29499,5898,18060,56861,76946
CAD,2004-08-10,33093,6454,17745,59900,80273
CAD,2004-08-17,37979,6885,16636,65286,86804
CAD,2004-08-24,40507,6764,19234,71974,92045
CAD,2004-08-31,35306,6168,20692,67453,86184
CAD,2004-09-07,46379,5076,26655,83029,107167
CAD,2004-09-14,50371,5719,28488,90831,111785
CAD,2004-09-21,44615,5216,11865,71035,89047
CAD,2004-09-28,52716,5960,12567,77456,98326
CAD,2004-10-05,53036,7868,24327,87665,111202
CAD,2004-10-12,56875,7489,24642,91165,117114
CAD,2004-10-19,49034,9014,27815,89771,116035
CAD,2004-10-26,42987,6764,29841,87885,109721
CAD,2004-11-02,45896,6204,32701,94595,115675
CAD,2004-11-09,41418,6446,31107,86945,109798
CAD,2004-11-16,40552,7217,30663,85733,108544
CAD,2004-11-23,37207,7736,30669,82232,105371
CAD,2004-11-30,35634,12003,34870,79056,105893
CAD,2004-12-07,30867,12497,43844,77830,108956
CAD,2004-12-14,21889,12812,50827,66112,101313
CAD,2004-12-21,20422,14146,15273,38006,65452
CAD,2004-12-28,19215,13081,17599,41225,66171
CAD,2005-01-04,20448,10786,20814,47151,71055
CAD,2005-01-11,19317,9424,22579,47479,69850
CAD,2005-01-18,19773,14273,29262,49283,77385
CAD,2005-01-25,17352,14699,33085,47224,78850
CAD,2005-02-01,12127,10858,37013,50419,77006
CAD,2005-02-08,10606,17971,46446,46639,82670
CAD,2005-02-15,10760,16067,46093,50568,83368
CAD,2005-02-22,11275,14416,50404,59250,88275
CAD,2005-03-01,11793,18622,56547,60041,95644
CAD,2005-03-08,17563,14234,60248,76330,105920
CAD,2005-03-15,36259,10109,52191,77424,125191
CAD,2005-03-22,43143,11596,14685,62757,89844
CAD,2005-03-29,35455,8765,14226,56091,81193
CAD,2005-04-05,35799,10124,13043,55397,80302
CAD,2005-04-12,15951,23385,24234,30277,69292
CAD,2005-04-19,13905,30263,36714,29877,76771
CAD,2005-04-26,13776,38495,46257,28509,85837
CAD,2005-05-03,12434,45755,56509,23718,93278
CAD,2005-05-10,11651,39446,50106,24688,86866
CAD,2005-05-17,11662,45154,62833,28120,99089
CAD,2005-05-24,9806,42690,63398,30943,96833
CAD,2005-05-31,10524,41764,60610,30914,94700
CAD,2005-06-07,9675,36236,56932,36200,94186
CAD,2005-06-14,10932,28521,26421,15297,63187
CAD,2005-06-21,16872,16588,20368,34699,67143
CAD,2005-06-28,20959,18675,20187,37461,71522
CAD,2005-07-05,19364,15276,22184,38018,70074
CAD,2005-07-12,35282,12079,25043,62647,91423
CAD,2005-07-19,35684,9859,23890,65844,91255
CAD,2005-07-26,31840,14321,27243,62482,90753
CAD,2005-08-02,28966,16802,29385,53362,87906
CAD,2005-08-09,33587,19373,27978,58661,92585
CAD,2005-08-16,44042,17995,30837,76307,109505
CAD,2005-08-23,41543,17000,33159,75499,107851
CAD,2005-08-30,44904,15990,38880,81540,111153
CAD,2005-09-06,46423,16430,42369,88034,117451
CAD,2005-09-13,45957,16365,59669,105623,141219
CAD,2005-09-20,45536,19033,62809,104222,148171
CAD,2005-09-27,50520,7424,24420,85327,110057
CAD,2005-10-04,47026,8995,25285,82651,108178
CAD,2005-10-11,50532,6941,25071,82681,109147
CAD,2005-10-18,51259,8447,26795,87395,112354
CAD,2005-10-25,43849,6904,27732,79945,104625
CAD,2005-11-01,44435,7275,30161,82796,108226
CAD,2005-11-08,37234,10894,36159,64385,104351
CAD,2005-11-15,32487,12318,37885,71831,102550
CAD,2005-11-22,33585,17860,39485,69963,106006
CAD,2005-11-29,42311,13301,37340,84289,115153
CAD,2005-12-06,49064,11747,29155,88453,118337
CAD,2005-12-13,66468,10285,33897,111552,142450
CAD,2005-12-20,55542,7431,46157,103345,137619
CAD,2005-12-27,49468,7176,21536,80374,103040
CAD,2006-01-03,45749,9062,24990,81233,105401
CAD,2006-01-10,32628,9311,27623,75711,98344
CAD,2006-01-17,39506,12573,27012,76863,101952
CAD,2006-01-24,35048,7915,28685,76880,102095
CAD,2006-01-31,50705,13221,27053,85577,117314
CAD,2006-02-07,56298,11453,24823,93013,121889
CAD,2006-02-14,52220,11756,27397,89061,118357
CAD,2006-02-21,46710,11513,29696,87592,115876
CAD,2006-02-28,54931,14297,27081,89171,124984
CAD,2006-03-07,55226,13903,40234,105162,137195
CAD,2006-03-14,33979,19958,50076,89290,125712
CAD,2006-03-21,18295,22037,32225,46797,85219
CAD,2006-03-28,13274,21085,37502,48602,87356
CAD,2006-04-04,12081,16227,37058,50463,84301
CAD,2006-04-11,24639,10697,29815,58926,87690
CAD,2006-04-18,23225,16307,36184,59243,93170
CAD,2006-04-25,31949,16326,31603,67108,100591
CAD,2006-05-02,48997,16845,29719,79539,110279
CAD,2006-05-09,52111,23238,29342,77518,121046
CAD,2006-05-16,46060,26532,32921,72276,117839
CAD,2006-05-23,36980,21278,36757,71810,111976
CAD,2006-05-30,45937,14230,25988,74774,109252
CAD,2006-06-06,44443,21581,34859,76060,118798
CAD,2006-06-13,46579,13228,44715,95815,129707
CAD,2006-06-20,37024,13046,51442,92859,123446
CAD,2006-06-27,38165,7856,15974,65982,89791
CAD,2006-07-03,42762,6315,14847,71446,93841
CAD,2006-07-11,29942,18321,24501,55460,92978
CAD,2006-07-18,23302,14018,24893,48876,83415
CAD,2006-07-25,23613,29032,31421,41951,91963
CAD,2006-08-01,18809,26225,31501,40698,86048
CAD,2006-08-08,23185,13355,21619,51755,82510
CAD,2006-08-15,27206,18609,24981,47565,86815
CAD,2006-08-22,27805,12312,22640,53596,86667
CAD,2006-08-29,45977,15372,23495,69190,106142
CAD,2006-09-05,49440,21974,25144,68572,111705
CAD,2006-09-12,37739,22957,62313,92568,138181
CAD,2006-09-19,41043,40188,68379,75332,138838
CAD,2006-09-26,38542,32032,25052,39995,94128
CAD,2006-10-03,45535,36256,24368,43043,100141
CAD,2006-10-10,34272,32413,26819,37285,91193
CAD,2006-10-17,26833,51331,53383,32888,110173
CAD,2006-10-24,24985,39218,45246,37415,100203
CAD,2006-10-31,23818,47496,50020,33744,104350
CAD,2006-11-07,24999,45341,48484,36062,103426
CAD,2006-11-14,25902,73277,70328,32426,129537
CAD,2006-11-21,23236,82129,81123,29095,138113
CAD,2006-11-28,26934,67216,69001,30727,124553
CAD,2006-12-05,24557,71036,77624,31126,131624
CAD,2006-12-12,26173,78181,105049,52332,165716
CAD,2006-12-19,27186,84578,118141,64063,183332
CAD,2006-12-26,21479,87773,89638,18964,136963
CAD,2007-01-03,23583,97851,96263,18737,148644
CAD,2007-01-09,20637,105543,105129,18080,155922
CAD,2007-01-16,22030,100997,99999,20027,152438
CAD,2007-01-23,22471,100328,98006,20880,152395
CAD,2007-01-30,21650,92526,93856,22340,146376
CAD,2007-02-06,18927,99573,100689,23605,154591
CAD,2007-02-13,19930,76625,88942,32475,140722
CAD,2007-02-20,17005,82431,91971,28388,141561
CAD,2007-02-27,17563,73987,87030,32646,137776
CAD,2007-03-06,21585,96510,103674,31004,156871
CAD,2007-03-13,15758,89897,110907,35249,159619
CAD,2007-03-20,21021,72174,107201,42555,161700
CAD,2007-03-27,24613,56595,60928,28841,114484
CAD,2007-04-03,22068,57233,59240,29139,113096
CAD,2007-04-10,23062,38626,56080,43876,110266
CAD,2007-04-17,25549,41540,56053,45950,114610
CAD,2007-04-24,39017,40648,48384,54708,121786
CAD,2007-05-01,52582,43731,49392,67864,138029
CAD,2007-05-08,65117,47298,46655,72121,146311
CAD,2007-05-15,82619,39522,50330,102977,168888
CAD,2007-05-22,83891,44924,51326,99885,172032
CAD,2007-05-29,92150,40130,53283,117771,186775
CAD,2007-06-05,85481,41623,60498,113313,184722
CAD,2007-06-12,98404,36399,95888,165135,232090
CAD,2007-06-19,92321,33525,115191,163257,243351
CAD,2007-06-26,82053,13190,25696,103754,139879
CAD,2007-07-03,79653,14400,26909,104004,143135
CAD,2007-07-10,82889,15511,22255,106004,143434
CAD,2007-07-17,85281,18009,27001,110312,150522
CAD,2007-07-24,94483,17519,25054,118037,158948
CAD,2007-07-31,68138,18440,28278,94909,133951
CAD,2007-08-07,71689,19751,30031,95508,135946
CAD,2007-08-14,66527,18717,32100,88453,134044
CAD,2007-08-21,60044,20011,38332,85060,128591
CAD,2007-08-28,68013,22919,36520,88212,133856
CAD,2007-09-04,73234,21889,30583,91730,135940
CAD,2007-09-11,78149,19395,30595,103342,145388
CAD,2007-09-18,88758,8930,33172,125869,167680
CAD,2007-09-25,73042,13880,18564,88538,126605
CAD,2007-10-02,87538,18359,19290,104569,144193
CAD,2007-10-09,99617,16616,20303,119915,157628
CAD,2007-10-16,90940,13991,18037,109362,147428
CAD,2007-10-23,82625,11302,20742,103728,140205
CAD,2007-10-30,79052,10221,23079,102463,137711
CAD,2007-11-06,75532,11944,28379,97919,138502
CAD,2007-11-13,55876,9153,31485,89586,121478
CAD,2007-11-20,41574,9282,36064,76809,109533
CAD,2007-11-27,39532,10533,42233,79718,112354
CAD,2007-12-04,34194,18870,46196,74920,114020
CAD,2007-12-11,30935,12271,52568,85898,118951
CAD,2007-12-18,34895,11608,54390,88867,121294
CAD,2007-12-24,29959,15236,18913,45440,77357
CAD,2007-12-31,35655,12657,18604,52488,83024
CAD,2008-01-08,31648,15224,19093,48776,82454
CAD,2008-01-15,22866,15101,27093,46562,81827
CAD,2008-01-22,24463,16786,30984,46841,86378
CAD,2008-01-29,25948,21653,34077,48253,90907
CAD,2008-02-05,30603,20363,32036,54769,93574
CAD,2008-02-12,43391,22956,22399,60784,101187
CAD,2008-02-19,33387,21440,28562,53308,95614
CAD,2008-02-26,50323,24139,26233,67921,110073
CAD,2008-03-04,60105,23699,22427,75358,117986
CAD,2008-03-11,50353,21422,31350,76213,117606
CAD,2008-03-18,43416,22517,47073,78320,127275
CAD,2008-03-25,28183,26005,41813,54591,98867
CAD,2008-04-01,28382,27659,42498,53557,100329
CAD,2008-04-08,37519,30955,40782,55327,106562
CAD,2008-04-15,33518,28015,43773,56688,104970
CAD,2008-04-22,43836,26466,31165,60177,105665
CAD,2008-04-29,31816,24388,38261,54704,98159
CAD,2008-05-06,48104,16392,33442,76584,114709
CAD,2008-05-13,46246,16837,29641,71080,108527
CAD,2008-05-20,53118,21700,26201,73244,115665
CAD,2008-05-27,69636,19511,21937,87714,127620
CAD,2008-06-03,63825,18087,23136,75731,122819
CAD,2008-06-10,43276,25697,32551,62810,123950
CAD,2008-06-17,36386,37337,50605,51433,130634
CAD,2008-06-24,27397,31886,23960,21945,84325
CAD,2008-07-01,24732,34522,29255,26447,87207
CAD,2008-07-08,30183,36135,30157,29263,91389
CAD,2008-07-15,39972,27113,25494,48159,97365
CAD,2008-07-22,43572,21683,22765,53058,99845
CAD,2008-07-29,29682,31928,35531,40381,97065
CAD,2008-08-05,35442,54214,50256,32458,116660
CAD,2008-08-12,33650,58979,55920,29761,121154
CAD,2008-08-19,38641,66726,58423,27097,126865
CAD,2008-08-26,33329,49093,50528,35142,116253
CAD,2008-09-02,37205,54779,54447,34106,122277
CAD,2008-09-09,36134,46118,74147,62721,142344
CAD,2008-09-16,33090,43312,80684,70204,145036
CAD,2008-09-23,17090,35743,47346,30429,92330
CAD,2008-09-30,19691,37712,47684,30293,93626
CAD,2008-10-07,18431,35583,51447,33907,94501
CAD,2008-10-14,16220,34104,56665,42642,98295
CAD,2008-10-21,20698,33093,64022,53851,111438
CAD,2008-10-28,18065,27912,59656,56179,107866
CAD,2008-11-04,17145,24639,57222,55389,107787
CAD,2008-11-11,16067,19312,54695,56699,98146
CAD,2008-11-18,15426,22603,48759,47530,92554
CAD,2008-11-25,12521,18790,44510,44179,83766
CAD,2008-12-02,13076,22783,51053,45416,88581
CAD,2008-12-09,12579,21408,48345,43410,86795
CAD,2008-12-16,10729,17477,47649,46427,85413
CAD,2008-12-22,9345,19375,13793,8485,43701
CAD,2008-12-30,8473,18828,16147,11281,47479
CAD,2009-01-06,8930,22802,20005,15744,53297
CAD,2009-01-13,9277,21481,23378,15457,55217
CAD,2009-01-20,8949,23534,31738,21432,65416
CAD,2009-01-27,7898,22864,31988,21737,64951
CAD,2009-02-03,9597,22172,31073,25799,67011
CAD,2009-02-10,7789,19260,33315,26902,67863
CAD,2009-02-17,9631,22540,34527,26004,72185
CAD,2009-02-24,9042,22007,36406,29602,74438
CAD,2009-03-03,11859,30872,41105,27566,83768
CAD,2009-03-10,7991,28281,50628,33868,87787
CAD,2009-03-17,8715,32665,53140,32585,93979
CAD,2009-03-24,5203,25875,22166,13792,56641
CAD,2009-03-31,6453,29799,22752,11198,58595
CAD,2009-04-07,7397,30708,22297,9251,58219
CAD,2009-04-14,10415,28144,20894,13591,60486
CAD,2009-04-21,12897,25604,20505,20030,63049
CAD,2009-04-28,16395,24102,21940,28171,67729
CAD,2009-05-05,22007,19993,21320,38240,74576
CAD,2009-05-12,25180,19731,21653,44929,81402
CAD,2009-05-19,28816,23391,23198,48510,86527
CAD,2009-05-26,32429,20897,21859,53480,89446
CAD,2009-06-02,31879,25285,22304,51157,90613
CAD,2009-06-09,33405,20439,27364,65357,97915
CAD,2009-06-16,31433,15973,50377,86141,118604
CAD,2009-06-23,30043,18696,12206,41271,74353
CAD,2009-06-30,32435,23163,16464,41508,80536
CAD,2009-07-07,29971,23419,16790,41993,80191
CAD,2009-07-14,31850,25957,19267,43860,85347
CAD,2009-07-21,42647,26141,12079,47780,89893
CAD,2009-07-28,48548,19480,9804,55553,92023
CAD,2009-08-04,58426,21834,9972,67309,105272
CAD,2009-08-11,47947,14058,11798,64497,95923
CAD,2009-08-18,48058,10600,10401,66638,93429
CAD,2009-08-25,50841,10852,11570,71443,99083
CAD,2009-09-01,37838,4949,15038,64622,88664
CAD,2009-09-08,42844,6026,22704,79856,105084
CAD,2009-09-15,44894,6862,36893,95719,124489
CAD,2009-09-22,44156,9604,8490,64525,89054
CAD,2009-09-29,23843,5634,13692,49847,71015
CAD,2009-10-06,41391,5616,10339,66013,88135
CAD,2009-10-13,50739,6543,13632,78885,102958
CAD,2009-10-20,52689,9152,17831,85802,111244
CAD,2009-10-27,41261,5806,20380,77951,99635
CAD,2009-11-03,27862,4493,19644,60511,82896
CAD,2009-11-09,30168,8184,18935,59276,85919
CAD,2009-11-17,35653,12047,21377,63318,94241
CAD,2009-11-24,30492,5839,21417,64297,89131
CAD,2009-12-01,35964,5155,20713,74286,97431
CAD,2009-12-08,33195,3736,34784,81851,103218
CAD,2009-12-15,29365,3740,36993,80282,109895
CAD,2009-12-22,31381,8680,13443,55997,79423
CAD,2009-12-29,50457,10468,13066,76076,101157
CAD,2010-01-05,51736,11540,13715,80381,107554
CAD,2010-01-12,60219,11524,15139,89153,117310
CAD,2010-01-19,58048,11245,17807,91505,120271
CAD,2010-01-26,35659,9850,17315,65469,91375
CAD,2010-02-02,25639,10284,20658,53799,82692
CAD,2010-02-09,24285,15422,23962,51289,84317
CAD,2010-02-16,35026,11571,19153,65881,93330
CAD,2010-02-23,40224,11803,19273,72712,100629
CAD,2010-03-02,47170,8881,21003,83479,109517
CAD,2010-03-09,71350,9951,25132,113034,138991
CAD,2010-03-16,80982,11342,50877,145795,180184
CAD,2010-03-23,90278,17251,14953,120060,152885
CAD,2010-03-30,88595,18299,18473,119260,152133
CAD,2010-04-06,88881,19569,17564,116038,151537
CAD,2010-04-13,87918,17443,19767,120177,153401
CAD,2010-04-20,82664,13008,17808,119302,149360
CAD,2010-04-27,72366,13168,24191,114293,144191
CAD,2010-05-04,65431,13419,25697,106160,137181
CAD,2010-05-11,58010,7556,26666,98039,122092
CAD,2010-05-18,53254,8369,33225,100637,124952
CAD,2010-05-25,40113,16241,41847,88535,122642
CAD,2010-06-01,37262,15108,40741,82665,117450
CAD,2010-06-08,36775,14265,44943,88477,121438
CAD,2010-06-15,37460,10106,47624,95293,127919
CAD,2010-06-22,38499,12146,13163,60779,86397
CAD,2010-06-29,31575,15681,20026,58490,88461
CAD,2010-07-06,28549,20455,29407,55809,92565
CAD,2010-07-13,27952,5914,23275,66041,87394
CAD,2010-07-20,23739,7315,21328,60385,83317
CAD,2010-07-27,27045,3177,20687,65523,85121
CAD,2010-08-03,40335,6153,18145,77619,99262
CAD,2010-08-10,46616,5437,16265,85481,105543
CAD,2010-08-17,34446,4932,22906,73403,94908
CAD,2010-08-24,24889,8742,33640,67045,94976
CAD,2010-08-31,26957,31721,42949,56058,108003
CAD,2010-09-07,27734,27282,43989,62136,107378
CAD,2010-09-14,29057,11362,44462,80313,110946
CAD,2010-09-21,46985,17170,17441,70177,101524
CAD,2010-09-28,43078,15208,17957,72977,101260
CAD,2010-10-05,62909,20231,16843,85492,120045
CAD,2010-10-12,63283,19497,19986,89438,123851
CAD,2010-10-19,47852,17112,22985,80111,112791
CAD,2010-10-26,37802,17927,23710,69433,102269
CAD,2010-11-02,41890,18525,21972,70265,104809
CAD,2010-11-09,62533,25195,23211,86147,128710
CAD,2010-11-16,58390,19949,25324,87484,124587
CAD,2010-11-23,36797,14298,30250,72936,105442
CAD,2010-11-30,30999,11844,29282,70943,100245
CAD,2010-12-07,47003,13281,28147,85525,114999
CAD,2010-12-14,44840,11444,45814,107497,142291
CAD,2010-12-21,39665,14717,12976,63827,91294
CAD,2010-12-28,58142,23355,13470,75069,113223
CAD,2011-01-04,65421,27073,12903,78154,120758
CAD,2011-01-11,70872,23115,12570,89446,129480
CAD,2011-01-18,67614,23559,13829,89185,128185
CAD,2011-01-25,54075,22356,16727,81426,117899
CAD,2011-02-01,55186,21372,15872,82109,119488
CAD,2011-02-08,72899,33109,17467,93827,141604
CAD,2011-02-15,77018,4928,17558,119384,140822
CAD,2011-02-22,72774,4426,17913,119042,140610
CAD,2011-03-01,78365,5538,16779,123061,148414
CAD,2011-03-08,81253,3709,37451,152641,174715
CAD,2011-03-15,60789,3798,74231,165059,189157
CAD,2011-03-22,49722,3745,21588,99515,118442
CAD,2011-03-29,52886,1641,20231,102773,119128
CAD,2011-04-05,68876,3846,17432,117936,138257
CAD,2011-04-12,66354,2613,22824,123079,142022
CAD,2011-04-19,67489,2454,23480,123045,141961
CAD,2011-04-26,61493,2430,24838,122485,138939
CAD,2011-05-03,59863,5822,30740,118338,139919
CAD,2011-05-10,42698,5495,30104,99527,121478
CAD,2011-05-17,36008,9717,40314,97727,123386
CAD,2011-05-24,31219,9942,41488,94763,120245
CAD,2011-05-31,35657,9255,41643,100975,125654
CAD,2011-06-07,32631,19109,51857,88565,129110
CAD,2011-06-14,33746,14891,54875,103612,142172
CAD,2011-06-21,19983,17779,24090,51741,87905
CAD,2011-06-28,21896,23759,28565,46695,92360
CAD,2011-07-05,31346,24525,25473,63589,105967
CAD,2011-07-12,39535,24201,24080,70701,111624
CAD,2011-07-19,52623,24859,25093,81777,124719
CAD,2011-07-26,52884,16743,27531,93417,128807
CAD,2011-08-02,57482,16445,27593,97892,133150
CAD,2011-08-09,38872,15168,35943,80076,118973
CAD,2011-08-16,23153,19032,39061,60465,103509
CAD,2011-08-23,23368,14564,38944,64812,104672
CAD,2011-08-30,24823,10884,40827,71626,107237
CAD,2011-09-06,18441,16360,48193,67166,109190
CAD,2011-09-13,17337,23640,55828,64452,117403
CAD,2011-09-20,20422,25880,54981,67965,123057
CAD,2011-09-27,21320,41870,32338,21145,86146
CAD,2011-10-04,22713,38395,47148,36124,103733
CAD,2011-10-11,23922,48835,74038,48096,122945
CAD,2011-10-18,23343,48138,74197,48610,123074
CAD,2011-10-25,25368,43291,69325,51351,120187
CAD,2011-11-01,27420,42240,64477,56340,119841
CAD,2011-11-08,28003,43571,64301,57537,122069
CAD,2011-11-15,28819,46034,66149,56849,123967
CAD,2011-11-22,29041,51185,73856,54766,129151
CAD,2011-11-29,30069,56938,86803,62064,143231
CAD,2011-12-06,31022,51193,91372,74694,150326
CAD,2011-12-13,35787,49172,105069,95658,173429
CAD,2011-12-20,21428,48296,90485,93717,174254
CAD,2011-12-27,28132,49944,64290,45089,118735
CAD,2012-01-03,27665,51036,64236,45736,119763
CAD,2012-01-10,23039,51688,67906,48899,120997
CAD,2012-01-17,25118,53848,70249,47130,123101
CAD,2012-01-24,29772,48681,54912,48032,117164
CAD,2012-01-31,30140,49549,54905,48260,119270
CAD,2012-02-07,37065,34881,46984,65258,122955
CAD,2012-02-14,38465,28899,45270,69895,122896
CAD,2012-02-21,47784,33672,40420,72938,129249
CAD,2012-02-28,50763,28283,45369,86896,136553
CAD,2012-03-06,55906,29874,47002,92186,146771
CAD,2012-03-13,59548,32827,61100,111626,172856
CAD,2012-03-20,62768,20453,64621,127121,189870
CAD,2012-03-27,53432,29695,30438,75445,122621
CAD,2012-04-03,57291,27804,29195,80582,126333
CAD,2012-04-10,47992,20025,29950,71160,113833
CAD,2012-04-17,58319,20291,31141,89592,128841
CAD,2012-04-24,63028,18804,30013,98096,134899
CAD,2012-05-01,84458,14235,28754,131303,163036
CAD,2012-05-08,69914,9819,35823,116152,148415
CAD,2012-05-15,66286,15281,37358,103874,140173
CAD,2012-05-22,57577,19022,38781,86973,130992
CAD,2012-05-29,48793,14708,45130,84629,126626
CAD,2012-06-05,39559,24653,63694,81024,137391
CAD,2012-06-12,31308,21688,66261,77184,135037
CAD,2012-06-19,27808,19607,67917,79033,131671
CAD,2012-06-26,27778,18501,39527,46752,95821
CAD,2012-07-03,22923,14225,40158,49308,93160
CAD,2012-07-10,24673,20335,46123,50960,100606
CAD,2012-07-17,23628,24836,50361,50189,103963
CAD,2012-07-24,29695,32127,52846,50324,111062
CAD,2012-07-31,30652,18203,36868,59582,101082
CAD,2012-08-07,43190,24068,32069,64622,109258
CAD,2012-08-14,53894,25301,29523,75171,123658
CAD,2012-08-21,76008,25141,28897,103360,150410
CAD,2012-08-28,86639,25703,32156,116124,163842
CAD,2012-09-04,89309,22754,36806,123990,171278
CAD,2012-09-11,116546,14686,70866,199989,254598
CAD,2012-09-18,126688,14807,111793,250531,296999
CAD,2012-09-25,123643,18297,36716,173003,210066
CAD,2012-10-02,112706,11530,38350,167515,196895
CAD,2012-10-09,106300,10672,40463,162272,192593
CAD,2012-10-16,106369,12619,38298,157782,189466
CAD,2012-10-23,98566,9478,41195,149052,178102
CAD,2012-10-30,86306,7535,39783,139753,167010
CAD,2012-11-06,82882,8120,46619,137784,166422
CAD,2012-11-13,75935,9816,55425,137441,168339
CAD,2012-11-20,72893,11447,61171,135820,169517
CAD,2012-11-27,72663,10284,59723,138285,170497
CAD,2012-12-04,66356,9285,58434,137757,167343
CAD,2012-12-11,74220,11687,57844,144751,178087
CAD,2012-12-18,81493,7215,81681,183505,219922
CAD,2012-12-24,72777,9425,26014,114327,140965
CAD,2012-12-31,73678,7752,25407,113539,137247
CAD,2013-01-08,70435,6430,24292,115271,137314
CAD,2013-01-15,73099,4431,25542,125179,144716
CAD,2013-01-22,66225,8273,29132,115969,141710
CAD,2013-01-29,53915,18858,57342,98176,144927
CAD,2013-02-05,44538,16777,65520,98384,141807
CAD,2013-02-12,39324,12759,67842,99304,140109
CAD,2013-02-19,46033,26654,76550,96554,156182
CAD,2013-02-26,42171,63604,123275,93736,195893
CAD,2013-03-05,39564,86227,151458,92287,221062
CAD,2013-03-12,37020,90417,181721,114056,249150
CAD,2013-03-19,39417,104748,235665,159023,308970
CAD,2013-03-26,26286,88931,105065,33549,160847
CAD,2013-04-02,26212,90756,105344,34219,163150
CAD,2013-04-09,24056,95189,110957,32125,161861
CAD,2013-04-16,26003,101916,119246,33403,171111
CAD,2013-04-23,27940,99619,117167,33999,171804
CAD,2013-04-30,23246,91094,110577,36690,161473
CAD,2013-05-07,25741,77657,92646,40955,149014
CAD,2013-05-14,28352,72769,80107,40993,142482
CAD,2013-05-21,30686,64538,84231,40103,141531
CAD,2013-05-28,28298,61657,88719,39653,144725
CAD,2013-06-04,22351,62127,97317,39310,141838
CAD,2013-06-11,17343,53250,98780,50091,145729
CAD,2013-06-18,15470,41557,100129,64909,145484
CAD,2013-06-25,27186,37824,60951,36596,109819
CAD,2013-07-02,35398,51648,70456,36286,126754
CAD,2013-07-09,37260,61089,80806,39418,140106
CAD,2013-07-16,32187,52230,80511,43701,133870
CAD,2013-07-23,22262,39020,74122,45717,119597
CAD,2013-07-30,20729,32163,66544,44162,111005
CAD,2013-08-06,22629,33065,62191,41327,106787
CAD,2013-08-13,21751,30832,60271,41643,105303
CAD,2013-08-20,26559,36103,60065,39126,108282
CAD,2013-08-27,35375,60334,75703,34516,133392
CAD,2013-09-03,31879,66518,87628,38349,143241
CAD,2013-09-10,24621,55563,89696,47283,137986
CAD,2013-09-17,25286,44050,90759,67900,142925
CAD,2013-09-24,40278,45953,51746,47538,119624
CAD,2013-10-01,43734,44689,50999,52742,122732
CAD,2013-10-08,33857,42520,58507,48234,118332
CAD,2013-10-15,28436,39250,59892,43593,112544
CAD,2013-10-22,28906,34270,53694,48168,109316
CAD,2013-10-29,27233,42470,63565,42044,116157
CAD,2013-11-05,26803,44805,65070,39903,117253
CAD,2013-11-12,29306,45398,61948,38416,118952
CAD,2013-11-19,31656,47991,62818,39597,121813
CAD,2013-11-26,28143,56923,74321,33319,129471
CAD,2013-12-03,32589,74172,85823,29393,145767
CAD,2013-12-10,31049,88563,102583,27153,160759
CAD,2013-12-17,25133,90633,128256,46736,187136
CAD,2013-12-24,28191,86623,97141,23032,149359
CAD,2013-12-31,28206,86162,96555,22616,149037
CAD,2014-01-07,30535,91077,100257,22587,156950
CAD,2014-01-14,34212,101557,108454,24143,171370
CAD,2014-01-21,29423,99750,112401,22597,169456
CAD,2014-01-28,25976,88765,100271,24102,157214
CAD,2014-02-04,29439,89739,103483,24231,160625
CAD,2014-02-11,27745,86673,100937,27304,157495
CAD,2014-02-18,27756,92756,98317,21647,154862
CAD,2014-02-25,24865,83456,87922,20063,141519
CAD,2014-03-04,23306,84402,92528,22654,147033
CAD,2014-03-11,25180,77371,91067,28072,153639
CAD,2014-03-18,27751,97556,108340,32003,186782
CAD,2014-03-25,40441,73656,66564,16585,133246
CAD,2014-04-01,27549,64543,64673,16945,117966
CAD,2014-04-08,28704,63011,63008,20281,120336
CAD,2014-04-15,28288,63714,61985,24143,119525
CAD,2014-04-22,27529,62984,61316,25231,118707
CAD,2014-04-29,30093,60388,60536,30531,123589
CAD,2014-05-06,28044,59644,61606,29890,122287
CAD,2014-05-13,26986,53023,62277,33491,121632
CAD,2014-05-20,26500,53034,63083,32758,121268
CAD,2014-05-27,32581,54391,63738,41669,129989
CAD,2014-06-03,32519,55250,66011,40421,130275
CAD,2014-06-10,30303,54411,62263,34236,125832
CAD,2014-06-17,34582,56115,47778,38467,132209
CAD,2014-06-24,40595,45915,29794,25254,103193
CAD,2014-07-01,44755,42060,30835,40158,111438
CAD,2014-07-08,58245,47950,32588,53286,128555
CAD,2014-07-15,60353,44732,33209,57233,129787
CAD,2014-07-22,62078,41497,33108,59514,129188
CAD,2014-07-29,56459,33768,33594,60469,122619
CAD,2014-08-05,48944,27489,36570,56354,115261
CAD,2014-08-12,44053,26055,35969,49629,108979
CAD,2014-08-19,41844,34563,40948,44290,113301
CAD,2014-08-26,38522,32859,40150,43604,108441
CAD,2014-09-02,35333,26142,39648,49022,105984
CAD,2014-09-09,33400,21770,40549,46908,102951
CAD,2014-09-16,37347,29803,47031,43828,110275
CAD,2014-09-23,27673,24609,24196,17628,76530
CAD,2014-09-30,33014,37580,29652,15494,89376
CAD,2014-10-07,39174,46626,35995,15364,100900
CAD,2014-10-14,35688,51855,42330,12537,104060
CAD,2014-10-21,28837,50371,47671,10901,102170
CAD,2014-10-28,26093,47498,45385,11140,99309
CAD,2014-11-04,29627,49042,49104,13437,104720
CAD,2014-11-11,32668,54514,49367,13356,108445
CAD,2014-11-18,32082,51599,49125,14172,106914
CAD,2014-11-25,32106,48447,45070,15753,102393
CAD,2014-12-02,28533,46922,47891,14619,101752
CAD,2014-12-09,33406,47768,49178,18624,109650
CAD,2014-12-16,32397,48091,55795,21609,129475
CAD,2014-12-23,33904,46091,41241,12050,98477
CAD,2014-12-30,32726,46759,41904,11945,97308
CAD,2015-01-06,31275,48362,48606,14516,103775
CAD,2015-01-13,27599,48778,52263,14608,105003
CAD,2015-01-20,24238,53318,59282,13578,111631
CAD,2015-01-27,28914,52877,56159,15004,112718
CAD,2015-02-03,24553,51874,60231,15559,113662
CAD,2015-02-10,21176,54509,66616,16113,115744
CAD,2015-02-17,19998,52840,64638,15648,111614
CAD,2015-02-24,22423,58668,69197,17737,118014
CAD,2015-03-03,24332,63195,69531,17566,121344
CAD,2015-03-10,22011,61041,86736,25940,146639
CAD,2015-03-17,21001,53823,112562,57523,158576
CAD,2015-03-24,19193,51849,64097,14614,106731
CAD,2015-03-31,18771,48389,66324,21992,110447
CAD,2015-04-07,22081,52100,67159,23581,114881
CAD,2015-04-14,23020,53598,66797,24088,118686
CAD,2015-04-21,33343,60394,64497,30901,126801
CAD,2015-04-28,33858,54767,64232,39337,128938
CAD,2015-05-05,30028,40108,63415,49852,122108
CAD,2015-05-12,29133,33115,62731,62038,123908
CAD,2015-05-19,25184,20836,64147,65543,117811
CAD,2015-05-26,30695,23362,63657,64022,121908
CAD,2015-06-02,30095,31120,66197,53863,123127
CAD,2015-06-09,21004,34749,68560,45882,118799
CAD,2015-06-16,22484,34765,71354,48392,118620
CAD,2015-06-23,18270,35849,38597,14191,81380
CAD,2015-06-30,23105,46555,44418,13665,91797
CAD,2015-07-07,35928,68196,63010,15557,120095
CAD,2015-07-14,38177,78903,76754,16026,138431
CAD,2015-07-21,41443,85011,87887,20556,153762
CAD,2015-07-28,35195,91262,104368,23333,162118
CAD,2015-08-04,33993,98173,112225,24505,170087
CAD,2015-08-11,28546,95951,118620,28840,172252
CAD,2015-08-18,21407,88201,114630,28552,161743
CAD,2015-08-25,29555,89267,114631,33823,168819
CAD,2015-09-01,28964,84083,108541,31967,161893
CAD,2015-09-08,29506,78146,98424,29844,159492
CAD,2015-09-15,28509,75592,118341,49009,188043
CAD,2015-09-22,40901,79295,72839,15226,136213
CAD,2015-09-29,36211,78446,79347,16456,139431
CAD,2015-10-06,29276,64286,69479,17933,121676
CAD,2015-10-13,28207,62156,62925,18203,116800
CAD,2015-10-20,31368,58480,63314,28764,121148
CAD,2015-10-27,34134,53029,65506,33537,122885
CAD,2015-11-03,32017,51508,65076,32432,119629
CAD,2015-11-10,45787,63694,67270,31668,134360
CAD,2015-11-17,45589,73941,75090,25123,141785
CAD,2015-11-24,41304,79921,80182,23034,143742
CAD,2015-12-01,38349,77329,83205,24352,145547
CAD,2015-12-08,48776,88914,86698,24721,162857
CAD,2015-12-15,44262,95271,118379,46407,189775
CAD,2015-12-22,43455,99482,97189,20440,163581
CAD,2015-12-29,47598,108385,101821,21148,172137
CAD,2016-01-05,40898,101028,101060,21325,166610
CAD,2016-01-12,38837,98051,102793,24084,166273
CAD,2016-01-19,33064,99450,105244,22763,165344
CAD,2016-01-26,32767,99586,105878,24681,165240
CAD,2016-02-02,30069,82489,103015,32595,157362
CAD,2016-02-09,27279,79214,104221,44583,157150
CAD,2016-02-16,29077,74162,103804,51417,158608
CAD,2016-02-23,31487,68427,100612,57111,157921
CAD,2016-03-01,31018,61496,102244,64669,159107
CAD,2016-03-08,30550,56331,105413,78193,174347
CAD,2016-03-15,31584,48410,108483,91330,169228
CAD,2016-03-22,21807,36816,46885,37226,98997
CAD,2016-03-29,28146,34326,45660,42001,101099
CAD,2016-04-05,29565,29468,44400,50888,105335
CAD,2016-04-12,28968,26583,45199,55301,107755
CAD,2016-04-19,32473,25165,46801,64866,114198
CAD,2016-04-26,37104,25105,47268,72952,121080
CAD,2016-05-03,39840,20897,47204,77949,123864
CAD,2016-05-10,42040,16166,48293,82183,124765
CAD,2016-05-17,37009,14303,50005,83532,124370
CAD,2016-05-24,32834,12787,55464,81059,123789
CAD,2016-05-31,38753,12494,51879,82201,126518
CAD,2016-06-07,37421,15884,52674,82076,135330
CAD,2016-06-14,42394,23954,74637,115547,177711
CAD,2016-06-21,40664,38069,44071,58205,118157
CAD,2016-06-28,38675,30726,44473,59912,114425
CAD,2016-07-05,41031,29514,43551,61699,116494
CAD,2016-07-12,39963,22788,42740,65261,114230
CAD,2016-07-19,43086,21018,42753,70432,117603
CAD,2016-07-26,44023,20843,43091,66035,118079
CAD,2016-08-02,41711,23953,42005,63882,115825
CAD,2016-08-09,43647,28281,42636,58173,115796
CAD,2016-08-16,46118,33645,43388,66154,124610
CAD,2016-08-23,50097,33363,43820,75437,131618
CAD,2016-08-30,46808,24408,42757,76792,125716
CAD,2016-09-06,44136,23231,43384,73389,122747
CAD,2016-09-13,45790,28732,48174,66685,124676
CAD,2016-09-20,57216,40913,53400,67179,137204
CAD,2016-09-27,34579,46194,44542,25681,105130
CAD,2016-10-04,32585,46662,45693,25329,104219
CAD,2016-10-11,30809,42513,46146,26621,104002
CAD,2016-10-18,23679,37977,43075,27569,95793
CAD,2016-10-25,33274,46598,50812,29164,113501
CAD,2016-11-01,35723,51683,56569,31799,121156
CAD,2016-11-08,32850,54162,60639,30561,120993
CAD,2016-11-15,34293,52892,64713,32179,125532
CAD,2016-11-22,28260,45722,64108,34537,118667
CAD,2016-11-29,25010,43586,61735,34553,114416
CAD,2016-12-06,21538,39696,56070,33177,107289
CAD,2016-12-13,24035,45904,54943,34822,114265
CAD,2016-12-20,22246,34000,52784,38842,106080
CAD,2016-12-27,36597,38195,30039,21370,93212
CAD,2017-01-03,39546,43417,33109,18938,98751
CAD,2017-01-10,28405,36340,33421,22096,90632
CAD,2017-01-17,32064,37520,37227,32371,100307
CAD,2017-01-24,36175,33656,34655,37697,99574
CAD,2017-01-31,44939,41467,36065,46014,114274
CAD,2017-02-07,46127,37577,37515,56453,118424
CAD,2017-02-14,53152,33812,37935,66128,125056
CAD,2017-02-21,58780,34196,38291,70811,131522
CAD,2017-02-28,63125,33035,37216,74841,135442
CAD,2017-03-07,65616,36396,44006,72465,147601
CAD,2017-03-14,74620,53162,73482,86268,176379
CAD,2017-03-21,30293,54696,60428,27964,119123
CAD,2017-03-28,30419,58636,63563,27122,121699
CAD,2017-04-04,38535,68760,66642,27932,133688
CAD,2017-04-11,31432,63766,65672,27077,126412
CAD,2017-04-18,37306,70558,71513,29346,136614
CAD,2017-04-25,52545,95187,81341,28596,165504
CAD,2017-05-02,66565,114269,93666,32196,192692
CAD,2017-05-09,47412,133627,132142,32866,214946
CAD,2017-05-16,39130,137130,145253,36569,219483
CAD,2017-05-23,29681,128790,147449,35345,208304
CAD,2017-05-30,23711,121898,144726,35352,200273
CAD,2017-06-06,26492,120993,145121,39283,210933
CAD,2017-06-13,26781,115376,134249,36156,204115
CAD,2017-06-20,28507,111388,156474,70708,219496
CAD,2017-06-27,28698,78193,78927,30949,143798
CAD,2017-07-03,34300,73672,71029,38736,145079
CAD,2017-07-11,46080,54684,70170,76801,161065
CAD,2017-07-18,60000,51957,65157,87484,169522
CAD,2017-07-25,70385,43772,61163,102679,177330
CAD,2017-08-01,82885,42247,58579,120063,190622
CAD,2017-08-08,98237,35416,58066,143051,205963
CAD,2017-08-15,86455,35106,59593,128702,192026
CAD,2017-08-22,80965,29866,61276,127582,186960
CAD,2017-08-29,86806,33639,59983,128659,191798
CAD,2017-09-05,94732,41088,62321,133671,203353
CAD,2017-09-12,91645,41146,78318,152389,227931
CAD,2017-09-19,100675,41829,149713,229684,299169
CAD,2017-09-26,102688,28083,33487,130317,181913
CAD,2017-10-03,97204,22076,35298,132354,177263
CAD,2017-10-10,97068,20676,33076,130611,175817
CAD,2017-10-17,94507,19421,35726,131461,174347
CAD,2017-10-24,96561,24229,33619,123307,172673
CAD,2017-10-31,84309,26470,32021,103799,157542
CAD,2017-11-07,75460,24571,32552,94493,147706
CAD,2017-11-14,70473,23138,35157,93122,143841
CAD,2017-11-21,67324,22199,34230,96416,143596
CAD,2017-11-28,67882,22224,35966,97790,145257
CAD,2017-12-05,66467,24001,39258,95363,147099
CAD,2017-12-12,62198,20238,45454,98941,149275
CAD,2017-12-19,68451,22550,49332,104903,155022
CAD,2017-12-26,42372,25026,35963,66442,116559
CAD,2018-01-02,49297,34558,37528,68410,126829
CAD,2018-01-09,58581,41120,44166,85917,147839
CAD,2018-01-16,61473,43917,54231,94301,160810
CAD,2018-01-23,69446,46889,53866,100460,168849
CAD,2018-01-30,75296,41831,56192,113618,176871
CAD,2018-02-06,69492,29328,55913,116475,167890
CAD,2018-02-13,62535,30006,52333,102577,155262
CAD,2018-02-20,49373,26246,52401,95370,144832
CAD,2018-02-27,54279,32059,48621,86754,145351
CAD,2018-03-06,54233,34668,46346,68976,139318
CAD,2018-03-13,59919,40499,50424,73576,154478
CAD,2018-03-20,78744,54184,64019,85763,180240
CAD,2018-03-27,33518,60568,63273,30405,127568
CAD,2018-04-03,29558,61430,64223,31105,127509
CAD,2018-04-10,28027,59699,63718,32275,124621
CAD,2018-04-17,28575,58899,62509,39619,128174
CAD,2018-04-24,23559,48703,61316,39466,120406
CAD,2018-05-01,25940,53475,62784,33539,121676
CAD,2018-05-08,33156,57017,63390,35913,128877
CAD,2018-05-15,30419,54075,64838,37415,128708
CAD,2018-05-22,23555,49767,71081,47695,136118
CAD,2018-05-29,32696,48386,81293,62316,147495
CAD,2018-06-05,35266,51305,90417,70056,158317
CAD,2018-06-12,30168,45156,89911,69870,156985
CAD,2018-06-19,45738,59752,85775,92059,190384
CAD,2018-06-26,40866,73665,86272,45363,159233
CAD,2018-07-03,26934,76382,100077,41926,158341
CAD,2018-07-10,26586,79473,101315,42120,159504
CAD,2018-07-17,25594,73078,101031,42490,157927
CAD,2018-07-24,20084,64595,97689,48540,151441
CAD,2018-07-31,23679,55248,84857,49753,140253
CAD,2018-08-07,33269,58167,79517,49789,144934
CAD,2018-08-14,30627,56825,80789,49506,144705
CAD,2018-08-21,32271,59292,79257,52465,145677
CAD,2018-08-28,34111,58900,78787,53377,147679
CAD,2018-09-04,34748,61055,83790,53216,151238
CAD,2018-09-11,30506,57448,97457,62750,158974
CAD,2018-09-18,25979,56090,92956,35472,150538
CAD,2018-09-25,31812,51344,51398,34867,115727
CAD,2018-10-02,41940,60424,48865,38578,127333
CAD,2018-10-09,38867,51012,49286,41083,121489
CAD,2018-10-16,32202,43221,49320,42446,115386
CAD,2018-10-23,32031,39259,53794,45636,118053
CAD,2018-10-30,29436,39091,56057,47585,118508
CAD,2018-11-06,33753,36385,49033,48112,116284
CAD,2018-11-13,36773,39564,53110,47212,121999
CAD,2018-11-20,39059,45348,68576,57302,140651
CAD,2018-11-27,41427,50057,71616,56020,145122
CAD,2018-12-04,38736,51672,83381,64076,156750
CAD,2018-12-11,41672,53341,84808,62493,161530
CAD,2018-12-18,51566,59023,108148,69667,191476
CAD,2018-12-24,27887,72579,99624,46527,159195
CAD,2018-12-31,34330,84979,104762,45172,170168
CAD,2019-01-08,19287,85289,116348,39134,167005
CAD,2019-01-15,17006,76530,105916,40853,155691
CAD,2019-01-22,16727,72823,102840,40096,151010
CAD,2019-01-29,16523,72913,104343,40248,151146
CAD,2019-02-05,19808,61845,91960,44384,141538
CAD,2019-02-12,21433,58970,92005,48601,141172
CAD,2019-02-19,22989,59426,90735,48953,142620
CAD,2019-02-26,21553,60730,98049,53588,147621
CAD,2019-03-05,18210,58654,98021,49449,146552
CAD,2019-03-12,20276,61329,100572,48039,159939
CAD,2019-03-19,16267,64041,112933,50942,167282
CAD,2019-03-26,21194,60765,93842,44583,144311
CAD,2019-04-02,24619,68942,96434,45321,151140
CAD,2019-04-09,24681,67883,93053,45966,149544
CAD,2019-04-16,18256,67418,97019,41698,145041
CAD,2019-04-23,23222,70715,99165,43362,152998
CAD,2019-04-30,19445,66190,103426,47365,154565
CAD,2019-05-07,20117,66232,98696,45798,151258
CAD,2019-05-14,18457,66045,98370,44964,148058
CAD,2019-05-21,16282,58518,88138,43023,140682
CAD,2019-05-28,15878,55301,89942,45632,140449
CAD,2019-06-04,15330,57089,99023,55664,151970
CAD,2019-06-11,25597,58437,96453,69782,159212
CAD,2019-06-18,19796,57867,70537,67737,160795
CAD,2019-06-25,24750,39540,71645,69078,137543
CAD,2019-07-02,45057,38764,70570,90343,157998
CAD,2019-07-09,48734,39508,74021,99594,164842
CAD,2019-07-16,63098,42134,74284,116508,182946
CAD,2019-07-23,69694,38944,74876,121515,187397
CAD,2019-07-30,66305,44583,75564,113887,182478
CAD,2019-08-06,63598,39432,72567,104262,172657
CAD,2019-08-13,50065,35865,73207,98380,160861
CAD,2019-08-20,47368,34331,71980,92293,155837
CAD,2019-08-27,48292,37387,72672,92086,158921
CAD,2019-09-03,48206,42857,80697,91268,167396
CAD,2019-09-10,54971,43448,82997,108864,183058
CAD,2019-09-17,62004,42181,83296,111040,187795
CAD,2019-09-24,40323,35731,48674,59118,123017
CAD,2019-10-01,46303,39976,49998,63454,130937
CAD,2019-10-08,49071,43758,53697,59579,136105
CAD,2019-10-15,58007,45046,54260,76985,149079
CAD,2019-10-22,71410,38017,57738,106358,170305
CAD,2019-10-29,81982,38393,63589,127040,189971
CAD,2019-11-05,87774,33772,64506,137583,192882
CAD,2019-11-12,73671,31298,70603,127432,182793
CAD,2019-11-19,65040,36175,68701,110343,172759
CAD,2019-11-26,60930,40586,67607,99823,167350
CAD,2019-12-03,64040,42569,79966,110194,184060
CAD,2019-12-10,55285,34544,69682,101534,169219
CAD,2019-12-17,47523,36332,85984,121501,189458
CAD,2019-12-24,51478,42981,65276,95855,158666
CAD,2019-12-31,63961,52048,61553,101602,175666
CAD,2020-01-07,68756,42389,70831,120354,189996
CAD,2020-01-14,70428,37576,69928,130028,190229
CAD,2020-01-21,74399,36105,68338,129088,188596
CAD,2020-01-28,76299,41709,68537,119269,185499
CAD,2020-02-04,67193,48630,63080,100666,174000
CAD,2020-02-11,68225,58520,57774,77069,166914
CAD,2020-02-18,61559,53742,64458,78962,164698
CAD,2020-02-25,63658,49034,66151,88098,168819
CAD,2020-03-03,55191,44612,65372,82628,160511
CAD,2020-03-10,48055,50045,89173,88883,175226
CAD,2020-03-17,43114,52737,105434,80846,183137
CAD,2020-03-24,21323,50568,74060,42740,124226
CAD,2020-03-31,21517,43446,75075,48465,122891
CAD,2020-04-07,17052,41485,72887,43400,117523
CAD,2020-04-14,18038,41798,75178,43815,119798
CAD,2020-04-21,19804,43695,75330,41407,121213
CAD,2020-04-28,16032,45076,75079,39250,117660
CAD,2020-05-05,17007,49059,75117,39549,119300
CAD,2020-05-12,16995,49241,76154,38624,120453
CAD,2020-05-19,23142,58198,77910,40986,130099
CAD,2020-05-26,21844,55798,77827,41753,129849
CAD,2020-06-02,19774,52912,78954,46714,128476
CAD,2020-06-09,22298,47127,69735,44625,120459
CAD,2020-06-16,19695,45181,77777,53414,125654
CAD,2020-06-23,22852,43686,55180,37083,105412
CAD,2020-06-30,28174,48693,63828,44799,118197
CAD,2020-07-07,31660,48478,64037,46157,121226
CAD,2020-07-14,27642,47417,94450,75090,148003
CAD,2020-07-21,34284,50982,78161,68570,143606
CAD,2020-07-28,32105,44601,74931,70498,139397
CAD,2020-08-04,19907,43102,83036,69563,137101
CAD,2020-08-11,17256,46803,85901,68214,136885
CAD,2020-08-18,19497,53084,88099,66794,141600
CAD,2020-08-25,21590,50908,75116,57447,129557
CAD,2020-09-01,26590,53596,76403,66642,140520
CAD,2020-09-08,29626,46981,73353,69632,137618
CAD,2020-09-15,28909,45852,69085,82605,147273
CAD,2020-09-22,23588,42470,61980,57005,117564
CAD,2020-09-29,21619,40567,59778,52569,113862
CAD,2020-10-06,20808,38855,62803,52103,113818
CAD,2020-10-13,24638,38202,63693,61172,121956
CAD,2020-10-20,24725,43800,64516,58059,123266
CAD,2020-10-27,24739,42808,64900,60423,122403
CAD,2020-11-03,21549,42235,70230,63111,124892
CAD,2020-11-10,25962,47311,71253,71346,136456
CAD,2020-11-17,26205,46564,72094,72587,136614
CAD,2020-11-24,31529,48375,70279,74745,140823
CAD,2020-12-01,28702,49945,74790,79728,147803
CAD,2020-12-08,34713,55451,77949,85688,163589
CAD,2020-12-15,39856,55572,107352,122442,196230
CAD,2020-12-21,43198,33113,69708,107047,156597
CAD,2020-12-29,42178,26810,69745,111061,154464
CAD,2021-01-05,41560,27036,71354,109613,156124
CAD,2021-01-12,43386,31313,70977,105045,156675
CAD,2021-01-19,43633,33307,69173,100943,154231
CAD,2021-01-26,53680,39910,70471,110818,168896
CAD,2021-02-02,46645,30549,69432,108690,158155
CAD,2021-02-09,44274,34746,68785,104440,158454
CAD,2021-02-16,45021,36857,68547,102135,159266
CAD,2021-02-23,46899,37767,68966,109887,166868
CAD,2021-03-02,51391,36064,67338,114438,168689
CAD,2021-03-09,50022,39041,70529,113146,173078
CAD,2021-03-16,50907,40644,82575,111850,186932
CAD,2021-03-23,46786,41683,67367,98986,162170
CAD,2021-03-30,48462,41944,68228,102279,164199
CAD,2021-04-06,47506,44816,71329,100750,166118
CAD,2021-04-13,48056,45650,71821,100166,166186
CAD,2021-04-20,53824,40578,71858,113008,173145
CAD,2021-04-27,56675,40953,72924,119629,180771
CAD,2021-05-04,74280,48333,69279,129984,196817
CAD,2021-05-11,79329,40700,72089,138338,201955
CAD,2021-05-18,82026,35914,73359,148337,207963
CAD,2021-05-25,84183,39372,76439,151974,213176
CAD,2021-06-01,89467,40695,83447,165928,228957
CAD,2021-06-08,80989,35708,81541,158724,220053
CAD,2021-06-15,73071,28817,129185,202106,252936
CAD,2021-06-22,69074,25849,88461,155151,202787
CAD,2021-06-29,68301,22500,83461,154243,196928
CAD,2021-07-06,69923,28745,86106,152773,202136
CAD,2021-07-13,63107,36731,91664,142114,198714
CAD,2021-07-20,59883,46968,89082,114958,189308
CAD,2021-07-27,47048,41674,88808,110050,174701
CAD,2021-08-03,46064,38604,85956,109045,170609
CAD,2021-08-10,45445,38980,85808,107979,171602
CAD,2021-08-17,46499,43839,93234,107876,177460
CAD,2021-08-24,44124,38247,89815,104550,171487
CAD,2021-08-31,40686,43534,92528,96630,170439
CAD,2021-09-07,36704,42714,94316,100397,170506
CAD,2021-09-14,36677,45960,102846,101422,175708
CAD,2021-09-21,18954,46831,64253,45399,118528
CAD,2021-09-28,21873,42108,62549,47716,118066
CAD,2021-10-05,18580,45446,65338,49883,120168
CAD,2021-10-12,22382,50242,66803,55075,127827
CAD,2021-10-19,40380,51304,72675,80512,153912
CAD,2021-10-26,45977,42657,69913,96542,159475
CAD,2021-11-02,42037,37875,68542,95983,156194
CAD,2021-11-09,43961,38857,67021,93629,154720
CAD,2021-11-16,44147,35438,62689,89406,148955
CAD,2021-11-23,44320,47455,66164,77561,150275
CAD,2021-11-30,41242,55317,72020,62169,148375
CAD,2021-12-07,41095,50453,72984,66847,155078
CAD,2021-12-14,38230,51358,74451,76510,186638
CAD,2021-12-21,45925,55802,66483,59043,145562
CAD,2021-12-28,42528,52862,62717,55550,138692
CAD,2022-01-04,41905,52930,61198,52656,135633
CAD,2022-01-11,44284,51660,59569,57573,138571
CAD,2022-01-18,49792,42300,58921,72644,143371
CAD,2022-01-25,53129,40812,57492,77073,146448
CAD,2022-02-01,52386,34122,57524,83146,145082
CAD,2022-02-08,54762,39876,58404,75362,145208
CAD,2022-02-15,54424,42254,58524,73640,144815
CAD,2022-02-22,47661,38408,58345,72488,140305
CAD,2022-03-01,50881,36741,57576,79162,143507
CAD,2022-03-08,48492,40846,62360,77854,149425
CAD,2022-03-15,47406,29666,59344,72489,143863
CAD,2022-03-22,29314,34254,59269,66834,124090
CAD,2022-03-29,32429,33964,76738,92256,147421
CAD,2022-04-05,37325,30402,77906,108320,157562
CAD,2022-04-12,37724,25566,76922,110372,155390
CAD,2022-04-19,44063,22837,68989,108327,153302
CAD,2022-04-26,48787,27906,69995,100476,155362
CAD,2022-05-03,44670,35641,72629,85588,152779
CAD,2022-05-10,38679,44086,75215,72276,151009
CAD,2022-05-17,36069,50565,79825,67234,151585
CAD,2022-05-24,28999,41686,74953,68020,138508
CAD,2022-05-31,30520,37527,70006,70333,135929
CAD,2022-06-07,39288,40350,74044,87445,167373
CAD,2022-06-14,56550,33348,79064,109348,175219
CAD,2022-06-21,42260,38155,67084,73662,140047
CAD,2022-06-28,45893,36796,65407,77654,142584
CAD,2022-07-05,45365,41072,67829,72362,145372
CAD,2022-07-12,41613,38108,64673,69326,139297
CAD,2022-07-19,42040,35373,67038,75784,142216
CAD,2022-07-26,46414,30645,61869,84066,144182
CAD,2022-08-02,48342,28065,59355,89762,145914
CAD,2022-08-09,46898,25675,59798,89541,143646
CAD,2022-08-16,51843,24976,58476,90605,147596
CAD,2022-08-23,53617,30390,61209,90892,152685
CAD,2022-08-30,58704,34525,61821,90860,158165
CAD,2022-09-06,57185,39275,66485,85401,160567
CAD,2022-09-13,48102,35677,66866,80342,149556
CAD,2022-09-20,47913,45857,73298,72406,160314
CAD,2022-09-27,33677,51343,75267,53560,140889
CAD,2022-10-04,36246,57653,70624,52677,141799
CAD,2022-10-11,32476,58148,77929,50563,144000
CAD,2022-10-18,35384,55957,78895,53792,146425
CAD,2022-10-25,35607,53762,74064,56011,143417
CAD,2022-11-01,38522,56171,74352,55077,147170
CAD,2022-11-08,39586,58050,75750,57820,147555
CAD,2022-11-15,37456,50376,70173,55944,139753
CAD,2022-11-22,36733,48405,65508,52844,134901
CAD,2022-11-29,35123,51239,66304,52353,136654
CAD,2022-12-06,30717,52807,79379,56474,148891
CAD,2022-12-13,31720,58968,87471,62547,169433
CAD,2022-12-20,39705,66666,94996,72010,180857
CAD,2022-12-27,28879,58912,78624,50198,140544
CAD,2023-01-03,25497,52263,77624,53083,138995
CAD,2023-01-10,22166,53121,75060,47795,133888
CAD,2023-01-17,20897,48156,75387,47899,132346
CAD,2023-01-24,25978,56690,77571,48412,137476
CAD,2023-01-31,26404,56588,77299,49662,140167
CAD,2023-02-07,33292,66383,80689,48743,149621
CAD,2023-02-14,24466,59960,88778,52420,149059
CAD,2023-02-21,21889,59392,90489,50736,151896
CAD,2023-02-28,31599,67673,97390,58930,165097
CAD,2023-03-07,62108,91310,104046,64577,203816
CAD,2023-03-14,60738,92453,146380,110011,244421
CAD,2023-03-21,18812,75633,127798,63349,178185
CAD,2023-03-28,19672,76497,124285,60868,176559
CAD,2023-04-04,16607,75116,118790,60642,169138
CAD,2023-04-11,16914,73493,116537,58332,164875
CAD,2023-04-18,17806,64039,96421,54227,148638
CAD,2023-04-25,24295,68086,93784,47906,151786
CAD,2023-05-02,27899,77995,110317,53730,171054
CAD,2023-05-09,29609,71872,94662,52705,159364
CAD,2023-05-16,28514,71504,98089,53556,161195
CAD,2023-05-23,20388,68914,103597,54457,159199
CAD,2023-05-30,37619,67533,107243,68206,179871
CAD,2023-06-06,21709,60038,106003,67547,168025
CAD,2023-06-13,15536,52204,98335,68959,167232
CAD,2023-06-20,28187,61730,114925,96167,184106
CAD,2023-06-27,50307,53154,73407,90141,167798
CAD,2023-07-03,44178,39651,73437,92252,156284
CAD,2023-07-11,35072,30628,68935,82961,140395
CAD,2023-07-18,33877,33356,73833,86824,146171
CAD,2023-07-25,42759,37229,73539,95635,156395
CAD,2023-08-01,36278,29913,72951,96220,152606
CAD,2023-08-08,29481,30104,73301,77918,140960
CAD,2023-08-15,37112,48523,85774,72005,157827
CAD,2023-08-22,35993,48063,92691,76558,166147
CAD,2023-08-29,42527,58288,94881,76942,177048
CAD,2023-09-05,45761,70724,103959,74498,189660
CAD,2023-09-12,40298,82181,131976,82701,217080
CAD,2023-09-19,19027,67054,184750,135946,246847
CAD,2023-09-26,17006,49702,120758,90939,175848
CAD,2023-10-03,21674,61825,127502,88921,189443
CAD,2023-10-10,20342,66831,124157,75737,179357
CAD,2023-10-17,21640,70179,125109,75003,183938
CAD,2023-10-24,22326,70965,127101,73501,184747
CAD,2023-10-31,25418,74750,133433,77381,198528
CAD,2023-11-07,17171,84892,145272,72704,200364
CAD,2023-11-14,18678,89081,152043,74345,206046
CAD,2023-11-21,19407,84847,145080,74997,203248
CAD,2023-11-28,18991,82233,143464,75927,200864
CAD,2023-12-05,19753,77601,141259,77969,197791
CAD,2023-12-12,19457,74702,153678,92485,213873
CAD,2023-12-19,28862,83195,148747,98170,214241
CAD,2023-12-26,41685,76406,98388,74440,176452
CAD,2024-01-02,50895,72026,97957,89637,184476
CAD,2024-01-09,42286,49666,93842,95629,171557
CAD,2024-01-16,38738,52126,91783,86855,165998
CAD,2024-01-23,34310,42761,87877,84716,155138
CAD,2024-01-30,39101,41489,86763,90963,159376
CAD,2024-02-06,32782,40518,94058,89646,160118
CAD,2024-02-13,35698,41180,92188,85230,161519
CAD,2024-02-20,37108,37971,88205,86860,157666
CAD,2024-02-27,41158,42536,90546,91119,166484
CAD,2024-03-05,42590,62427,106182,82615,183697
CAD,2024-03-12,35964,66838,113942,83646,193223
CAD,2024-03-19,45761,82909,153407,111970,230592
CAD,2024-03-26,37915,88205,121200,66723,190995
CAD,2024-04-02,44220,95443,120307,67826,197171
CAD,2024-04-09,34741,88126,127944,69604,192964
CAD,2024-04-16,37067,119882,166834,75262,237526
CAD,2024-04-23,35873,112323,157017,72555,226747
CAD,2024-04-30,33793,96994,144359,73869,211555
CAD,2024-05-07,32945,102166,148390,76545,216708
CAD,2024-05-14,34286,114589,147626,69406,220840
CAD,2024-05-21,35399,126223,164291,72434,234491
CAD,2024-05-28,37299,123884,189745,99392,264401
CAD,2024-06-04,37360,128999,193449,93545,265761
CAD,2024-06-11,37310,166803,231560,93499,307387
CAD,2024-06-18,22778,170709,292398,134019,351458
CAD,2024-06-25,27790,150202,214107,87777,278437
CAD,2024-07-02,21850,142202,205557,81054,263465
CAD,2024-07-09,20263,131475,198168,84860,257288
CAD,2024-07-16,24734,157207,219027,81448,280941
CAD,2024-07-23,24087,185690,253851,85187,315684
CAD,2024-07-30,23726,219989,289776,85990,351856
CAD,2024-08-06,21993,203625,274249,88811,335120
CAD,2024-08-13,20668,200279,265254,84296,323167
CAD,2024-08-20,19528,183938,258246,91240,314073
CAD,2024-08-27,19325,129327,228771,122627,296041
CAD,2024-09-03,31460,100004,178469,116456,255897
CAD,2024-09-10,23773,92726,176814,109896,251209
CAD,2024-09-17,21464,94614,197838,129777,256538
CAD,2024-09-24,25305,90894,153065,93319,213164
CAD,2024-10-01,25151,95154,156149,95981,216044
CAD,2024-10-08,21643,110794,168983,82753,224645
CAD,2024-10-15,36718,159111,226425,102519,296537
CAD,2024-10-22,28439,169070,245856,97161,308279
CAD,2024-10-29,27399,194898,266311,92045,329945
CAD,2024-11-05,26816,202045,272938,92020,336467
CAD,2024-11-12,22011,204400,283278,91946,342557
CAD,2024-11-19,23904,207470,285755,95079,348354
CAD,2024-11-26,21281,175283,259420,100850,322420
CAD,2024-12-03,21696,181042,261571,96066,324325
CAD,2024-12-10,29034,210588,333506,137570,408181
CAD,2024-12-17,19170,201225,430972,235515,485592
CAD,2024-12-24,13502,190222,299476,111079,345942
CAD,2024-12-31,20884,196592,299876,110756,353686
CAD,2025-01-07,19114,197703,303241,110774,357210
CAD,2025-01-14,23031,190184,292957,111476,350363
CAD,2025-01-21,19503,170290,278535,115457,331635
CAD,2025-01-28,21219,168820,276259,113289,331109
CAD,2025-02-04,20421,180865,293323,122481,346984
CAD,2025-02-11,17911,168745,275360,112763,326849
CAD,2025-02-18,21276,165919,266233,115021,323195
CAD,2025-02-25,20523,158429,261075,118254,319493
CAD,2025-03-04,22175,165945,270391,115411,340218
CAD,2025-03-11,19197,161607,276951,120803,339922
CAD,2025-03-18,18089,154671,300798,153639,347932
CAD,2025-03-25,17948,147482,234774,94578,281126
CAD,2025-04-01,17606,147622,233760,90442,278330
CAD,2025-04-08,16029,135270,218923,89463,258263
CAD,2025-04-15,18265,102125,206811,116668,249484
CAD,2025-04-22,18357,85524,205325,132152,249643
CAD,2025-04-29,16046,83251,208156,132834,249257
CAD,2025-05-06,16677,87322,209571,133102,255101
CAD,2025-05-13,23250,105406,212802,120907,262803
CAD,2025-05-20,22629,126490,216736,103754,266748
CAD,2025-05-27,20418,124316,212692,107690,263232
CAD,2025-06-03,18667,127113,214704,104079,270041
CAD,2025-06-10,19651,112794,223285,132078,288477
CAD,2025-06-17,28154,94487,225119,163264,294801
CAD,2025-06-24,25267,78434,135776,85346,201194
CAD,2025-07-01,22149,85601,141514,80544,203485
CAD,2025-07-08,20344,91952,140689,71995,201326
CAD,2025-07-15,21924,96018,141093,68327,202720
CAD,2025-07-22,23086,93429,140760,69250,200895
CAD,2025-07-29,20884,97317,143816,66528,201852
CAD,2025-08-05,23589,103009,156289,71412,214849
CAD,2025-08-12,20898,110975,162833,69262,221109
CAD,2025-08-19,19028,112107,165165,64347,220859
CAD,2025-08-26,20397,125412,168866,60306,227180
CAD,2025-09-02,16584,125560,173237,57879,225322
CAD,2025-09-09,18704,127621,192465,77424,249304
CAD,2025-09-16,20975,128152,218993,104812,266847
CAD,2025-09-23,18035,132841,169084,44903,212186
CAD,2025-09-30,29920,149825,184464,50185,240191
CAD,2025-10-07,29514,166232,206796,54881,261636
CAD,2025-10-14,27162,164755,215542,62962,269924
CAD,2025-10-21,28098,173206,217778,59424,272419
CAD,2025-10-28,28366,178410,225397,61986,278750
CAD,2025-11-04,27186,186698,238561,65168,292964
CAD,2025-11-10,23151,180786,239920,66042,289605
CAD,2025-11-18,24252,173351,228830,67160,278400
CAD,2025-11-25,21438,171852,232517,69057,280112
CAD,2025-12-02,19047,169094,228183,69033,274997
CAD,2025-12-09,15794,146394,204735,66012,251868
CAD,2025-12-16,25653,112293,186766,94528,244427
CAD,2025-12-23,41739,97532,127092,69902,197138
CAD,2025-12-30,52787,93298,126948,90860,211171
CAD,2026-01-06,56931,97516,125159,89097,218740
CAD,2026-01-13,62705,104955,122096,76281,219263
CAD,2026-01-20,59456,101241,120142,74152,213597
CAD,2026-01-27,77169,93215,118539,104805,227204
CAD,2026-02-03,77397,75267,104119,112035,216252
CAD,2026-02-10,84554,71278,95371,115559,215037
CAD,2026-02-17,89601,63775,93653,124027,218415
CAD,2026-02-24,92812,65234,94074,124334,222562
CAD,2026-03-03,94008,72958,101029,125085,232433
CAD,2026-03-10,93899,57740,145669,190029,288392
CAD,2026-03-17,66507,65621,144314,150520,247753
CAD,2026-03-24,62382,63984,80788,82159,182798
CAD,2026-03-31,56421,89105,121227,87241,217085
CAD,2026-04-07,60714,116362,139988,81950,240735
CAD,2026-04-14,54249,132521,165386,87009,259258
CAD,2026-04-21,60889,119723,158814,99593,255128
CAD,2026-04-28,66517,104993,152035,114892,252679
CAD,2026-05-05,73650,88309,134383,121589,243793
CAD,2026-05-12,77042,93284,134010,120293,251467
CAD,2026-05-19,72674,103905,175009,139285,292877
CAD,2026-05-26,53676,122558,195307,123462,297944
CAD,2026-06-02,37723,131834,224548,124942,305869
CAD,2026-06-09,37944,157943,300856,172044,383773
CAD,2026-06-16,39686,172587,420471,277065,492468
CAD,2026-06-23,39429,186221,267566,111777,342860
CAD,2026-06-30,37989,188795,272249,112922,346500
CAD,2026-07-07,31566,204692,292643,110647,363847
CAD,2026-07-14,29712,205991,298826,112108,368792
CAD,2026-07-21,27007,201455,301799,114798,365599
CAD,2026-07-28,22500,198810,310521,121500,372447
CAD,2026-08-04,13514,192609,305631,118623,365083
CAD,2026-08-11,12854,186216,299975,120289,364104
CAD,2026-08-18,22985,181151,292932,131553,359585
CAD,2026-08-25,36266,157788,256449,133218,329544
CAD,2026-09-01,36262,144405,266881,151599,334800
CAD,2026-09-08,54444,124943,244052,169623,334861
CHF,2000-01-04,3924,13839,28663,15242,43280
CHF,2000-01-11,10610,10664,27730,25832,49828
CHF,2000-01-18,9553,19560,42112,21877,57549
CHF,2000-01-25,3530,24041,50103,18663,60956
CHF,2000-02-01,981,33394,60177,15840,68474
CHF,2000-02-08,1905,33431,59192,19529,70946
CHF,2000-02-15,2726,30313,55946,20421,69682
CHF,2000-02-22,5776,24513,46161,30201,68268
CHF,2000-02-29,1703,28415,58398,23825,69567
CHF,2000-03-07,1798,28066,61042,26069,73487
CHF,2000-03-14,869,25943,37319,4253,46462
CHF,2000-03-21,895,28498,39788,2637,48014
CHF,2000-03-28,3079,14645,24093,10767,39624
CHF,2000-04-04,3885,13560,22044,12380,39166
CHF,2000-04-11,3735,13363,22340,14339,40415
CHF,2000-04-18,2771,16245,27001,10198,41355
CHF,2000-04-25,1775,19394,33770,7894,44731
CHF,2000-05-02,1491,20164,33609,7604,44747
CHF,2000-05-09,1827,22566,34535,8101,46044
CHF,2000-05-16,513,19745,32564,7558,44802
CHF,2000-05-23,1061,19046,36577,9734,47495
CHF,2000-05-30,1659,11935,27862,16852,43436
CHF,2000-06-06,2740,5164,23235,25279,40281
CHF,2000-06-13,10451,1506,17600,34574,48130
CHF,2000-06-20,10376,0,2248,29186,35076
CHF,2000-06-27,8015,0,7237,23700,32663
CHF,2000-07-05,8702,0,9222,28684,36413
CHF,2000-07-11,10607,1147,7919,26098,35282
CHF,2000-07-18,6858,5472,19656,20613,39293
CHF,2000-07-25,1956,4316,22169,21014,38246
CHF,2000-08-01,2059,4966,23326,19262,37775
CHF,2000-08-08,456,17451,38782,14484,49510
CHF,2000-08-15,465,17384,41572,15035,51065
CHF,2000-08-22,17,21507,45877,12336,55008
CHF,2000-08-29,0,21678,44410,11471,54174
CHF,2000-09-05,35,21899,49997,13268,60790
CHF,2000-09-12,0,22852,57150,22852,67266
CHF,2000-09-19,710,23091,38927,5011,47704
CHF,2000-09-26,1211,16988,32418,10317,43443
CHF,2000-10-03,1611,16943,31280,12208,42626
CHF,2000-10-10,1924,15817,33248,13815,44566
CHF,2000-10-17,181,17693,39927,13486,48582
CHF,2000-10-24,181,18186,40248,11548,49114
CHF,2000-10-31,524,17817,41607,13106,51334
CHF,2000-11-07,1000,14199,37474,15987,48949
CHF,2000-11-14,1684,14101,37479,19112,48360
CHF,2000-11-21,1236,15936,40271,16578,49098
CHF,2000-11-28,1275,12438,35874,21848,49675
CHF,2000-12-05,8363,3238,33092,43293,55840
CHF,2000-12-12,12326,3237,33391,49871,64186
CHF,2000-12-19,12627,3787,10291,30433,40067
CHF,2000-12-26,13366,2212,12284,36546,43449
CHF,2001-01-02,13683,2197,12104,38345,47926
CHF,2001-01-09,14003,2044,11610,40550,48022
CHF,2001-01-16,15468,2155,13912,39557,49883
CHF,2001-01-23,15721,2053,16489,41417,52944
CHF,2001-01-30,13453,2616,16408,40186,51103
CHF,2001-02-06,11447,3022,16113,35157,46904
CHF,2001-02-13,10124,2537,17335,33234,45106
CHF,2001-02-20,2548,3881,22438,26048,41578
CHF,2001-02-27,3293,5385,23294,25929,41691
CHF,2001-03-06,5879,5683,21387,29749,44450
CHF,2001-03-13,6135,8053,27570,29073,48823
CHF,2001-03-20,1352,15982,24997,10094,38504
CHF,2001-03-27,900,15931,30918,12009,42018
CHF,2001-04-03,860,16176,28368,10757,40219
CHF,2001-04-10,752,16313,30452,11016,40762
CHF,2001-04-17,257,17002,30299,13204,41101
CHF,2001-04-24,274,18296,32299,14423,43310
CHF,2001-05-01,457,21145,37616,12275,46595
CHF,2001-05-08,1674,22098,40640,12205,51497
CHF,2001-05-15,3493,25490,42745,11369,55039
CHF,2001-05-22,3002,27345,46215,10371,57644
CHF,2001-05-29,2901,26605,45591,12383,57880
CHF,2001-06-05,3395,26737,45895,13385,59218
CHF,2001-06-12,3713,25482,64665,26570,78819
CHF,2001-06-19,2256,20748,33688,5190,44886
CHF,2001-06-26,1837,19198,32748,8201,45280
CHF,2001-07-03,2215,30630,47591,7631,59127
CHF,2001-07-10,2254,28572,42304,7808,57247
CHF,2001-07-17,2508,20626,31135,14154,49243
CHF,2001-07-24,11660,6833,20764,34661,52242
CHF,2001-07-31,12633,5964,19951,36293,51045
CHF,2001-08-07,16351,5352,19002,40055,55078
CHF,2001-08-14,20155,3024,23954,55500,60467
CHF,2001-08-21,21545,842,24044,62060,63620
CHF,2001-08-28,21578,1399,18614,56578,64979
CHF,2001-09-04,18879,3517,22541,50733,63213
CHF,2001-09-10,17375,2609,23705,49775,67436
CHF,2001-09-18,22112,444,4766,43159,49670
CHF,2001-09-25,19377,1038,4669,42519,48890
CHF,2001-10-02,18013,855,7162,41851,48429
CHF,2001-10-09,18420,1338,7611,39154,48135
CHF,2001-10-16,17914,953,12415,41521,47839
CHF,2001-10-23,14717,5274,18990,35778,49156
CHF,2001-10-30,16826,4397,17018,42306,52732
CHF,2001-11-06,15330,3294,19495,44210,53393
CHF,2001-11-13,12389,7170,29719,37628,55854
CHF,2001-11-20,8473,8234,30171,34464,51800
CHF,2001-11-27,6369,10953,34599,31765,53351
CHF,2001-12-04,6330,6535,30764,36430,51077
CHF,2001-12-11,4786,5252,38225,40119,56869
CHF,2001-12-18,10882,3749,5935,24475,34232
CHF,2001-12-21,7322,5072,8411,15193,31069
CHF,2001-12-28,2139,11578,22654,7869,34855
CHF,2002-01-08,2120,7985,17060,9025,27704
CHF,2002-01-15,2837,11857,24865,9883,35162
CHF,2002-01-22,4710,8656,20565,12754,33536
CHF,2002-01-29,1943,20313,37636,9040,46672
CHF,2002-02-05,2042,15999,35015,9097,44628
CHF,2002-02-12,2406,16732,32683,9643,42496
CHF,2002-02-19,4406,16636,29656,10229,43256
CHF,2002-02-26,3343,18242,34624,9778,44593
CHF,2002-03-05,1825,14770,35746,14220,45641
CHF,2002-03-12,3056,11092,39555,31457,54877
CHF,2002-03-19,3593,10148,10982,13942,31147
CHF,2002-03-26,6042,10299,11234,15423,33558
CHF,2002-04-02,8992,10733,10011,17859,34709
CHF,2002-04-09,4164,10704,10360,13036,30241
CHF,2002-04-16,6948,10465,10919,16627,32812
CHF,2002-04-23,13604,6834,8869,31592,43483
CHF,2002-04-30,19662,4555,9264,43645,53449
CHF,2002-05-07,19765,4091,9825,46750,55906
CHF,2002-05-14,16917,3602,12631,43491,53559
CHF,2002-05-21,17652,3831,11015,44360,54273
CHF,2002-05-28,15620,3632,11986,45690,55255
CHF,2002-06-04,14226,4204,15165,44817,54699
CHF,2002-06-11,15115,2640,20647,52339,61771
CHF,2002-06-18,16830,2430,1869,32460,41808
CHF,2002-06-25,16138,1618,2688,33329,42093
CHF,2002-07-02,14447,1274,4420,34447,41514
CHF,2002-07-09,13414,1016,4609,33851,40306
CHF,2002-07-16,14649,564,5243,37458,43504
CHF,2002-07-23,13114,0,8830,36726,43471
CHF,2002-07-30,8888,729,10896,32140,38202
CHF,2002-08-06,8571,2084,15086,30599,40136
CHF,2002-08-13,8339,787,14557,30441,36637
CHF,2002-08-20,8139,1916,14899,28234,37675
CHF,2002-08-27,10848,909,16383,33127,41038
CHF,2002-09-03,12597,1666,14017,35722,43187
CHF,2002-09-10,12296,2062,14298,33608,45547
CHF,2002-09-17,1841,7745,15145,11380,31372
CHF,2002-09-24,3208,6282,11823,14151,29978
CHF,2002-10-01,7551,5446,10858,20283,34820
CHF,2002-10-08,2931,6525,15126,15207,32344
CHF,2002-10-15,3441,6439,15804,17762,34794
CHF,2002-10-22,1589,7744,19236,14076,34064
CHF,2002-10-29,7172,5495,17638,23843,39726
CHF,2002-11-05,15086,4536,7650,33062,46457
CHF,2002-11-12,20436,3195,8208,43183,54699
CHF,2002-11-19,18695,3568,8188,40200,51854
CHF,2002-11-26,9482,3475,10802,26997,39113
CHF,2002-12-03,8857,3549,12739,29755,41297
CHF,2002-12-10,12617,3584,22789,43719,56438
CHF,2002-12-17,21932,2737,1837,37075,45822
CHF,2002-12-23,23980,2157,1963,40324,48996
CHF,2002-12-31,24829,1576,1558,41529,50293
CHF,2003-01-07,24392,1342,1912,43428,51474
CHF,2003-01-14,26106,3076,2222,44057,54413
CHF,2003-01-21,29457,2778,3938,49422,60220
CHF,2003-01-28,27506,2042,6381,49033,57912
CHF,2003-02-04,29146,3400,6493,51237,62069
CHF,2003-02-11,21871,1584,11826,47802,57566
CHF,2003-02-18,17243,2737,16002,45177,55430
CHF,2003-02-25,18644,2801,14237,47121,56247
CHF,2003-03-04,21912,1684,18104,56250,65297
CHF,2003-03-11,22469,1650,28986,65893,76795
CHF,2003-03-18,7649,2617,10831,21496,32564
CHF,2003-03-25,5094,5537,17806,17115,32336
CHF,2003-04-01,5945,3957,15293,22225,33917
CHF,2003-04-08,3574,4794,21260,19568,36072
CHF,2003-04-15,3703,5132,22123,20190,37084
CHF,2003-04-22,6280,8333,21253,20728,38778
CHF,2003-04-29,6251,6577,18341,24449,39583
CHF,2003-05-06,19122,5631,11134,37611,48748
CHF,2003-05-13,19927,4301,11110,42753,53657
CHF,2003-05-20,22261,4272,10360,45287,56731
CHF,2003-05-27,22826,2039,10072,48053,57565
CHF,2003-06-03,20431,4382,13378,44612,56747
CHF,2003-06-10,19468,3328,21106,51868,66764
CHF,2003-06-17,20750,2971,3172,33349,43746
CHF,2003-06-24,12193,3698,8359,26500,38511
CHF,2003-07-01,6909,6530,18312,22729,38413
CHF,2003-07-08,3140,9239,26150,16885,38622
CHF,2003-07-15,3194,12046,28585,15218,41283
CHF,2003-07-22,1855,10880,30541,17973,42920
CHF,2003-07-29,1984,10124,30865,22102,44007
CHF,2003-08-05,1082,9538,31220,22379,43306
CHF,2003-08-12,1556,11558,32109,19937,43172
CHF,2003-08-19,2032,21829,43443,15622,55803
CHF,2003-08-26,2669,22045,45441,16736,59642
CHF,2003-09-02,2179,22268,49084,18014,62339
CHF,2003-09-09,2134,18238,53104,28804,69919
CHF,2003-09-16,600,20534,35304,7272,43853
CHF,2003-09-23,3883,13386,26706,13190,39097
CHF,2003-09-30,10464,8877,15822,24856,43199
CHF,2003-10-07,14236,7170,14533,31001,47583
CHF,2003-10-14,21627,6729,12877,38699,54575
CHF,2003-10-21,20045,8652,18171,38654,56476
CHF,2003-10-28,20403,7304,16930,40657,58372
CHF,2003-11-04,8075,10369,34878,34091,55727
CHF,2003-11-11,2352,18074,45453,30333,61432
CHF,2003-11-18,11879,8928,33877,47901,65394
CHF,2003-11-25,10303,5422,35714,52800,66856
CHF,2003-12-02,13276,4818,34119,57843,71273
CHF,2003-12-09,16850,4499,38050,64146,84218
CHF,2003-12-16,17217,3963,4574,32500,43835
CHF,2003-12-22,16287,4655,6338,32403,44642
CHF,2003-12-30,21637,4854,5131,34889,48615
CHF,2004-01-06,21198,4993,4842,35703,50231
CHF,2004-01-13,19826,4553,6792,33222,48588
CHF,2004-01-20,13858,4826,9024,25761,41755
CHF,2004-01-27,18388,5409,6586,26611,41836
CHF,2004-02-03,15234,5791,10742,24438,40899
CHF,2004-02-10,18974,7971,8146,25510,43840
CHF,2004-02-17,19558,8079,7781,28215,46002
CHF,2004-02-24,12608,7234,12572,22681,41521
CHF,2004-03-02,5518,16298,29915,16128,47795
CHF,2004-03-09,3624,18397,36792,16795,52178
CHF,2004-03-16,3351,12674,23287,9529,36981
CHF,2004-03-23,4130,6992,18303,13174,32617
CHF,2004-03-30,3894,8514,21309,12818,34701
CHF,2004-04-06,4369,17197,29519,10281,44331
CHF,2004-04-12,3865,9806,21790,11465,36138
CHF,2004-04-20,3757,12060,24935,7039,38936
CHF,2004-04-27,1374,12466,27830,6319,37889
CHF,2004-05-04,1717,8806,24895,12101,36901
CHF,2004-05-11,1244,8139,28121,14315,38467
CHF,2004-05-18,4633,7231,21810,16478,34868
CHF,2004-05-25,4367,7907,19302,16894,36529
CHF,2004-06-01,12108,6786,14636,28174,45970
CHF,2004-06-08,22670,6408,24430,49658,69978
CHF,2004-06-15,21099,4354,5552,30852,43388
CHF,2004-06-22,18499,1061,5302,34526,42778
CHF,2004-06-29,16232,3883,5437,27208,39116
CHF,2004-07-06,25146,2970,7015,44925,53561
CHF,2004-07-13,29193,2352,7362,47370,60091
CHF,2004-07-20,23981,2818,8446,42827,55778
CHF,2004-07-27,8327,9153,17977,19666,40111
CHF,2004-08-03,3140,15967,25603,9734,42332
CHF,2004-08-10,4420,10849,21520,13682,36349
CHF,2004-08-17,6852,9354,20364,20401,40867
CHF,2004-08-24,4152,10688,24568,17172,40437
CHF,2004-08-31,3707,11890,25894,15299,41657
CHF,2004-09-07,3488,11148,27521,15749,41687
CHF,2004-09-28,5092,10638,14846,8230,29774
CHF,2004-10-05,5092,9852,14377,11541,31092
CHF,2004-10-12,8167,12805,12956,14834,35432
CHF,2004-10-19,22288,10490,8472,32365,49694
CHF,2004-10-26,35403,8072,3544,49468,63595
CHF,2004-11-02,39924,8132,4442,54147,68098
CHF,2004-11-09,46258,5891,5954,63176,77168
CHF,2004-11-16,46659,5654,4795,60028,75763
CHF,2004-11-23,44391,5605,7012,61652,77383
CHF,2004-11-30,42761,3823,8156,60153,75035
CHF,2004-12-07,40393,4345,35767,83840,100269
CHF,2004-12-14,34319,16759,5158,33097,56671
CHF,2004-12-21,30105,18553,9266,31614,56834
CHF,2004-12-28,33728,8739,7955,44575,60282
CHF,2005-01-04,19388,7893,12266,33078,50988
CHF,2005-01-11,11883,11823,25813,29654,53634
CHF,2005-01-18,11217,12317,27306,27276,52151
CHF,2005-01-25,8043,13224,29808,22892,51069
CHF,2005-02-01,6322,13722,34468,23345,51859
CHF,2005-02-08,3371,20545,41738,17981,56861
CHF,2005-02-15,3837,15106,37796,21015,52852
CHF,2005-02-22,4790,8240,30405,30065,54437
CHF,2005-03-01,7313,9216,36723,39778,61956
CHF,2005-03-08,7474,10501,39556,43558,67512
CHF,2005-03-15,10655,10495,14830,22524,41804
CHF,2005-03-22,5242,16598,19966,11796,38278
CHF,2005-03-29,2168,16210,30785,11683,42256
CHF,2005-04-05,1677,20456,36790,12476,47464
CHF,2005-04-12,1677,24441,34607,5605,45692
CHF,2005-04-19,3585,15306,22705,6612,35822
CHF,2005-04-26,3504,12129,21121,7719,34396
CHF,2005-05-03,4889,16219,24752,8284,38584
CHF,2005-05-10,2214,19638,32738,7641,43977
CHF,2005-05-17,1942,30320,48791,7702,60958
CHF,2005-05-24,1762,39433,59616,7279,69873
CHF,2005-05-31,850,40249,58759,6938,69037
CHF,2005-06-07,1943,47255,78431,19011,90020
CHF,2005-06-14,2905,46486,64004,4362,73534
CHF,2005-06-21,1579,43966,61527,4662,71529
CHF,2005-06-28,1764,46185,63541,4868,73119
CHF,2005-07-05,1694,47234,63939,4733,73790
CHF,2005-07-12,2991,40939,57922,6205,69525
CHF,2005-07-19,6019,42511,59067,7684,72416
CHF,2005-07-26,4604,41033,62539,8799,73768
CHF,2005-08-02,4633,35959,58879,13085,71327
CHF,2005-08-09,6045,38256,56219,12407,71277
CHF,2005-08-16,6485,34107,48828,15343,66890
CHF,2005-08-23,3165,40709,55438,10104,67995
CHF,2005-08-30,4008,35884,63581,22735,67721
CHF,2005-09-06,14944,15729,36899,37451,61472
CHF,2005-09-13,4175,19141,43370,29536,60845
CHF,2005-09-20,2488,33398,45590,6728,57198
CHF,2005-09-27,6138,49869,64282,6296,76757
CHF,2005-10-04,9973,57099,69953,8884,87779
CHF,2005-10-11,13572,38859,52286,12327,72377
CHF,2005-10-18,13958,44940,58497,10814,80322
CHF,2005-10-25,12814,33657,44806,13183,66764
CHF,2005-11-01,13637,35416,47185,11374,69574
CHF,2005-11-08,13830,48500,63424,12442,84753
CHF,2005-11-15,15132,60166,76659,12671,98446
CHF,2005-11-22,15191,63398,78940,14203,100881
CHF,2005-11-29,14195,62611,78005,13197,99363
CHF,2005-12-06,16550,65909,79418,16949,105413
CHF,2005-12-13,13937,53798,87271,37406,113909
CHF,2005-12-20,5247,39314,61359,15858,75904
CHF,2005-12-27,9032,47358,69968,17768,86551
CHF,2006-01-03,15002,31513,53848,24025,77368
CHF,2006-01-10,24138,24378,41059,39837,79029
CHF,2006-01-17,21356,19896,46484,44430,80480
CHF,2006-01-24,24328,19965,46191,52763,85876
CHF,2006-01-31,26222,25239,44582,41872,84122
CHF,2006-02-07,23624,38314,60312,35349,92132
CHF,2006-02-14,21612,52800,77521,33516,108343
CHF,2006-02-21,23789,60764,78821,28237,112408
CHF,2006-02-28,16309,84571,107965,24547,134418
CHF,2006-03-07,15975,62198,102536,38689,127779
CHF,2006-03-14,7429,55807,78117,14175,93713
CHF,2006-03-21,3462,50327,70686,10420,83307
CHF,2006-03-28,5820,51155,72362,11321,84695
CHF,2006-04-04,7412,45540,62580,11064,79020
CHF,2006-04-11,6470,35121,61557,23376,78605
CHF,2006-04-18,10744,32912,55955,29450,80925
CHF,2006-04-25,12113,36542,56211,29554,84075
CHF,2006-05-02,17518,30147,56625,45190,89956
CHF,2006-05-09,18306,29319,56191,48706,94856
CHF,2006-05-16,23935,25516,54887,62764,100736
CHF,2006-05-23,30138,21756,51282,68412,101734
CHF,2006-05-30,30264,19733,50973,70528,100852
CHF,2006-06-06,26639,17319,60428,77026,107626
CHF,2006-06-13,21176,24058,86167,85686,122926
CHF,2006-06-20,20297,25769,24895,19561,57617
CHF,2006-06-27,14509,30398,36665,19565,63556
CHF,2006-07-03,21327,25641,26070,20703,58809
CHF,2006-07-11,20120,27379,30495,23670,62771
CHF,2006-07-18,18116,33533,40527,18602,69612
CHF,2006-07-25,16611,37571,45151,17788,73560
CHF,2006-08-01,17487,26881,35522,21491,65105
CHF,2006-08-08,21484,36337,36065,22775,72643
CHF,2006-08-15,13082,28329,40934,22521,66021
CHF,2006-08-22,16847,27312,38181,27544,68484
CHF,2006-08-29,12618,25253,44256,29265,68787
CHF,2006-09-05,11221,30367,46601,25569,70053
CHF,2006-09-12,12013,45254,74761,31857,98012
CHF,2006-09-19,10111,54145,57429,2482,76994
CHF,2006-09-26,10497,39517,50350,11296,69977
CHF,2006-10-03,10759,40886,51972,11649,72687
CHF,2006-10-10,8870,69290,77960,4329,95979
CHF,2006-10-17,10504,77712,87178,3826,105046
CHF,2006-10-24,9331,79554,89954,3969,107816
CHF,2006-10-31,11230,58299,68592,11763,89968
CHF,2006-11-07,14326,70027,77233,13343,103184
CHF,2006-11-14,9883,52428,64464,19539,87935
CHF,2006-11-21,10633,49430,60086,18417,84320
CHF,2006-11-28,21961,35864,37140,29557,78706
CHF,2006-12-05,25835,32303,28496,35368,80908
CHF,2006-12-12,24981,34753,44970,48340,92840
CHF,2006-12-19,18315,29153,16662,16678,54652
CHF,2006-12-26,17614,29899,22512,15569,57050
CHF,2007-01-03,11280,34078,38081,18536,64732
CHF,2007-01-09,7698,48069,60189,17343,80925
CHF,2007-01-16,6476,48724,65958,14769,83803
CHF,2007-01-23,5290,49371,67899,15298,83065
CHF,2007-01-30,5819,65399,83755,15658,99642
CHF,2007-02-06,9393,52318,74703,23721,93536
CHF,2007-02-13,6693,70099,91264,17941,107988
CHF,2007-02-20,5525,61078,81011,22726,100274
CHF,2007-02-27,15823,60508,68318,26010,103378
CHF,2007-03-06,16859,38726,48582,32079,83320
CHF,2007-03-13,15012,39903,54571,34412,88190
CHF,2007-03-20,16020,31022,16321,7890,53302
CHF,2007-03-27,18597,30156,17102,11763,52720
CHF,2007-04-03,10294,37559,29494,8277,57666
CHF,2007-04-10,13453,36659,31840,10012,58718
CHF,2007-04-17,17907,40279,32831,15524,67565
CHF,2007-04-24,23229,40080,36288,24841,77956
CHF,2007-05-01,16669,47839,46332,19270,79989
CHF,2007-05-08,14860,49212,51567,17780,81736
CHF,2007-05-15,17093,51838,51673,14385,81328
CHF,2007-05-22,9372,75241,79682,5471,100303
CHF,2007-05-29,9644,68852,76951,7259,97517
CHF,2007-06-05,11536,69788,76290,9178,99547
CHF,2007-06-12,10341,89522,131863,43904,155140
CHF,2007-06-19,6682,86013,95587,2206,110556
CHF,2007-06-26,8303,67134,85894,10089,101945
CHF,2007-07-03,14876,48451,69804,27367,95030
CHF,2007-07-10,20339,58411,70250,26864,102992
CHF,2007-07-17,24189,59743,71426,32875,110578
CHF,2007-07-24,21909,64786,78675,34685,115383
CHF,2007-07-31,28309,42942,74115,58284,116838
CHF,2007-08-07,34401,36705,66018,70306,121823
CHF,2007-08-14,26255,40245,72603,65120,117264
CHF,2007-08-21,14642,31921,85155,67650,111735
CHF,2007-08-28,17923,36046,89323,69527,118870
CHF,2007-09-04,12078,46553,105019,69360,131156
CHF,2007-09-11,26527,23866,90158,96887,136045
CHF,2007-09-18,28647,23158,16440,34060,66122
CHF,2007-09-25,32958,26666,14495,33804,70582
CHF,2007-10-02,31596,34674,19058,31154,75617
CHF,2007-10-09,28185,32276,18582,27594,70197
CHF,2007-10-16,26550,34739,28198,28959,76520
CHF,2007-10-23,26611,24101,20936,32118,69629
CHF,2007-10-30,32274,21484,17091,41075,72401
CHF,2007-11-06,32575,30156,29028,45572,86821
CHF,2007-11-13,33093,17590,17650,47910,77136
CHF,2007-11-20,37165,23433,18608,49082,83181
CHF,2007-11-27,37072,23870,19959,47666,81879
CHF,2007-12-04,30533,23490,25522,44647,77920
CHF,2007-12-11,26684,24751,39713,52836,86792
CHF,2007-12-18,14677,21661,26358,27969,60246
CHF,2007-12-24,12643,24140,29969,27583,60681
CHF,2007-12-31,18502,23121,26082,29835,61358
CHF,2008-01-08,21345,23516,20724,31809,62749
CHF,2008-01-15,25415,20253,19597,38251,67556
CHF,2008-01-22,28949,13573,18430,51242,71705
CHF,2008-01-29,28578,19345,19615,42772,70806
CHF,2008-02-05,22588,19802,19172,35367,64353
CHF,2008-02-12,17550,14370,18023,35696,57989
CHF,2008-02-19,23979,22992,23381,36283,68500
CHF,2008-02-26,32085,23313,23607,46168,78947
CHF,2008-03-04,24647,24480,30012,47310,81574
CHF,2008-03-11,25646,29894,39069,49752,90384
CHF,2008-03-18,24560,13336,6985,32207,54366
CHF,2008-03-25,30768,19987,6578,30010,57488
CHF,2008-04-01,30785,21904,8268,26306,56967
CHF,2008-04-08,24145,23228,14080,26105,57506
CHF,2008-04-15,27058,21824,15416,29349,61278
CHF,2008-04-22,24731,21722,15849,27879,59593
CHF,2008-04-29,26625,19624,17411,29112,59678
CHF,2008-05-06,19125,23262,28267,25718,63405
CHF,2008-05-13,13758,31194,38374,24647,69188
CHF,2008-05-20,19037,23980,24695,27624,62984
CHF,2008-05-27,18907,28756,31423,29391,69571
CHF,2008-06-03,14128,21399,33094,26301,65317
CHF,2008-06-10,15820,19552,31843,31292,68666
CHF,2008-06-17,10824,19738,15289,11735,44091
CHF,2008-06-24,14081,16482,13652,17799,45574
CHF,2008-07-01,26040,19433,8359,25869,56638
CHF,2008-07-08,18085,22782,12400,17810,52188
CHF,2008-07-15,32874,17830,6877,36637,63754
CHF,2008-07-22,17900,19566,12680,19115,51791
CHF,2008-07-29,17401,22056,22274,18567,56449
CHF,2008-08-05,14986,23969,30179,19451,59128
CHF,2008-08-12,13555,21938,33080,20621,58312
CHF,2008-08-19,9683,23085,38575,21177,62081
CHF,2008-08-26,12148,25477,42756,23949,65910
CHF,2008-09-02,12059,25322,40707,22659,64084
CHF,2008-09-09,11076,25991,47387,26934,70332
CHF,2008-09-16,7451,20899,21918,2559,39036
CHF,2008-09-23,8345,16452,20616,14043,42296
CHF,2008-09-30,5953,17402,20222,8058,39047
CHF,2008-10-07,8291,19820,20398,8129,39137
CHF,2008-10-14,5222,18304,23178,9912,38302
CHF,2008-10-21,3953,19875,24900,5372,39838
CHF,2008-10-28,5726,20042,22738,4946,39184
CHF,2008-11-04,7416,14617,22917,11945,41403
CHF,2008-11-11,4826,14982,25049,9713,39893
CHF,2008-11-18,5740,19329,25109,6737,43937
CHF,2008-11-25,3653,20066,27944,5769,42747
CHF,2008-12-02,2328,20568,29313,6752,42123
CHF,2008-12-09,1620,15694,26924,7829,38990
CHF,2008-12-16,1826,7137,4984,3219,20142
CHF,2008-12-22,4310,8466,6309,9244,24773
CHF,2008-12-30,4968,8815,6491,10305,25073
CHF,2009-01-06,5978,11845,3897,6440,25435
CHF,2009-01-13,4826,11060,5784,6028,24703
CHF,2009-01-20,5135,11509,6535,3678,24527
CHF,2009-01-27,4319,14507,12183,3784,28119
CHF,2009-02-03,3801,14941,11668,3282,29006
CHF,2009-02-10,3613,15134,15942,3398,32070
CHF,2009-02-17,4848,15986,17495,3773,34470
CHF,2009-02-24,5137,16325,17943,3609,33873
CHF,2009-03-03,4253,17163,21273,3247,36848
CHF,2009-03-10,4784,16237,20165,7782,39747
CHF,2009-03-17,5942,14380,14440,421,31126
CHF,2009-03-24,6311,9459,9106,7648,27937
CHF,2009-03-31,4068,8479,9816,8988,27578
CHF,2009-04-07,3895,7436,10503,7601,25914
CHF,2009-04-14,3404,8459,15009,8138,27406
CHF,2009-04-21,5718,17803,20270,1218,33601
CHF,2009-04-28,4907,9829,15119,3928,27107
CHF,2009-05-05,4756,5499,12722,9196,26366
CHF,2009-05-12,8692,7073,10312,14559,32340
CHF,2009-05-19,11497,6888,10938,19489,35951
CHF,2009-05-26,13929,7255,11102,23051,39627
CHF,2009-06-02,15412,6813,11344,26590,42429
CHF,2009-06-09,14879,6405,16607,31696,48715
CHF,2009-06-16,16146,8244,1234,15084,30453
CHF,2009-06-23,22023,7615,2004,25097,39777
CHF,2009-06-30,16623,5933,2522,18540,32774
CHF,2009-07-07,16476,5422,2749,20522,33308
CHF,2009-07-14,16950,6158,2913,18558,33833
CHF,2009-07-21,20182,6985,2283,25315,39639
CHF,2009-07-28,18808,4638,2900,25014,37313
CHF,2009-08-04,21341,6829,2817,28444,42223
CHF,2009-08-11,10962,10999,8164,14851,32801
CHF,2009-08-18,12121,5366,4778,17351,30291
CHF,2009-08-25,23649,6851,4640,32670,46196
CHF,2009-09-01,19627,5375,6881,31244,44607
CHF,2009-09-08,23371,5234,8146,38755,52293
CHF,2009-09-15,24026,5835,580,32340,45016
CHF,2009-09-22,28968,5177,1588,39465,52087
CHF,2009-09-29,22857,5264,2757,33672,45542
CHF,2009-10-06,28261,4791,2200,37603,49587
CHF,2009-10-13,27537,5258,3002,38063,50413
CHF,2009-10-20,30017,6164,3379,41095,54748
CHF,2009-10-27,24104,6259,6421,35914,50703
CHF,2009-11-03,21171,2506,7862,36258,46414
CHF,2009-11-09,25717,2419,6965,43210,53280
CHF,2009-11-17,25311,3112,9725,41681,54018
CHF,2009-11-24,26136,4019,8688,41395,54159
CHF,2009-12-01,28904,4179,7212,45067,56659
CHF,2009-12-08,20177,6829,14210,32137,49595
CHF,2009-12-15,11305,10844,7917,11808,33591
CHF,2009-12-22,9084,13652,13697,8888,34198
CHF,2009-12-29,10334,17385,17760,8196,38033
CHF,2010-01-05,12488,15268,11260,9355,35161
CHF,2010-01-12,17213,3287,6378,24458,38204
CHF,2010-01-19,17281,3310,5700,25353,37744
CHF,2010-01-26,12421,6716,10407,14719,34075
CHF,2010-02-02,10344,12119,15425,10390,36263
CHF,2010-02-09,9219,16115,21986,9772,42359
CHF,2010-02-16,10763,15430,19380,12154,40881
CHF,2010-02-23,12119,20938,23673,10095,45407
CHF,2010-03-02,11508,17818,20150,10198,42147
CHF,2010-03-09,10727,15872,27335,19784,47810
CHF,2010-03-16,8977,14210,10785,6701,32157
CHF,2010-03-23,9239,10327,9433,11335,30910
CHF,2010-03-30,6735,13275,11652,4984,28290
CHF,2010-04-06,9777,13929,10322,6845,32272
CHF,2010-04-13,10417,15371,11836,6524,33886
CHF,2010-04-20,9838,15220,12238,6679,33431
CHF,2010-04-27,13031,26644,24802,6933,49308
CHF,2010-05-04,12665,29257,27351,4700,51339
CHF,2010-05-11,10020,27547,31079,3597,50562
CHF,2010-05-18,10616,25174,28168,4418,48242
CHF,2010-05-25,11489,24108,27078,5446,48163
CHF,2010-06-01,11139,25863,29143,3466,49959
CHF,2010-06-08,14111,25526,36100,15984,59622
CHF,2010-06-15,8852,25328,27792,4332,44092
CHF,2010-06-22,9620,19885,27203,9470,43561
CHF,2010-06-29,7647,20495,26887,8205,42840
CHF,2010-07-06,7627,15082,23099,17989,45002
CHF,2010-07-13,18237,3647,20586,39904,53056
CHF,2010-07-20,19977,4864,20185,41191,54918
CHF,2010-07-27,15283,9067,24595,37985,55722
CHF,2010-08-03,20302,4079,22236,45511,57976
CHF,2010-08-10,16775,5874,22171,36144,52566
CHF,2010-08-17,18041,6291,20828,38120,54560
CHF,2010-08-24,20735,6867,20376,40811,57316
CHF,2010-08-31,21185,6904,20988,43980,60655
CHF,2010-09-07,25464,8837,28989,56436,74713
CHF,2010-09-14,27800,13564,2770,27970,49352
CHF,2010-09-21,26272,11810,4810,30467,49910
CHF,2010-09-28,27655,7662,6197,36425,53452
CHF,2010-10-05,31693,9094,5279,38448,56636
CHF,2010-10-12,31504,11557,6229,36081,57722
CHF,2010-10-19,24908,13673,9487,30720,54022
CHF,2010-10-26,24600,12081,6871,28422,50068
CHF,2010-11-02,23363,10898,6266,26806,48129
CHF,2010-11-09,24911,12296,8964,28872,51000
CHF,2010-11-16,18005,10202,10138,24359,44579
CHF,2010-11-23,14709,6198,9602,23003,40065
CHF,2010-11-30,16240,8416,11647,25043,43600
CHF,2010-12-07,18014,9027,9920,24795,42914
CHF,2010-12-14,20794,10078,2806,19157,39804
CHF,2010-12-21,25365,12838,2529,22437,44704
CHF,2010-12-28,24349,10347,2446,27467,46356
CHF,2011-01-04,24487,11455,2309,28081,47484
CHF,2011-01-11,20497,9679,2443,23955,42839
CHF,2011-01-18,19711,12719,2369,20441,41839
CHF,2011-01-25,17675,11081,2981,18863,40470
CHF,2011-02-01,22079,11638,2659,24378,46750
CHF,2011-02-08,22686,14505,2041,23558,47876
CHF,2011-02-15,17467,6949,7204,24263,41934
CHF,2011-02-22,18326,6035,6826,25229,43931
CHF,2011-03-01,29218,11201,1976,34891,57360
CHF,2011-03-08,30841,7180,5161,46508,62936
CHF,2011-03-15,32295,4655,3361,45748,61506
CHF,2011-03-22,24883,3582,4050,43244,56786
CHF,2011-03-29,24184,5227,6623,42205,56730
CHF,2011-04-05,21588,10745,12558,40498,59954
CHF,2011-04-12,22272,7615,11077,44300,61505
CHF,2011-04-19,27271,9897,12312,49346,69281
CHF,2011-04-26,27549,9708,15417,51160,71635
CHF,2011-05-03,28551,10170,15091,51377,72778
CHF,2011-05-10,27905,11569,16576,49849,72312
CHF,2011-05-17,24409,8748,15232,49224,68304
CHF,2011-05-24,23088,8363,18312,46575,66776
CHF,2011-05-31,27846,6727,14502,47623,67713
CHF,2011-06-07,26290,9425,21129,50875,74339
CHF,2011-06-14,25555,12268,2772,30752,54048
CHF,2011-06-21,23700,11887,3118,28076,51304
CHF,2011-06-28,21412,11464,4526,27805,51227
CHF,2011-07-05,15983,10692,7112,25189,47566
CHF,2011-07-12,18139,10058,4355,26299,48630
CHF,2011-07-19,21159,9665,5074,29905,52133
CHF,2011-07-26,21103,13226,6473,28080,53513
CHF,2011-08-02,25593,13252,7499,26930,56911
CHF,2011-08-09,14449,9794,15742,27315,53055
CHF,2011-08-16,13330,4322,14400,31306,48498
CHF,2011-08-23,14889,5252,14301,31895,48964
CHF,2011-08-30,13347,4005,13330,30082,45566
CHF,2011-09-06,12589,5040,15148,29066,45785
CHF,2011-09-13,10409,4916,19012,28541,43828
CHF,2011-09-20,7258,3037,1780,8112,21500
CHF,2011-09-27,6618,4194,6247,6967,23123
CHF,2011-10-04,5110,6219,10368,6941,24964
CHF,2011-10-11,5233,5220,9689,7286,24317
CHF,2011-10-18,3829,6072,13243,7283,26097
CHF,2011-10-25,5077,6280,11183,7376,27697
CHF,2011-11-01,3224,4970,8763,8296,23607
CHF,2011-11-08,6928,4766,8521,9987,25539
CHF,2011-11-15,5308,7212,15308,9213,30206
CHF,2011-11-22,4049,9919,17929,7588,31022
CHF,2011-11-29,4950,14277,23968,7405,37224
CHF,2011-12-06,4358,15516,29996,9144,42548
CHF,2011-12-13,5005,15486,40110,15865,56102
CHF,2011-12-20,10417,13553,15149,2522,33020
CHF,2011-12-27,3829,14627,24740,2623,35741
CHF,2012-01-03,3787,16142,26042,3322,37999
CHF,2012-01-10,5112,17209,30706,4215,41869
CHF,2012-01-17,4649,17471,29624,4792,41577
CHF,2012-01-24,5172,17686,24745,5275,39314
CHF,2012-01-31,6477,17699,23108,8173,40836
CHF,2012-02-07,8331,18126,24204,8551,42826
CHF,2012-02-14,8663,24526,29411,8188,48092
CHF,2012-02-21,7900,27746,31243,8442,51197
CHF,2012-02-28,9775,29166,28273,9637,52360
CHF,2012-03-06,8114,27592,33875,10434,53649
CHF,2012-03-13,9351,24149,33675,10630,56305
CHF,2012-03-20,11747,22938,22199,4140,43616
CHF,2012-03-27,6293,21389,24561,7877,42852
CHF,2012-04-03,6615,21291,24035,9135,43624
CHF,2012-04-10,6548,16467,23265,6059,39995
CHF,2012-04-17,6040,19802,25816,4669,41358
CHF,2012-04-24,4312,20953,23619,4334,40155
CHF,2012-05-01,5692,20003,22574,7583,41657
CHF,2012-05-08,4980,21474,29889,3199,45717
CHF,2012-05-15,6127,32821,47283,3616,63543
CHF,2012-05-22,4901,39752,58175,3353,71832
CHF,2012-05-29,6882,37478,57697,4355,71895
CHF,2012-06-05,5747,39395,58443,4008,71967
CHF,2012-06-12,5220,38521,60611,7463,92023
CHF,2012-06-19,24108,31115,24379,2115,55756
CHF,2012-06-26,4637,28473,40448,2165,52447
CHF,2012-07-03,5263,24323,40821,8245,53322
CHF,2012-07-10,5815,23399,43752,8717,58117
CHF,2012-07-17,6209,29299,48238,8394,62836
CHF,2012-07-24,5102,31047,50483,8296,64375
CHF,2012-07-31,5409,24217,45865,11664,59536
CHF,2012-08-07,6771,24686,40462,12055,56379
CHF,2012-08-14,6140,24994,41811,12457,56773
CHF,2012-08-21,5921,21583,37181,12089,54619
CHF,2012-08-28,10684,22145,33254,17308,55426
CHF,2012-09-04,9013,22125,33506,18637,55949
CHF,2012-09-11,11648,20615,31084,22300,58031
CHF,2012-09-18,13626,18153,10522,8590,38449
CHF,2012-09-25,13567,14471,8659,13129,37328
CHF,2012-10-02,12641,13625,8815,13887,37313
CHF,2012-10-09,11676,11982,9593,11342,35264
CHF,2012-10-16,10289,11481,8978,14275,36487
CHF,2012-10-23,10756,8395,9807,17808,36769
CHF,2012-10-30,11785,9419,10369,17224,37591
CHF,2012-11-06,13509,13812,15277,11543,40311
CHF,2012-11-13,11388,20276,25039,10602,46940
CHF,2012-11-20,7220,19708,26831,11063,46210
CHF,2012-11-27,9744,13111,16490,16992,42767
CHF,2012-12-04,11722,11086,14333,24287,44798
CHF,2012-12-11,11243,8034,16569,27345,48835
CHF,2012-12-18,17361,13081,2352,21379,43412
CHF,2012-12-24,21897,10462,1917,30401,48634
CHF,2012-12-31,23800,12169,2380,31302,50182
CHF,2013-01-08,19604,9343,4200,29652,46716
CHF,2013-01-15,19007,6237,6389,27782,43176
CHF,2013-01-22,15232,8848,7315,18905,39483
CHF,2013-01-29,11994,7846,11312,18843,38618
CHF,2013-02-05,13091,9215,6255,25329,43585
CHF,2013-02-12,12113,7561,6733,25786,41850
CHF,2013-02-19,11069,11744,11832,21252,42833
CHF,2013-02-26,8165,16356,23135,18692,47602
CHF,2013-03-05,7092,18542,35817,17915,55311
CHF,2013-03-12,6206,19694,47109,20934,69408
CHF,2013-03-19,11143,22139,31316,8122,50580
CHF,2013-03-26,8668,20866,32883,8276,49575
CHF,2013-04-02,9789,21804,34100,8437,51473
CHF,2013-04-09,6570,16584,26861,9664,42751
CHF,2013-04-16,14954,18207,24728,23700,53769
CHF,2013-04-23,13249,12070,24350,25637,50101
CHF,2013-04-30,8132,16396,31879,21399,50872
CHF,2013-05-07,7291,13526,32245,21308,49245
CHF,2013-05-14,9550,24960,40416,12436,58084
CHF,2013-05-21,8814,28744,48427,12266,65146
CHF,2013-05-28,7936,36908,53373,9139,70015
CHF,2013-06-04,5871,31674,48750,10894,64552
CHF,2013-06-11,6576,27314,41899,17095,65244
CHF,2013-06-18,14977,9186,7519,11648,33846
CHF,2013-06-25,9932,7468,10950,12844,31477
CHF,2013-07-02,8919,9035,13202,10629,31795
CHF,2013-07-09,12307,14083,19081,9946,39437
CHF,2013-07-16,10754,15723,21853,9991,40258
CHF,2013-07-23,6339,11772,18768,9910,34906
CHF,2013-07-30,9531,10792,14578,10797,34099
CHF,2013-08-06,8756,9081,14831,14150,34942
CHF,2013-08-13,10626,8490,14327,16939,37584
CHF,2013-08-20,12061,11770,13799,17591,41138
CHF,2013-08-27,11596,11194,14418,19447,41682
CHF,2013-09-03,10809,9750,16088,19083,40091
CHF,2013-09-10,10598,10178,16201,14261,38760
CHF,2013-09-17,9992,9376,8705,8613,29094
CHF,2013-09-24,15129,9384,5424,21112,39512
CHF,2013-10-01,17898,11262,5573,25005,45298
CHF,2013-10-08,20313,9898,5948,32315,51017
CHF,2013-10-15,21757,10990,7476,30740,50287
CHF,2013-10-22,22175,11244,8641,32710,52402
CHF,2013-10-29,22727,11276,8884,34836,54705
CHF,2013-11-05,20479,12384,12553,32366,52752
CHF,2013-11-12,14122,10933,15876,23288,44399
CHF,2013-11-19,13098,9429,14489,21384,41770
CHF,2013-11-26,13012,8360,14730,23318,42421
CHF,2013-12-03,14489,7942,14330,26932,45862
CHF,2013-12-10,22213,10215,18681,38844,64506
CHF,2013-12-17,25292,13337,1183,21454,47367
CHF,2013-12-24,26537,14617,4062,23100,51131
CHF,2013-12-31,26507,15618,4524,22231,51139
CHF,2014-01-07,18813,14086,6002,14831,42087
CHF,2014-01-14,12601,15542,14541,14149,42791
CHF,2014-01-21,11645,13566,18090,13906,42110
CHF,2014-01-28,11389,11830,14650,15966,40869
CHF,2014-02-04,13236,11016,15877,16646,41918
CHF,2014-02-11,12166,11611,15062,16992,42433
CHF,2014-02-18,14188,17016,16792,21049,51003
CHF,2014-02-25,19396,19038,16775,23057,55157
CHF,2014-03-04,21818,19650,17963,28806,60532
CHF,2014-03-11,23097,14140,15139,33085,66889
CHF,2014-03-18,25311,10195,1945,27495,49391
CHF,2014-03-25,25037,10218,1720,24702,47353
CHF,2014-04-01,24800,10569,4177,24159,47228
CHF,2014-04-08,19275,7940,10053,23273,44752
CHF,2014-04-15,23905,9839,7694,27144,48976
CHF,2014-04-22,21732,7709,7641,26530,46888
CHF,2014-04-29,21960,8257,7475,26954,47424
CHF,2014-05-06,25102,11918,6656,31717,55538
CHF,2014-05-13,16951,10145,10710,22139,45282
CHF,2014-05-20,17387,12368,15370,21857,48803
CHF,2014-05-27,11559,15431,21373,16715,48284
CHF,2014-06-03,11907,13919,24598,18195,48936
CHF,2014-06-10,9615,12645,25999,18004,52445
CHF,2014-06-17,15296,11776,7094,4573,32259
CHF,2014-06-24,9069,14441,13805,5200,33599
CHF,2014-07-01,9731,16991,13819,3984,35221
CHF,2014-07-08,9136,15949,13932,4105,35053
CHF,2014-07-15,8799,15061,13958,3204,35007
CHF,2014-07-22,9642,17022,18077,2627,38359
CHF,2014-07-29,8665,20429,25614,2740,44022
CHF,2014-08-05,9247,28100,39902,4700,57238
CHF,2014-08-12,5247,22606,39566,4835,51981
CHF,2014-08-19,6174,21666,36878,5125,50414
CHF,2014-08-26,7466,20505,35562,5386,53761
CHF,2014-09-02,9166,22333,38263,5990,60436
CHF,2014-09-09,9856,23681,41202,8167,77317
CHF,2014-09-16,12889,24285,35673,4316,54929
CHF,2014-09-23,8354,21729,36421,5124,52124
CHF,2014-09-30,11998,24555,38280,7116,57223
CHF,2014-10-07,15509,27928,39090,7768,60516
CHF,2014-10-14,11113,28666,44609,8093,60968
CHF,2014-10-21,7643,25505,42884,7906,55550
CHF,2014-10-28,6887,27170,44068,7765,57006
CHF,2014-11-04,7844,28065,45588,7649,59699
CHF,2014-11-11,8752,31427,45768,7619,61280
CHF,2014-11-18,9142,31258,45159,7872,60718
CHF,2014-11-25,8153,31577,45081,7970,61037
CHF,2014-12-02,8628,31550,45415,8245,63659
CHF,2014-12-09,8971,31068,45151,9222,78496
CHF,2014-12-16,18905,22560,25520,7349,51377
CHF,2014-12-23,6514,23360,40998,8855,55021
CHF,2014-12-30,8851,25396,42515,8703,57951
CHF,2015-01-06,5547,29718,51643,9336,64427
CHF,2015-01-13,4922,31366,54425,8634,66272
CHF,2015-01-20,8226,18035,30244,12644,47236
CHF,2015-01-27,8841,16214,24899,12657,42956
CHF,2015-02-03,8383,13733,20719,11059,38421
CHF,2015-02-10,5771,11257,19642,10611,34459
CHF,2015-02-17,4740,10784,20189,10174,34204
CHF,2015-02-24,5228,10313,20958,8977,34765
CHF,2015-03-03,7027,13089,25697,9979,40861
CHF,2015-03-10,7217,15597,31491,11079,52384
CHF,2015-03-17,18129,15894,14236,5267,38889
CHF,2015-03-24,12604,16559,17177,4275,36296
CHF,2015-03-31,13679,12973,14653,4497,34149
CHF,2015-04-07,12746,12626,13347,4548,33245
CHF,2015-04-14,12240,12070,14628,4733,33935
CHF,2015-04-21,11105,10770,13105,6074,31727
CHF,2015-04-28,11144,9809,13114,7268,31585
CHF,2015-05-05,14174,8843,12091,11680,34449
CHF,2015-05-12,14778,4228,8914,16319,33465
CHF,2015-05-19,12114,2709,8904,17299,31796
CHF,2015-05-26,11202,2872,9699,15980,30432
CHF,2015-06-02,12514,4155,10247,15120,32449
CHF,2015-06-09,13515,3386,11005,16890,33813
CHF,2015-06-16,8858,3500,2587,4096,19852
CHF,2015-06-23,9910,2838,2592,5940,21869
CHF,2015-06-30,9559,2704,2923,6424,21472
CHF,2015-07-07,9225,3104,5375,5206,23740
CHF,2015-07-14,6498,3417,6228,4923,22390
CHF,2015-07-21,9881,6464,10249,4199,28424
CHF,2015-07-28,9761,9637,15142,4105,32365
CHF,2015-08-04,11364,12830,19362,4633,37399
CHF,2015-08-11,9668,16680,26623,2835,43677
CHF,2015-08-18,8183,18051,28373,2235,43588
CHF,2015-08-25,4889,17486,24346,3551,37901
CHF,2015-09-01,5442,13945,22579,5155,36203
CHF,2015-09-08,5585,12481,24350,5950,40937
CHF,2015-09-15,19039,15257,11602,3994,37846
CHF,2015-09-22,13722,15598,15873,3973,36981
CHF,2015-09-29,13266,15981,17634,3459,38229
CHF,2015-10-06,12406,16376,18469,3310,38826
CHF,2015-10-13,10863,13215,15719,3768,34934
CHF,2015-10-20,11997,11372,14529,7794,35628
CHF,2015-10-27,13947,12448,16771,4359,38453
CHF,2015-11-03,17792,24827,27322,4874,51953
CHF,2015-11-10,18945,28255,33180,5297,60031
CHF,2015-11-17,19014,34343,40195,5183,67119
CHF,2015-11-24,18314,40523,48161,5456,72945
CHF,2015-12-01,18313,43102,53419,5672,78546
CHF,2015-12-08,11538,37078,52361,9108,77258
CHF,2015-12-15,29710,27759,16596,4812,52468
CHF,2015-12-22,27646,24894,16989,5186,50265
CHF,2015-12-29,26836,23272,17028,5091,49114
CHF,2016-01-05,26419,22799,18611,3533,50276
CHF,2016-01-12,24484,21160,15989,3106,46428
CHF,2016-01-19,25191,24285,18208,3405,49290
CHF,2016-01-26,24932,29435,24900,2726,55694
CHF,2016-02-02,25970,30665,27215,4259,59370
CHF,2016-02-09,20356,27624,22718,4872,52701
CHF,2016-02-16,20141,24507,17429,5371,48564
CHF,2016-02-23,20213,22534,18730,4856,47838
CHF,2016-03-01,19723,21230,19833,5332,47634
CHF,2016-03-08,19735,19864,17970,4450,49744
CHF,2016-03-15,22619,17357,10398,3582,40250
CHF,2016-03-22,19391,15205,9389,4368,37656
CHF,2016-03-29,17932,13285,8154,5003,35601
CHF,2016-04-05,16564,10915,8211,10288,36411
CHF,2016-04-12,17478,9240,8806,16943,39757
CHF,2016-04-19,19859,10449,8973,19000,43212
CHF,2016-04-26,23990,14725,8314,12978,42860
CHF,2016-05-03,21297,14468,8250,13120,41656
CHF,2016-05-10,22674,15757,10744,11722,42701
CHF,2016-05-17,22463,18316,13948,9508,44754
CHF,2016-05-24,24884,20930,20695,9197,52142
CHF,2016-05-31,24291,24162,25286,11466,57175
CHF,2016-06-07,21644,31289,30780,8635,62626
CHF,2016-06-14,28492,21362,6722,4691,43110
CHF,2016-06-21,24016,17635,5635,4852,38535
CHF,2016-06-28,22905,12038,5824,7465,35507
CHF,2016-07-05,22474,13796,5794,5166,34796
CHF,2016-07-12,23330,16612,9149,4119,39010
CHF,2016-07-19,23191,18504,11659,3928,41766
CHF,2016-07-26,26807,25861,17768,3880,51507
CHF,2016-08-02,21216,22931,15290,4672,44853
CHF,2016-08-09,20426,20319,14971,4026,43405
CHF,2016-08-16,19996,21541,13157,4640,42786
CHF,2016-08-23,20921,19036,7379,6328,39554
CHF,2016-08-30,24557,16349,10348,5626,42294
CHF,2016-09-06,22819,21368,14392,5613,45795
CHF,2016-09-13,20853,19505,14236,3872,44748
CHF,2016-09-20,27281,18868,7754,3375,40838
CHF,2016-09-27,12803,18759,18847,3243,38969
CHF,2016-10-04,19293,22229,20439,2045,46330
CHF,2016-10-11,20146,29554,28955,2857,55747
CHF,2016-10-18,18329,34706,37139,3449,63226
CHF,2016-10-25,18828,37528,42544,3534,67211
CHF,2016-11-01,12744,32714,41171,3614,59698
CHF,2016-11-08,6806,30097,37686,4783,53632
CHF,2016-11-15,7005,29199,39568,3047,54533
CHF,2016-11-22,9515,32415,45018,3111,60191
CHF,2016-11-29,13027,37361,47715,3384,67062
CHF,2016-12-06,9859,35256,47911,3923,65455
CHF,2016-12-13,5600,30888,47486,4306,64633
CHF,2016-12-20,33476,26366,16028,4665,55185
CHF,2016-12-27,14303,24394,34388,5123,54605
CHF,2017-01-03,11813,25252,34662,5127,53455
CHF,2017-01-10,10012,24258,33835,4727,50253
CHF,2017-01-17,7166,20849,32142,5929,45713
CHF,2017-01-24,6198,19842,32558,6638,45493
CHF,2017-01-31,6812,23952,32754,9049,49558
CHF,2017-02-07,7059,21680,32722,12459,48883
CHF,2017-02-14,6608,18092,32860,13288,47482
CHF,2017-02-21,6945,15881,32972,14634,48398
CHF,2017-02-28,3569,15383,34027,13521,46601
CHF,2017-03-07,12718,22734,35362,12607,56508
CHF,2017-03-14,12950,21947,25176,3608,45623
CHF,2017-03-21,9089,21068,24622,3265,42613
CHF,2017-03-28,6886,23278,24109,4306,42124
CHF,2017-04-04,5694,19519,25348,3731,39010
CHF,2017-04-11,13107,23235,26120,3962,46768
CHF,2017-04-18,10830,24632,29205,3981,48435
CHF,2017-04-25,7654,24971,29763,3816,46882
CHF,2017-05-02,4448,22156,29286,3073,43343
CHF,2017-05-09,8480,23676,31233,4914,48410
CHF,2017-05-16,3946,25108,35259,4950,48928
CHF,2017-05-23,6118,25903,30893,11085,51178
CHF,2017-05-30,8735,27247,30702,12595,54403
CHF,2017-06-06,6752,23307,29817,14004,51728
CHF,2017-06-13,8518,22978,31071,16355,55138
CHF,2017-06-20,11275,14257,9507,7052,35051
CHF,2017-06-27,11218,15887,10347,7128,37364
CHF,2017-07-03,10928,11041,9200,11705,38491
CHF,2017-07-11,10359,10151,10886,11336,37943
CHF,2017-07-18,13832,17499,12254,11043,43183
CHF,2017-07-25,14893,16443,11578,13861,45005
CHF,2017-08-01,13536,12096,11123,12667,39812
CHF,2017-08-08,15268,16670,14459,11011,43122
CHF,2017-08-15,12556,13737,13965,9593,39380
CHF,2017-08-22,12168,14155,15046,10308,40420
CHF,2017-08-29,13209,14987,14268,10565,42067
CHF,2017-09-05,11892,14063,16668,10961,42019
CHF,2017-09-12,13556,14870,16870,11662,44076
CHF,2017-09-19,13387,14956,10329,5775,35451
CHF,2017-09-26,14926,16788,13773,6109,39765
CHF,2017-10-03,17614,20907,17459,5938,44571
CHF,2017-10-10,18211,22473,21075,5744,49039
CHF,2017-10-17,22174,27105,24390,7105,55168
CHF,2017-10-24,22539,34136,32145,6888,63892
CHF,2017-10-31,21001,41672,44962,7142,74717
CHF,2017-11-07,19568,44678,51975,7403,79116
CHF,2017-11-14,19470,47453,54318,7007,81661
CHF,2017-11-21,20821,50561,55040,7173,82906
CHF,2017-11-28,17581,47765,55140,7692,79544
CHF,2017-12-05,17891,47458,55496,9737,80778
CHF,2017-12-12,19349,48114,66285,19383,95115
CHF,2017-12-19,29875,47270,42497,9187,78872
CHF,2017-12-26,31959,45861,43002,13033,81655
CHF,2018-01-02,24984,41216,42192,12065,75662
CHF,2018-01-09,18523,40445,47371,12052,77070
CHF,2018-01-16,14233,35339,47265,14771,70214
CHF,2018-01-23,14245,36360,46091,17342,71767
CHF,2018-01-30,16673,37000,42343,20056,72587
CHF,2018-02-06,16898,37139,41714,23389,73968
CHF,2018-02-13,17763,37688,41948,23165,74651
CHF,2018-02-20,17063,32851,37672,22105,69137
CHF,2018-02-27,15888,31887,38838,22705,69018
CHF,2018-03-06,17945,26422,28810,21514,62349
CHF,2018-03-13,17190,23762,29229,22008,63221
CHF,2018-03-20,17431,25677,15432,4555,44305
CHF,2018-03-27,15992,25437,16657,3961,44649
CHF,2018-04-03,17908,27819,19921,5175,48734
CHF,2018-04-10,18370,29114,23614,5430,51144
CHF,2018-04-17,24967,35488,25476,5390,59012
CHF,2018-04-24,29376,39601,35272,8090,71004
CHF,2018-05-01,28810,48266,49169,9429,84228
CHF,2018-05-08,25690,58292,65952,9980,97900
CHF,2018-05-15,25724,62117,71193,10894,103691
CHF,2018-05-22,25386,62697,72059,12051,104258
CHF,2018-05-29,19744,63175,76356,15442,107190
CHF,2018-06-05,16349,55565,77895,15444,100867
CHF,2018-06-12,13020,50265,76863,15519,101245
CHF,2018-06-19,18837,50794,68626,13498,93601
CHF,2018-06-26,13242,51273,73223,12694,92933
CHF,2018-07-03,9599,50093,74477,12586,91196
CHF,2018-07-10,8308,48429,74848,13160,89910
CHF,2018-07-17,7320,49463,78160,13077,91952
CHF,2018-07-24,4764,50572,80485,13393,91838
CHF,2018-07-31,6190,50612,78148,13275,91099
CHF,2018-08-07,5728,51836,79109,13001,90930
CHF,2018-08-14,5424,51273,78697,12922,90768
CHF,2018-08-21,6302,53520,75483,13305,90905
CHF,2018-08-28,5884,50628,71142,12923,85366
CHF,2018-09-04,7973,48367,63450,13358,80733
CHF,2018-09-11,7676,43026,58438,12803,79879
CHF,2018-09-18,9875,28313,33182,9058,54251
CHF,2018-09-25,10394,26477,31833,10310,53927
CHF,2018-10-02,11848,25250,33202,10106,54650
CHF,2018-10-09,14990,27793,37435,9720,61862
CHF,2018-10-16,13505,30029,42317,11366,64635
CHF,2018-10-23,13213,30318,47971,12363,69685
CHF,2018-10-30,18851,33373,47914,13062,75835
CHF,2018-11-06,16747,36695,53543,12849,77205
CHF,2018-11-13,15841,34443,53439,14946,77629
CHF,2018-11-20,17418,37043,53728,16206,81100
CHF,2018-11-27,16871,37939,54277,15301,78973
CHF,2018-12-04,17913,37708,53007,15838,79008
CHF,2018-12-11,16858,35125,54766,20558,81518
CHF,2018-12-18,8437,31363,53399,16287,70943
CHF,2018-12-24,6830,30159,54719,17359,70711
CHF,2018-12-31,5931,31461,53702,14972,67730
CHF,2019-01-08,5724,28910,52482,17281,67100
CHF,2019-01-15,5870,21164,48256,22321,62523
CHF,2019-01-22,6091,22493,48181,19769,63095
CHF,2019-01-29,6826,24906,48501,19155,65004
CHF,2019-02-05,9664,27778,49920,19115,68402
CHF,2019-02-12,10246,30926,52529,16706,72014
CHF,2019-02-19,9497,32847,56066,17612,74612
CHF,2019-02-26,8777,34126,57694,17484,75277
CHF,2019-03-05,11993,36097,59065,17288,79621
CHF,2019-03-12,12174,35479,61681,20112,85572
CHF,2019-03-19,7626,34815,60459,17776,75896
CHF,2019-03-26,5759,33054,57803,16541,72539
CHF,2019-04-02,7280,33546,57995,15198,73617
CHF,2019-04-09,7285,35431,59236,14138,74157
CHF,2019-04-16,6571,39155,67715,15537,81940
CHF,2019-04-23,9639,47175,77136,18088,94115
CHF,2019-04-30,14239,53985,79909,18581,102722
CHF,2019-05-07,12383,51962,80550,21237,101595
CHF,2019-05-14,7646,47656,77574,20243,93782
CHF,2019-05-21,5270,42765,74340,19136,88283
CHF,2019-05-28,4644,39319,72170,18550,85660
CHF,2019-06-04,4541,40606,67217,17067,82843
CHF,2019-06-11,4466,29254,58479,20124,72177
CHF,2019-06-18,6317,21801,44573,15735,58961
CHF,2019-06-25,7030,23511,38214,12807,55740
CHF,2019-07-02,5672,16414,34647,14002,50766
CHF,2019-07-09,7149,17577,34248,14075,51844
CHF,2019-07-16,5962,17694,36387,13998,52203
CHF,2019-07-23,6886,20079,35663,13207,53369
CHF,2019-07-30,10821,25309,38203,13562,57805
CHF,2019-08-06,8395,24826,36767,11303,56716
CHF,2019-08-13,7760,20712,35215,14304,54267
CHF,2019-08-20,7925,19042,36556,16671,54941
CHF,2019-08-27,14235,18035,30589,16129,55251
CHF,2019-09-03,16362,22201,32632,15273,60867
CHF,2019-09-10,16087,18979,37162,21766,64165
CHF,2019-09-17,15125,19681,27630,11845,52487
CHF,2019-09-24,14279,24831,33692,12220,56934
CHF,2019-10-01,18245,29780,39214,12415,65484
CHF,2019-10-08,15252,26299,39953,14721,64837
CHF,2019-10-15,13534,26300,42234,14902,64763
CHF,2019-10-22,13051,24386,38340,15686,61619
CHF,2019-10-29,14334,26818,41733,15489,65712
CHF,2019-11-05,14048,28201,44496,16466,67855
CHF,2019-11-12,12824,27944,46010,16166,68066
CHF,2019-11-19,11573,27765,47555,17419,68223
CHF,2019-11-26,14767,35742,52354,18126,77318
CHF,2019-12-03,15119,37406,52799,17354,79183
CHF,2019-12-10,10182,31047,49590,18718,75650
CHF,2019-12-17,13762,24836,36839,15995,61630
CHF,2019-12-24,14516,24195,35919,16060,60450
CHF,2019-12-31,14549,20274,29867,15369,55514
CHF,2020-01-07,11298,15767,25815,14588,49365
CHF,2020-01-14,12417,12609,24084,18213,49118
CHF,2020-01-21,12375,10839,22764,21619,50368
CHF,2020-01-28,12969,9472,24449,21140,51440
CHF,2020-02-04,14261,9342,22497,22512,49855
CHF,2020-02-11,15937,12170,22929,19846,51465
CHF,2020-02-18,17057,15516,24499,15311,52520
CHF,2020-02-25,19914,19298,26102,15665,57192
CHF,2020-03-03,14727,17969,23956,18887,54436
CHF,2020-03-10,13460,12865,19463,23511,50474
CHF,2020-03-17,13963,6589,9994,16886,35254
CHF,2020-03-24,10294,5403,10661,14308,30767
CHF,2020-03-31,10389,5442,9119,13872,29657
CHF,2020-04-07,11186,5582,9434,13872,30391
CHF,2020-04-14,11608,6951,11205,14612,32718
CHF,2020-04-21,12731,7807,10428,16178,35026
CHF,2020-04-28,12474,6898,11781,17228,36326
CHF,2020-05-05,12967,5176,12783,18162,36257
CHF,2020-05-12,12624,5976,16793,22438,40469
CHF,2020-05-19,13678,4950,14422,20534,38746
CHF,2020-05-26,13246,4507,14593,21439,39072
CHF,2020-06-02,13364,4375,14432,22186,40352
CHF,2020-06-09,10463,8697,16366,20646,41580
CHF,2020-06-16,9150,7544,12869,18526,35733
CHF,2020-06-23,11739,10291,15131,21803,42299
CHF,2020-06-30,12796,8458,13995,22905,41400
CHF,2020-07-07,12832,9054,15528,25310,45115
CHF,2020-07-14,16526,9469,14482,28589,48430
CHF,2020-07-21,17761,10382,14952,29961,51006
CHF,2020-07-28,17654,9212,14018,32141,51799
CHF,2020-08-04,21760,10100,14628,36477,56772
CHF,2020-08-11,23084,5919,12731,39999,56592
CHF,2020-08-18,20774,6267,12719,39696,56114
CHF,2020-08-25,18344,6478,13021,36967,53085
CHF,2020-09-01,19263,7666,11890,36030,54037
CHF,2020-09-08,18440,6913,12185,33788,52562
CHF,2020-09-15,18649,6583,12894,34901,52411
CHF,2020-09-22,21684,5768,11112,33004,51875
CHF,2020-09-29,19166,6425,10530,29138,47666
CHF,2020-10-06,16941,3845,10175,28928,45038
CHF,2020-10-13,16896,4724,11426,29455,47725
CHF,2020-10-20,21682,7283,11732,32388,52755
CHF,2020-10-27,22189,6686,11217,33025,52735
CHF,2020-11-03,20775,5880,12379,31983,51092
CHF,2020-11-10,21403,5539,12372,33172,52528
CHF,2020-11-17,19929,5005,13483,32723,50775
CHF,2020-11-24,20117,5131,13589,33068,50388
CHF,2020-12-01,19860,5209,12638,32933,51683
CHF,2020-12-08,16693,6270,13535,34745,54922
CHF,2020-12-15,17177,7886,9775,28618,48913
CHF,2020-12-21,23286,12042,9209,29881,53305
CHF,2020-12-29,21496,9709,8874,30644,52404
CHF,2021-01-05,17386,8014,9246,29386,49028
CHF,2021-01-12,20421,8446,8802,29632,50164
CHF,2021-01-19,17706,8286,9002,28395,48530
CHF,2021-01-26,17638,7546,8313,28819,48337
CHF,2021-02-02,22159,7518,8973,28406,50832
CHF,2021-02-09,18778,7370,13017,27754,48656
CHF,2021-02-16,15745,7374,13748,27839,48093
CHF,2021-02-23,21561,10038,14875,27410,53002
CHF,2021-03-02,21863,9602,18459,25535,52707
CHF,2021-03-09,23614,9221,21844,26982,57348
CHF,2021-03-16,13297,8626,15984,6971,37985
CHF,2021-03-23,12458,9586,16211,7162,38302
CHF,2021-03-30,16086,11817,17012,7055,42770
CHF,2021-04-06,15690,12445,18970,8184,43677
CHF,2021-04-13,12965,12141,19426,8795,42423
CHF,2021-04-20,11264,12906,20329,8053,41266
CHF,2021-04-27,11116,11802,19301,9250,40783
CHF,2021-05-04,10276,10220,18260,10553,39526
CHF,2021-05-11,10381,13232,17103,12025,41585
CHF,2021-05-18,11115,15380,17781,12779,44162
CHF,2021-05-25,12223,13426,17997,14318,43521
CHF,2021-06-01,13940,13616,17008,16869,46004
CHF,2021-06-08,12649,11573,19564,21735,49202
CHF,2021-06-15,14875,5488,7231,15627,37057
CHF,2021-06-22,20980,7428,10103,16188,41889
CHF,2021-06-29,18941,7876,12669,15910,42684
CHF,2021-07-06,19230,9068,15763,16209,44739
CHF,2021-07-13,18074,10937,18707,16482,45704
CHF,2021-07-20,18061,10019,18646,14850,44735
CHF,2021-07-27,18262,9773,17602,15945,44784
CHF,2021-08-03,16522,8979,13804,14788,42456
CHF,2021-08-10,18537,8859,17089,15163,45159
CHF,2021-08-17,14354,8807,19211,15934,44005
CHF,2021-08-24,14608,10514,18206,14914,43703
CHF,2021-08-31,14259,10284,18116,15375,43060
CHF,2021-09-07,11671,11451,21419,12630,44573
CHF,2021-09-14,6170,12048,30053,12479,45513
CHF,2021-09-21,7447,16664,40201,15704,56838
CHF,2021-09-28,6734,18321,42675,14617,58506
CHF,2021-10-05,2274,17953,44633,15047,55970
CHF,2021-10-12,3560,16532,45327,15364,57341
CHF,2021-10-19,2365,19949,44662,11309,55600
CHF,2021-10-26,1246,20625,43355,10993,54305
CHF,2021-11-02,1439,22087,36456,10959,51613
CHF,2021-11-09,4690,21733,32499,11965,51546
CHF,2021-11-16,5502,14391,31663,12896,49320
CHF,2021-11-23,6241,17617,34403,12881,52412
CHF,2021-11-30,3927,18109,33377,12202,50543
CHF,2021-12-07,2838,14891,33542,13196,51229
CHF,2021-12-14,1344,9680,25786,10978,38467
CHF,2021-12-21,2460,11687,27344,11399,40920
CHF,2021-12-28,1043,11761,26286,11060,40122
CHF,2022-01-04,4510,14039,26204,11576,42251
CHF,2022-01-11,4571,12231,27897,12298,42713
CHF,2022-01-18,925,11735,26828,13029,39871
CHF,2022-01-25,1999,10795,27591,14112,39742
CHF,2022-02-01,698,8937,30161,13620,41054
CHF,2022-02-08,1234,10633,30215,13297,41481
CHF,2022-02-15,3652,13367,33069,14181,45522
CHF,2022-02-22,3785,14772,33718,14608,47339
CHF,2022-03-01,1651,16899,35045,14183,47273
CHF,2022-03-08,4856,14566,36635,14693,51820
CHF,2022-03-15,5808,11037,28761,11301,43356
CHF,2022-03-22,6012,14436,30663,10164,44911
CHF,2022-03-29,3292,14871,32430,9202,44327
CHF,2022-04-05,1860,14253,29392,8649,40005
CHF,2022-04-12,1642,15584,30798,8499,41231
CHF,2022-04-19,2900,14350,31735,8684,44269
CHF,2022-04-26,4455,17324,33085,7372,47297
CHF,2022-05-03,4357,18264,37429,6887,49385
CHF,2022-05-10,4727,20490,38258,8439,51282
CHF,2022-05-17,5240,21832,39722,8541,53291
CHF,2022-05-24,1355,21028,39913,8219,49918
CHF,2022-05-31,2641,23099,37473,7622,49579
CHF,2022-06-07,2609,18741,34494,7278,49794
CHF,2022-06-14,4291,11099,26045,7898,39362
CHF,2022-06-21,3068,10225,24927,9969,37669
CHF,2022-06-28,4523,13114,25994,8132,40123
CHF,2022-07-05,3218,13353,26664,6589,38504
CHF,2022-07-12,7017,15741,26217,6335,41255
CHF,2022-07-19,6948,17860,25008,5803,41855
CHF,2022-07-26,8138,19437,27195,6585,44081
CHF,2022-08-02,8170,21478,29075,5796,45874
CHF,2022-08-09,8635,18417,25084,5620,43202
CHF,2022-08-16,7773,12869,21767,8151,39407
CHF,2022-08-23,9541,11946,23858,9079,42471
CHF,2022-08-30,11915,14177,27113,11642,47168
CHF,2022-09-06,10882,14919,26584,9717,48226
CHF,2022-09-13,7704,15009,26988,10476,44853
CHF,2022-09-20,8167,14907,22309,9323,40937
CHF,2022-09-27,7681,13411,28196,11298,44492
CHF,2022-10-04,7816,14668,26140,10118,43121
CHF,2022-10-11,5501,11391,29436,11453,43748
CHF,2022-10-18,7052,14138,28702,9604,44911
CHF,2022-10-25,5538,16838,31843,8682,46594
CHF,2022-11-01,6612,21396,35822,8091,50107
CHF,2022-11-08,4865,22019,35603,7327,49907
CHF,2022-11-15,2271,19098,29249,7612,41966
CHF,2022-11-22,1910,16386,28470,9267,41440
CHF,2022-11-29,1488,15735,28814,8844,41360
CHF,2022-12-06,1343,13573,28500,10641,40171
CHF,2022-12-13,2081,13892,34016,18044,49340
CHF,2022-12-20,5001,9065,13639,8467,30040
CHF,2022-12-27,3929,8060,13618,9451,29851
CHF,2023-01-03,6632,9486,16274,9843,33250
CHF,2023-01-10,3668,11038,17034,8828,33266
CHF,2023-01-17,3919,11860,18933,7576,34300
CHF,2023-01-24,3624,13132,20185,8620,35368
CHF,2023-01-31,5664,13978,21109,9293,38345
CHF,2023-02-07,7052,13420,21184,10380,38842
CHF,2023-02-14,4701,12169,22447,10365,37591
CHF,2023-02-21,7243,13763,22668,10610,39087
CHF,2023-02-28,8876,13793,24005,8566,41991
CHF,2023-03-07,10394,14344,27451,12621,46745
CHF,2023-03-14,3594,13559,21386,8068,39006
CHF,2023-03-21,4853,12150,19555,6944,35837
CHF,2023-03-28,3978,10052,19865,9132,34856
CHF,2023-04-04,2958,10961,20038,9216,37177
CHF,2023-04-11,4155,10889,19920,10184,38272
CHF,2023-04-18,5347,10067,18138,14752,40870
CHF,2023-04-25,6556,10212,18374,15673,41736
CHF,2023-05-02,8230,11229,18816,16249,43251
CHF,2023-05-09,7056,11523,19431,14672,43389
CHF,2023-05-16,8561,10420,18524,15686,43681
CHF,2023-05-23,10267,11170,18328,16637,44808
CHF,2023-05-30,8482,8917,18560,17027,41354
CHF,2023-06-06,11579,12893,20726,13678,44087
CHF,2023-06-13,8386,13429,22225,15192,48163
CHF,2023-06-20,8322,13173,15585,10349,36128
CHF,2023-06-27,6627,11573,17667,10649,37379
CHF,2023-07-03,10634,14038,18633,11068,40639
CHF,2023-07-11,7417,15324,20604,12439,43563
CHF,2023-07-18,6772,16983,18183,12256,43213
CHF,2023-07-25,7804,16235,16787,13366,44180
CHF,2023-08-01,7299,16046,18058,13850,43983
CHF,2023-08-08,8509,13961,18991,14899,43122
CHF,2023-08-15,8693,12700,18812,14612,42794
CHF,2023-08-22,10200,14066,19640,14032,44326
CHF,2023-08-29,8253,12771,20545,14157,43242
CHF,2023-09-05,11494,16819,22508,11821,46670
CHF,2023-09-12,9009,18347,26017,13666,49945
CHF,2023-09-19,12196,20131,25167,9323,46638
CHF,2023-09-26,12377,21492,31968,11054,53900
CHF,2023-10-03,11143,27885,38468,11100,58673
CHF,2023-10-10,11633,27708,41526,12696,61742
CHF,2023-10-17,10327,27405,42247,11914,61346
CHF,2023-10-24,9807,24902,39724,12588,59266
CHF,2023-10-31,8888,23798,38201,12234,56353
CHF,2023-11-07,8054,25616,39228,11336,56756
CHF,2023-11-14,5515,25666,42240,14697,59464
CHF,2023-11-21,4727,23721,43931,15344,58815
CHF,2023-11-28,4300,24589,44145,17454,60479
CHF,2023-12-05,3732,21584,42164,18451,60356
CHF,2023-12-12,3970,18444,42489,23176,65186
CHF,2023-12-19,6723,12811,24946,15870,45281
CHF,2023-12-26,8422,11867,24486,18961,47222
CHF,2024-01-02,10734,15949,24329,20171,51236
CHF,2024-01-09,11044,15436,23140,20616,50169
CHF,2024-01-16,10627,14365,22450,22177,50480
CHF,2024-01-23,10049,15220,24238,18039,48398
CHF,2024-01-30,10137,14041,25245,18023,47783
CHF,2024-02-06,10591,16158,27071,17805,49919
CHF,2024-02-13,12689,18703,32148,17068,55069
CHF,2024-02-20,13036,22959,37455,17979,60030
CHF,2024-02-27,15857,27838,40716,17007,65207
CHF,2024-03-05,16935,34486,49507,20330,76166
CHF,2024-03-12,11236,29106,56885,28182,82442
CHF,2024-03-19,13003,33503,48825,15433,71545
CHF,2024-03-26,16323,38291,54629,17175,80460
CHF,2024-04-02,21220,43590,56144,17461,87108
CHF,2024-04-09,16626,48390,64665,16582,90833
CHF,2024-04-16,14650,50862,69412,16456,93411
CHF,2024-04-23,9681,52243,75581,19264,96029
CHF,2024-04-30,11040,52826,78446,20163,98926
CHF,2024-05-07,9237,51024,73684,20575,94645
CHF,2024-05-14,6646,47753,71745,19976,90701
CHF,2024-05-21,7688,48333,73911,22558,94270
CHF,2024-05-28,8943,53309,80998,23062,100381
CHF,2024-06-04,7751,53514,77534,20717,98815
CHF,2024-06-11,7698,50561,79121,25256,101556
CHF,2024-06-18,6474,43864,68199,23575,88290
CHF,2024-06-25,6506,41563,67969,18638,84204
CHF,2024-07-02,6179,49622,75431,18997,92286
CHF,2024-07-09,5338,51426,77860,18562,93433
CHF,2024-07-16,6491,56284,81219,19547,98671
CHF,2024-07-23,5619,47856,76461,21893,92633
CHF,2024-07-30,7514,42034,66050,20901,85475
CHF,2024-08-06,9570,31643,46960,17829,68503
CHF,2024-08-13,9155,30819,44026,17718,65751
CHF,2024-08-20,7600,33314,46907,16811,67104
CHF,2024-08-27,9873,34485,45169,17723,68768
CHF,2024-09-03,8822,30704,42236,18797,67121
CHF,2024-09-10,8082,29386,53642,32757,80439
CHF,2024-09-17,8579,25687,34982,17254,58554
CHF,2024-09-24,7501,26791,38884,17488,60688
CHF,2024-10-01,6550,29404,39830,18114,62140
CHF,2024-10-08,7619,30078,44473,17315,63822
CHF,2024-10-15,6834,32995,48275,17906,66154
CHF,2024-10-22,5789,38443,55046,18611,72719
CHF,2024-10-29,7092,41090,60942,19266,78973
CHF,2024-11-05,8107,38088,58057,18538,75911
CHF,2024-11-12,5365,38059,62851,18840,78380
CHF,2024-11-19,4036,41107,69499,16877,82690
CHF,2024-11-26,4458,44134,72660,17956,86500
CHF,2024-12-03,4874,45968,70719,17368,85247
CHF,2024-12-10,4796,39788,89188,36879,109379
CHF,2024-12-17,16872,38672,61407,21028,85631
CHF,2024-12-24,12518,40900,66746,20364,85954
CHF,2024-12-31,10507,43320,68624,20529,89129
CHF,2025-01-07,7868,45756,75552,21108,91244
CHF,2025-01-14,7557,46258,78690,22347,94045
CHF,2025-01-21,6526,48363,81160,23402,96356
CHF,2025-01-28,4996,47996,83473,28023,97264
CHF,2025-02-04,5242,47500,83873,28570,97931
CHF,2025-02-11,5553,44298,82536,28779,98159
CHF,2025-02-18,7047,45406,81921,30416,97878
CHF,2025-02-25,5019,44479,81861,31092,97178
CHF,2025-03-04,5572,43347,78617,30546,97021
CHF,2025-03-11,5129,42086,79595,37354,100493
CHF,2025-03-18,4087,38462,65157,22132,80057
CHF,2025-03-25,4178,41771,70830,24728,85731
CHF,2025-04-01,4143,46907,74797,25028,89248
CHF,2025-04-08,4348,34625,60872,23072,76433
CHF,2025-04-15,5280,33864,55617,23877,73479
CHF,2025-04-22,5322,30796,54226,27484,72891
CHF,2025-04-29,5567,29881,53620,28356,71949
CHF,2025-05-06,5558,29132,52272,27840,70578
CHF,2025-05-13,7443,30512,51006,28007,73088
CHF,2025-05-20,7632,31399,51871,26573,73133
CHF,2025-05-27,5789,31272,52826,27372,73781
CHF,2025-06-03,7145,33211,51879,25995,81322
CHF,2025-06-10,9240,30508,54331,34489,86928
CHF,2025-06-17,7857,27913,43793,24627,67383
CHF,2025-06-24,8184,29128,45702,24934,69488
CHF,2025-07-01,7100,30953,48322,26589,72546
CHF,2025-07-08,8488,30684,48057,27280,72761
CHF,2025-07-15,9959,32596,49559,26543,74255
CHF,2025-07-22,8087,34152,52184,25753,75681
CHF,2025-07-29,9023,33057,54734,26444,76905
CHF,2025-08-05,6806,34183,60532,27419,79837
CHF,2025-08-12,6091,34134,60689,27465,80415
CHF,2025-08-19,6459,33737,60354,25832,80039
CHF,2025-08-26,6659,33637,59259,26207,78933
CHF,2025-09-02,8401,34289,58949,26490,80906
CHF,2025-09-09,6989,35828,77874,47059,105100
CHF,2025-09-16,6235,32275,49405,21207,71730
CHF,2025-09-23,8227,31245,49513,22854,72030
CHF,2025-09-30,8377,34439,49999,20007,71950
CHF,2025-10-07,7568,35038,50581,19286,72046
CHF,2025-10-14,8407,36613,51519,18689,73172
CHF,2025-10-21,7366,35210,51782,21236,74034
CHF,2025-10-28,9149,37007,51656,20193,74922
CHF,2025-11-04,8809,40696,59624,20373,81378
CHF,2025-11-10,7403,43452,62493,19287,82840
CHF,2025-11-18,8746,40931,52870,18001,76329
CHF,2025-11-25,7571,42931,56181,17067,77509
CHF,2025-12-02,6894,42679,55385,18537,77275
CHF,2025-12-09,8456,47059,62231,19682,92395
CHF,2025-12-16,9448,48355,61402,21032,103436
CHF,2025-12-23,8780,52769,63909,20553,88305
CHF,2025-12-30,8910,53108,63329,20960,89124
CHF,2026-01-06,11077,51343,63645,22248,90378
CHF,2026-01-13,13395,56787,68778,21615,96220
CHF,2026-01-20,12257,55464,71873,23901,98085
CHF,2026-01-27,9724,52617,67805,25399,96111
CHF,2026-02-03,9687,50404,65424,26412,93555
CHF,2026-02-10,9600,51859,65187,27498,95799
CHF,2026-02-17,10072,50953,65773,27177,95743
CHF,2026-02-24,11525,52711,66778,26771,96835
CHF,2026-03-03,12390,53673,72324,29044,105413
CHF,2026-03-10,12152,53244,81996,37015,110897
CHF,2026-03-17,8175,33388,53236,23634,74101
CHF,2026-03-24,7831,34928,55554,24190,76518
CHF,2026-03-31,9315,39186,58243,22508,79740
CHF,2026-04-07,10586,41280,64346,25660,86646
CHF,2026-04-14,9637,43734,71984,31276,93376
CHF,2026-04-21,8372,41645,71762,29507,91532
CHF,2026-04-28,6359,41580,74562,31833,94111
CHF,2026-05-05,7145,41666,76076,33215,94468
CHF,2026-05-12,5602,41799,77819,33539,94743
CHF,2026-05-19,6284,43221,86464,39689,104225
CHF,2026-05-26,7118,42258,87063,41892,105594
CHF,2026-06-02,6245,39154,89813,44984,111432
CHF,2026-06-09,7335,44000,94612,44871,115412
CHF,2026-06-16,7594,47652,86716,32939,145747
CHF,2026-06-23,7975,49069,90828,34333,108626
CHF,2026-06-30,7975,46933,88174,34420,105912
CHF,2026-07-07,10561,47975,87557,35378,107672
CHF,2026-07-14,9909,46865,86231,35720,108412
CHF,2026-07-21,9817,44059,82333,34064,107866
CHF,2026-07-28,10117,43579,84049,36473,111939
CHF,2026-08-04,11270,44092,82724,36750,109573
CHF,2026-08-11,9773,42235,81284,36871,109874
CHF,2026-08-18,14041,41319,77081,38107,113749
CHF,2026-08-25,19938,39884,68219,37706,108923
CHF,2026-09-01,19912,42788,88240,52152,136962
CHF,2026-09-08,17273,47258,112612,71108,153683
EUR,2000-01-04,10966,16155,22014,26204,52778
EUR,2000-01-11,21041,12327,21641,41580,64026
EUR,2000-01-18,11255,19273,31959,31022,62211
EUR,2000-01-25,11274,24577,33231,27568,65619
EUR,2000-02-01,11318,34328,41307,25769,74547
EUR,2000-02-08,11144,27836,37681,28322,69619
EUR,2000-02-15,12223,17637,32406,33963,66045
EUR,2000-02-22,17116,14472,28016,41556,68723
EUR,2000-02-29,9518,17109,34993,32990,64192
EUR,2000-03-07,9425,27378,43855,32320,74944
EUR,2000-03-14,10269,23908,22299,14019,50962
EUR,2000-03-21,10790,22815,21046,15655,51262
EUR,2000-03-28,10471,22111,22090,16898,52329
EUR,2000-04-04,11796,20320,20838,22406,55207
EUR,2000-04-11,13961,18817,20918,26160,56936
EUR,2000-04-18,15619,17283,21364,28589,60605
EUR,2000-04-25,18169,17189,21954,32608,64805
EUR,2000-05-02,20881,19232,21779,33062,69848
EUR,2000-05-09,17710,19889,23626,35464,68044
EUR,2000-05-16,14638,14102,21877,34591,65049
EUR,2000-05-23,13759,13240,23725,37782,68152
EUR,2000-05-30,13958,7449,21118,43292,65497
EUR,2000-06-06,13892,3941,19955,49428,66367
EUR,2000-06-13,12533,2201,23551,52974,68349
EUR,2000-06-20,11433,1808,13540,41966,54310
EUR,2000-06-27,10869,1808,13312,39353,52074
EUR,2000-07-05,11222,3772,13665,41742,54598
EUR,2000-07-11,12726,2596,13802,42884,55213
EUR,2000-07-18,13011,4966,14944,37940,58300
EUR,2000-07-25,15474,3077,16172,45269,62286
EUR,2000-08-01,14538,4266,16807,40834,62111
EUR,2000-08-08,14476,6114,23153,41248,68746
EUR,2000-08-15,13730,6096,23052,42554,68247
EUR,2000-08-22,12579,9219,25708,42839,70673
EUR,2000-08-29,13536,12330,25725,40097,73012
EUR,2000-09-05,13034,12652,27815,44012,77486
EUR,2000-09-12,9717,8543,33165,53837,84086
EUR,2000-09-19,10333,14570,28109,41289,73646
EUR,2000-09-26,6334,6185,26471,41681,66421
EUR,2000-10-03,8336,4943,26050,45677,67596
EUR,2000-10-10,10749,5346,25878,49257,71703
EUR,2000-10-17,10224,8504,29498,47644,73195
EUR,2000-10-24,10198,8365,31077,49632,76773
EUR,2000-10-31,11095,8922,29207,48019,75650
EUR,2000-11-07,11615,7837,28448,48798,73922
EUR,2000-11-14,11197,8462,32903,52762,78068
EUR,2000-11-21,11397,5489,35273,56874,81781
EUR,2000-11-28,11221,4280,37403,64284,85904
EUR,2000-12-05,16995,967,35485,75350,89752
EUR,2000-12-12,20411,879,37199,83304,98322
EUR,2000-12-19,22289,475,15586,67727,77326
EUR,2000-12-26,28255,1875,15504,70687,84237
EUR,2001-01-02,28678,1604,16458,72543,84654
EUR,2001-01-09,25570,1738,23388,76659,92722
EUR,2001-01-16,24015,3280,25094,77345,93621
EUR,2001-01-23,18885,1643,26742,71235,85880
EUR,2001-01-30,16910,750,26214,71507,85158
EUR,2001-02-06,16903,2568,29456,74894,90774
EUR,2001-02-13,16118,1416,32266,74715,90316
EUR,2001-02-20,10940,938,35298,72179,89783
EUR,2001-02-27,12364,2851,40411,76447,94625
EUR,2001-03-06,17250,186,35850,80960,96223
EUR,2001-03-13,9179,1352,46386,81465,102063
EUR,2001-03-20,8415,5802,28968,53720,73043
EUR,2001-03-27,9243,5359,28945,49225,73047
EUR,2001-04-03,12823,6048,30257,53667,77853
EUR,2001-04-10,11040,5295,29219,51528,75092
EUR,2001-04-17,12851,7858,28686,58926,77532
EUR,2001-04-24,12647,5344,31366,68983,80964
EUR,2001-05-01,12005,5961,32807,69241,82811
EUR,2001-05-08,12030,7676,36381,67658,87560
EUR,2001-05-15,13881,10473,37044,62243,88743
EUR,2001-05-22,13720,19173,40057,54258,92969
EUR,2001-05-29,15862,18793,37947,55984,93121
EUR,2001-06-05,15748,20561,43561,55503,99312
EUR,2001-06-12,16502,21090,54352,55921,114364
EUR,2001-06-19,12297,8664,25596,37560,73278
EUR,2001-06-26,13806,10631,25888,40558,75413
EUR,2001-07-03,14741,11495,26321,37968,77138
EUR,2001-07-10,17180,10529,28465,45139,83100
EUR,2001-07-17,17084,8041,28123,52300,84435
EUR,2001-07-24,20062,5771,24519,61640,87072
EUR,2001-07-31,21210,5127,26097,65480,89655
EUR,2001-08-07,22076,5436,28745,70251,94227
EUR,2001-08-14,27479,3126,39997,91634,99325
EUR,2001-08-21,30729,1759,46443,103589,109131
EUR,2001-08-28,31666,2161,33194,93070,113131
EUR,2001-09-04,25446,3625,35686,84764,108326
EUR,2001-09-10,21845,3996,43737,86898,117970
EUR,2001-09-18,27680,3243,28800,87292,100031
EUR,2001-09-25,30766,2918,33101,95574,108418
EUR,2001-10-02,28463,3511,35483,96388,109676
EUR,2001-10-09,27660,5219,36396,96883,113099
EUR,2001-10-16,22095,4479,40634,89824,106649
EUR,2001-10-23,17751,8361,45354,76666,104525
EUR,2001-10-30,24443,7757,40514,85308,107845
EUR,2001-11-06,21939,6587,40871,79450,102865
EUR,2001-11-13,15570,15086,48628,70765,108807
EUR,2001-11-20,17899,18185,56818,70035,114006
EUR,2001-11-27,17930,17015,55705,66262,112644
EUR,2001-12-04,22650,8804,46524,77654,109051
EUR,2001-12-11,19857,7951,48959,75401,114593
EUR,2001-12-18,21445,9574,25047,67263,90033
EUR,2001-12-21,23412,11990,27827,63775,93493
EUR,2001-12-28,19106,7924,32250,58140,88738
EUR,2002-01-08,20385,5612,33174,76510,95885
EUR,2002-01-15,19669,7573,38839,74716,99564
EUR,2002-01-22,22270,4981,40205,79729,103166
EUR,2002-01-29,15039,14184,52586,69151,107634
EUR,2002-02-05,16358,14035,52585,69303,107814
EUR,2002-02-12,16274,13020,51004,72450,107689
EUR,2002-02-19,22094,13447,50420,77338,112662
EUR,2002-02-26,20441,17308,47552,69941,109561
EUR,2002-03-05,20406,14118,56093,83303,118935
EUR,2002-03-12,24796,9335,44016,84487,114001
EUR,2002-03-19,28092,6836,29671,75935,96111
EUR,2002-03-26,30732,7439,33184,84427,105052
EUR,2002-04-02,34364,8206,35699,91003,109996
EUR,2002-04-09,29472,10031,35521,83273,105254
EUR,2002-04-16,37941,10314,36153,92518,115039
EUR,2002-04-23,39180,9557,28512,91562,114239
EUR,2002-04-30,41770,10298,34318,103942,124468
EUR,2002-05-07,43808,8375,39956,115033,135303
EUR,2002-05-14,42844,8244,37941,110842,132612
EUR,2002-05-21,40857,9684,42232,111910,136129
EUR,2002-05-28,42415,10690,45862,117164,143233
EUR,2002-06-04,40092,8476,51768,121423,146821
EUR,2002-06-11,39085,10718,57890,115423,146872
EUR,2002-06-18,39095,9638,24857,86773,109609
EUR,2002-06-25,35304,12780,35405,88759,116946
EUR,2002-07-02,33583,9188,31863,91200,114480
EUR,2002-07-09,33941,9859,30573,89224,112614
EUR,2002-07-16,35420,8766,34708,91153,115406
EUR,2002-07-23,30292,4614,34687,91754,111955
EUR,2002-07-30,29177,3694,41792,93114,109782
EUR,2002-08-06,25104,5082,43557,83159,104950
EUR,2002-08-13,23123,3341,39504,80776,97747
EUR,2002-08-20,22528,4665,42936,80970,100332
EUR,2002-08-27,25994,3906,39784,85314,104194
EUR,2002-09-03,27290,2052,39510,88269,109350
EUR,2002-09-10,22711,2360,45761,91340,115622
EUR,2002-09-17,16959,4349,25467,61514,80614
EUR,2002-09-24,17964,3362,28955,66600,82896
EUR,2002-10-01,20041,3104,28511,69993,85802
EUR,2002-10-08,16724,4072,30603,65335,84730
EUR,2002-10-15,23224,2192,27830,72255,88339
EUR,2002-10-22,19094,5026,27771,63866,84417
EUR,2002-10-29,22948,3623,23470,67459,83640
EUR,2002-11-05,35721,4684,20272,82865,102158
EUR,2002-11-12,39308,6031,20436,83324,105714
EUR,2002-11-19,35945,5740,20823,81064,103629
EUR,2002-11-26,33446,4670,24416,79647,99487
EUR,2002-12-03,26199,3323,27160,77604,98385
EUR,2002-12-10,33001,4937,36663,94378,121589
EUR,2002-12-17,37237,6636,15367,75985,100434
EUR,2002-12-23,36015,7888,14866,74408,98907
EUR,2002-12-31,35953,6943,14561,72690,98699
EUR,2003-01-07,35647,7490,14990,71660,98275
EUR,2003-01-14,36455,7682,24937,83917,110075
EUR,2003-01-21,35332,6890,24410,83678,113184
EUR,2003-01-28,32375,6039,23265,78061,105577
EUR,2003-02-04,37222,6556,21625,82247,108531
EUR,2003-02-11,29992,7694,23476,77469,107453
EUR,2003-02-18,31970,6485,24629,78293,108102
EUR,2003-02-25,29793,9730,26356,74269,105427
EUR,2003-03-04,34972,4997,35724,94443,123014
EUR,2003-03-11,35344,5078,48407,105656,136246
EUR,2003-03-18,18948,5609,22407,55066,78765
EUR,2003-03-25,16336,8742,24956,47292,72434
EUR,2003-04-01,16707,6143,22378,50451,75951
EUR,2003-04-08,15619,2474,19364,48155,71412
EUR,2003-04-15,16934,2729,24520,54713,77639
EUR,2003-04-22,27788,3401,25211,68091,95982
EUR,2003-04-29,31023,3018,23951,74592,103869
EUR,2003-05-06,34554,2584,29230,81472,115082
EUR,2003-05-13,28679,3776,22984,66704,100930
EUR,2003-05-20,30918,4020,24360,74601,108716
EUR,2003-05-27,31242,7129,26381,69677,110029
EUR,2003-06-03,35738,5705,28438,82589,115440
EUR,2003-06-10,32439,6177,48533,97488,136383
EUR,2003-06-17,33888,5765,19724,73401,103252
EUR,2003-06-24,27814,4344,22540,69143,94856
EUR,2003-07-01,28532,4902,25643,71594,101717
EUR,2003-07-08,25188,6027,26694,66038,94616
EUR,2003-07-15,22847,6652,33860,65327,99175
EUR,2003-07-22,18266,5113,38271,67483,96459
EUR,2003-07-29,17608,5188,34149,68502,96272
EUR,2003-08-05,16777,2888,35466,69227,93299
EUR,2003-08-12,18505,3803,36733,72336,97523
EUR,2003-08-19,16930,7809,37631,60069,95786
EUR,2003-08-26,14690,12017,40446,59159,100114
EUR,2003-09-02,14372,12243,47245,63189,107173
EUR,2003-09-09,13438,10933,53083,69694,114940
EUR,2003-09-16,11847,7123,28498,50958,80591
EUR,2003-09-23,15340,6563,21389,53635,82549
EUR,2003-09-30,18650,5001,18884,58731,91864
EUR,2003-10-07,25794,5769,19886,65167,96823
EUR,2003-10-14,29854,4860,21711,75716,105915
EUR,2003-10-21,28987,4874,26125,76465,106515
EUR,2003-10-28,28893,4688,22558,75056,102842
EUR,2003-11-04,21858,2285,30611,71620,98943
EUR,2003-11-11,21264,3345,33138,73291,102826
EUR,2003-11-18,37534,2988,31787,87711,125596
EUR,2003-11-25,33819,3322,34228,90331,122880
EUR,2003-12-02,35337,4657,41775,96997,135551
EUR,2003-12-09,33513,5515,63614,109882,152632
EUR,2003-12-16,39854,5071,28939,85043,119162
EUR,2003-12-22,38595,4887,31053,85352,118490
EUR,2003-12-30,38530,4974,33190,85465,119095
EUR,2004-01-06,36578,6668,37420,86242,126442
EUR,2004-01-13,35894,8957,40431,90936,130510
EUR,2004-01-20,35293,7050,44234,88583,129548
EUR,2004-01-27,36682,3384,42527,92411,129170
EUR,2004-02-03,31305,10859,47942,84663,124312
EUR,2004-02-10,33820,7578,45495,90863,128407
EUR,2004-02-17,35758,7349,54490,102550,145315
EUR,2004-02-24,31780,5413,54642,94386,133504
EUR,2004-03-02,24451,7423,62136,94594,135662
EUR,2004-03-09,24065,10000,71601,97855,142361
EUR,2004-03-16,17522,9068,28626,48552,87390
EUR,2004-03-23,18389,8096,36503,58796,95616
EUR,2004-03-30,17155,10981,43769,57032,100890
EUR,2004-04-06,18589,12572,46112,57921,107414
EUR,2004-04-12,18074,12331,49513,62828,109077
EUR,2004-04-20,22037,12238,51488,65820,114818
EUR,2004-04-27,19136,13566,58644,68137,119710
EUR,2004-05-04,19501,12502,62692,72433,124170
EUR,2004-05-11,23484,11006,60552,79472,127408
EUR,2004-05-18,22806,9384,78479,97371,145574
EUR,2004-05-25,26589,7875,76254,100069,148621
EUR,2004-06-01,30690,8496,73410,114256,159590
EUR,2004-06-08,33175,9701,76675,120564,159172
EUR,2004-06-15,23114,6526,21216,53066,85653
EUR,2004-06-22,21435,9356,31374,58131,92563
EUR,2004-06-29,22478,8723,43577,71109,106582
EUR,2004-07-06,27466,8429,49622,87848,125199
EUR,2004-07-13,39391,8379,58143,108543,147585
EUR,2004-07-20,43666,7565,50330,106280,145213
EUR,2004-07-27,25479,8552,64008,97792,137974
EUR,2004-08-03,22799,10557,87698,115517,156968
EUR,2004-08-10,24370,7513,84712,116842,154249
EUR,2004-08-17,30307,4608,74620,123949,154281
EUR,2004-08-24,28134,3518,76606,131663,164966
EUR,2004-08-31,29212,8385,81711,130509,171325
EUR,2004-09-07,27671,9639,81065,125572,168870
EUR,2004-09-14,30651,4793,17920,58386,90696
EUR,2004-09-21,32698,7251,16077,55318,91424
EUR,2004-09-28,36015,3681,27731,74935,107544
EUR,2004-10-05,50305,5494,33621,99613,132300
EUR,2004-10-12,44461,6366,35406,98103,132397
EUR,2004-10-19,43487,6975,32689,89593,130386
EUR,2004-10-26,50767,5236,39054,109011,150482
EUR,2004-11-02,60468,7003,35031,117092,158411
EUR,2004-11-09,68576,11047,52277,134586,185582
EUR,2004-11-16,66875,12847,63861,139153,203471
EUR,2004-11-23,66849,34588,81674,148495,233859
EUR,2004-11-30,61453,36968,82034,140039,233254
EUR,2004-12-07,57209,33095,83513,136066,223808
EUR,2004-12-14,36764,51306,46052,41269,136413
EUR,2004-12-21,39467,51631,48636,46674,147150
EUR,2004-12-28,44526,27712,42625,65999,147687
EUR,2005-01-04,35806,24735,37380,63543,141191
EUR,2005-01-11,33414,17233,38897,68858,143785
EUR,2005-01-18,28380,18467,44413,62300,131661
EUR,2005-01-25,25401,24633,56009,61407,131203
EUR,2005-02-01,25980,24055,57821,64246,129210
EUR,2005-02-08,26185,26816,63001,70153,152377
EUR,2005-02-15,28112,28357,68660,71807,148131
EUR,2005-02-22,29004,24980,70354,79321,164961
EUR,2005-03-01,46880,13462,60219,108439,169942
EUR,2005-03-08,37116,14526,70109,108157,169161
EUR,2005-03-15,42647,12735,26959,68607,122371
EUR,2005-03-22,36967,9768,27075,63385,115071
EUR,2005-03-29,30250,12497,39394,63903,116888
EUR,2005-04-05,26469,19571,53567,60949,126079
EUR,2005-04-12,30092,24332,58423,68977,131025
EUR,2005-04-19,23613,18592,54810,65542,118581
EUR,2005-04-26,23524,19305,63574,69751,133030
EUR,2005-05-03,26070,21195,65969,73021,138018
EUR,2005-05-10,27335,28879,73185,70847,148731
EUR,2005-05-17,22232,35720,88051,69952,156860
EUR,2005-05-24,24631,39952,92321,68523,162145
EUR,2005-05-31,24211,42521,103595,83901,190494
EUR,2005-06-07,22939,40710,125244,105308,193707
EUR,2005-06-14,26335,46000,65262,42453,140233
EUR,2005-06-21,26061,47343,69289,44387,142566
EUR,2005-06-28,31816,46057,62859,46580,139172
EUR,2005-07-05,23019,47891,73540,46146,148960
EUR,2005-07-12,24267,32115,72930,59128,140286
EUR,2005-07-19,23055,34925,74964,60278,143052
EUR,2005-07-26,24520,32816,71960,64853,144785
EUR,2005-08-02,24408,24599,72783,74601,143594
EUR,2005-08-09,28507,24276,70541,74659,145759
EUR,2005-08-16,27289,26705,73571,77537,148418
EUR,2005-08-23,24238,30004,77787,73001,145089
EUR,2005-08-30,26465,30084,90759,88098,153731
EUR,2005-09-06,38768,15250,80291,109602,161018
EUR,2005-09-13,29321,21736,88697,101633,162743
EUR,2005-09-20,29052,30480,52941,47456,118666
EUR,2005-09-27,32927,34530,64263,56575,135698
EUR,2005-10-04,34646,36544,68778,56196,143338
EUR,2005-10-11,30103,25311,61280,58641,130998
EUR,2005-10-18,25238,24383,73072,68315,144421
EUR,2005-10-25,20794,23352,77812,70441,151243
EUR,2005-11-01,26432,19434,73569,75190,144306
EUR,2005-11-08,29558,36185,81207,68774,159878
EUR,2005-11-15,31487,44709,94478,73806,175265
EUR,2005-11-22,35452,46579,97074,80164,185618
EUR,2005-11-29,30467,48599,101892,83991,182131
EUR,2005-12-06,28784,51356,103103,79708,179353
EUR,2005-12-13,28088,29151,117671,114350,192392
EUR,2005-12-20,24852,20348,50514,58508,123445
EUR,2005-12-27,25937,21359,44261,50356,112370
EUR,2006-01-03,36013,24782,36844,48533,119238
EUR,2006-01-10,42096,20135,34870,63074,127386
EUR,2006-01-17,41207,19996,36151,69669,129565
EUR,2006-01-24,56834,19370,33491,89341,144608
EUR,2006-01-31,58564,22182,36469,89459,147953
EUR,2006-02-07,45622,26657,44620,75293,140121
EUR,2006-02-14,43279,31323,50461,69907,140958
EUR,2006-02-21,42097,32012,58946,75683,151300
EUR,2006-02-28,50882,32480,56481,82130,159681
EUR,2006-03-07,49877,35999,75783,98478,177395
EUR,2006-03-14,55058,27074,35565,69607,134870
EUR,2006-03-21,58377,16925,33700,88412,141536
EUR,2006-03-28,56336,15525,35558,93460,140715
EUR,2006-04-04,67859,15467,43679,113080,161921
EUR,2006-04-11,58717,17087,46263,110321,159310
EUR,2006-04-18,70019,14677,38561,118525,165741
EUR,2006-04-25,79841,14316,38061,130344,177240
EUR,2006-05-02,90615,16141,39152,138150,187074
EUR,2006-05-09,87975,15064,43091,142504,198501
EUR,2006-05-16,87436,14060,45579,143424,195254
EUR,2006-05-23,87361,15285,50079,146064,197806
EUR,2006-05-30,96864,16980,39005,138891,195502
EUR,2006-06-06,102560,14364,40541,154767,209552
EUR,2006-06-13,72732,10886,64770,152800,202394
EUR,2006-06-20,66017,13527,17807,94376,132604
EUR,2006-06-27,77942,13272,18274,106720,148166
EUR,2006-07-03,87088,18543,21368,114031,162104
EUR,2006-07-11,92291,14396,19781,128562,168069
EUR,2006-07-18,67816,16122,29176,101106,152795
EUR,2006-07-25,66687,16386,30207,100022,146454
EUR,2006-08-01,85072,11643,20935,118798,157856
EUR,2006-08-08,101133,9025,22548,144363,177763
EUR,2006-08-15,99050,8846,25418,143147,178761
EUR,2006-08-22,89994,8524,27222,139078,175943
EUR,2006-08-29,88423,8786,25123,129589,170168
EUR,2006-09-05,86223,11207,25562,129665,171026
EUR,2006-09-12,79626,12909,34073,118677,168483
EUR,2006-09-19,69197,18083,15429,79941,131398
EUR,2006-09-26,67422,17480,19561,89145,136955
EUR,2006-10-03,76049,19832,18656,90524,142202
EUR,2006-10-10,69105,32577,27412,77236,150795
EUR,2006-10-17,69850,43258,32824,67746,154610
EUR,2006-10-24,70934,43783,38127,70020,158034
EUR,2006-10-31,84563,24515,24644,102923,162230
EUR,2006-11-07,96738,27813,25137,119259,178237
EUR,2006-11-14,81912,21437,30625,114891,170609
EUR,2006-11-21,84717,19411,35293,125408,178692
EUR,2006-11-28,107372,17778,33719,142555,207573
EUR,2006-12-05,115201,16936,34887,163201,223733
EUR,2006-12-12,112188,15505,46473,175717,230245
EUR,2006-12-19,110993,19023,19007,144006,194079
EUR,2006-12-26,100959,20989,22399,138364,186755
EUR,2007-01-03,98245,20789,26506,136076,189612
EUR,2007-01-09,93415,18243,28061,132400,183293
EUR,2007-01-16,67482,13940,31321,108505,164594
EUR,2007-01-23,77516,16506,34954,115543,169518
EUR,2007-01-30,85505,22926,34053,112355,174218
EUR,2007-02-06,74223,28893,51936,117568,182666
EUR,2007-02-13,105371,21576,26385,132507,187086
EUR,2007-02-20,117811,18485,27304,150840,202370
EUR,2007-02-27,123508,20910,33476,165096,221471
EUR,2007-03-06,107164,18485,36846,152682,201319
EUR,2007-03-13,113009,16854,44465,167858,216699
EUR,2007-03-20,106188,18232,18674,135405,182591
EUR,2007-03-27,116347,22606,19438,138232,192918
EUR,2007-04-03,118379,23301,18325,143338,198368
EUR,2007-04-10,126947,22553,22579,152751,212087
EUR,2007-04-17,129044,22274,22960,158914,217447
EUR,2007-04-24,137322,26040,26774,166155,232312
EUR,2007-05-01,135399,28711,31403,166590,235249
EUR,2007-05-08,130342,25072,30399,160424,223364
EUR,2007-05-15,146922,27384,28486,170028,236773
EUR,2007-05-22,126860,31573,35859,145736,218897
EUR,2007-05-29,124206,29887,30545,146256,213871
EUR,2007-06-05,119341,34376,33497,136957,214948
EUR,2007-06-12,93562,42924,71199,140403,227892
EUR,2007-06-19,85173,38832,47546,113147,183775
EUR,2007-06-26,92876,25443,38856,125552,183893
EUR,2007-07-03,101643,25119,29601,136922,195000
EUR,2007-07-10,129843,26947,27319,157712,223674
EUR,2007-07-17,123364,24179,31096,163661,221237
EUR,2007-07-24,126890,30475,31658,162016,225781
EUR,2007-07-31,104189,25736,49491,154719,214527
EUR,2007-08-07,111634,32605,53782,161026,227532
EUR,2007-08-14,90832,26158,71894,158307,218546
EUR,2007-08-21,74037,35574,88533,147372,216026
EUR,2007-08-28,74495,31669,98326,152882,221098
EUR,2007-09-04,78483,31838,91240,155853,221662
EUR,2007-09-11,86476,28262,93096,173688,235169
EUR,2007-09-18,123169,37120,25057,136525,203437
EUR,2007-09-25,122295,38847,29894,131573,209652
EUR,2007-10-02,132323,37883,24276,137838,214561
EUR,2007-10-09,117894,30728,26551,136226,204193
EUR,2007-10-16,116748,30144,32931,141380,208345
EUR,2007-10-23,100683,31667,39483,124130,195913
EUR,2007-10-30,100809,31961,41037,128135,199482
EUR,2007-11-06,109002,32954,48039,144656,217765
EUR,2007-11-13,98821,29392,63973,149796,219866
EUR,2007-11-20,98548,28520,70157,154389,227240
EUR,2007-11-27,91335,24779,75599,155245,222881
EUR,2007-12-04,93659,24542,85243,167434,236107
EUR,2007-12-11,91012,27638,110298,186059,259477
EUR,2007-12-18,67396,36247,33923,78738,150165
EUR,2007-12-24,68111,37470,44647,87263,157379
EUR,2007-12-31,71697,35042,48525,93036,166421
EUR,2008-01-08,85915,34013,41398,108936,179512
EUR,2008-01-15,81812,36830,42254,102175,177003
EUR,2008-01-22,65581,41836,63634,99499,184289
EUR,2008-01-29,62078,39622,77332,111456,187780
EUR,2008-02-05,60106,47542,86513,109379,199494
EUR,2008-02-12,55016,44721,103545,118882,207601
EUR,2008-02-19,60926,46196,101376,120377,209143
EUR,2008-02-26,75598,43820,88983,128844,217521
EUR,2008-03-04,73238,41228,99752,141064,226280
EUR,2008-03-11,81646,52547,118602,151616,245172
EUR,2008-03-18,78310,51789,34582,65588,162474
EUR,2008-03-25,90956,48185,28157,74502,163586
EUR,2008-04-01,80290,51218,36173,68641,165921
EUR,2008-04-08,86826,57391,41475,72091,174504
EUR,2008-04-15,77532,57439,47123,70124,175248
EUR,2008-04-22,81612,62705,41337,63449,178052
EUR,2008-04-29,48319,69634,95786,71281,191308
EUR,2008-05-06,54383,66895,100580,91173,204066
EUR,2008-05-13,55409,64908,106832,98679,207346
EUR,2008-05-20,70240,63399,94653,104525,212882
EUR,2008-05-27,64503,67893,108565,110485,222241
EUR,2008-06-03,55845,70299,128849,105376,230633
EUR,2008-06-10,57544,65084,148879,135196,254812
EUR,2008-06-17,49514,58804,32128,27941,132056
EUR,2008-06-24,57904,56472,38893,49378,147275
EUR,2008-07-01,88162,60479,40013,73450,179885
EUR,2008-07-08,81210,57203,44165,69916,176211
EUR,2008-07-15,85052,62003,45934,78687,183536
EUR,2008-07-22,70588,66517,52550,58424,171505
EUR,2008-07-29,51585,67803,54512,35374,149933
EUR,2008-08-05,55538,64985,59169,45026,160311
EUR,2008-08-12,39822,59249,54139,35030,146235
EUR,2008-08-19,39958,60322,55286,33789,153468
EUR,2008-08-26,36026,69804,72360,34980,154444
EUR,2008-09-02,37997,76620,81688,38194,163458
EUR,2008-09-09,35890,72322,98579,62462,182828
EUR,2008-09-16,35314,75968,68208,23682,142148
EUR,2008-09-23,33266,64323,79367,48721,152022
EUR,2008-09-30,27472,56404,91067,58098,173238
EUR,2008-10-07,32058,50720,92353,70752,179895
EUR,2008-10-14,24274,54374,102280,65951,175810
EUR,2008-10-21,23536,54156,94815,61489,184062
EUR,2008-10-28,25409,54461,99852,67164,193760
EUR,2008-11-04,27825,49258,87091,60936,169608
EUR,2008-11-11,25967,46588,92836,63077,170226
EUR,2008-11-18,29073,46431,86779,63127,165121
EUR,2008-11-25,27389,48867,89976,70266,172366
EUR,2008-12-02,29631,49828,93058,73945,173018
EUR,2008-12-09,29347,46015,90454,82700,179318
EUR,2008-12-16,30798,37424,47746,50434,119389
EUR,2008-12-22,30977,34622,49358,56185,118546
EUR,2008-12-30,32529,35733,49384,56465,120499
EUR,2009-01-06,33733,36108,47299,58793,123878
EUR,2009-01-13,26970,36318,51117,51090,117502
EUR,2009-01-20,27780,35360,61010,55952,131714
EUR,2009-01-27,32077,39566,65248,61249,134554
EUR,2009-02-03,35350,44402,70629,67183,145456
EUR,2009-02-10,33943,43937,76264,69706,152419
EUR,2009-02-17,32809,48246,85908,70830,157952
EUR,2009-02-24,33201,43282,94813,87296,166903
EUR,2009-03-03,34175,53606,110616,91184,183858
EUR,2009-03-10,33930,44162,104740,99415,180278
EUR,2009-03-17,33657,42696,37055,34864,111077
EUR,2009-03-24,32680,38138,37912,44237,112887
EUR,2009-03-31,31906,29641,31025,44789,104404
EUR,2009-04-07,31596,27724,40545,58703,113508
EUR,2009-04-14,32836,27261,38217,55083,108304
EUR,2009-04-21,29708,28111,41574,46109,106679
EUR,2009-04-28,30292,32365,43424,41730,108592
EUR,2009-05-05,35025,31657,39419,47642,110768
EUR,2009-05-12,41355,30940,40143,60005,124499
EUR,2009-05-19,41754,29504,43028,65540,125472
EUR,2009-05-26,47203,31619,44732,75899,139357
EUR,2009-06-02,48585,41792,55089,77093,151004
EUR,2009-06-09,49185,34161,56630,89250,150683
EUR,2009-06-16,39854,27369,24479,48713,106532
EUR,2009-06-23,48252,30829,26865,53808,118077
EUR,2009-06-30,47701,30482,26203,51561,114921
EUR,2009-07-07,49042,38730,26172,52119,124035
EUR,2009-07-14,44406,30507,24948,54646,116686
EUR,2009-07-21,66273,31501,24786,79766,143414
EUR,2009-07-28,55671,35384,26861,65511,136354
EUR,2009-08-04,61443,34337,22984,72454,138237
EUR,2009-08-11,46396,29585,27364,63139,130222
EUR,2009-08-18,38823,33091,36807,58205,127640
EUR,2009-08-25,48251,30080,30702,69127,128651
EUR,2009-09-01,42624,33607,38126,63345,128047
EUR,2009-09-08,56543,38510,38907,79614,149891
EUR,2009-09-15,74562,36790,22673,86212,156349
EUR,2009-09-22,76545,38545,30609,91187,162551
EUR,2009-09-29,77852,38086,32122,94246,164913
EUR,2009-10-06,86229,35184,30059,105599,170878
EUR,2009-10-13,79762,36395,30875,96922,166326
EUR,2009-10-20,77829,41796,38176,94579,170291
EUR,2009-10-27,67843,34974,40621,97333,164798
EUR,2009-11-03,64023,41832,44743,86446,161257
EUR,2009-11-09,67904,42731,43340,87461,164192
EUR,2009-11-17,64268,52312,52687,83939,172325
EUR,2009-11-24,70841,52374,53323,89903,173834
EUR,2009-12-01,71123,48972,49443,94717,175155
EUR,2009-12-08,52035,52546,76017,92315,179294
EUR,2009-12-15,42987,59435,39669,40728,132017
EUR,2009-12-22,40925,55252,45292,46838,134600
EUR,2009-12-29,34132,67929,66911,41361,144152
EUR,2010-01-05,37229,73017,75603,46052,156155
EUR,2010-01-12,36186,54103,77041,65306,161287
EUR,2010-01-19,34186,59468,80493,59772,164501
EUR,2010-01-26,33106,72645,107572,66224,184978
EUR,2010-02-02,31207,74948,110320,63773,186878
EUR,2010-02-09,34867,92019,120004,56636,197457
EUR,2010-02-16,34459,93881,119236,55730,196042
EUR,2010-02-23,32728,104351,135199,56953,208474
EUR,2010-03-02,35894,102664,135287,66049,218803
EUR,2010-03-09,32589,107140,169613,88988,243524
EUR,2010-03-16,41800,88141,82124,32720,163822
EUR,2010-03-23,39953,114870,113860,31884,195287
EUR,2010-03-30,35205,120531,147689,49896,223554
EUR,2010-04-06,39036,106259,129186,52156,208883
EUR,2010-04-13,37157,92621,124881,58998,203199
EUR,2010-04-20,33614,105038,130859,54711,208291
EUR,2010-04-27,34462,123475,155391,58045,238298
EUR,2010-05-04,36675,140077,175841,62928,261076
EUR,2010-05-11,39584,153474,197808,73314,287589
EUR,2010-05-18,54411,161554,195262,76108,300526
EUR,2010-05-25,45630,152366,190207,72954,281966
EUR,2010-06-01,45006,138331,176197,79109,275266
EUR,2010-06-08,45938,157883,198558,87172,305060
EUR,2010-06-15,49526,111886,133605,58614,227632
EUR,2010-06-22,41013,111987,139417,58197,224050
EUR,2010-06-29,43357,117027,140113,56627,225752
EUR,2010-07-06,56316,95225,122675,80214,228333
EUR,2010-07-13,56187,83237,123535,88641,225703
EUR,2010-07-20,55008,79259,130879,97825,230118
EUR,2010-07-27,56622,77961,130508,101249,232193
EUR,2010-08-03,60410,67707,127496,116469,236101
EUR,2010-08-10,55797,59528,132681,127762,234276
EUR,2010-08-17,61324,75951,137257,124115,250090
EUR,2010-08-24,54591,76194,142830,118301,245448
EUR,2010-08-31,51099,76668,143877,112447,241133
EUR,2010-09-07,53156,76855,148315,118728,257788
EUR,2010-09-14,54543,64187,67986,58316,170651
EUR,2010-09-21,52300,47203,63931,70956,167463
EUR,2010-09-28,70638,35308,64109,106549,190039
EUR,2010-10-05,72979,24736,66364,122353,197406
EUR,2010-10-12,68718,27207,73180,122239,197836
EUR,2010-10-19,74855,28107,80283,143118,219761
EUR,2010-10-26,70109,29604,79733,130949,209103
EUR,2010-11-02,70185,31575,74771,125394,206972
EUR,2010-11-09,61477,38194,80065,117860,204528
EUR,2010-11-16,54708,46102,82056,99611,195598
EUR,2010-11-23,43670,51963,90172,91128,187189
EUR,2010-11-30,47264,54512,96865,94867,203930
EUR,2010-12-07,32322,47612,115122,92641,198099
EUR,2010-12-14,35689,45993,63095,50387,146781
EUR,2010-12-21,38604,52697,68741,54908,156136
EUR,2010-12-28,33833,60312,80025,52498,162312
EUR,2011-01-04,37102,61303,77703,52848,163239
EUR,2011-01-11,42359,87541,108835,58443,202004
EUR,2011-01-18,67309,63200,65807,71021,188933
EUR,2011-01-25,73488,50587,62983,91071,199706
EUR,2011-02-01,80381,40447,65404,111805,211730
EUR,2011-02-08,73502,38768,65994,113877,203541
EUR,2011-02-15,63395,30931,69268,111581,193304
EUR,2011-02-22,77454,31856,68789,122623,207869
EUR,2011-03-01,83104,31796,66564,129694,217066
EUR,2011-03-08,98171,35877,93190,167583,263702
EUR,2011-03-15,86506,40190,44477,108111,190848
EUR,2011-03-22,81574,33221,53020,113015,194709
EUR,2011-03-29,93031,36401,62196,134511,218177
EUR,2011-04-05,99405,39548,70097,146642,236270
EUR,2011-04-12,105425,40440,69054,151768,243203
EUR,2011-04-19,102686,40491,74976,155704,244006
EUR,2011-04-26,105683,37404,72619,161952,249000
EUR,2011-05-03,128460,28944,62075,186930,264337
EUR,2011-05-10,98054,36607,83295,163027,242927
EUR,2011-05-17,89941,48296,105953,157756,250533
EUR,2011-05-24,75182,56053,134068,156886,258663
EUR,2011-05-31,80494,58524,136097,164386,270101
EUR,2011-06-07,96555,44719,133843,193019,296126
EUR,2011-06-14,84580,34686,48746,113295,190373
EUR,2011-06-21,72153,42382,62478,103169,189190
EUR,2011-06-28,68800,35813,57791,101137,183206
EUR,2011-07-05,81860,38666,54485,111116,194329
EUR,2011-07-12,61392,48976,70726,86428,185541
EUR,2011-07-19,58580,49334,77199,83685,180314
EUR,2011-07-26,60177,43139,71503,97247,183690
EUR,2011-08-02,58313,56550,85149,91248,190722
EUR,2011-08-09,49029,57302,86027,81060,183571
EUR,2011-08-16,47094,40368,75036,82944,168931
EUR,2011-08-23,47711,45172,78732,84822,174714
EUR,2011-08-30,43894,44278,81983,85137,179162
EUR,2011-09-06,33167,69610,128794,83050,209515
EUR,2011-09-13,25704,80163,194836,115819,264500
EUR,2011-09-20,19920,99380,147760,44819,201556
EUR,2011-09-27,19705,102178,159618,51938,215172
EUR,2011-10-04,18104,100801,169387,60185,220839
EUR,2011-10-11,17040,90835,170021,69466,223167
EUR,2011-10-18,20977,98697,178450,70717,230483
EUR,2011-10-25,21323,97835,181494,76852,235774
EUR,2011-11-01,26311,86371,167499,86554,231229
EUR,2011-11-08,27943,82200,168347,88975,231445
EUR,2011-11-15,24048,100195,187608,79137,244552
EUR,2011-11-22,25943,111011,199707,81373,260064
EUR,2011-11-29,27620,131922,218546,80704,277511
EUR,2011-12-06,34521,130335,215981,92238,283309
EUR,2011-12-13,35507,151964,244941,101015,327740
EUR,2011-12-20,49557,163254,188839,45720,266597
EUR,2011-12-27,45183,173062,204337,47710,276022
EUR,2012-01-03,40441,179350,212985,46916,282790
EUR,2012-01-10,29770,184965,231765,50103,294263
EUR,2012-01-17,28396,188426,238254,51069,300962
EUR,2012-01-24,31299,202646,248435,50819,315350
EUR,2012-01-31,31906,189452,239127,55202,305328
EUR,2012-02-07,32128,172721,221948,56784,288657
EUR,2012-02-14,26774,175415,228941,53808,291060
EUR,2012-02-21,29369,171528,221151,51617,287525
EUR,2012-02-28,35728,145402,194512,63056,271282
EUR,2012-03-06,39943,156416,205574,63286,284739
EUR,2012-03-13,40325,139661,212175,83411,311057
EUR,2012-03-20,50416,133370,176529,63974,258535
EUR,2012-03-27,34033,123162,168190,55639,239446
EUR,2012-04-03,39835,119315,166622,62119,241006
EUR,2012-04-10,39253,140617,204616,66567,274830
EUR,2012-04-17,40310,158435,226108,70285,295844
EUR,2012-04-24,36289,149656,219295,70017,287215
EUR,2012-05-01,34957,141947,211742,68746,279605
EUR,2012-05-08,36022,180006,252598,69712,321037
EUR,2012-05-15,38475,212344,286563,66730,356674
EUR,2012-05-22,34714,230075,308311,69614,376708
EUR,2012-05-29,40287,243702,318223,71325,394160
EUR,2012-06-05,36651,251069,328987,69903,401812
EUR,2012-06-12,39245,234432,317031,82599,422131
EUR,2012-06-19,54449,195515,224084,47855,311933
EUR,2012-06-26,36933,196813,244942,47522,315785
EUR,2012-07-03,32236,178413,235912,54541,302289
EUR,2012-07-10,36409,202114,251888,49424,326374
EUR,2012-07-17,31821,199070,254350,51144,323228
EUR,2012-07-24,39501,194567,248645,56865,324443
EUR,2012-07-31,41327,180321,234082,61370,311436
EUR,2012-08-07,46742,178453,238441,74547,322243
EUR,2012-08-14,43152,180962,241859,73974,321568
EUR,2012-08-21,45986,169918,232459,85016,321166
EUR,2012-08-28,45927,147488,224688,97055,311925
EUR,2012-09-04,46580,148886,225276,100488,314363
EUR,2012-09-11,43180,136838,230240,117157,332637
EUR,2012-09-18,48817,122299,140884,53819,234394
EUR,2012-09-25,53345,103583,119654,59930,218363
EUR,2012-10-02,48335,98600,123654,64024,217516
EUR,2012-10-09,39946,112516,142542,60144,227541
EUR,2012-10-16,42041,95536,131046,63590,219809
EUR,2012-10-23,38171,93390,133705,64140,216842
EUR,2012-10-30,38189,96393,139267,64121,221524
EUR,2012-11-06,45212,112353,143191,54864,227725
EUR,2012-11-13,39863,123509,150428,48432,231660
EUR,2012-11-20,36692,128092,155028,45063,232328
EUR,2012-11-27,35799,102492,130148,50616,210234
EUR,2012-12-04,48300,81095,117877,78193,217546
EUR,2012-12-11,51536,83159,133355,98757,241932
EUR,2012-12-18,69460,79196,71803,64052,193681
EUR,2012-12-24,75072,77621,72084,76154,202591
EUR,2012-12-31,81932,76806,71891,82481,207608
EUR,2013-01-08,66329,74364,77301,67829,194251
EUR,2013-01-15,80174,72859,73119,88184,211373
EUR,2013-01-22,83840,62459,74708,102356,216059
EUR,2013-01-29,93791,66319,81422,116865,237856
EUR,2013-02-05,97397,59445,89236,131946,251236
EUR,2013-02-12,87135,62954,92973,126202,239566
EUR,2013-02-19,81014,61911,91704,118002,234039
EUR,2013-02-26,74832,84226,101311,93280,230567
EUR,2013-03-05,63355,89471,107811,69195,218469
EUR,2013-03-12,57473,82260,104909,68989,213113
EUR,2013-03-19,48958,93842,102319,44157,195073
EUR,2013-03-26,41260,90355,117345,54862,204257
EUR,2013-04-02,44459,110160,147918,63699,235871
EUR,2013-04-09,35343,86201,141694,72488,220353
EUR,2013-04-16,49321,79085,121372,76858,215657
EUR,2013-04-23,47807,82082,127780,78147,220051
EUR,2013-04-30,56771,86920,113781,77610,222618
EUR,2013-05-07,52517,86050,115146,69030,214597
EUR,2013-05-14,52843,99764,132700,65854,232417
EUR,2013-05-21,43037,123986,177851,69705,265194
EUR,2013-05-28,36916,121560,180752,70174,264212
EUR,2013-06-04,43804,95425,148967,78413,240733
EUR,2013-06-11,68956,76489,128701,106793,260418
EUR,2013-06-18,91304,71274,64586,80432,213331
EUR,2013-06-25,87192,69835,70649,86799,211651
EUR,2013-07-02,59270,75360,88115,61074,196064
EUR,2013-07-09,52159,93059,124661,62042,225051
EUR,2013-07-16,53228,90393,126783,65982,220137
EUR,2013-07-23,63130,91030,109572,68740,219429
EUR,2013-07-30,78211,86715,96694,73239,222957
EUR,2013-08-06,85239,79178,90858,86556,228726
EUR,2013-08-13,89984,73927,85283,87207,225665
EUR,2013-08-20,113092,76346,78210,109391,249660
EUR,2013-08-27,113592,73511,78540,114408,248672
EUR,2013-09-03,98589,75851,99298,107939,244563
EUR,2013-09-10,82772,70076,122829,123285,257969
EUR,2013-09-17,100963,69056,73890,94356,218264
EUR,2013-09-24,129862,64018,72759,138915,254464
EUR,2013-10-01,128580,60304,73837,140700,255067
EUR,2013-10-08,127301,58618,81614,147287,263859
EUR,2013-10-15,121327,60953,84477,138835,257199
EUR,2013-10-22,137061,64627,82406,153006,278139
EUR,2013-10-29,136054,65437,87462,156340,282923
EUR,2013-11-05,103333,70190,93269,124922,252554
EUR,2013-11-12,86121,69295,97194,93189,229166
EUR,2013-11-19,81070,72159,105889,95999,232326
EUR,2013-11-26,74118,74549,120631,99633,243049
EUR,2013-12-03,82230,72918,120205,109636,253653
EUR,2013-12-10,91669,75739,152652,149951,302100
EUR,2013-12-17,97780,69857,83222,97675,230955
EUR,2013-12-24,102462,70290,87272,106981,240206
EUR,2013-12-31,101916,71327,88251,108680,242071
EUR,2014-01-07,88119,73621,105422,99143,238570
EUR,2014-01-14,87059,77813,107883,98891,243434
EUR,2014-01-21,79321,83093,131073,96012,255300
EUR,2014-01-28,86963,72616,126816,118340,260799
EUR,2014-02-04,67614,81224,160736,119781,274146
EUR,2014-02-11,75048,81977,157239,131888,281037
EUR,2014-02-18,88634,80035,149375,142788,291360
EUR,2014-02-25,93003,79103,149693,149405,296924
EUR,2014-03-04,103868,80416,144494,155241,304308
EUR,2014-03-11,110103,73718,148565,170697,322020
EUR,2014-03-18,117819,64828,91888,130331,264443
EUR,2014-03-25,106914,67280,103755,126788,262179
EUR,2014-04-01,101849,68611,111333,125794,260075
EUR,2014-04-08,92635,69335,120001,125354,261439
EUR,2014-04-15,106252,78564,116428,125819,270722
EUR,2014-04-22,101204,75430,116984,123395,266259
EUR,2014-04-29,102285,76551,118635,124082,271515
EUR,2014-05-06,110673,78122,108249,123865,277013
EUR,2014-05-13,84383,86558,131899,112028,268142
EUR,2014-05-20,75013,84233,145672,114357,268199
EUR,2014-05-27,70753,87386,157716,116315,274051
EUR,2014-06-03,57109,90134,177505,116655,280747
EUR,2014-06-10,43739,100924,224523,136545,331636
EUR,2014-06-17,51405,113240,196143,103622,285489
EUR,2014-06-24,55062,112565,197697,107032,291244
EUR,2014-07-01,52665,113441,196567,105198,291488
EUR,2014-07-08,51595,110860,204115,107205,294381
EUR,2014-07-15,59506,122352,212426,109017,310661
EUR,2014-07-22,58142,146965,239961,108966,339706
EUR,2014-07-29,56562,164637,259960,104377,356865
EUR,2014-08-05,55179,183926,283373,104329,379004
EUR,2014-08-12,51596,177613,282707,107353,376424
EUR,2014-08-19,56774,195599,299068,109422,396460
EUR,2014-08-26,53989,204646,306073,109975,402709
EUR,2014-09-02,59398,220821,317713,108749,419850
EUR,2014-09-09,59376,216881,342823,133916,484306
EUR,2014-09-16,79552,216701,283275,94029,397652
EUR,2014-09-23,60654,202619,297160,106324,398937
EUR,2014-09-30,67030,204555,302134,114913,409986
EUR,2014-10-07,61467,207679,324023,124709,425656
EUR,2014-10-14,60158,215500,337436,132670,434873
EUR,2014-10-21,60188,219559,340562,132521,439863
EUR,2014-10-28,59054,224761,343150,130765,441369
EUR,2014-11-04,59566,238587,367033,129740,465332
EUR,2014-11-11,60454,224347,365507,142559,463976
EUR,2014-11-18,58048,226778,365846,141782,465168
EUR,2014-11-25,57982,223062,366561,144526,465339
EUR,2014-12-02,57272,216551,358219,143333,462058
EUR,2014-12-09,58306,195218,367178,174825,477861
EUR,2014-12-16,56179,182834,268612,95144,368171
EUR,2014-12-23,40690,187294,295843,99595,376849
EUR,2014-12-30,43202,195421,302896,101172,386295
EUR,2015-01-06,46016,207056,322212,105617,406624
EUR,2015-01-13,50858,218709,331934,106709,422426
EUR,2015-01-20,52047,232777,350433,114236,450262
EUR,2015-01-27,50489,235234,355311,111048,449726
EUR,2015-02-03,47719,244028,366203,113239,457209
EUR,2015-02-10,47217,241858,355674,110223,444139
EUR,2015-02-17,47175,232757,349201,111559,438411
EUR,2015-02-24,45511,223247,343315,116354,431217
EUR,2015-03-03,48467,220856,347041,122394,440733
EUR,2015-03-10,61271,242344,369650,136170,496465
EUR,2015-03-17,56329,250103,348754,101065,449508
EUR,2015-03-24,50148,271111,366788,94933,460950
EUR,2015-03-31,41709,268269,372420,97951,459746
EUR,2015-04-07,39444,254702,356228,96223,441624
EUR,2015-04-14,45264,257611,358360,101060,453518
EUR,2015-04-21,46821,261466,361058,102833,457610
EUR,2015-04-28,50734,248500,356986,116294,456919
EUR,2015-05-05,50116,240243,343981,116070,449254
EUR,2015-05-12,43333,222309,345101,127933,439122
EUR,2015-05-19,38758,207097,338273,129839,428580
EUR,2015-05-26,44221,215961,336026,127583,431927
EUR,2015-06-02,49471,214983,326452,119316,428403
EUR,2015-06-09,52643,190617,316710,139995,436540
EUR,2015-06-16,82714,172071,225812,102841,350145
EUR,2015-06-23,67867,167173,233162,101253,345427
EUR,2015-06-30,65554,165589,236963,102207,346115
EUR,2015-07-07,66161,165427,245408,103930,354885
EUR,2015-07-14,62676,170457,249129,105205,356760
EUR,2015-07-21,65728,178704,254622,101507,366892
EUR,2015-07-28,67842,171850,244469,103550,357940
EUR,2015-08-04,70620,184014,254646,102623,367885
EUR,2015-08-11,67373,182583,248825,96502,361334
EUR,2015-08-18,68473,161205,240738,118412,356952
EUR,2015-08-25,87807,153885,235992,144841,374977
EUR,2015-09-01,74910,142767,238443,150100,363980
EUR,2015-09-08,75715,156956,254844,146399,383187
EUR,2015-09-15,63416,147618,201476,99066,311366
EUR,2015-09-22,63526,144559,204828,102714,315450
EUR,2015-09-29,61932,149592,215338,103272,322721
EUR,2015-10-06,65410,154220,222477,113970,337606
EUR,2015-10-13,71132,151708,226415,129400,349720
EUR,2015-10-20,76291,138857,229622,150293,357133
EUR,2015-10-27,70351,176285,261683,127233,380564
EUR,2015-11-03,72883,207217,288232,119288,405462
EUR,2015-11-10,78994,221933,294780,110225,421967
EUR,2015-11-17,78898,243075,307454,103302,436801
EUR,2015-11-24,76296,251780,318441,102519,444626
EUR,2015-12-01,78782,261627,330854,106332,462447
EUR,2015-12-08,80378,252709,309680,112572,474921
EUR,2015-12-15,71295,231256,275052,89741,404837
EUR,2015-12-22,70509,231556,275354,93283,406533
EUR,2015-12-29,66973,227523,273701,93279,400497
EUR,2016-01-05,66857,227500,276815,97443,407105
EUR,2016-01-12,63162,209613,271543,109792,398570
EUR,2016-01-19,69449,206464,265334,117867,400362
EUR,2016-01-26,71446,198661,267012,124194,402227
EUR,2016-02-02,96012,183085,259869,147872,403939
EUR,2016-02-09,114607,177921,268586,194562,441228
EUR,2016-02-16,113970,162175,258996,205232,429997
EUR,2016-02-23,107566,154423,258954,205427,422624
EUR,2016-03-01,103965,172506,260901,174403,417624
EUR,2016-03-08,104165,176072,263377,173378,433221
EUR,2016-03-15,90353,167908,180672,92859,322405
EUR,2016-03-22,91334,157387,176950,103926,324310
EUR,2016-03-29,93726,157537,178491,111140,330090
EUR,2016-04-05,98014,151501,180268,120531,338533
EUR,2016-04-12,89216,141267,182596,126793,333535
EUR,2016-04-19,101211,148128,185459,133519,345563
EUR,2016-04-26,99072,138739,182996,138270,340200
EUR,2016-05-03,113034,136653,184524,156966,360461
EUR,2016-05-10,101277,123149,181863,152379,344978
EUR,2016-05-17,101723,124310,186065,151949,349559
EUR,2016-05-24,93955,131850,193758,145257,350242
EUR,2016-05-31,98218,135872,198726,148012,356178
EUR,2016-06-07,93492,160604,207448,127910,386010
EUR,2016-06-14,104510,160999,168953,98248,325402
EUR,2016-06-21,88639,149985,174231,100833,317400
EUR,2016-06-28,109580,171514,175747,99094,337273
EUR,2016-07-05,112011,187338,197845,104095,362649
EUR,2016-07-12,107635,195295,211520,103371,370372
EUR,2016-07-19,111578,211469,225909,101654,388905
EUR,2016-07-26,109193,221793,239073,103338,400035
EUR,2016-08-02,104516,208619,218778,99452,378500
EUR,2016-08-09,100442,198841,218984,99470,368693
EUR,2016-08-16,103060,195568,208203,99798,366037
EUR,2016-08-23,105374,182032,202180,111006,364044
EUR,2016-08-30,108261,190186,204241,103433,364843
EUR,2016-09-06,97324,189954,220781,107441,375985
EUR,2016-09-13,91783,173258,216048,112825,379624
EUR,2016-09-20,95698,180723,177910,77967,324525
EUR,2016-09-27,100492,176522,174828,86986,328490
EUR,2016-10-04,105634,187693,186827,89483,347643
EUR,2016-10-11,114284,207756,209879,99131,378774
EUR,2016-10-18,128181,237449,230197,104790,413183
EUR,2016-10-25,142881,266737,246230,108147,448471
EUR,2016-11-01,126443,263828,261922,105533,444502
EUR,2016-11-08,118897,248211,245616,101035,418007
EUR,2016-11-15,121575,240757,235596,104624,415752
EUR,2016-11-22,127122,246470,243796,111726,434768
EUR,2016-11-29,136108,255348,245355,116561,447190
EUR,2016-12-06,123390,237946,246681,120065,433237
EUR,2016-12-13,123597,211110,259537,160236,447679
EUR,2016-12-20,117460,195505,219648,130749,399589
EUR,2016-12-27,123281,192689,220288,141332,405681
EUR,2017-01-03,129701,199757,221781,148076,416239
EUR,2017-01-10,134747,200570,219984,147154,415212
EUR,2017-01-17,128846,195346,225333,150756,415090
EUR,2017-01-24,131904,184252,224017,163750,414447
EUR,2017-01-31,125689,171402,218274,164996,405541
EUR,2017-02-07,126708,171659,220490,171635,409178
EUR,2017-02-14,125333,172097,216770,159331,406350
EUR,2017-02-21,130981,189232,220218,155969,417129
EUR,2017-02-28,143584,194748,220938,162414,431635
EUR,2017-03-07,137662,197163,228335,161564,435309
EUR,2017-03-14,148272,189299,166321,128708,381474
EUR,2017-03-21,159590,179252,176574,160480,406717
EUR,2017-03-28,163648,171571,177046,171114,408853
EUR,2017-04-04,155468,166873,173689,166592,397594
EUR,2017-04-11,173594,192550,179203,163127,420332
EUR,2017-04-18,185786,207435,179950,159602,430589
EUR,2017-04-25,157831,178726,181520,167731,411006
EUR,2017-05-02,159418,161071,179781,178953,409936
EUR,2017-05-09,155581,133182,183860,217059,418301
EUR,2017-05-16,164234,126630,186406,236357,431659
EUR,2017-05-23,175032,110187,190524,272094,449360
EUR,2017-05-30,176226,103357,185792,279432,453280
EUR,2017-06-06,164889,90880,188042,279047,447178
EUR,2017-06-13,164227,85174,211353,301281,474300
EUR,2017-06-20,167245,122393,132839,192994,379269
EUR,2017-06-27,179671,120976,136134,211639,400560
EUR,2017-07-03,185925,108461,144260,244301,422496
EUR,2017-07-11,190267,106479,150147,258152,436899
EUR,2017-07-18,199540,108219,150114,268566,446259
EUR,2017-07-25,197656,106814,155560,271095,449086
EUR,2017-08-01,191477,108840,164304,272865,457254
EUR,2017-08-08,201231,107546,157833,279623,461152
EUR,2017-08-15,190336,111069,174177,278546,462148
EUR,2017-08-22,197818,109842,169989,284515,464445
EUR,2017-08-29,194331,107812,173410,287170,469307
EUR,2017-09-05,194976,98667,171223,291891,464988
EUR,2017-09-12,191102,105044,175600,291785,487425
EUR,2017-09-19,190025,127272,149288,236626,431108
EUR,2017-09-26,183679,95512,152592,261208,429111
EUR,2017-10-03,187053,96220,157203,266511,438663
EUR,2017-10-10,195816,97737,158660,275104,450748
EUR,2017-10-17,186751,96299,165127,276217,446338
EUR,2017-10-24,183539,100035,165585,271183,445018
EUR,2017-10-31,173670,101573,174510,257642,440384
EUR,2017-11-07,181335,95880,173294,272122,446502
EUR,2017-11-14,200023,115437,173624,275809,467842
EUR,2017-11-21,195909,100472,175054,292129,465307
EUR,2017-11-28,205160,115479,189056,310897,495561
EUR,2017-12-05,205400,112294,190380,314914,499124
EUR,2017-12-12,206027,92138,185209,320739,505744
EUR,2017-12-19,198398,112174,190521,310282,485622
EUR,2017-12-26,208913,116765,186931,318343,497744
EUR,2018-01-02,236808,108940,199313,365245,542622
EUR,2018-01-09,242053,97362,217213,400874,563400
EUR,2018-01-16,254344,114854,231291,413138,594038
EUR,2018-01-23,262175,117458,236300,429090,608683
EUR,2018-01-30,258022,109280,239494,430681,603460
EUR,2018-02-06,251369,110546,245381,424817,596937
EUR,2018-02-13,230785,103496,235656,411639,564233
EUR,2018-02-20,229273,103147,237072,405640,567534
EUR,2018-02-27,238287,100310,227585,404040,567463
EUR,2018-03-06,227354,94382,230012,403842,557530
EUR,2018-03-13,239453,93073,220729,398792,584759
EUR,2018-03-20,219434,86695,183424,351964,496964
EUR,2018-03-27,234656,93592,187625,361061,514049
EUR,2018-04-03,221327,86946,185288,346555,493677
EUR,2018-04-10,236344,88881,182400,363023,508204
EUR,2018-04-17,238829,87353,181413,362866,509032
EUR,2018-04-24,216944,86350,187816,344556,494154
EUR,2018-05-01,221011,100443,201842,343942,509659
EUR,2018-05-08,226601,106096,201532,342701,515132
EUR,2018-05-15,219317,104203,201322,330265,505114
EUR,2018-05-22,225960,116216,209287,333009,520648
EUR,2018-05-29,230927,137890,227944,338977,552251
EUR,2018-06-05,239904,150668,248379,342981,576287
EUR,2018-06-12,236617,148392,269450,366976,599561
EUR,2018-06-19,190684,154566,208997,251900,478200
EUR,2018-06-26,190147,156243,212675,254515,481383
EUR,2018-07-03,189005,152258,215126,263065,487131
EUR,2018-07-10,179401,155044,217394,247174,477596
EUR,2018-07-17,177390,155983,233378,262774,490064
EUR,2018-07-24,179515,149875,232134,277207,496665
EUR,2018-07-31,174549,151724,231982,278576,499721
EUR,2018-08-07,177923,167358,238559,264653,507186
EUR,2018-08-14,188428,190217,246723,257030,526571
EUR,2018-08-21,188907,193748,254692,258443,532137
EUR,2018-08-28,171359,178578,255809,269383,529124
EUR,2018-09-04,173335,165372,254016,283775,527579
EUR,2018-09-11,164639,153469,277060,310471,550492
EUR,2018-09-18,166468,164802,205804,228792,465130
EUR,2018-09-25,172426,168730,203763,240493,477881
EUR,2018-10-02,164738,171839,224680,234180,479644
EUR,2018-10-09,162315,178457,228799,234237,483802
EUR,2018-10-16,140817,170161,239573,227660,469299
EUR,2018-10-23,149585,179889,251035,239190,489829
EUR,2018-10-30,157691,190353,253543,238938,504458
EUR,2018-11-06,148973,195816,261621,240069,510193
EUR,2018-11-13,161860,198879,268439,244051,520240
EUR,2018-11-20,157633,204862,275695,252104,535707
EUR,2018-11-27,149719,204790,281759,256916,538454
EUR,2018-12-04,144859,205635,289664,257730,545537
EUR,2018-12-11,146082,202369,341484,312735,613745
EUR,2018-12-18,147654,200778,262111,233982,505711
EUR,2018-12-24,139059,197514,267531,243588,508253
EUR,2018-12-31,148288,194936,262426,244448,505986
EUR,2019-01-08,146271,186804,269050,261525,514545
EUR,2019-01-15,152534,185195,274438,273918,525052
EUR,2019-01-22,148652,189658,276892,270757,527176
EUR,2019-01-29,146625,193099,278577,263384,527521
EUR,2019-02-05,145480,197444,280451,261152,523868
EUR,2019-02-12,157170,221070,283224,245708,538627
EUR,2019-02-19,145762,220696,289392,244078,537396
EUR,2019-02-26,143847,216302,282780,238939,528376
EUR,2019-03-05,155922,234088,284662,230006,541753
EUR,2019-03-12,151857,227602,276601,219607,536724
EUR,2019-03-19,141700,219404,251905,191673,483172
EUR,2019-03-26,139696,219974,252484,191685,486804
EUR,2019-04-02,144973,244157,258809,183599,497717
EUR,2019-04-09,140401,242599,258102,180785,494804
EUR,2019-04-16,144867,242890,260967,186481,499280
EUR,2019-04-23,148331,253749,265335,179383,507722
EUR,2019-04-30,153821,259365,266740,184120,517935
EUR,2019-05-07,152633,258738,269233,184489,516282
EUR,2019-05-14,150681,245982,262186,186402,504460
EUR,2019-05-21,149873,250975,272597,194394,516122
EUR,2019-05-28,151129,250820,283460,211782,536798
EUR,2019-06-04,155771,243322,266118,205562,517428
EUR,2019-06-11,149661,236453,289197,227051,542810
EUR,2019-06-18,162795,215125,250067,222928,503825
EUR,2019-06-25,159285,215580,262025,238416,521907
EUR,2019-07-02,157122,188855,268544,261228,520970
EUR,2019-07-09,158398,194263,266303,260339,521379
EUR,2019-07-16,170487,201838,269227,265074,535848
EUR,2019-07-23,173483,212487,269699,254802,541102
EUR,2019-07-30,175132,229115,289310,258340,563024
EUR,2019-08-06,177988,221998,272245,248980,545453
EUR,2019-08-13,167214,213863,286585,259479,550607
EUR,2019-08-20,168455,206432,278685,262478,542806
EUR,2019-08-27,173451,212255,255401,239344,525065
EUR,2019-09-03,186144,235280,263544,236079,546954
EUR,2019-09-10,180535,230377,303836,270876,585117
EUR,2019-09-17,164272,232831,252628,207122,503272
EUR,2019-09-24,160687,221409,250286,211326,502612
EUR,2019-10-01,172258,238236,247476,206802,511934
EUR,2019-10-08,162777,238190,260777,206186,514638
EUR,2019-10-15,153261,230127,264794,214307,517182
EUR,2019-10-22,168653,219703,264350,242340,528545
EUR,2019-10-29,166540,219895,277771,251937,538847
EUR,2019-11-05,164183,224929,297733,265666,563336
EUR,2019-11-12,170250,227919,300579,273909,569527
EUR,2019-11-19,163898,226401,310291,278082,577689
EUR,2019-11-26,169916,231332,308994,277623,578450
EUR,2019-12-03,164392,233441,321158,285706,590124
EUR,2019-12-10,164732,232375,363680,325511,646417
EUR,2019-12-17,165355,231049,288313,244275,542923
EUR,2019-12-24,160263,233206,282401,241064,540395
EUR,2019-12-31,168852,243197,285490,245540,557585
EUR,2020-01-07,164813,226477,288408,263100,555940
EUR,2020-01-14,163881,212063,297419,288854,571239
EUR,2020-01-21,168216,215235,302385,295283,582164
EUR,2020-01-28,180653,239515,311346,291195,598793
EUR,2020-02-04,166925,242005,321548,283559,594698
EUR,2020-02-11,169475,255144,338132,281706,612444
EUR,2020-02-18,170586,262093,340245,282010,617487
EUR,2020-02-25,157587,271608,355329,270784,625563
EUR,2020-03-03,151904,238607,385539,329833,640357
EUR,2020-03-10,153820,166487,397574,424702,659151
EUR,2020-03-17,147133,114638,352847,419664,588116
EUR,2020-03-24,152360,91070,326218,414867,571086
EUR,2020-03-31,155047,80800,315522,415776,551752
EUR,2020-04-07,161185,81561,304521,422120,554697
EUR,2020-04-14,165078,78461,296805,417530,543361
EUR,2020-04-21,170378,83160,297719,413092,546661
EUR,2020-04-28,167264,87583,291497,399179,545082
EUR,2020-05-05,169272,92973,290624,393234,541624
EUR,2020-05-12,171980,93840,294370,400827,547329
EUR,2020-05-19,167756,95194,295367,397961,547206
EUR,2020-05-26,175034,99812,298419,404675,556749
EUR,2020-06-02,174412,93172,312787,429985,583384
EUR,2020-06-09,184669,89020,316909,450627,592915
EUR,2020-06-16,187120,69988,302800,457835,574939
EUR,2020-06-23,190816,72368,305405,467945,585421
EUR,2020-06-30,180387,81432,306839,453967,579738
EUR,2020-07-07,185159,81562,311843,466973,593341
EUR,2020-07-14,194252,83340,309455,471519,604982
EUR,2020-07-21,204185,79138,320979,501647,636212
EUR,2020-07-28,242127,84568,328605,546114,678965
EUR,2020-08-04,262109,81461,332310,573668,704875
EUR,2020-08-11,266078,66327,332842,589103,706458
EUR,2020-08-18,259244,62301,332209,591573,704050
EUR,2020-08-25,262061,50309,332664,600646,704077
EUR,2020-09-01,250867,54120,340434,592019,698211
EUR,2020-09-08,248683,51869,332939,581988,690782
EUR,2020-09-15,230695,52119,326724,561883,658174
EUR,2020-09-22,247049,56227,324148,563561,666412
EUR,2020-09-29,241967,53851,319362,554998,655912
EUR,2020-10-06,231369,57061,322277,548547,652135
EUR,2020-10-13,228295,59658,320037,538976,646165
EUR,2020-10-20,229878,63935,316168,535679,644667
EUR,2020-10-27,217443,61888,320086,526904,636778
EUR,2020-11-03,208237,67888,329671,516373,627754
EUR,2020-11-10,202374,67087,339154,526728,638993
EUR,2020-11-17,203551,69591,338363,522088,637946
EUR,2020-11-24,206354,68104,342250,530912,644566
EUR,2020-12-01,207302,67408,345848,536756,654257
EUR,2020-12-08,222521,66092,349005,562077,683351
EUR,2020-12-15,218710,76877,338345,537607,657046
EUR,2020-12-21,222443,78541,339342,538743,659499
EUR,2020-12-29,222848,79772,348773,550545,671643
EUR,2021-01-05,224832,81841,349449,550714,673532
EUR,2021-01-12,228757,72867,345185,560987,677952
EUR,2021-01-19,236533,73067,337268,559646,676515
EUR,2021-01-26,238099,72755,339228,559856,677432
EUR,2021-02-02,216887,79884,354432,543240,675520
EUR,2021-02-09,220943,80721,349377,541364,673116
EUR,2021-02-16,222895,82889,352756,546512,675761
EUR,2021-02-23,228501,90136,366500,560917,696916
EUR,2021-03-02,222655,96667,374362,550290,698229
EUR,2021-03-09,207588,105624,402394,559836,722123
EUR,2021-03-16,195857,105881,349395,484374,638977
EUR,2021-03-23,195500,102178,350520,488553,641428
EUR,2021-03-30,194763,121024,351292,472620,645121
EUR,2021-04-06,192230,124708,354401,464142,642671
EUR,2021-04-13,190640,123789,361380,471014,648681
EUR,2021-04-20,197137,116329,365754,494986,661640
EUR,2021-04-27,200415,119448,368662,504495,672072
EUR,2021-05-04,206472,121643,364947,507105,677397
EUR,2021-05-11,223387,129480,357792,522697,697211
EUR,2021-05-18,232330,132472,378241,551145,727631
EUR,2021-05-25,236103,132103,381869,561735,738138
EUR,2021-06-01,237360,128038,384998,568512,742079
EUR,2021-06-08,232103,124890,382766,565245,743159
EUR,2021-06-15,210816,92630,381409,563500,694722
EUR,2021-06-22,207863,118806,383894,528473,694804
EUR,2021-06-29,209058,121912,387635,524237,697425
EUR,2021-07-06,212998,135808,386189,510347,699383
EUR,2021-07-13,212851,153138,378329,479700,688952
EUR,2021-07-20,208669,162847,379176,461577,683075
EUR,2021-07-27,202245,164119,373953,453802,678008
EUR,2021-08-03,199067,161060,374123,453158,674491
EUR,2021-08-10,212809,178952,388866,458925,702098
EUR,2021-08-17,233529,175889,383684,456767,694792
EUR,2021-08-24,194169,169539,403032,460425,698547
EUR,2021-08-31,190593,180117,404630,456842,705110
EUR,2021-09-07,189904,163596,397755,471071,696734
EUR,2021-09-14,186554,158749,368593,434853,653102
EUR,2021-09-21,189406,177311,381122,425371,663519
EUR,2021-09-28,195043,194171,378476,408900,668067
EUR,2021-10-05,196819,219153,396534,405021,693591
EUR,2021-10-12,202512,220910,396224,405177,695329
EUR,2021-10-19,193320,205427,389682,407255,679418
EUR,2021-10-26,196880,208136,387905,404160,680374
EUR,2021-11-02,191496,197634,392882,415610,678024
EUR,2021-11-09,192544,188771,389822,421863,678368
EUR,2021-11-16,198181,202007,404266,431251,705698
EUR,2021-11-23,204214,220666,403595,420430,711685
EUR,2021-11-30,191048,214288,407774,418645,705409
EUR,2021-12-07,194869,203168,418656,438831,716213
EUR,2021-12-14,189530,201409,378079,394668,661711
EUR,2021-12-21,196595,206757,381670,397296,672239
EUR,2021-12-28,198617,205251,384857,403390,673273
EUR,2022-01-04,199073,200627,388742,415200,678218
EUR,2022-01-11,204361,198356,389191,422581,682293
EUR,2022-01-18,211901,187317,389617,440081,691882
EUR,2022-01-25,213408,181848,379154,435412,682952
EUR,2022-02-01,213563,183847,376805,434272,685431
EUR,2022-02-08,218973,180131,382426,455678,700098
EUR,2022-02-15,217899,170318,383827,468884,702047
EUR,2022-02-22,214195,154889,379583,477633,696682
EUR,2022-03-01,228385,163446,390260,485365,719975
EUR,2022-03-08,242683,183839,386654,470527,738990
EUR,2022-03-15,202040,183246,369253,411882,666010
EUR,2022-03-22,207051,183208,357492,403870,658817
EUR,2022-03-29,200043,178669,364163,411511,662415
EUR,2022-04-05,210914,183544,357140,406757,663589
EUR,2022-04-12,221645,182585,359853,420603,678607
EUR,2022-04-19,221003,189702,362930,412656,675939
EUR,2022-04-26,222993,200792,368280,414387,688449
EUR,2022-05-03,208449,214827,383222,407808,694926
EUR,2022-05-10,228230,211701,376043,419069,705046
EUR,2022-05-17,230770,210431,372113,423630,706712
EUR,2022-05-24,237072,198142,366345,438945,708938
EUR,2022-05-31,236553,184281,365434,450620,706317
EUR,2022-06-07,230248,179705,365628,453817,730667
EUR,2022-06-14,206986,213004,361159,389654,668164
EUR,2022-06-21,195554,211159,373695,391877,671718
EUR,2022-06-28,189414,200010,380084,399896,671472
EUR,2022-07-05,197138,213990,377654,386290,673772
EUR,2022-07-12,197240,222484,385039,379279,682031
EUR,2022-07-19,195875,238620,397991,380561,694106
EUR,2022-07-26,198041,239625,393062,374406,694099
EUR,2022-08-02,191692,230503,391841,376321,683883
EUR,2022-08-09,200088,234624,394543,380141,692398
EUR,2022-08-16,199226,242010,400458,379542,698570
EUR,2022-08-23,210825,254934,406701,382394,717921
EUR,2022-08-30,202258,249934,411684,382824,720081
EUR,2022-09-06,205277,241626,409460,389850,721678
EUR,2022-09-13,207778,219615,410364,421787,742244
EUR,2022-09-20,206564,173115,354891,407201,657952
EUR,2022-09-27,208736,174939,348374,406814,654142
EUR,2022-10-04,199391,155709,348817,405665,640458
EUR,2022-10-11,196136,158637,349091,409252,639348
EUR,2022-10-18,202703,154553,347078,417655,640469
EUR,2022-10-25,226734,151825,346949,440781,666719
EUR,2022-11-01,239770,133980,339364,468183,671729
EUR,2022-11-08,232317,124718,339218,470981,667902
EUR,2022-11-15,239369,126703,343388,494961,682575
EUR,2022-11-22,239598,116486,345848,503792,680873
EUR,2022-11-29,241122,118875,356905,511490,695776
EUR,2022-12-06,245063,120180,363169,523174,711537
EUR,2022-12-13,236415,111700,414090,571467,772800
EUR,2022-12-20,249149,106877,379011,565025,725968
EUR,2022-12-27,251887,105725,379076,565896,728387
EUR,2023-01-03,222543,92628,389861,563942,712030
EUR,2023-01-10,238623,103641,400775,582985,746163
EUR,2023-01-17,228279,101295,416510,595584,753915
EUR,2023-01-24,237743,103394,429253,615703,777569
EUR,2023-01-31,246755,96246,440756,644345,796738
EUR,2023-02-07,238338,73300,438393,650139,781287
EUR,2023-02-14,236574,72668,444388,656178,788633
EUR,2023-02-21,236414,71346,444658,658476,789898
EUR,2023-02-28,240766,78567,451634,663537,803963
EUR,2023-03-07,233880,85432,458256,660884,821057
EUR,2023-03-14,222313,82357,418829,605698,745403
EUR,2023-03-21,215825,70983,417802,608973,737437
EUR,2023-03-28,222918,77893,410545,601793,732506
EUR,2023-04-04,225416,82023,415104,609891,747095
EUR,2023-04-11,244180,80842,411456,623521,759439
EUR,2023-04-18,242369,78008,417586,630871,766374
EUR,2023-04-25,243516,74116,418842,643279,772882
EUR,2023-05-02,246832,73343,418940,640643,779458
EUR,2023-05-09,260335,80913,418410,652670,794721
EUR,2023-05-16,258736,71647,416383,654716,789930
EUR,2023-05-23,250070,76334,418071,642266,781123
EUR,2023-05-30,241817,76092,415872,629887,775142
EUR,2023-06-06,236060,77639,419532,623448,781967
EUR,2023-06-13,226138,74316,456529,653600,818294
EUR,2023-06-20,229399,84750,398646,591369,732979
EUR,2023-06-27,223977,78949,403130,596390,732123
EUR,2023-07-03,221272,78435,401256,590715,725927
EUR,2023-07-11,224351,84189,403460,595922,736056
EUR,2023-07-18,264514,85682,406328,635671,783132
EUR,2023-07-25,250647,73417,402626,636895,772408
EUR,2023-08-01,240074,68012,404493,626064,755156
EUR,2023-08-08,228048,78237,425875,621325,760968
EUR,2023-08-15,232466,72603,420942,626226,760233
EUR,2023-08-22,239391,80631,410413,610812,750486
EUR,2023-08-29,230542,83863,411996,600147,748127
EUR,2023-09-05,235732,99501,406485,582339,754263
EUR,2023-09-12,212376,99296,412967,562948,743759
EUR,2023-09-19,207424,105443,388465,517207,695343
EUR,2023-09-26,211516,113117,387030,511437,699271
EUR,2023-10-03,211783,132840,388473,493225,702433
EUR,2023-10-10,207522,131990,383243,481536,687382
EUR,2023-10-17,214313,131903,391704,493327,695676
EUR,2023-10-24,215569,130316,396435,504431,702668
EUR,2023-10-31,210834,125445,393348,502379,694962
EUR,2023-11-07,212483,123427,390336,507851,697624
EUR,2023-11-14,221190,112283,381765,522752,702463
EUR,2023-11-21,231095,101441,380815,546633,712364
EUR,2023-11-28,233454,90289,388784,565099,727138
EUR,2023-12-05,235684,83324,404550,593479,756615
EUR,2023-12-12,231837,84510,433209,615566,792149
EUR,2023-12-19,208078,93486,399732,545354,700244
EUR,2023-12-26,211195,93804,400897,552083,705627
EUR,2024-01-02,211912,92436,411907,569293,718885
EUR,2024-01-09,208473,89596,409738,566625,714079
EUR,2024-01-16,204294,100202,433577,570090,733091
EUR,2024-01-23,195190,106866,434578,551975,725423
EUR,2024-01-30,200360,111589,432311,548317,727210
EUR,2024-02-06,202450,140297,434993,521879,731991
EUR,2024-02-13,210848,158010,437266,509530,740105
EUR,2024-02-20,213194,145178,416183,505634,722299
EUR,2024-02-27,205234,142380,411117,501018,715545
EUR,2024-03-05,200025,133714,404771,501537,707108
EUR,2024-03-12,193998,119591,402081,506685,717720
EUR,2024-03-19,182382,134040,388839,462969,656182
EUR,2024-03-26,180193,148999,389331,443503,657300
EUR,2024-04-02,188258,171464,412480,445912,682768
EUR,2024-04-09,175419,142696,383114,435146,643496
EUR,2024-04-16,178912,166688,395979,424633,658865
EUR,2024-04-23,167296,177285,413769,419034,665771
EUR,2024-04-30,167185,173962,399163,409900,652297
EUR,2024-05-07,170594,166004,393845,416124,654804
EUR,2024-05-14,178398,161243,387812,426094,656802
EUR,2024-05-21,182574,141099,378118,447571,653081
EUR,2024-05-28,184656,127084,380224,464876,664864
EUR,2024-06-04,188957,121087,383423,482209,671736
EUR,2024-06-11,187697,144053,409006,481351,712894
EUR,2024-06-18,171464,163513,386112,413976,650388
EUR,2024-06-25,167370,175801,390837,400604,650087
EUR,2024-07-02,164369,173888,376888,389609,636895
EUR,2024-07-09,165829,162206,375248,402487,637266
EUR,2024-07-16,179937,155188,375217,424766,649251
EUR,2024-07-23,188929,153023,387742,447615,672022
EUR,2024-07-30,183006,165207,386079,426892,667299
EUR,2024-08-06,185799,152219,386568,444428,671104
EUR,2024-08-13,182212,155229,382394,436421,667350
EUR,2024-08-20,194350,138333,386948,476172,692017
EUR,2024-08-27,218381,125543,388226,523748,726519
EUR,2024-09-03,215969,115951,402899,544447,740311
EUR,2024-09-10,192821,111388,411082,534889,741888
EUR,2024-09-17,182281,112635,386396,500798,678001
EUR,2024-09-24,187795,116097,379577,492405,679514
EUR,2024-10-01,178273,122946,381281,474983,674734
EUR,2024-10-08,173866,134768,384954,459849,669131
EUR,2024-10-15,169319,152169,382899,431874,658481
EUR,2024-10-22,153159,181683,391222,391230,650759
EUR,2024-10-29,159313,209617,401671,370223,661675
EUR,2024-11-05,159900,181553,381704,381087,645597
EUR,2024-11-12,160003,167440,366805,385079,637105
EUR,2024-11-19,154305,196862,399002,377955,658774
EUR,2024-11-26,156334,212343,401183,368756,665553
EUR,2024-12-03,167693,225182,401120,366644,675059
EUR,2024-12-10,157375,232948,452311,397595,727276
EUR,2024-12-17,152671,218566,340837,292748,584000
EUR,2024-12-24,159471,227978,346341,291227,597583
EUR,2024-12-31,168806,238370,344668,293607,609159
EUR,2025-01-07,166503,230627,335373,290369,603187
EUR,2025-01-14,162760,223157,341025,292688,604225
EUR,2025-01-21,167665,230151,338719,294424,609492
EUR,2025-01-28,153660,220264,354830,313235,618908
EUR,2025-02-04,162554,221168,348354,311883,616623
EUR,2025-02-11,165594,230019,352514,312540,622873
EUR,2025-02-18,170320,221740,361239,335044,638024
EUR,2025-02-25,182699,208124,362477,363117,658684
EUR,2025-03-04,185223,195329,376930,396189,683819
EUR,2025-03-11,188647,175557,394505,442352,729760
EUR,2025-03-18,188952,129527,359417,451777,652620
EUR,2025-03-25,189796,124271,375753,476069,672875
EUR,2025-04-01,183247,131412,379419,462291,670827
EUR,2025-04-08,190296,130316,401858,492274,697776
EUR,2025-04-15,197103,127823,394996,512911,708122
EUR,2025-04-22,196205,131177,401257,519198,719232
EUR,2025-04-29,196388,120591,401746,533257,730212
EUR,2025-05-06,194192,118473,405535,536874,737013
EUR,2025-05-13,209549,124775,406660,540942,750906
EUR,2025-05-20,206042,131589,423456,550286,759249
EUR,2025-05-27,204326,124852,427966,559867,760471
EUR,2025-06-03,202786,120022,437677,575962,781284
EUR,2025-06-10,208754,115729,449157,600413,810517
EUR,2025-06-17,220811,119258,414729,575750,755861
EUR,2025-06-24,223791,112656,417363,581664,762607
EUR,2025-07-01,224979,117442,430913,591577,779031
EUR,2025-07-08,241125,120529,439953,617376,805847
EUR,2025-07-15,242096,113875,451525,635740,820440
EUR,2025-07-22,248380,122865,469100,646813,843447
EUR,2025-07-29,248841,125482,452550,628328,828577
EUR,2025-08-05,247357,131398,453569,617114,818360
EUR,2025-08-12,246299,130868,458037,625100,824972
EUR,2025-08-19,252719,133974,452297,618728,825219
EUR,2025-08-26,258386,135347,461163,634369,842215
EUR,2025-09-02,255660,136068,455696,626965,845820
EUR,2025-09-09,258049,132372,468861,648508,878104
EUR,2025-09-16,253261,135502,490481,657861,855448
EUR,2025-09-23,252472,138127,495459,661236,859215
EUR,2025-09-30,252530,135161,484109,651245,845775
EUR,2025-10-07,255907,137542,488102,655936,855286
EUR,2025-10-14,243010,134685,484101,633231,841079
EUR,2025-10-21,244507,132755,479961,636194,835887
EUR,2025-10-28,250400,143067,482554,634150,843717
EUR,2025-11-04,252542,160747,476902,603514,835176
EUR,2025-11-10,235920,162331,482858,594231,831275
EUR,2025-11-18,243961,144954,473016,613166,827015
EUR,2025-11-25,244392,150321,474204,611180,830589
EUR,2025-12-02,249672,141219,482328,638080,851184
EUR,2025-12-09,268118,129330,536662,726259,942794
EUR,2025-12-16,277002,132099,451583,647640,986986
EUR,2025-12-23,293179,133288,463484,672962,866951
EUR,2025-12-30,294738,137273,464299,675925,869169
EUR,2026-01-06,298253,135441,469661,685480,881815
EUR,2026-01-13,283592,150936,487595,667362,883672
EUR,2026-01-20,275235,163540,488166,643762,880948
EUR,2026-01-27,290336,158202,499732,681336,919284
EUR,2026-02-03,302301,138940,483911,702452,910464
EUR,2026-02-10,318704,138399,484603,720382,926273
EUR,2026-02-17,311549,137069,487219,714896,916813
EUR,2026-02-24,294873,138017,498044,708947,911287
EUR,2026-03-03,294586,158088,485713,670306,913289
EUR,2026-03-10,265686,160542,550287,695706,969374
EUR,2026-03-17,212886,191754,435130,493563,755789
EUR,2026-03-24,200025,190746,444118,490876,764691
EUR,2026-03-31,200168,199661,462337,499328,774237
EUR,2026-04-07,200946,208487,464746,497896,775043
EUR,2026-04-14,214639,188621,465245,527777,788828
EUR,2026-04-21,217407,176083,459844,543507,790622
EUR,2026-04-28,217091,181379,469715,544852,801430
EUR,2026-05-05,217474,185272,480886,554265,815942
EUR,2026-05-12,224002,183802,485382,564436,829377
EUR,2026-05-19,233251,199738,471453,537988,826019
EUR,2026-05-26,223055,193629,469886,535410,824224
EUR,2026-06-02,235442,186576,479684,549080,842424
EUR,2026-06-09,219564,205632,511359,549444,871507
EUR,2026-06-16,228005,193652,429479,491368,894671
EUR,2026-06-23,247332,217174,431837,489020,785477
EUR,2026-06-30,235658,234559,448473,473152,790076
EUR,2026-07-07,223430,239657,460669,470693,794833
EUR,2026-07-14,230307,242912,457594,470984,799495
EUR,2026-07-21,220465,261803,468045,450070,800061
EUR,2026-07-28,204975,277422,500674,448960,819806
EUR,2026-08-04,201847,259938,475669,444207,799909
EUR,2026-08-11,197186,257196,480008,450805,801884
EUR,2026-08-18,196241,255329,486327,462272,804940
EUR,2026-08-25,198919,235271,493442,493002,818524
EUR,2026-09-01,203477,228402,533920,542647,865412
EUR,2026-09-08,198509,241125,593162,586432,942464
GBP,2000-01-04,5767,1724,9713,17028,27070
GBP,2000-01-11,14961,853,7134,29107,36938
GBP,2000-01-18,15385,387,8314,27930,36241
GBP,2000-01-25,20494,402,11442,39718,47257
GBP,2000-02-01,1918,2119,23658,19344,33949
GBP,2000-02-08,1567,17477,38588,16174,48047
GBP,2000-02-15,1352,15490,39512,17217,47791
GBP,2000-02-22,1454,11895,36043,21788,47438
GBP,2000-02-29,1560,16370,42339,19536,51024
GBP,2000-03-07,1997,14354,51628,31418,62049
GBP,2000-03-14,627,18417,37526,10206,43677
GBP,2000-03-21,625,17757,34899,11284,43392
GBP,2000-03-28,3404,9078,28007,16231,37843
GBP,2000-04-04,6122,7242,25887,20841,40719
GBP,2000-04-11,1945,7707,29735,18785,38671
GBP,2000-04-18,1737,10436,34729,17785,42051
GBP,2000-04-25,1266,11935,35823,17430,42813
GBP,2000-05-02,1902,19950,45440,15432,52717
GBP,2000-05-09,1082,19025,44755,15382,51395
GBP,2000-05-16,570,13694,41035,13556,49851
GBP,2000-05-23,570,16959,43771,14371,53580
GBP,2000-05-30,1249,14223,41060,15971,52836
GBP,2000-06-06,770,8789,40591,21251,50316
GBP,2000-06-13,770,8873,43446,26247,52278
GBP,2000-06-20,0,4660,19066,6091,25945
GBP,2000-06-27,0,4662,19358,5887,26582
GBP,2000-07-05,2493,4932,18830,8035,28243
GBP,2000-07-11,1126,4680,20373,8821,27846
GBP,2000-07-18,406,6203,26872,8081,33703
GBP,2000-07-25,2662,3620,17589,12914,30688
GBP,2000-08-01,1458,5087,22845,10578,31895
GBP,2000-08-08,1068,6120,23548,9857,31666
GBP,2000-08-15,689,5913,23310,8869,30511
GBP,2000-08-22,401,15086,33424,8528,41087
GBP,2000-08-29,0,16574,35583,8752,45752
GBP,2000-09-05,807,16981,34941,7528,45161
GBP,2000-09-12,470,15255,38430,13891,54969
GBP,2000-09-19,4,15026,27469,3955,37690
GBP,2000-09-26,36,6943,24311,10998,32381
GBP,2000-10-03,46,5317,21478,11111,30294
GBP,2000-10-10,99,4160,20677,12203,30327
GBP,2000-10-17,638,5369,23233,12195,31982
GBP,2000-10-24,71,4284,22989,12705,30852
GBP,2000-10-31,724,4149,22383,13517,31177
GBP,2000-11-07,1166,4934,25748,12554,34188
GBP,2000-11-14,412,4754,25740,12921,33617
GBP,2000-11-21,594,6418,27864,12215,36018
GBP,2000-11-28,610,7579,27256,11214,37298
GBP,2000-12-05,552,5901,30799,19379,40519
GBP,2000-12-12,667,2856,28539,21153,38716
GBP,2000-12-19,920,2538,13142,9914,23226
GBP,2000-12-26,1518,1906,11173,11976,23181
GBP,2001-01-02,3722,1885,11354,17452,27079
GBP,2001-01-09,3410,772,12727,21120,29253
GBP,2001-01-16,3463,1463,13924,20735,29854
GBP,2001-01-23,3091,1223,13407,19705,28835
GBP,2001-01-30,2130,772,13929,18207,27837
GBP,2001-02-06,2750,1748,15602,17184,28738
GBP,2001-02-13,2556,4257,19930,13562,30561
GBP,2001-02-20,2116,5066,21148,12196,32335
GBP,2001-02-27,2104,4842,20777,11432,31691
GBP,2001-03-06,3435,3392,22347,21968,37437
GBP,2001-03-13,5980,4982,24513,25117,41230
GBP,2001-03-20,1004,6110,20006,9919,29527
GBP,2001-03-27,1069,9371,24855,10014,34343
GBP,2001-04-03,1815,10279,28726,10436,37712
GBP,2001-04-10,1633,7212,25000,10400,32735
GBP,2001-04-17,1506,8479,27344,11266,33572
GBP,2001-04-24,1966,6979,24181,13139,33311
GBP,2001-05-01,1822,7414,26570,12659,34963
GBP,2001-05-08,1866,11388,29731,10981,39216
GBP,2001-05-15,1052,11366,32551,12211,41505
GBP,2001-05-22,1740,9764,32606,13921,40620
GBP,2001-05-29,2039,11897,35867,13884,44794
GBP,2001-06-05,2002,14243,38348,14239,47003
GBP,2001-06-12,3767,16168,45011,23163,61357
GBP,2001-06-19,1397,14748,31618,4858,39946
GBP,2001-06-26,1486,10437,24143,6343,34659
GBP,2001-07-03,844,9409,26219,7346,35912
GBP,2001-07-10,1781,8598,23386,8154,34163
GBP,2001-07-17,2164,9846,22495,5976,33246
GBP,2001-07-24,3602,5322,15993,15096,31979
GBP,2001-07-31,3476,5488,16284,15296,31886
GBP,2001-08-07,2643,5780,20402,14148,33927
GBP,2001-08-14,6161,4953,25961,30371,36855
GBP,2001-08-21,15386,4586,20898,40374,45476
GBP,2001-08-28,18852,4059,11984,36358,50269
GBP,2001-09-04,16192,4146,12737,31620,48467
GBP,2001-09-10,17074,4649,22810,44934,63015
GBP,2001-09-18,13239,3070,9291,29226,39768
GBP,2001-09-25,13092,3786,7926,28635,40103
GBP,2001-10-02,13436,4242,9195,26321,40185
GBP,2001-10-09,13342,5054,8969,26530,40137
GBP,2001-10-16,9690,4904,13434,23011,37905
GBP,2001-10-23,4946,6225,21190,20710,39343
GBP,2001-10-30,6313,5414,20535,22865,38163
GBP,2001-11-06,6416,4366,17059,25032,37327
GBP,2001-11-13,4989,3234,20289,25260,38885
GBP,2001-11-20,3162,9220,29157,17475,43540
GBP,2001-11-27,1801,10279,31322,16940,43792
GBP,2001-12-04,1888,10836,32555,16822,42861
GBP,2001-12-11,2417,4877,30037,23481,44312
GBP,2001-12-18,4889,3147,6507,12136,23677
GBP,2001-12-21,2670,4298,9564,10195,22919
GBP,2001-12-28,647,3132,10324,12137,22515
GBP,2002-01-08,966,4376,10330,10923,24447
GBP,2002-01-15,900,5417,12134,9795,25096
GBP,2002-01-22,1725,4814,12999,7051,25242
GBP,2002-01-29,992,12934,21977,4057,33552
GBP,2002-02-05,545,11409,23182,3422,33289
GBP,2002-02-12,3751,9149,17163,8244,31419
GBP,2002-02-19,1597,7192,12892,7474,26728
GBP,2002-02-26,3560,9774,19107,8157,33026
GBP,2002-03-05,3367,6963,14664,7007,27814
GBP,2002-03-12,2112,12235,25956,10782,39898
GBP,2002-03-19,2360,9051,15322,6470,27150
GBP,2002-03-26,6723,7578,10704,12077,29410
GBP,2002-04-02,10649,6047,8601,23027,38169
GBP,2002-04-09,5868,5624,10876,21501,34199
GBP,2002-04-16,8350,5913,10757,23873,37817
GBP,2002-04-23,13688,5007,8948,28921,42976
GBP,2002-04-30,17061,6503,9276,31561,45691
GBP,2002-05-07,19501,7831,9491,34045,50156
GBP,2002-05-14,13376,8983,12687,26625,44927
GBP,2002-05-21,12071,6832,12199,30169,45036
GBP,2002-05-28,11317,6671,11965,31983,46069
GBP,2002-06-04,9819,6969,12752,28526,43285
GBP,2002-06-11,16657,6829,13980,39106,55572
GBP,2002-06-18,14829,8986,7764,28027,44886
GBP,2002-06-25,13284,8044,8937,26924,43586
GBP,2002-07-02,9892,7663,10734,22631,40504
GBP,2002-07-09,9072,7156,11682,24005,39998
GBP,2002-07-16,5382,5637,12261,20997,37231
GBP,2002-07-23,5186,5019,11894,21202,35862
GBP,2002-07-30,6234,4720,11817,21781,35941
GBP,2002-08-06,5963,3431,10708,21144,33265
GBP,2002-08-13,3798,2767,10835,18422,28961
GBP,2002-08-20,2805,3982,13326,16938,30012
GBP,2002-08-27,6160,3597,11094,20012,32571
GBP,2002-09-03,5732,2861,10847,22082,33512
GBP,2002-09-10,5795,3772,14276,25891,39093
GBP,2002-09-17,2739,5162,3751,8685,22269
GBP,2002-09-24,3382,5062,3660,10931,23398
GBP,2002-10-01,5396,5780,2380,13558,28653
GBP,2002-10-08,5780,6935,5919,13970,30743
GBP,2002-10-15,6431,4146,4251,13304,28327
GBP,2002-10-22,4835,4568,5157,12503,26456
GBP,2002-10-29,11193,3516,2249,20108,32297
GBP,2002-11-05,14957,4994,3148,24187,37029
GBP,2002-11-12,19263,3944,3766,32510,45933
GBP,2002-11-19,17779,4404,3740,30361,43939
GBP,2002-11-26,11414,4668,7809,22834,38687
GBP,2002-12-03,5052,4312,11921,19534,33681
GBP,2002-12-10,7079,3537,13696,25438,40447
GBP,2002-12-17,11344,3587,1468,21878,32946
GBP,2002-12-23,10488,3587,1565,21971,34020
GBP,2002-12-31,11957,3587,1089,22956,34823
GBP,2003-01-07,13444,4630,1189,23102,36924
GBP,2003-01-14,13773,3608,1050,24151,37182
GBP,2003-01-21,14909,3618,2153,25470,37884
GBP,2003-01-28,13369,4065,1474,22765,37111
GBP,2003-02-04,13415,4433,1954,22931,37750
GBP,2003-02-11,10006,5014,3410,18703,35251
GBP,2003-02-18,6298,5922,7184,16244,33382
GBP,2003-02-25,3807,4717,9994,11917,28528
GBP,2003-03-04,3496,3684,12491,12218,29889
GBP,2003-03-11,4123,2685,14046,19809,34292
GBP,2003-03-18,592,4968,8503,4584,21258
GBP,2003-03-25,700,3300,7550,5801,20470
GBP,2003-04-01,563,3101,8348,6215,21711
GBP,2003-04-08,973,4835,13736,7072,25980
GBP,2003-04-15,993,4064,10628,5895,23221
GBP,2003-04-22,2053,4681,11426,8411,25201
GBP,2003-04-29,2135,4676,9472,13505,27870
GBP,2003-05-06,9393,4465,4309,17404,31088
GBP,2003-05-13,7470,3376,6319,19154,32959
GBP,2003-05-20,9042,2156,7571,24654,37761
GBP,2003-05-27,10497,2765,6930,25200,39958
GBP,2003-06-03,17567,1531,5593,34926,48222
GBP,2003-06-10,20014,1970,10302,42723,59050
GBP,2003-06-17,19709,2261,1174,32663,46234
GBP,2003-06-24,18775,1558,2843,33287,45976
GBP,2003-07-01,18710,2272,4912,34494,47221
GBP,2003-07-08,14414,4460,8220,28394,45011
GBP,2003-07-15,5501,2999,14548,24862,39893
GBP,2003-07-22,3487,4142,15911,20672,36574
GBP,2003-07-29,3595,5281,26412,27491,44811
GBP,2003-08-05,3660,3959,26475,29344,45719
GBP,2003-08-12,3107,2526,25545,31450,44939
GBP,2003-08-19,3143,6746,28279,29372,47837
GBP,2003-08-26,3953,6136,28725,29067,49139
GBP,2003-09-02,4717,7042,20031,19627,42438
GBP,2003-09-09,4125,4739,22711,23970,44767
GBP,2003-09-16,4540,3019,8509,14517,26786
GBP,2003-09-23,12753,2707,5716,24115,36402
GBP,2003-09-30,12371,2448,13845,36802,48321
GBP,2003-10-07,15295,3678,13401,37651,51131
GBP,2003-10-14,15428,4728,13478,39245,53815
GBP,2003-10-21,15687,3121,12294,40038,53768
GBP,2003-10-28,23023,3357,14919,49775,65065
GBP,2003-11-04,21766,2514,19565,53538,66893
GBP,2003-11-11,17150,2450,20937,50017,63740
GBP,2003-11-18,21525,2584,19079,54361,68738
GBP,2003-11-25,22356,3575,17347,52761,67155
GBP,2003-12-02,26628,3226,18747,59053,74221
GBP,2003-12-09,27080,2454,36080,75663,93872
GBP,2003-12-16,24923,2368,13454,53465,67067
GBP,2003-12-22,23165,2828,7361,44565,57738
GBP,2003-12-30,22849,2893,7812,45951,57504
GBP,2004-01-06,22009,3959,10994,46039,60146
GBP,2004-01-13,17849,4159,15057,46286,61829
GBP,2004-01-20,18594,2359,16278,48280,61215
GBP,2004-01-27,19967,2296,17691,51798,63400
GBP,2004-02-03,23623,2730,18480,53149,66822
GBP,2004-02-10,23388,3482,17264,53891,67552
GBP,2004-02-17,24010,3851,19037,52905,70663
GBP,2004-02-24,24415,3339,18548,53911,69494
GBP,2004-03-02,17565,3588,20850,46049,63096
GBP,2004-03-09,13288,2658,34791,56320,73570
GBP,2004-03-16,6579,2484,11652,23347,37329
GBP,2004-03-23,8351,2479,12927,29867,43178
GBP,2004-03-30,7141,1906,12915,26752,39413
GBP,2004-04-06,13475,2224,11928,32119,45396
GBP,2004-04-12,12752,2104,11950,31895,45575
GBP,2004-04-20,8083,2939,14613,24278,41048
GBP,2004-04-27,7965,4233,16797,23060,42492
GBP,2004-05-04,8405,3675,19753,27010,46341
GBP,2004-05-11,8702,5483,22215,24936,48387
GBP,2004-05-18,7229,5616,19826,21237,43218
GBP,2004-05-25,9993,4091,17130,25995,45355
GBP,2004-06-01,16046,6013,15373,36429,54636
GBP,2004-06-08,19401,5924,22169,46436,64694
GBP,2004-06-15,18432,2224,7208,34860,47098
GBP,2004-06-22,18393,2211,7529,32965,47510
GBP,2004-06-29,16021,2137,11662,36388,49713
GBP,2004-07-06,23288,2211,7431,40914,53855
GBP,2004-07-13,33831,3809,11688,56061,72101
GBP,2004-07-20,37000,5233,14143,62957,79820
GBP,2004-07-27,27913,3418,14967,51429,67259
GBP,2004-08-03,26238,4632,20324,54601,70933
GBP,2004-08-10,28155,5439,19716,52827,69615
GBP,2004-08-17,24266,5068,28114,58031,74776
GBP,2004-08-24,14581,7322,37186,50712,72156
GBP,2004-08-31,15120,8031,39722,49584,74825
GBP,2004-09-07,10778,9031,51485,52981,81067
GBP,2004-09-14,12072,6063,17444,25125,46188
GBP,2004-09-21,12471,6469,19094,24786,46702
GBP,2004-09-28,16311,8495,21679,33503,55643
GBP,2004-10-05,14877,14851,26924,31085,59892
GBP,2004-10-12,12458,16631,33400,34207,64539
GBP,2004-10-19,14932,16633,30135,37423,66763
GBP,2004-10-26,24758,15233,23329,47683,72410
GBP,2004-11-02,29594,16252,22776,49666,75805
GBP,2004-11-09,40588,17242,22072,61175,88825
GBP,2004-11-16,42409,14760,20487,62901,88817
GBP,2004-11-23,47600,13995,20643,71328,97094
GBP,2004-11-30,44296,11521,14122,62951,88044
GBP,2004-12-07,39467,5882,33945,82309,101414
GBP,2004-12-14,41235,2449,10798,64146,77331
GBP,2004-12-21,37492,2710,17589,66448,81082
GBP,2004-12-28,33131,12980,19585,53575,77644
GBP,2005-01-04,24458,11935,27277,51423,75999
GBP,2005-01-11,22756,1364,22216,51666,66467
GBP,2005-01-18,21007,2292,21563,47502,64508
GBP,2005-01-25,18616,2626,23465,45528,63971
GBP,2005-02-01,19591,2898,24406,49927,65926
GBP,2005-02-08,15190,5081,28999,45861,64686
GBP,2005-02-15,26973,4734,25016,56475,73291
GBP,2005-02-22,29369,4213,26278,63025,79178
GBP,2005-03-01,38182,4663,15806,62860,79910
GBP,2005-03-08,46451,5324,21121,80602,99583
GBP,2005-03-15,42006,4182,9867,65961,79439
GBP,2005-03-22,31332,4677,16237,56958,71769
GBP,2005-03-29,18587,6713,27558,47831,66380
GBP,2005-04-05,21540,6056,28210,51168,68416
GBP,2005-04-12,26824,6453,37784,64686,82524
GBP,2005-04-19,33817,7019,33679,68760,86549
GBP,2005-04-26,29282,5571,33392,70335,85465
GBP,2005-05-03,25845,5967,38817,73461,88941
GBP,2005-05-10,25907,5809,40597,70896,89238
GBP,2005-05-17,17615,17181,43338,47680,81490
GBP,2005-05-24,14760,22170,52624,45652,86387
GBP,2005-05-31,14346,25417,61489,48354,95073
GBP,2005-06-07,14668,23243,62055,57244,101520
GBP,2005-06-14,14197,31146,36280,18422,68775
GBP,2005-06-21,13979,26898,33746,20696,65232
GBP,2005-06-28,8962,28767,40945,19759,66998
GBP,2005-07-05,10990,31404,42063,23347,73218
GBP,2005-07-12,9067,31648,48017,22292,74117
GBP,2005-07-19,11268,36892,48718,21784,77596
GBP,2005-07-26,12276,32141,46338,23720,75763
GBP,2005-08-02,12377,29356,43456,22949,73519
GBP,2005-08-09,11090,26599,44467,24323,72461
GBP,2005-08-16,20459,18101,34085,35992,72786
GBP,2005-08-23,21708,16210,34611,41919,74604
GBP,2005-08-30,18388,20599,45034,47384,77596
GBP,2005-09-06,25940,14944,37604,61913,80522
GBP,2005-09-13,27410,8935,40858,67154,91701
GBP,2005-09-20,24572,13994,22488,41168,67785
GBP,2005-09-27,27581,25018,30404,35853,77440
GBP,2005-10-04,20074,36934,53557,34590,89889
GBP,2005-10-11,13716,36761,56373,32485,89400
GBP,2005-10-18,10591,31641,53424,27988,83729
GBP,2005-10-25,12541,26582,44302,29131,74286
GBP,2005-11-01,9163,23472,44419,27284,69583
GBP,2005-11-08,10489,29859,53470,28012,80390
GBP,2005-11-15,10175,33992,58210,27537,84441
GBP,2005-11-22,9056,42076,63136,22728,89837
GBP,2005-11-29,10936,44023,71758,32648,100047
GBP,2005-12-06,15567,41346,74048,41828,107224
GBP,2005-12-13,13586,21442,79828,69931,111268
GBP,2005-12-20,9425,17617,43997,36623,70230
GBP,2005-12-27,9474,21067,37989,25091,62736
GBP,2006-01-03,13026,28047,42720,20271,69591
GBP,2006-01-10,17074,21847,45988,36928,77079
GBP,2006-01-17,17411,20714,48630,45024,83135
GBP,2006-01-24,22028,19180,47377,52493,89537
GBP,2006-01-31,21296,23206,53808,51561,94091
GBP,2006-02-07,15492,29554,62786,43168,93793
GBP,2006-02-14,12019,36663,71768,38093,99687
GBP,2006-02-21,14722,34603,66600,39946,97217
GBP,2006-02-28,15055,23244,66047,55160,98756
GBP,2006-03-07,14981,27325,71871,52999,105166
GBP,2006-03-14,10989,25621,44935,22224,70017
GBP,2006-03-21,13183,18418,39994,30911,68099
GBP,2006-03-28,12491,18775,41984,27751,67999
GBP,2006-04-04,14015,24699,48888,32217,79371
GBP,2006-04-11,16971,22595,42536,37687,79127
GBP,2006-04-18,27302,22208,33982,41930,83282
GBP,2006-04-25,35005,22715,34973,52796,93662
GBP,2006-05-02,34133,15509,31213,58070,89073
GBP,2006-05-09,41071,15304,32834,71023,104008
GBP,2006-05-16,39358,15086,39736,78830,110006
GBP,2006-05-23,42928,12370,40784,87163,114772
GBP,2006-05-30,51965,12268,30254,83711,112099
GBP,2006-06-06,33771,11485,42204,79213,105314
GBP,2006-06-13,34221,12127,63665,98305,126043
GBP,2006-06-20,29010,5608,26575,61283,78491
GBP,2006-06-27,17709,11138,38284,53525,78592
GBP,2006-07-03,22169,10306,34262,55238,78658
GBP,2006-07-11,25268,11519,35168,61681,85671
GBP,2006-07-18,28460,11383,35604,62241,88080
GBP,2006-07-25,34685,12026,43032,76575,102104
GBP,2006-08-01,56297,11294,27756,87974,114075
GBP,2006-08-08,65228,9602,30603,101574,128112
GBP,2006-08-15,74152,10956,27206,109568,135944
GBP,2006-08-22,66586,9770,30487,102648,127943
GBP,2006-08-29,66676,10551,31850,104355,130539
GBP,2006-09-05,63587,9655,37607,104080,131836
GBP,2006-09-12,50259,12678,43986,88470,127633
GBP,2006-09-19,60218,17265,18723,72331,104255
GBP,2006-09-26,74642,17675,17207,89109,122122
GBP,2006-10-03,62700,17754,17176,71158,104665
GBP,2006-10-10,44433,24598,29949,59055,101848
GBP,2006-10-17,56447,23142,26843,66137,108510
GBP,2006-10-24,56205,19040,21300,65613,101676
GBP,2006-10-31,80509,20645,16971,85465,126678
GBP,2006-11-07,104189,19909,16385,113267,152030
GBP,2006-11-14,82682,20430,21104,99405,136600
GBP,2006-11-21,90136,21047,16559,102108,140587
GBP,2006-11-28,101064,20438,17185,112569,154081
GBP,2006-12-05,96711,20879,17011,109218,151959
GBP,2006-12-12,103761,24592,38842,136975,181580
GBP,2006-12-19,98434,12836,18196,121133,149800
GBP,2006-12-26,86236,12392,20724,114599,140289
GBP,2007-01-03,79060,13903,22259,105465,137217
GBP,2007-01-09,69319,10666,27593,101064,132731
GBP,2007-01-16,96664,12346,16121,117006,150691
GBP,2007-01-23,109941,15213,15408,127877,163961
GBP,2007-01-30,87825,10898,22685,113545,146660
GBP,2007-02-06,106463,13735,20125,127221,162238
GBP,2007-02-13,66582,17984,48283,108402,150695
GBP,2007-02-20,74776,15623,39292,109087,147702
GBP,2007-02-27,88313,20285,32722,115740,160234
GBP,2007-03-06,57219,29826,65622,101299,152524
GBP,2007-03-13,49742,29339,79416,107339,160560
GBP,2007-03-20,66091,19962,18174,71481,111646
GBP,2007-03-27,63269,20691,17817,73446,111802
GBP,2007-04-03,73343,17500,18437,84038,122932
GBP,2007-04-10,70095,21678,22147,77490,120468
GBP,2007-04-17,83429,23762,18904,85161,134953
GBP,2007-04-24,95965,25899,19622,99196,148006
GBP,2007-05-01,88457,24464,22501,97649,144051
GBP,2007-05-08,74982,22985,26075,91768,134140
GBP,2007-05-15,64011,22933,32792,82193,126092
GBP,2007-05-22,56493,21155,35585,82060,122261
GBP,2007-05-29,69948,22538,27631,87821,129528
GBP,2007-06-05,85999,24139,22388,97239,142314
GBP,2007-06-12,63644,24227,39569,84461,133395
GBP,2007-06-19,92943,21250,13029,93387,133035
GBP,2007-06-26,119328,23194,9501,117340,159791
GBP,2007-07-03,122379,24206,8765,113388,164639
GBP,2007-07-10,112950,24419,8054,105737,156362
GBP,2007-07-17,123452,25086,16579,124035,173222
GBP,2007-07-24,107615,24111,16700,110055,158955
GBP,2007-07-31,89522,20809,9372,86690,128722
GBP,2007-08-07,74315,20182,23108,84134,125762
GBP,2007-08-14,58864,17506,32309,83052,120623
GBP,2007-08-21,48830,19691,43213,78402,117568
GBP,2007-08-28,55525,20954,45882,85074,123570
GBP,2007-09-04,53176,20602,48925,86940,125940
GBP,2007-09-11,62069,20478,51229,99555,143188
GBP,2007-09-18,38917,25524,17150,36868,78793
GBP,2007-09-25,47380,22823,17251,46447,85124
GBP,2007-10-02,55395,28841,19246,51165,98589
GBP,2007-10-09,54137,23649,29526,66654,108741
GBP,2007-10-16,56067,20363,25165,68929,108213
GBP,2007-10-23,62712,17291,37192,87488,124112
GBP,2007-10-30,70484,17556,41169,100625,138550
GBP,2007-11-06,79840,19514,40375,107261,147306
GBP,2007-11-13,61661,18036,37168,85619,123575
GBP,2007-11-20,54350,19965,44093,82937,122587
GBP,2007-11-27,56430,21368,42362,79383,121270
GBP,2007-12-04,50879,19351,41968,77151,117681
GBP,2007-12-11,76851,19853,62880,118164,157832
GBP,2007-12-18,32117,20580,17568,27293,66527
GBP,2007-12-24,34590,25464,22055,28048,74898
GBP,2007-12-31,29132,31941,34131,25342,78638
GBP,2008-01-08,30569,33831,37955,29709,86731
GBP,2008-01-15,32740,32433,30975,26447,84161
GBP,2008-01-22,32239,32968,41199,31556,93381
GBP,2008-01-29,38888,33530,37472,36282,92484
GBP,2008-02-05,30757,38566,44380,29039,93616
GBP,2008-02-12,26593,40526,51048,28609,96936
GBP,2008-02-19,25606,37763,49055,28235,94673
GBP,2008-02-26,30642,27005,44831,42481,95018
GBP,2008-03-04,38013,22299,40675,53988,100067
GBP,2008-03-11,45149,23920,46685,61934,109031
GBP,2008-03-18,49963,20823,16072,44020,83249
GBP,2008-03-25,44244,24516,18361,34475,78111
GBP,2008-04-01,34114,36874,47889,39044,98868
GBP,2008-04-08,30945,43505,52396,33227,99529
GBP,2008-04-15,28219,44355,71190,44003,113459
GBP,2008-04-22,35044,30381,64051,62306,115364
GBP,2008-04-29,21296,46144,96782,60014,131121
GBP,2008-05-06,13874,44311,116349,75947,144702
GBP,2008-05-13,25873,50677,123169,86329,165843
GBP,2008-05-20,22233,47573,122488,87829,160094
GBP,2008-05-27,22471,47359,126653,92447,164058
GBP,2008-06-03,18580,47608,123891,90687,162647
GBP,2008-06-10,28040,49091,130137,101916,176947
GBP,2008-06-17,20534,51782,48466,9086,88496
GBP,2008-06-24,24735,37578,37569,14829,76375
GBP,2008-07-01,38184,40815,32366,21904,89850
GBP,2008-07-08,31256,39554,32537,18549,83736
GBP,2008-07-15,50345,43922,37035,41007,108703
GBP,2008-07-22,48513,45191,37520,36779,107323
GBP,2008-07-29,43269,41809,39755,36064,102737
GBP,2008-08-05,21707,47582,55110,19669,93022
GBP,2008-08-12,18886,51832,65051,18559,99819
GBP,2008-08-19,14836,58564,77262,18099,109921
GBP,2008-08-26,16211,61320,83264,20109,115174
GBP,2008-09-02,12504,59789,86685,25622,120499
GBP,2008-09-09,16511,64031,85124,25230,127527
GBP,2008-09-16,18353,67712,74572,12287,105913
GBP,2008-09-23,12008,59779,75772,13117,98762
GBP,2008-09-30,19488,52524,71148,24342,101945
GBP,2008-10-07,20112,55336,73052,21859,101018
GBP,2008-10-14,15804,47277,76380,31712,101182
GBP,2008-10-21,16095,52796,86050,35400,116248
GBP,2008-10-28,18591,51681,87906,43237,130716
GBP,2008-11-04,12548,47813,91386,45694,115676
GBP,2008-11-11,5967,45805,93539,40942,110560
GBP,2008-11-18,5160,47591,95606,39836,112652
GBP,2008-11-25,7289,47533,96240,44391,117162
GBP,2008-12-02,6199,45424,95755,44797,115876
GBP,2008-12-09,5892,43318,103821,48667,122570
GBP,2008-12-16,7200,37600,32860,9608,64421
GBP,2008-12-22,8817,40447,37806,12466,70151
GBP,2008-12-30,9317,45160,42543,12562,76340
GBP,2009-01-06,11365,46049,40572,13826,78257
GBP,2009-01-13,10415,44467,38642,13254,75438
GBP,2009-01-20,7489,46526,49259,18613,87698
GBP,2009-01-27,9697,46691,49233,16801,87433
GBP,2009-02-03,8890,42313,45599,16804,83589
GBP,2009-02-10,8451,40381,41721,16862,80695
GBP,2009-02-17,10591,41161,43932,18803,83306
GBP,2009-02-24,10599,38881,47507,22372,86102
GBP,2009-03-03,14845,40294,51539,29093,94175
GBP,2009-03-10,11420,42100,74833,47252,113352
GBP,2009-03-17,7731,40721,48909,15218,76198
GBP,2009-03-24,9352,40098,45030,14809,76157
GBP,2009-03-31,8487,39623,49995,18623,78516
GBP,2009-04-07,7150,41612,50326,16359,79456
GBP,2009-04-14,12700,39210,57271,23232,83635
GBP,2009-04-21,15614,39774,55991,23824,83379
GBP,2009-04-28,17702,40615,55752,23022,84760
GBP,2009-05-05,20858,43295,55037,27031,91226
GBP,2009-05-12,19205,41711,55436,30782,91329
GBP,2009-05-19,16596,42524,57184,27179,92870
GBP,2009-05-26,17724,42529,56887,27615,93484
GBP,2009-06-02,20137,40297,56691,33476,99293
GBP,2009-06-09,20887,36220,58170,44519,101196
GBP,2009-06-16,23982,32456,37527,29481,81438
GBP,2009-06-23,24039,36197,38689,27544,84320
GBP,2009-06-30,31038,35139,39880,38165,92518
GBP,2009-07-07,26280,35430,41987,34390,87303
GBP,2009-07-14,23263,35917,48319,36800,90346
GBP,2009-07-21,27441,33132,45913,43576,94151
GBP,2009-07-28,23863,31906,48534,41792,92133
GBP,2009-08-04,36683,38911,46100,47817,107366
GBP,2009-08-11,24568,28824,50172,46577,94413
GBP,2009-08-18,26849,28507,51667,44044,94626
GBP,2009-08-25,26449,33466,53907,44477,98148
GBP,2009-09-01,23032,40550,57246,35214,97615
GBP,2009-09-08,29336,35296,57760,50260,105694
GBP,2009-09-15,24491,36978,23532,12617,67178
GBP,2009-09-22,17821,49416,41763,9981,78452
GBP,2009-09-29,16129,63955,66057,10203,98205
GBP,2009-10-06,12636,74742,81278,10406,111463
GBP,2009-10-13,9898,75244,88874,12176,116449
GBP,2009-10-20,15644,58962,69913,17588,103138
GBP,2009-10-27,21736,53167,55633,20111,95835
GBP,2009-11-03,25102,44007,52740,33796,97336
GBP,2009-11-09,28677,44534,53486,38763,103817
GBP,2009-11-17,29520,36105,43232,40156,96616
GBP,2009-11-24,22820,34175,44355,36780,88875
GBP,2009-12-01,23468,34131,45005,36009,89615
GBP,2009-12-08,17059,33935,59451,41263,103496
GBP,2009-12-15,13810,37254,41416,14117,72177
GBP,2009-12-22,13551,38128,43857,15317,74083
GBP,2009-12-29,18480,47955,48787,13728,84792
GBP,2010-01-05,18031,51595,60287,14463,92891
GBP,2010-01-12,15182,50649,56340,11583,89147
GBP,2010-01-19,21199,41370,41982,17464,83337
GBP,2010-01-26,15075,42228,54925,21890,86475
GBP,2010-02-02,14611,48579,63527,19993,95712
GBP,2010-02-09,14012,66768,84481,18914,116362
GBP,2010-02-16,13922,70001,89737,17370,119085
GBP,2010-02-23,13882,76766,96642,15674,125106
GBP,2010-03-02,13862,81411,94797,16253,129123
GBP,2010-03-09,10417,73890,119211,38707,148562
GBP,2010-03-16,11731,75718,94765,14211,121551
GBP,2010-03-23,11349,82973,105029,15981,130646
GBP,2010-03-30,11965,79038,104446,21916,132818
GBP,2010-04-06,14281,73755,100224,23141,129290
GBP,2010-04-13,13390,70781,92380,23895,121947
GBP,2010-04-20,14258,63556,88773,27781,121340
GBP,2010-04-27,11634,66300,90014,22996,119871
GBP,2010-05-04,13062,78678,102545,20202,133988
GBP,2010-05-11,10269,82457,115351,23897,142670
GBP,2010-05-18,10492,87237,125341,29892,152357
GBP,2010-05-25,10962,86041,126666,29488,151212
GBP,2010-06-01,11809,82263,123405,29748,149216
GBP,2010-06-08,14146,88826,134423,37212,167076
GBP,2010-06-15,13081,61215,91566,25052,119301
GBP,2010-06-22,15921,62267,93645,31529,125471
GBP,2010-06-29,17626,52397,88635,36665,121233
GBP,2010-07-06,18442,56519,89405,39667,123693
GBP,2010-07-13,15501,50172,98635,52012,131680
GBP,2010-07-20,16448,43215,92451,58754,124904
GBP,2010-07-27,17107,35047,88676,60585,122570
GBP,2010-08-03,31058,31308,82832,78143,135454
GBP,2010-08-10,35915,30894,82534,87126,142227
GBP,2010-08-17,31467,35898,83970,82482,141441
GBP,2010-08-24,28511,32876,86511,82980,139333
GBP,2010-08-31,23052,38318,96716,77121,144196
GBP,2010-09-07,21363,37431,96791,72743,145712
GBP,2010-09-14,21108,30235,31126,22726,74850
GBP,2010-09-21,17858,26847,30333,23643,71318
GBP,2010-09-28,26725,28919,25415,27634,77713
GBP,2010-10-05,37064,27661,23758,39982,86536
GBP,2010-10-12,39870,31804,26610,40769,92868
GBP,2010-10-19,34708,28912,31962,40875,90068
GBP,2010-10-26,33001,27912,28511,38142,86611
GBP,2010-11-02,39900,24718,26685,45700,91819
GBP,2010-11-09,41915,20649,24702,55976,96533
GBP,2010-11-16,45677,21906,29403,56634,98997
GBP,2010-11-23,35839,25642,34087,46798,93914
GBP,2010-11-30,24409,29273,41148,34219,85587
GBP,2010-12-07,14242,27162,52143,36262,86269
GBP,2010-12-14,12205,20391,37905,28386,67820
GBP,2010-12-21,14579,22011,36813,25689,69207
GBP,2010-12-28,18294,31415,46533,26113,82141
GBP,2011-01-04,17494,31627,49436,27719,84270
GBP,2011-01-11,21014,26104,46290,34749,86335
GBP,2011-01-18,31415,25621,32530,43587,90630
GBP,2011-01-25,36028,28140,31035,46435,96648
GBP,2011-02-01,46923,24264,29231,61587,108587
GBP,2011-02-08,49204,24729,30413,65136,111363
GBP,2011-02-15,68885,16313,28577,95012,132763
GBP,2011-02-22,53097,17088,37732,84835,123774
GBP,2011-03-01,52122,26313,38690,77923,126350
GBP,2011-03-08,54967,21061,47957,96190,145352
GBP,2011-03-15,28580,28805,41676,50188,98181
GBP,2011-03-22,53348,23624,30235,76858,117974
GBP,2011-03-29,30077,29334,45367,54500,104506
GBP,2011-04-05,53796,21382,24080,69398,111219
GBP,2011-04-12,53423,26752,25408,74300,120316
GBP,2011-04-19,50572,20397,23872,70132,108808
GBP,2011-04-26,56867,23284,23115,79277,118486
GBP,2011-05-03,59735,28928,25334,78794,124003
GBP,2011-05-10,41368,23250,30739,65923,108117
GBP,2011-05-17,30327,31255,42237,49692,103753
GBP,2011-05-24,28090,42233,59457,47228,110336
GBP,2011-05-31,32284,34113,49191,53028,108085
GBP,2011-06-07,33554,35304,51512,58683,113641
GBP,2011-06-14,36684,25458,25098,43918,90719
GBP,2011-06-21,26763,38123,42757,32167,92824
GBP,2011-06-28,27928,46277,52846,31150,102414
GBP,2011-07-05,28634,60303,66004,32188,118359
GBP,2011-07-12,27687,52488,73993,38256,121134
GBP,2011-07-19,26011,32725,53019,41056,98291
GBP,2011-07-26,33312,32090,38197,43231,97415
GBP,2011-08-02,43266,38127,32711,43175,103172
GBP,2011-08-09,41290,41045,37132,43475,105544
GBP,2011-08-16,36193,39289,36090,41640,100562
GBP,2011-08-23,40888,29927,29695,53729,102177
GBP,2011-08-30,31248,30804,35091,45532,96164
GBP,2011-09-06,30543,43763,56225,44044,110372
GBP,2011-09-13,33969,60162,83572,50243,142120
GBP,2011-09-20,14106,73861,115619,40077,143678
GBP,2011-09-27,14288,78298,126815,43137,154682
GBP,2011-10-04,14929,83653,148769,60087,175500
GBP,2011-10-11,15391,77363,156606,74402,184709
GBP,2011-10-18,16946,70172,146414,75827,175827
GBP,2011-10-25,18917,69064,136586,77318,171560
GBP,2011-11-01,24396,71488,127589,73719,169466
GBP,2011-11-08,22607,51729,106849,72170,147978
GBP,2011-11-15,23355,56219,112483,70020,150702
GBP,2011-11-22,20691,57325,126010,75198,160287
GBP,2011-11-29,23503,70163,154277,90373,190728
GBP,2011-12-06,26311,69871,170467,109281,209514
GBP,2011-12-13,23782,63291,179246,121639,218203
GBP,2011-12-20,26533,52472,143472,104008,183972
GBP,2011-12-27,25465,54637,143533,102195,183119
GBP,2012-01-03,27832,59731,152896,105145,193595
GBP,2012-01-10,24044,59897,162591,106978,199855
GBP,2012-01-17,23373,65007,174545,108900,211418
GBP,2012-01-24,16103,47464,158781,110718,190040
GBP,2012-01-31,23698,49912,151492,111212,190849
GBP,2012-02-07,28161,61283,148536,106817,195733
GBP,2012-02-14,29309,69908,144022,94858,192071
GBP,2012-02-21,27617,58967,139035,101041,186668
GBP,2012-02-28,26931,50166,130209,99507,176885
GBP,2012-03-06,22308,59407,142025,98699,184104
GBP,2012-03-13,21924,63772,156862,103648,202880
GBP,2012-03-20,25951,41803,96011,75197,141411
GBP,2012-03-27,26609,37719,83813,74825,135147
GBP,2012-04-03,29262,38069,87792,80809,142660
GBP,2012-04-10,29777,48561,94248,74154,145522
GBP,2012-04-17,33221,46272,98107,89706,157015
GBP,2012-04-24,47435,39899,89980,113492,173368
GBP,2012-05-01,53121,36628,94215,133194,188288
GBP,2012-05-08,59697,34358,98046,146481,199801
GBP,2012-05-15,57471,32450,102490,149212,199270
GBP,2012-05-22,40842,29502,116176,132355,184497
GBP,2012-05-29,36052,34577,120129,123473,181435
GBP,2012-06-05,39042,41909,126489,107399,184583
GBP,2012-06-12,28017,51129,131724,93371,178648
GBP,2012-06-19,32248,49401,71473,42263,121624
GBP,2012-06-26,35296,36054,62171,48777,114561
GBP,2012-07-03,32208,37561,58748,42419,108208
GBP,2012-07-10,32804,40426,66039,44391,117616
GBP,2012-07-17,33896,41349,65425,43877,116976
GBP,2012-07-24,29332,32266,70130,52738,116143
GBP,2012-07-31,31304,33114,61352,49211,110770
GBP,2012-08-07,25764,34039,70631,50620,115125
GBP,2012-08-14,32054,32342,61071,52308,114042
GBP,2012-08-21,45984,38151,47356,52511,118550
GBP,2012-08-28,42407,40439,46134,52243,117034
GBP,2012-09-04,41834,48702,57584,59109,133755
GBP,2012-09-11,49312,53678,87588,102391,181682
GBP,2012-09-18,52597,38185,57416,94768,151305
GBP,2012-09-25,60809,33672,67667,121589,172103
GBP,2012-10-02,64726,34632,69344,125480,177746
GBP,2012-10-09,54190,31618,69627,111519,161457
GBP,2012-10-16,54010,34411,68945,111964,164454
GBP,2012-10-23,54879,36482,68873,94981,155791
GBP,2012-10-30,57897,34494,70155,108181,163917
GBP,2012-11-06,57208,37929,72159,103309,164481
GBP,2012-11-13,45799,37571,69885,89316,149173
GBP,2012-11-20,46546,45816,72393,82747,150722
GBP,2012-11-27,51107,40829,71028,98590,157701
GBP,2012-12-04,66050,38780,71351,123690,178749
GBP,2012-12-11,64753,36799,76362,126897,183628
GBP,2012-12-18,79375,51339,66225,119542,188472
GBP,2012-12-24,74466,37145,64162,126925,181219
GBP,2012-12-31,69146,32838,62945,124180,174676
GBP,2013-01-08,60523,34574,68047,111288,165584
GBP,2013-01-15,63796,35458,61608,108553,163295
GBP,2013-01-22,60201,42263,69899,93288,160820
GBP,2013-01-29,57989,47367,85116,84976,166060
GBP,2013-02-05,51959,50785,93207,76659,165369
GBP,2013-02-12,38661,55437,109569,76486,167100
GBP,2013-02-19,40668,64033,128744,82702,187027
GBP,2013-02-26,31126,67256,155078,89382,205183
GBP,2013-03-05,36021,79870,178904,97356,236181
GBP,2013-03-12,28833,78633,230701,148217,297130
GBP,2013-03-19,39048,100528,156292,62690,212517
GBP,2013-03-26,38184,104739,158512,63071,214636
GBP,2013-04-02,31815,96835,158053,60190,208425
GBP,2013-04-09,27104,97073,158433,63203,204827
GBP,2013-04-16,34020,95995,148381,61580,200884
GBP,2013-04-23,33989,94101,148320,59407,199465
GBP,2013-04-30,31078,89685,133909,60277,189084
GBP,2013-05-07,31542,94628,138468,53039,190781
GBP,2013-05-14,36975,102330,139716,54547,198068
GBP,2013-05-21,33380,110356,159386,55388,211098
GBP,2013-05-28,36221,110746,165979,64616,221612
GBP,2013-06-04,26666,104404,165170,63342,210499
GBP,2013-06-11,32755,86442,143781,77735,219176
GBP,2013-06-18,47377,67783,66978,44363,140550
GBP,2013-06-25,34419,53848,63165,41384,123602
GBP,2013-07-02,32562,63886,79613,33060,131817
GBP,2013-07-09,31311,65570,93694,38586,145033
GBP,2013-07-16,24634,62080,108037,47781,151127
GBP,2013-07-23,19135,68788,108960,42604,148065
GBP,2013-07-30,20155,69618,106157,43787,146335
GBP,2013-08-06,22097,68130,101039,44843,145387
GBP,2013-08-13,22209,68730,99984,44164,145126
GBP,2013-08-20,26947,66469,82623,41692,138505
GBP,2013-08-27,30004,68230,90813,47051,149328
GBP,2013-09-03,27943,70989,101846,53848,156870
GBP,2013-09-10,32921,71087,112660,76126,185433
GBP,2013-09-17,44124,50434,59423,62078,141735
GBP,2013-09-24,50736,49562,71944,84316,163719
GBP,2013-10-01,47329,45833,81205,95978,172422
GBP,2013-10-08,58681,49910,84423,105421,184643
GBP,2013-10-15,60100,47869,83679,106657,183979
GBP,2013-10-22,59437,45175,79775,107751,181489
GBP,2013-10-29,57791,47629,80393,102329,177427
GBP,2013-11-05,51186,53578,82503,90876,172368
GBP,2013-11-12,43888,53191,91367,89935,171002
GBP,2013-11-19,53766,55431,93473,101568,183449
GBP,2013-11-26,56969,56578,118100,130144,214443
GBP,2013-12-03,73962,55593,121372,156792,239371
GBP,2013-12-10,71015,52586,137216,173717,255604
GBP,2013-12-17,62285,44460,91971,125519,191648
GBP,2013-12-24,62593,48173,94669,129001,198063
GBP,2013-12-31,62084,39303,100344,145925,206886
GBP,2014-01-07,54679,36501,97956,134725,194668
GBP,2014-01-14,54352,43192,106759,134907,201372
GBP,2014-01-21,56573,47853,110212,134031,208112
GBP,2014-01-28,63359,41187,111557,152335,218738
GBP,2014-02-04,52098,41147,114398,135274,202690
GBP,2014-02-11,53199,42527,115521,138625,204982
GBP,2014-02-18,76271,53948,120336,160633,241471
GBP,2014-02-25,74558,45756,128291,177930,257037
GBP,2014-03-04,71021,41416,130043,179625,254013
GBP,2014-03-11,64553,42554,138296,179531,250867
GBP,2014-03-18,64141,38605,109445,148828,208961
GBP,2014-03-25,66751,37027,102280,144695,202115
GBP,2014-04-01,75969,42397,102154,148722,211437
GBP,2014-04-08,91642,45165,96497,159397,226667
GBP,2014-04-15,87472,36874,98398,169024,226688
GBP,2014-04-22,89692,41892,105313,172390,237055
GBP,2014-04-29,85913,41679,106203,171519,236030
GBP,2014-05-06,83794,43148,108175,172470,241264
GBP,2014-05-13,71168,39413,114382,168710,230333
GBP,2014-05-20,80009,46919,117999,167790,237637
GBP,2014-05-27,78438,43134,120854,172105,238440
GBP,2014-06-03,79476,44502,125359,170679,239604
GBP,2014-06-10,85202,49360,126458,177887,271602
GBP,2014-06-17,100434,47838,107659,180605,250231
GBP,2014-06-24,98098,48347,115089,183985,254369
GBP,2014-07-01,99929,43517,112124,187421,255911
GBP,2014-07-08,86614,44975,123491,185800,254788
GBP,2014-07-15,85983,47213,123543,183834,255115
GBP,2014-07-22,71792,44295,126841,171724,241155
GBP,2014-07-29,75370,50460,122856,160397,237411
GBP,2014-08-05,66437,54316,127890,148099,230801
GBP,2014-08-12,65348,46549,126296,149762,223719
GBP,2014-08-19,72230,58943,132029,148030,237291
GBP,2014-08-26,71002,55535,129909,147322,233435
GBP,2014-09-02,67538,58090,140619,148169,238973
GBP,2014-09-09,81330,54603,141636,159314,256591
GBP,2014-09-16,55617,62198,56449,40674,134560
GBP,2014-09-23,53691,54741,57886,44652,134061
GBP,2014-09-30,54243,50654,54723,51553,132369
GBP,2014-10-07,46503,47578,61525,50649,129666
GBP,2014-10-14,43116,45953,74112,58761,138471
GBP,2014-10-21,36567,41052,79177,62369,135766
GBP,2014-10-28,40718,46965,75868,61989,138661
GBP,2014-11-04,43289,50751,79539,60534,144215
GBP,2014-11-11,40661,53552,87014,63337,151660
GBP,2014-11-18,42865,65694,99090,62517,166966
GBP,2014-11-25,38541,69207,110033,62208,171730
GBP,2014-12-02,38556,69570,114685,65259,174875
GBP,2014-12-09,37695,61297,124200,85750,192104
GBP,2014-12-16,37861,52413,80630,53538,137581
GBP,2014-12-23,36615,51848,85812,54230,141455
GBP,2014-12-30,35072,54374,90331,53522,143660
GBP,2015-01-06,39156,64726,103437,58240,161876
GBP,2015-01-13,41920,79060,118235,60408,178563
GBP,2015-01-20,35319,81027,128779,62499,182860
GBP,2015-01-27,38649,83989,129144,62925,185350
GBP,2015-02-03,36220,78618,128829,67741,182903
GBP,2015-02-10,36798,75401,121424,66938,175966
GBP,2015-02-17,42999,71797,108431,67126,170627
GBP,2015-02-24,46741,68611,103097,70047,169784
GBP,2015-03-03,44563,71471,100739,65339,165737
GBP,2015-03-10,48053,80644,132078,84428,205166
GBP,2015-03-17,47155,85006,124844,65218,188238
GBP,2015-03-24,35938,74495,125186,66328,178140
GBP,2015-03-31,35143,71773,130848,75229,182514
GBP,2015-04-07,37641,71942,130411,78813,185219
GBP,2015-04-14,33993,70038,136944,79221,189513
GBP,2015-04-21,34830,64111,124700,77203,175066
GBP,2015-04-28,33239,67367,118250,73492,171698
GBP,2015-05-05,34304,59062,117555,87212,173468
GBP,2015-05-12,37511,68280,124508,85521,183586
GBP,2015-05-19,41132,64494,117486,94098,182607
GBP,2015-05-26,34696,60235,117828,90963,176797
GBP,2015-06-02,32769,58427,117608,89094,175291
GBP,2015-06-09,31014,59291,121106,90666,181049
GBP,2015-06-16,33877,59311,87973,62426,146635
GBP,2015-06-23,51530,73724,97485,81898,178641
GBP,2015-06-30,53656,66415,101251,94133,181413
GBP,2015-07-07,39583,62556,103158,81987,168480
GBP,2015-07-14,32162,56361,100879,77666,157073
GBP,2015-07-21,35141,56609,105350,85715,164779
GBP,2015-07-28,43795,53583,102505,97339,173295
GBP,2015-08-04,45748,52305,98230,91834,169224
GBP,2015-08-11,41751,52122,91311,83243,158247
GBP,2015-08-18,52030,56001,90500,92949,172083
GBP,2015-08-25,58051,54752,89205,99349,176962
GBP,2015-09-01,47801,59040,99011,82339,170032
GBP,2015-09-08,43509,61147,114928,84020,186994
GBP,2015-09-15,43206,46825,82581,68882,145704
GBP,2015-09-22,45001,43734,80548,75542,146573
GBP,2015-09-29,49815,51862,82145,70731,155821
GBP,2015-10-06,47700,52233,91391,72503,160373
GBP,2015-10-13,44765,52292,86121,63602,152164
GBP,2015-10-20,53477,45940,82773,83118,158043
GBP,2015-10-27,47986,43852,84486,76791,153453
GBP,2015-11-03,45775,45587,83950,76220,151194
GBP,2015-11-10,39369,55139,112133,75232,172346
GBP,2015-11-17,35107,60367,120464,75232,175254
GBP,2015-11-24,32322,64578,119432,68053,172390
GBP,2015-12-01,38403,66661,128714,79674,187628
GBP,2015-12-08,41633,65535,134644,90054,200245
GBP,2015-12-15,39121,56041,110007,76000,165845
GBP,2015-12-22,42075,68736,134216,84544,194313
GBP,2015-12-29,40476,71498,143839,91028,204038
GBP,2016-01-05,44662,75158,158902,104501,221993
GBP,2016-01-12,34294,64815,182189,123373,238868
GBP,2016-01-19,37863,76442,197965,133170,259589
GBP,2016-01-26,34696,82233,213083,140786,272798
GBP,2016-02-02,32737,77755,214581,142835,270680
GBP,2016-02-09,31025,67325,204732,150023,255866
GBP,2016-02-16,36512,72767,204119,146560,260649
GBP,2016-02-23,35479,68547,198292,145504,257214
GBP,2016-03-01,38965,78343,214139,151755,275825
GBP,2016-03-08,29364,78369,234315,161633,299048
GBP,2016-03-15,62876,76495,174396,135467,253177
GBP,2016-03-22,38526,76249,191334,131544,246222
GBP,2016-03-29,38926,78954,193799,133293,250444
GBP,2016-04-05,39574,86080,192127,121227,247586
GBP,2016-04-12,33848,85158,185161,110980,236169
GBP,2016-04-19,32765,87917,182814,111795,238195
GBP,2016-04-26,40431,89100,182392,114786,243829
GBP,2016-05-03,46105,86513,179607,122729,248180
GBP,2016-05-10,37628,72563,181040,126018,238519
GBP,2016-05-17,37533,75955,181722,120787,239158
GBP,2016-05-24,38557,71392,179706,125675,244377
GBP,2016-05-31,36546,69397,180591,128607,243685
GBP,2016-06-07,36337,102636,186403,101964,259238
GBP,2016-06-14,61706,98367,124129,65518,206389
GBP,2016-06-21,41707,93654,134361,66143,199189
GBP,2016-06-28,43274,85985,137605,80565,206551
GBP,2016-07-05,45746,94777,154184,87801,227939
GBP,2016-07-12,39999,100066,170357,87219,236611
GBP,2016-07-19,27959,102345,171835,71248,225589
GBP,2016-07-26,29819,110391,177371,70629,231644
GBP,2016-08-02,33375,115890,177202,69554,233265
GBP,2016-08-09,35523,125605,181773,71182,243430
GBP,2016-08-16,35890,130128,187068,69903,248568
GBP,2016-08-23,35850,130828,183922,69342,247711
GBP,2016-08-30,39648,132133,185793,71339,248410
GBP,2016-09-06,38785,128754,184116,80132,255953
GBP,2016-09-13,40397,123218,175488,74438,252539
GBP,2016-09-20,69233,127919,145856,66688,237759
GBP,2016-09-27,48177,135891,165684,62428,239025
GBP,2016-10-04,56760,154332,173807,64008,262478
GBP,2016-10-11,50393,145863,168023,63307,255590
GBP,2016-10-18,52575,144133,166965,65199,255194
GBP,2016-10-25,63601,147563,169425,70630,267500
GBP,2016-11-01,63739,146700,169308,72743,267564
GBP,2016-11-08,53211,143056,169583,67841,253703
GBP,2016-11-15,54241,134554,164645,70318,248103
GBP,2016-11-22,54209,128527,159627,70784,242916
GBP,2016-11-29,50806,128941,162924,71541,244257
GBP,2016-12-06,43169,120407,165779,76140,243671
GBP,2016-12-13,40515,112858,160244,76404,237797
GBP,2016-12-20,44152,103502,137410,60917,205486
GBP,2016-12-27,50062,107161,138923,63441,212492
GBP,2017-01-03,55482,120224,143594,65682,225396
GBP,2017-01-10,56742,122573,143914,65855,228050
GBP,2017-01-17,55242,121484,144232,67053,228782
GBP,2017-01-24,51521,114693,142585,69560,223681
GBP,2017-01-31,42232,104004,138852,69077,211910
GBP,2017-02-07,38135,102674,143839,68760,211013
GBP,2017-02-14,39039,104567,143574,69947,212044
GBP,2017-02-21,38253,104605,144966,70114,213713
GBP,2017-02-28,43329,114000,151463,71641,226882
GBP,2017-03-07,61847,143284,167434,75097,262512
GBP,2017-03-14,42367,149484,187680,65561,259945
GBP,2017-03-21,32586,140430,187036,67165,252480
GBP,2017-03-28,35055,139130,178810,67604,246985
GBP,2017-04-04,30741,130414,178783,71911,241774
GBP,2017-04-11,31871,137772,183232,70802,244188
GBP,2017-04-18,48348,147838,180855,75643,261350
GBP,2017-04-25,54050,145232,175178,82897,261711
GBP,2017-05-02,54281,135645,174292,95760,267230
GBP,2017-05-09,44910,91708,174152,130262,257225
GBP,2017-05-16,48369,81364,170287,138282,256035
GBP,2017-05-23,49166,73033,169651,147172,256257
GBP,2017-05-30,45574,75225,174892,141427,254039
GBP,2017-06-06,40147,76863,171798,133050,248173
GBP,2017-06-13,40552,79993,171312,127420,269593
GBP,2017-06-20,50625,88229,111234,68958,194700
GBP,2017-06-27,43707,82840,112643,69449,187799
GBP,2017-07-03,54025,81792,108720,83969,201379
GBP,2017-07-11,46614,70752,109540,86546,193648
GBP,2017-07-18,50883,67356,108392,94589,200185
GBP,2017-07-25,52152,78349,108402,87244,200700
GBP,2017-08-01,58857,88309,111887,88780,217430
GBP,2017-08-08,58617,83777,108561,87823,208091
GBP,2017-08-15,63810,95670,112181,78906,213259
GBP,2017-08-22,61484,107384,118557,73564,216494
GBP,2017-08-29,60053,111608,128444,74303,224031
GBP,2017-09-05,54454,107381,124851,72606,219048
GBP,2017-09-12,68938,115023,148804,104335,273720
GBP,2017-09-19,76556,86717,80934,75089,202582
GBP,2017-09-26,80145,75091,66178,80987,195509
GBP,2017-10-03,80325,60376,47590,78951,174867
GBP,2017-10-10,79610,64102,60706,80641,181570
GBP,2017-10-17,72871,67824,73965,82580,186473
GBP,2017-10-24,66162,67647,80830,83812,188064
GBP,2017-10-31,65482,64237,78103,83879,185123
GBP,2017-11-07,50403,59601,86580,81087,177968
GBP,2017-11-14,53147,57680,80930,82014,176727
GBP,2017-11-21,58358,58658,75131,82274,175839
GBP,2017-11-28,66549,61976,69411,82682,178230
GBP,2017-12-05,89270,82864,63128,80222,202693
GBP,2017-12-12,82611,71223,79509,97451,208102
GBP,2017-12-19,77109,56721,69022,95854,183783
GBP,2017-12-26,76354,63678,75633,97500,190393
GBP,2018-01-02,93611,77376,74426,105193,211627
GBP,2018-01-09,85039,59547,73179,115234,203484
GBP,2018-01-16,84661,58457,91200,132697,218209
GBP,2018-01-23,99369,66324,93255,141666,236432
GBP,2018-01-30,95667,63926,90898,141541,235080
GBP,2018-02-06,81698,53831,90308,136816,216402
GBP,2018-02-13,64164,49224,85580,115995,193326
GBP,2018-02-20,57953,50150,87531,109673,188118
GBP,2018-02-27,62924,50237,89864,114904,196913
GBP,2018-03-06,61368,56104,93464,112586,197439
GBP,2018-03-13,67190,59163,95955,117488,206151
GBP,2018-03-20,71425,47618,50409,88059,159183
GBP,2018-03-27,90239,56063,45780,94274,176947
GBP,2018-04-03,86643,46305,45117,99602,172017
GBP,2018-04-10,95267,52251,46550,104428,182784
GBP,2018-04-17,113252,65550,47451,110975,205523
GBP,2018-04-24,90186,52821,52018,100901,183826
GBP,2018-05-01,84565,58193,70188,102142,194859
GBP,2018-05-08,62194,53206,84866,95246,188802
GBP,2018-05-15,61361,55740,91070,96114,190648
GBP,2018-05-22,56329,50628,89377,98005,186517
GBP,2018-05-29,71057,61580,97022,101233,205778
GBP,2018-06-05,78577,71232,125986,122187,239409
GBP,2018-06-12,69254,58285,149396,149576,269609
GBP,2018-06-19,46892,66098,94733,60941,172592
GBP,2018-06-26,41491,63072,97843,61296,169623
GBP,2018-07-03,43775,72556,113538,63906,184402
GBP,2018-07-10,32043,72446,116606,60409,178633
GBP,2018-07-17,40841,79593,116329,60642,187151
GBP,2018-07-24,32178,78921,132537,67416,191590
GBP,2018-07-31,35001,82387,129761,68169,190296
GBP,2018-08-07,43930,102782,148285,72046,219746
GBP,2018-08-14,60028,120769,158369,73815,245490
GBP,2018-08-21,68091,140429,172960,75683,267219
GBP,2018-08-28,58662,135590,173709,76751,260228
GBP,2018-09-04,64040,133653,171837,80535,261700
GBP,2018-09-11,65982,127161,182513,99316,279503
GBP,2018-09-18,32856,112114,175480,71793,229637
GBP,2018-09-25,34768,101846,167336,78909,225082
GBP,2018-10-02,30786,90126,157189,78524,210495
GBP,2018-10-09,30186,90693,154862,78777,210549
GBP,2018-10-16,32153,82506,152950,86549,210108
GBP,2018-10-23,33299,80296,161058,94529,221303
GBP,2018-10-30,35778,88260,166998,94828,233339
GBP,2018-11-06,31670,88469,163402,93533,227514
GBP,2018-11-13,38606,85713,159325,102203,229052
GBP,2018-11-20,37710,81188,160553,103053,227556
GBP,2018-11-27,37930,77080,158469,106326,227895
GBP,2018-12-04,43935,83685,161195,102075,235704
GBP,2018-12-11,47649,90068,176859,115270,255703
GBP,2018-12-18,29162,89885,153733,74345,204948
GBP,2018-12-24,35076,91555,155098,79309,212023
GBP,2018-12-31,35782,92696,155005,79081,212470
GBP,2019-01-08,27670,87762,158512,82372,210800
GBP,2019-01-15,31061,91537,164447,88127,219326
GBP,2019-01-22,30050,82161,152335,87722,210645
GBP,2019-01-29,39271,74467,137331,94119,206696
GBP,2019-02-05,35111,68855,132536,90121,196616
GBP,2019-02-12,30720,73664,137850,83218,194998
GBP,2019-02-19,33266,80794,140744,82340,201904
GBP,2019-02-26,39743,79006,129876,86931,202065
GBP,2019-03-05,34620,69549,127991,86092,193497
GBP,2019-03-12,29927,66623,127752,85615,191938
GBP,2019-03-19,30157,43931,79962,65149,140283
GBP,2019-03-26,33638,42220,79128,68910,142957
GBP,2019-04-02,39423,49354,78574,64457,147431
GBP,2019-04-09,36260,42776,75826,66519,142525
GBP,2019-04-16,45932,45010,70687,71595,148202
GBP,2019-04-23,54522,56357,72862,63973,157851
GBP,2019-04-30,51577,56245,80506,67739,161764
GBP,2019-05-07,45232,52111,80034,66261,154991
GBP,2019-05-14,49332,52650,79235,67252,156893
GBP,2019-05-21,45638,71790,111772,75175,190191
GBP,2019-05-28,51796,83792,130329,81944,213930
GBP,2019-06-04,41998,89760,146295,82794,220728
GBP,2019-06-11,33761,78562,152966,92923,221181
GBP,2019-06-18,33155,85719,145152,77424,210421
GBP,2019-06-25,32059,90996,142565,75134,207543
GBP,2019-07-02,33647,97891,158837,80904,224591
GBP,2019-07-09,36232,109214,181197,86378,247048
GBP,2019-07-16,35190,111547,186194,89850,253464
GBP,2019-07-23,31935,110518,186280,84469,248063
GBP,2019-07-30,41367,131517,200508,91446,275984
GBP,2019-08-06,44716,147418,217107,98207,296904
GBP,2019-08-13,33405,129225,207577,95331,273931
GBP,2019-08-20,33405,125823,209548,94037,273481
GBP,2019-08-27,38143,127171,206475,90595,273650
GBP,2019-09-03,38695,123654,200362,92045,272396
GBP,2019-09-10,37903,130136,207848,96424,283161
GBP,2019-09-17,21332,107456,180897,77773,230609
GBP,2019-09-24,24446,105241,183185,84578,236081
GBP,2019-10-01,27916,105008,181676,86780,238392
GBP,2019-10-08,29482,102701,191313,96609,246896
GBP,2019-10-15,25431,98383,187491,103115,243309
GBP,2019-10-22,35749,88189,162541,103465,230224
GBP,2019-10-29,43157,75572,139336,101750,214406
GBP,2019-11-05,40984,70019,132041,100069,206317
GBP,2019-11-12,40348,68481,136814,106039,209312
GBP,2019-11-19,39205,71108,141288,111145,218042
GBP,2019-11-26,38646,75222,149337,109855,223181
GBP,2019-12-03,47755,77805,151535,121233,236714
GBP,2019-12-10,51920,74559,154988,138534,256553
GBP,2019-12-17,59311,65091,104881,105273,201586
GBP,2019-12-24,68574,59877,98829,117972,206283
GBP,2019-12-31,64574,52181,97705,118255,206784
GBP,2020-01-07,67403,50893,88398,116133,197490
GBP,2020-01-14,68816,37284,89932,127209,196536
GBP,2020-01-21,64256,39334,91212,123849,194625
GBP,2020-01-28,61887,44198,104061,123497,203169
GBP,2020-02-04,59659,46672,110198,127204,208165
GBP,2020-02-11,65006,43922,107906,133105,212228
GBP,2020-02-18,72784,43526,104712,138894,216933
GBP,2020-02-25,72667,43069,101927,136111,211321
GBP,2020-03-03,76063,40901,100855,133529,214672
GBP,2020-03-10,56077,29749,121960,153650,214185
GBP,2020-03-17,56575,37935,100164,118536,182109
GBP,2020-03-24,46534,35650,110975,110500,179552
GBP,2020-03-31,37149,32156,107046,102567,165226
GBP,2020-04-07,31254,27561,96711,93785,150318
GBP,2020-04-14,30287,27055,98814,94975,153088
GBP,2020-04-21,29527,30907,106820,95218,158788
GBP,2020-04-28,31466,38147,109022,91214,162868
GBP,2020-05-05,28096,40101,109737,86530,161083
GBP,2020-05-12,31525,45213,112483,84337,166568
GBP,2020-05-19,35810,54799,120800,87501,179734
GBP,2020-05-26,39192,61449,124256,88967,188650
GBP,2020-06-02,26970,63014,136633,92230,190138
GBP,2020-06-09,28893,52941,127992,93880,185606
GBP,2020-06-16,29378,45376,116810,87746,166808
GBP,2020-06-23,29654,48170,117032,89355,170455
GBP,2020-06-30,34424,55414,127993,94316,186144
GBP,2020-07-07,39892,56300,116764,90146,180696
GBP,2020-07-14,43175,56761,111449,88541,179340
GBP,2020-07-21,46230,61310,105310,84876,180337
GBP,2020-07-28,39329,64738,109806,81401,178912
GBP,2020-08-04,45977,60704,97040,84599,176728
GBP,2020-08-11,48053,50874,95806,96998,179071
GBP,2020-08-18,54310,47806,93117,110889,187043
GBP,2020-08-25,45390,39790,92696,106546,175363
GBP,2020-09-01,49213,42901,93942,114063,186588
GBP,2020-09-08,46590,33860,111518,127170,197524
GBP,2020-09-15,43801,41508,72246,81090,149989
GBP,2020-09-22,43487,40523,77199,81786,152613
GBP,2020-09-29,39216,51961,88988,78464,159049
GBP,2020-10-06,40698,51996,88441,76075,156467
GBP,2020-10-13,36195,45997,83165,72738,148279
GBP,2020-10-20,39836,41836,80189,75863,146356
GBP,2020-10-27,31799,38459,78492,71539,139984
GBP,2020-11-03,27701,38928,86101,72747,140437
GBP,2020-11-10,27872,45567,85903,67487,141346
GBP,2020-11-17,27454,47200,81874,65217,139010
GBP,2020-11-24,30838,47968,78518,67942,142958
GBP,2020-12-01,37087,44986,74334,73022,146966
GBP,2020-12-08,39344,33634,88382,100127,164184
GBP,2020-12-15,35128,31060,72757,84108,142242
GBP,2020-12-21,37550,31518,74009,85967,144606
GBP,2020-12-29,35735,30903,70355,82782,139870
GBP,2021-01-05,35526,31861,71685,84224,143209
GBP,2021-01-12,47935,34993,66808,92479,152924
GBP,2021-01-19,45904,32199,66734,90441,147096
GBP,2021-01-26,47360,39395,68827,88037,154558
GBP,2021-02-02,53658,44042,72034,90557,161100
GBP,2021-02-09,60513,39395,65969,102470,170161
GBP,2021-02-16,60269,38102,67674,105532,171218
GBP,2021-02-23,68266,37288,66953,111588,176721
GBP,2021-03-02,65138,29056,65635,113805,169363
GBP,2021-03-09,61271,27360,78946,123300,181373
GBP,2021-03-16,55190,26590,55771,96862,148035
GBP,2021-03-23,51843,30024,57492,90206,146112
GBP,2021-03-30,47222,22263,57584,89164,139779
GBP,2021-04-06,45270,25319,59714,89841,140556
GBP,2021-04-13,52851,27261,57154,97200,148785
GBP,2021-04-20,61053,35875,60909,106105,164246
GBP,2021-04-27,59917,30699,60835,108169,161251
GBP,2021-05-04,52262,32414,59055,97048,152741
GBP,2021-05-11,64947,36771,63539,113115,173960
GBP,2021-05-18,63027,38127,66577,112181,173146
GBP,2021-05-25,64193,33534,63058,113248,169372
GBP,2021-06-01,64204,40079,67004,110204,174502
GBP,2021-06-08,59238,31524,67888,112231,171602
GBP,2021-06-15,55203,23033,61123,111006,156059
GBP,2021-06-22,51445,33518,85169,111747,171280
GBP,2021-06-29,51596,33873,82559,111907,169230
GBP,2021-07-06,57232,35329,88387,113822,178783
GBP,2021-07-13,44686,36717,94672,107227,172345
GBP,2021-07-20,44223,47720,114031,110299,188787
GBP,2021-07-27,41194,46878,115831,108203,185373
GBP,2021-08-03,43119,43205,106522,109484,180873
GBP,2021-08-10,44750,37680,101835,111098,178875
GBP,2021-08-17,41898,37247,103667,107721,178385
GBP,2021-08-24,39489,56234,128248,109077,196366
GBP,2021-08-31,36544,51444,126407,111972,194010
GBP,2021-09-07,29348,53872,132783,112517,201389
GBP,2021-09-14,44161,39371,65679,78756,142607
GBP,2021-09-21,51910,52128,79287,78214,159908
GBP,2021-09-28,57923,55959,83471,80060,171773
GBP,2021-10-05,48137,68155,105899,80223,182338
GBP,2021-10-12,46794,58773,98512,78321,172829
GBP,2021-10-19,49112,47497,79459,81840,158961
GBP,2021-10-26,51912,36959,74688,88348,156495
GBP,2021-11-02,57255,42208,78420,90152,166780
GBP,2021-11-09,54004,66097,101492,83944,186898
GBP,2021-11-16,50443,82042,127197,86015,207099
GBP,2021-11-23,50122,84701,133888,88085,213313
GBP,2021-11-30,52099,90998,149168,95396,230423
GBP,2021-12-07,48950,87227,160312,105688,238310
GBP,2021-12-14,29497,80245,162359,91919,213210
GBP,2021-12-21,20824,78510,163619,92495,207747
GBP,2021-12-28,23093,73812,156875,96774,205378
GBP,2022-01-04,25980,65151,150332,100816,200007
GBP,2022-01-11,30506,59672,144550,106518,200493
GBP,2022-01-18,39760,40007,114486,111638,183234
GBP,2022-01-25,36666,44429,117812,100970,182040
GBP,2022-02-01,29597,53202,126536,97645,184007
GBP,2022-02-08,44709,53254,120220,110897,197948
GBP,2022-02-15,50151,47914,114901,112027,195302
GBP,2022-02-22,42249,48058,116372,106302,188443
GBP,2022-03-01,47679,48016,131583,117454,211869
GBP,2022-03-08,50982,63508,164423,138966,246312
GBP,2022-03-15,32442,61503,125994,88715,188323
GBP,2022-03-22,32753,69997,137829,87439,195712
GBP,2022-03-29,30624,70694,164519,112510,224365
GBP,2022-04-05,35873,77631,175429,117650,238266
GBP,2022-04-12,35514,88568,186343,115394,246152
GBP,2022-04-19,36811,95725,186134,113245,249529
GBP,2022-04-26,40436,110057,207141,119230,272792
GBP,2022-05-03,33536,107349,208754,119728,268496
GBP,2022-05-10,29469,109067,210627,115382,264594
GBP,2022-05-17,26613,105854,201647,107303,253811
GBP,2022-05-24,25936,106308,203802,106760,253864
GBP,2022-05-31,30788,104893,193786,106614,252881
GBP,2022-06-07,34618,105428,191742,111277,258623
GBP,2022-06-14,29343,94939,184011,102948,238322
GBP,2022-06-21,28470,91717,177170,99268,228266
GBP,2022-06-28,35184,88302,170967,100737,228736
GBP,2022-07-05,39618,95826,178745,101736,240926
GBP,2022-07-12,33850,92939,174748,99343,231945
GBP,2022-07-19,31943,89193,170053,99754,228051
GBP,2022-07-26,34606,88596,168266,97307,225889
GBP,2022-08-02,29305,85714,171966,99389,226987
GBP,2022-08-09,42219,76687,156282,104232,224581
GBP,2022-08-16,44084,77193,156167,108950,227752
GBP,2022-08-23,58783,86749,161585,112420,248007
GBP,2022-08-30,58477,87647,172796,121298,262004
GBP,2022-09-06,52731,103163,189617,119659,280937
GBP,2022-09-13,41129,109215,232346,145021,303965
GBP,2022-09-20,41289,96132,197346,123858,266295
GBP,2022-09-27,59831,106255,195244,130027,281805
GBP,2022-10-04,42078,91617,191819,112703,256906
GBP,2022-10-11,48979,88149,179700,114896,255649
GBP,2022-10-18,40328,91539,194385,118076,258826
GBP,2022-10-25,43511,91316,189146,122586,258969
GBP,2022-11-01,34979,79815,183210,117833,243549
GBP,2022-11-08,36630,76365,176560,120305,237334
GBP,2022-11-15,34699,67533,170322,120883,230102
GBP,2022-11-22,30917,66859,167143,115656,222317
GBP,2022-11-29,26000,62584,172199,122967,225480
GBP,2022-12-06,28539,56732,168838,131064,230311
GBP,2022-12-13,32008,57747,158686,127398,240264
GBP,2022-12-20,35284,40887,123375,110718,187766
GBP,2022-12-27,40585,51472,128090,108829,195440
GBP,2023-01-03,43625,63926,135314,105622,205722
GBP,2023-01-10,36007,65463,138532,103264,202713
GBP,2023-01-17,41469,66166,130575,99139,201956
GBP,2023-01-24,34756,58690,127207,99553,194051
GBP,2023-01-31,36234,54551,130370,101702,196113
GBP,2023-02-07,47131,61252,132947,101601,203720
GBP,2023-02-14,42198,61993,138641,104626,205316
GBP,2023-02-21,45475,66891,143077,105436,213502
GBP,2023-02-28,41562,65286,145180,108739,212064
GBP,2023-03-07,49111,66513,145695,111782,222558
GBP,2023-03-14,32334,49648,128752,103050,193377
GBP,2023-03-21,28652,49150,129030,103524,190796
GBP,2023-03-28,28355,52439,133149,110572,199868
GBP,2023-04-04,46415,61208,133802,124921,224690
GBP,2023-04-11,54928,57326,125634,130975,225292
GBP,2023-04-18,53834,52532,127731,135726,224536
GBP,2023-04-25,59405,53566,127306,137836,231666
GBP,2023-05-02,58661,57596,131148,135965,231602
GBP,2023-05-09,71561,67033,126935,138463,242576
GBP,2023-05-16,77388,64795,125675,143404,247165
GBP,2023-05-23,69203,57614,123348,140024,237614
GBP,2023-05-30,70320,57085,124002,139210,240301
GBP,2023-06-06,65063,52579,128441,142565,242117
GBP,2023-06-13,76383,69648,147717,166317,290350
GBP,2023-06-20,101567,54959,73692,132695,226505
GBP,2023-06-27,104382,52388,75034,141835,229970
GBP,2023-07-03,96461,46196,74446,138110,221021
GBP,2023-07-11,111667,53604,73150,145851,239125
GBP,2023-07-18,135269,71540,76229,157835,265766
GBP,2023-07-25,105498,46503,75737,152721,237340
GBP,2023-08-01,92175,42613,75949,142668,220906
GBP,2023-08-08,83239,36219,75990,133869,206954
GBP,2023-08-15,90541,39553,77496,137684,215340
GBP,2023-08-22,98061,38954,82487,147211,228179
GBP,2023-08-29,97143,48742,83880,140489,228616
GBP,2023-09-05,92645,46261,84129,134084,225404
GBP,2023-09-12,97365,51191,80441,131609,227437
GBP,2023-09-19,85095,51412,70362,102943,191117
GBP,2023-09-26,84750,69081,109264,117951,227843
GBP,2023-10-03,73911,80591,135637,118092,241045
GBP,2023-10-10,66290,76338,134573,113166,231510
GBP,2023-10-17,65537,76746,125328,105357,222945
GBP,2023-10-24,67119,85755,132744,105407,233259
GBP,2023-10-31,63712,84083,136888,102734,229991
GBP,2023-11-07,57532,73784,125781,96615,212730
GBP,2023-11-14,52797,80527,130004,94565,216411
GBP,2023-11-21,43300,69398,129406,98198,208657
GBP,2023-11-28,61296,69191,118253,108189,217372
GBP,2023-12-05,66359,54694,109112,121095,218873
GBP,2023-12-12,72011,50430,115620,135721,243677
GBP,2023-12-19,68810,48884,71626,99066,177998
GBP,2023-12-26,58750,44658,76501,98403,175138
GBP,2024-01-02,61794,46589,78751,96001,177770
GBP,2024-01-09,60684,39950,75972,98847,172631
GBP,2024-01-16,66230,35299,74438,105418,179758
GBP,2024-01-23,72599,41162,73087,107426,185680
GBP,2024-01-30,77499,43346,72532,109912,192229
GBP,2024-02-06,83936,49461,80560,109432,199246
GBP,2024-02-13,90545,40073,72289,119172,199070
GBP,2024-02-20,87602,41290,72901,121907,199275
GBP,2024-02-27,91970,45612,75762,127352,210828
GBP,2024-03-05,102279,43894,71655,135778,221726
GBP,2024-03-12,123285,52834,104338,183258,277702
GBP,2024-03-19,102605,49405,57898,115515,197398
GBP,2024-03-26,91261,56091,78159,115244,203109
GBP,2024-04-02,98352,54938,90146,129546,219176
GBP,2024-04-09,80000,51748,96196,123251,211286
GBP,2024-04-16,71800,63181,129957,126985,229420
GBP,2024-04-23,48459,74692,162986,122133,242821
GBP,2024-04-30,43668,72658,162366,118806,235610
GBP,2024-05-07,51777,73590,141835,108865,223730
GBP,2024-05-14,48674,68749,137917,111122,223242
GBP,2024-05-21,68538,67485,111397,111417,223976
GBP,2024-05-28,93041,67639,118109,150282,268749
GBP,2024-06-04,102118,58908,112717,161495,267750
GBP,2024-06-11,110300,58179,118817,175251,275487
GBP,2024-06-18,105920,58299,64996,113756,207303
GBP,2024-06-25,102547,58499,69497,114523,207697
GBP,2024-07-02,106753,44712,52797,117856,198119
GBP,2024-07-09,135316,50626,46249,140835,224179
GBP,2024-07-16,183287,50385,50803,199921,280623
GBP,2024-07-23,188489,46306,57005,211274,289241
GBP,2024-07-30,165635,54164,59012,182171,268554
GBP,2024-08-06,126080,51681,58800,139880,224042
GBP,2024-08-13,102603,54791,57134,115474,205569
GBP,2024-08-20,125634,58123,55248,135203,231383
GBP,2024-08-27,152163,62232,65042,170287,274215
GBP,2024-09-03,160773,52695,69973,190928,285461
GBP,2024-09-10,142072,51784,69944,177222,272336
GBP,2024-09-17,124822,61843,47645,127396,212595
GBP,2024-09-24,155325,68333,52374,156757,251641
GBP,2024-10-01,161469,67704,51360,162795,257312
GBP,2024-10-08,157666,64531,54329,162337,255908
GBP,2024-10-15,151923,66121,54936,154384,250150
GBP,2024-10-22,140603,66027,50886,131948,230130
GBP,2024-10-29,132636,66280,48596,122897,221535
GBP,2024-11-05,120737,75653,56459,112019,219857
GBP,2024-11-12,119992,63942,54642,113790,212345
GBP,2024-11-19,101713,61398,80547,119613,220896
GBP,2024-11-26,98459,76825,108932,121718,239062
GBP,2024-12-03,98056,78730,114068,123063,243504
GBP,2024-12-10,102763,75638,162912,184816,311725
GBP,2024-12-17,88265,66618,71728,87986,187135
GBP,2024-12-24,84558,65235,76000,88844,188844
GBP,2024-12-31,86202,65367,74237,88489,188879
GBP,2025-01-07,81343,66837,78373,84096,188770
GBP,2025-01-14,80557,80119,94313,79328,200826
GBP,2025-01-21,75696,83953,111968,83219,212688
GBP,2025-01-28,59331,81003,121421,82067,206821
GBP,2025-02-04,65442,76765,111619,86590,204644
GBP,2025-02-11,69087,72255,105189,88709,208138
GBP,2025-02-18,73564,74143,100001,89204,203370
GBP,2025-02-25,74089,69626,95277,89091,200468
GBP,2025-03-04,81866,63292,81410,95120,200634
GBP,2025-03-11,94786,65593,92023,124384,248457
GBP,2025-03-18,95941,66539,48822,87566,180841
GBP,2025-03-25,109016,64733,48843,99525,191212
GBP,2025-04-01,104986,70360,50320,89110,187160
GBP,2025-04-08,91733,74423,59719,75514,176910
GBP,2025-04-15,85708,79199,61721,71210,177006
GBP,2025-04-22,94021,73531,54477,79916,179555
GBP,2025-04-29,91064,67105,55263,84986,192312
GBP,2025-05-06,94384,65149,57797,92533,200214
GBP,2025-05-13,89540,62324,55836,87895,194861
GBP,2025-05-20,88144,64151,57675,91492,195326
GBP,2025-05-27,102391,67012,59033,105900,202990
GBP,2025-06-03,103672,68457,74588,123553,233601
GBP,2025-06-10,111076,59442,60665,121227,213940
GBP,2025-06-17,106282,63425,35707,87770,177026
GBP,2025-06-24,99848,65453,43166,87201,179898
GBP,2025-07-01,107150,75751,42773,86744,188689
GBP,2025-07-08,108019,74825,45495,89037,191557
GBP,2025-07-15,100980,71789,49932,87413,187275
GBP,2025-07-22,93760,93190,67928,73667,195467
GBP,2025-07-29,87799,99827,88729,75405,207879
GBP,2025-08-05,65635,98938,108854,76211,206254
GBP,2025-08-12,73736,112829,109217,73700,216082
GBP,2025-08-19,81303,106488,103816,83024,219831
GBP,2025-08-26,76001,107354,108993,83031,219906
GBP,2025-09-02,76062,109202,117507,85703,226437
GBP,2025-09-09,74849,108454,184370,154586,322879
GBP,2025-09-16,80796,87376,112620,117719,234531
GBP,2025-09-23,84500,86464,112662,115866,233166
GBP,2025-09-30,80540,89434,113199,105453,226426
GBP,2025-10-07,94411,98887,121358,117829,247550
GBP,2025-10-14,79515,91144,129942,113152,237520
GBP,2025-10-21,75419,92194,127352,111747,233484
GBP,2025-10-28,82471,102733,138267,111167,248118
GBP,2025-11-04,63117,118136,178498,111671,270917
GBP,2025-11-10,52423,133427,192529,100126,272612
GBP,2025-11-18,53189,132446,200570,107474,279341
GBP,2025-11-25,45257,138478,233392,131392,315550
GBP,2025-12-02,52252,132432,212626,123411,299768
GBP,2025-12-09,60319,135834,213264,128982,332405
GBP,2025-12-16,61968,110466,106912,56503,282031
GBP,2025-12-23,63540,104739,104258,60602,198132
GBP,2025-12-30,69492,102699,97782,63299,196003
GBP,2026-01-06,76486,107024,96932,67694,206314
GBP,2026-01-13,79003,104273,97243,71739,207867
GBP,2026-01-20,81332,103312,91023,73941,207612
GBP,2026-01-27,87786,103948,97216,91752,224459
GBP,2026-02-03,94893,108804,96004,88940,227888
GBP,2026-02-10,88373,114183,99512,84396,227574
GBP,2026-02-17,82015,124419,115022,77368,238845
GBP,2026-02-24,67213,124285,135804,79628,245891
GBP,2026-03-03,59499,132185,163156,85851,269696
GBP,2026-03-10,49270,133467,278523,191612,392591
GBP,2026-03-17,44293,109808,170509,100179,243434
GBP,2026-03-24,46459,104881,162128,100941,238862
GBP,2026-03-31,51304,103969,167652,106244,243461
GBP,2026-04-07,47344,103698,172233,109535,244191
GBP,2026-04-14,54947,109671,167315,108067,250053
GBP,2026-04-21,63086,115125,172752,115913,263523
GBP,2026-04-28,59577,120216,175790,111670,263635
GBP,2026-05-05,62573,126481,180932,115248,276143
GBP,2026-05-12,79605,122664,169529,124878,283643
GBP,2026-05-19,68075,132382,190244,121546,285647
GBP,2026-05-26,57978,119376,191611,128063,282065
GBP,2026-06-02,53687,105905,182081,120988,271147
GBP,2026-06-09,45743,109956,218025,142155,291371
GBP,2026-06-16,42043,113628,174844,94919,323315
GBP,2026-06-23,40772,146491,232430,108999,297226
GBP,2026-06-30,37149,139296,232886,111589,295062
GBP,2026-07-07,44564,132467,208613,110247,282969
GBP,2026-07-14,51085,122338,181763,103519,265153
GBP,2026-07-21,64282,119843,163251,106952,262281
GBP,2026-07-28,61458,126272,179056,106246,267426
GBP,2026-08-04,55012,112826,162731,100086,246577
GBP,2026-08-11,65268,121489,159342,100455,256447
GBP,2026-08-18,77343,131916,172609,122256,286371
GBP,2026-08-25,93612,138136,185715,147052,318468
GBP,2026-09-01,85386,134961,195463,149660,317961
GBP,2026-09-08,73520,132356,205647,148545,318608
JPY,2000-01-04,23597,8122,34206,49640,74372
JPY,2000-01-11,13901,36654,73597,37278,96868
JPY,2000-01-18,14552,39383,74679,34494,98948
JPY,2000-01-25,14395,38173,75880,38303,102097
JPY,2000-02-01,14920,52037,92469,35757,114608
JPY,2000-02-08,15452,58730,99718,36948,122393
JPY,2000-02-15,15845,63670,103311,37305,127294
JPY,2000-02-22,15592,65948,103845,37588,130314
JPY,2000-02-29,15979,61373,101891,39442,126995
JPY,2000-03-07,18522,32210,94053,74531,127634
JPY,2000-03-14,10306,28706,46886,24874,71233
JPY,2000-03-21,4444,28415,50192,23723,68331
JPY,2000-03-28,6061,28150,50384,25287,69382
JPY,2000-04-04,15319,8004,41120,56166,76692
JPY,2000-04-11,12042,8116,43447,50403,72067
JPY,2000-04-18,13424,7810,42635,53260,75075
JPY,2000-04-25,12254,8681,44945,51583,75039
JPY,2000-05-02,4110,16960,64261,42370,80159
JPY,2000-05-09,1523,21199,68032,37991,80715
JPY,2000-05-16,761,18143,69285,34520,82902
JPY,2000-05-23,752,13931,63254,41599,79554
JPY,2000-05-30,763,13228,60433,42319,78630
JPY,2000-06-06,1333,16143,54061,41169,82045
JPY,2000-06-13,1619,11557,67424,52127,79632
JPY,2000-06-20,818,8590,22595,16312,40067
JPY,2000-06-27,8251,6610,21732,25966,46786
JPY,2000-07-05,3823,9893,30035,20002,48751
JPY,2000-07-11,963,8752,40271,24513,52399
JPY,2000-07-18,641,15127,50288,21961,61744
JPY,2000-07-25,435,22664,58336,20722,69716
JPY,2000-08-01,1503,26502,64057,25073,77862
JPY,2000-08-08,471,27223,65854,25987,76872
JPY,2000-08-15,0,28804,70287,29203,82088
JPY,2000-08-22,140,28619,68875,28878,80631
JPY,2000-08-29,6943,19918,52015,38251,77923
JPY,2000-09-05,5476,12578,45378,41178,71820
JPY,2000-09-12,14416,8082,50447,56710,92390
JPY,2000-09-19,3734,7566,22851,15713,38431
JPY,2000-09-26,5306,9532,28815,14400,43973
JPY,2000-10-03,2244,16011,39774,13557,54499
JPY,2000-10-10,977,31065,54026,12019,66105
JPY,2000-10-17,965,30292,55031,10631,65298
JPY,2000-10-24,981,28792,53710,12067,65348
JPY,2000-10-31,1147,28226,57576,14207,68898
JPY,2000-11-07,615,24492,46917,17473,59077
JPY,2000-11-14,1315,23885,46929,15224,59507
JPY,2000-11-21,986,36058,66966,15544,77499
JPY,2000-11-28,866,34196,65953,17140,77425
JPY,2000-12-05,853,33302,71383,18995,82427
JPY,2000-12-12,110,41806,113569,49976,130047
JPY,2000-12-19,788,39021,78480,19707,87563
JPY,2000-12-26,1634,44254,80867,19456,90803
JPY,2001-01-02,1613,43032,81618,20802,91258
JPY,2001-01-09,1550,41688,80969,21214,91091
JPY,2001-01-16,1877,35747,76620,25613,90061
JPY,2001-01-23,4611,33823,76864,29273,91368
JPY,2001-01-30,1606,26806,73989,34112,87420
JPY,2001-02-06,1829,27865,77974,39078,92632
JPY,2001-02-13,1484,28958,77697,35840,90964
JPY,2001-02-20,682,27742,78101,36748,89673
JPY,2001-02-27,849,28386,77052,35884,89216
JPY,2001-03-06,922,32429,86148,34559,98574
JPY,2001-03-13,23034,41341,88319,49978,123971
JPY,2001-03-20,36675,37256,57012,33016,103349
JPY,2001-03-27,33952,30465,54155,38713,99717
JPY,2001-04-03,34750,32999,60655,42649,106688
JPY,2001-04-10,34121,32200,61076,41424,105515
JPY,2001-04-17,2292,27878,77384,32608,90864
JPY,2001-04-24,3775,27235,73978,37526,87870
JPY,2001-05-01,21103,26816,53583,37402,86456
JPY,2001-05-08,26696,29615,52044,39857,90252
JPY,2001-05-15,26429,28744,55737,39129,92328
JPY,2001-05-22,2531,29579,74319,33995,97736
JPY,2001-05-29,6661,16825,65411,53133,87280
JPY,2001-06-05,16370,11107,58896,64360,93638
JPY,2001-06-12,16507,13792,61207,56349,97354
JPY,2001-06-19,4703,20569,42787,11700,56263
JPY,2001-06-26,2708,27294,49900,8559,62444
JPY,2001-07-03,2294,34674,59361,9138,72009
JPY,2001-07-10,17020,41110,65964,23490,95443
JPY,2001-07-17,26985,36939,63962,35182,102545
JPY,2001-07-24,26014,27243,62095,43940,100240
JPY,2001-07-31,26464,30899,66721,46118,105945
JPY,2001-08-07,26803,25375,62004,52509,105044
JPY,2001-08-14,26620,15062,62214,73864,101855
JPY,2001-08-21,40409,9798,55646,93793,109786
JPY,2001-08-28,40057,9877,45495,80293,111974
JPY,2001-09-04,40762,8251,45803,85594,115883
JPY,2001-09-10,32713,9220,53113,74036,112122
JPY,2001-09-18,37787,9348,30738,63788,86678
JPY,2001-09-25,39909,9544,29273,66812,90169
JPY,2001-10-02,22438,8929,38960,48884,75174
JPY,2001-10-09,20983,10715,37987,42434,71605
JPY,2001-10-16,15409,16523,48699,33312,74649
JPY,2001-10-23,3588,25372,63491,21453,75643
JPY,2001-10-30,3817,31162,69796,21911,81807
JPY,2001-11-06,14379,28293,66183,36551,91333
JPY,2001-11-13,19203,23434,62532,45595,92819
JPY,2001-11-20,13491,32377,73580,36446,102491
JPY,2001-11-27,18647,40277,77600,37963,109170
JPY,2001-12-04,29792,38210,77539,50229,119948
JPY,2001-12-11,36798,41056,99520,71288,153340
JPY,2001-12-18,37020,38955,82669,49620,126848
JPY,2001-12-21,37531,41852,83084,53221,129864
JPY,2001-12-28,39575,38709,80419,55998,130768
JPY,2002-01-08,38443,41973,84030,57190,135340
JPY,2002-01-15,36543,39146,83608,50279,133175
JPY,2002-01-22,27336,41737,85756,46246,130458
JPY,2002-01-29,31724,38067,83247,53404,126984
JPY,2002-02-05,31592,35608,85296,57277,129271
JPY,2002-02-12,22996,30777,78664,51339,115316
JPY,2002-02-19,23244,35576,83910,53367,122120
JPY,2002-02-26,23130,42942,90724,51540,127692
JPY,2002-03-05,13717,27363,75362,47532,104976
JPY,2002-03-12,20510,13612,68149,75511,110848
JPY,2002-03-19,13812,14939,43504,38453,71074
JPY,2002-03-26,12941,17301,48069,35276,72383
JPY,2002-04-02,14174,23431,56634,33165,78204
JPY,2002-04-09,7488,18329,52883,33984,69913
JPY,2002-04-16,8644,17395,53539,34725,71886
JPY,2002-04-23,12647,13373,41584,36436,67954
JPY,2002-04-30,16757,11103,48250,51011,82621
JPY,2002-05-07,16872,10358,48007,56167,84031
JPY,2002-05-14,14583,11769,52229,51578,83322
JPY,2002-05-21,21800,7938,51295,68014,95905
JPY,2002-05-28,20481,8307,51083,70296,94948
JPY,2002-06-04,17715,9340,53113,71677,97625
JPY,2002-06-11,17774,11699,57985,67721,105123
JPY,2002-06-18,19424,9955,28499,44060,68634
JPY,2002-06-25,21992,11383,28762,49893,75487
JPY,2002-07-02,19786,10740,29992,50095,74473
JPY,2002-07-09,20799,10599,30341,54898,78069
JPY,2002-07-16,21661,10440,30212,54062,78550
JPY,2002-07-23,20262,10399,31525,53781,76478
JPY,2002-07-30,14452,10600,37369,48706,73947
JPY,2002-08-06,12340,11634,38603,44956,71254
JPY,2002-08-13,13237,9573,37857,48228,70948
JPY,2002-08-20,12496,9084,37596,49381,70974
JPY,2002-08-27,15007,10656,35846,50081,72646
JPY,2002-09-03,17853,11212,35999,53578,77046
JPY,2002-09-10,14997,11777,66802,74349,102073
JPY,2002-09-17,1996,18370,52942,27220,68295
JPY,2002-09-24,1826,19906,57516,25507,70469
JPY,2002-10-01,2586,17899,57426,27128,71055
JPY,2002-10-08,9841,23082,61735,31290,82495
JPY,2002-10-15,8606,21436,61414,31389,80287
JPY,2002-10-22,8768,23702,66165,30174,85343
JPY,2002-10-29,13185,21449,52101,34902,79469
JPY,2002-11-05,12412,17108,48471,36954,75258
JPY,2002-11-12,14064,14491,41580,44934,77422
JPY,2002-11-19,12867,15758,45771,37575,75092
JPY,2002-11-26,11744,16208,47494,38202,71861
JPY,2002-12-03,9754,19657,57574,33578,78433
JPY,2002-12-10,8206,20416,99299,73325,119680
JPY,2002-12-17,11832,12538,62454,52066,87176
JPY,2002-12-23,16976,13169,59941,59826,92767
JPY,2002-12-31,40666,12532,56491,91282,119681
JPY,2003-01-07,39488,12261,59421,85958,116555
JPY,2003-01-14,44399,11455,49339,91697,120396
JPY,2003-01-21,44463,11170,51963,88915,119530
JPY,2003-01-28,36528,10918,52997,79960,108851
JPY,2003-02-04,19681,14087,54717,52104,91248
JPY,2003-02-11,30376,19667,65096,59904,110275
JPY,2003-02-18,37746,19313,58565,69131,113853
JPY,2003-02-25,45047,9293,51661,89891,118365
JPY,2003-03-04,40722,8690,51335,90841,116621
JPY,2003-03-11,42400,6181,60724,103505,133098
JPY,2003-03-18,30389,7071,33010,58145,82659
JPY,2003-03-25,10780,23763,63468,36695,84457
JPY,2003-04-01,12485,16388,54463,43455,80136
JPY,2003-04-08,11031,16665,53069,39519,75088
JPY,2003-04-15,9937,19354,59144,37337,79252
JPY,2003-04-22,14525,18708,58741,42580,83959
JPY,2003-04-29,9641,19821,64572,43129,86346
JPY,2003-05-06,19853,17185,58377,60299,99924
JPY,2003-05-13,38488,9026,48552,82010,114134
JPY,2003-05-20,37884,8114,45972,80487,111964
JPY,2003-05-27,36758,7315,45387,76528,109843
JPY,2003-06-03,19933,12373,61304,56170,98513
JPY,2003-06-10,22835,11079,78389,73398,121421
JPY,2003-06-17,24463,13601,49945,56963,91916
JPY,2003-06-24,25897,8761,54124,68080,98292
JPY,2003-07-01,8768,22165,79662,49337,104184
JPY,2003-07-08,13642,13534,75970,63341,104434
JPY,2003-07-15,23702,7877,67833,85119,113969
JPY,2003-07-22,16536,9744,68373,70702,104161
JPY,2003-07-29,18580,12272,68142,65307,103252
JPY,2003-08-05,10136,46435,102290,46435,125420
JPY,2003-08-12,12940,22880,87270,65228,115581
JPY,2003-08-19,14557,23909,64180,45358,118044
JPY,2003-08-26,22148,8916,83348,96859,131738
JPY,2003-09-02,53464,6509,81558,138970,169584
JPY,2003-09-09,59532,6687,74834,138974,171788
JPY,2003-09-16,60153,5506,34678,105030,126661
JPY,2003-09-23,61520,7972,37854,106839,135500
JPY,2003-09-30,69657,28792,38358,96148,144431
JPY,2003-10-07,76438,26713,42205,110396,159009
JPY,2003-10-14,71679,32470,43437,99358,154276
JPY,2003-10-21,69794,21490,43485,107894,151390
JPY,2003-10-28,71462,16552,43278,113848,152880
JPY,2003-11-04,56179,5835,48770,105901,135896
JPY,2003-11-11,63585,5788,45313,115745,143363
JPY,2003-11-18,59678,5916,47691,117852,143468
JPY,2003-11-25,47773,5233,52832,107929,133380
JPY,2003-12-02,53739,7553,54016,114664,142600
JPY,2003-12-09,62513,5777,66696,136954,170513
JPY,2003-12-16,62421,4185,43063,118798,139376
JPY,2003-12-22,52320,4185,44767,110677,131080
JPY,2003-12-30,51851,4187,51686,116941,138423
JPY,2004-01-06,62753,5919,53883,134417,156255
JPY,2004-01-13,65248,4646,55227,138539,159233
JPY,2004-01-20,56801,5093,59063,128517,152326
JPY,2004-01-27,63946,5954,57941,139191,160713
JPY,2004-02-03,70199,5700,60888,146770,169516
JPY,2004-02-10,64595,5965,59887,135673,160443
JPY,2004-02-17,62030,6832,60003,135501,159603
JPY,2004-02-24,16202,28383,96978,92561,142090
JPY,2004-03-02,15719,38031,109142,88068,153545
JPY,2004-03-09,7779,42295,118435,88943,156926
JPY,2004-03-16,6974,38413,56694,25937,89476
JPY,2004-03-23,11328,25929,50177,44909,86095
JPY,2004-03-30,26251,21942,49818,71283,107017
JPY,2004-04-06,43206,22818,53304,97998,132851
JPY,2004-04-12,47017,22257,53038,101443,135388
JPY,2004-04-20,18697,24741,55727,66233,104240
JPY,2004-04-27,17240,17036,56938,72673,104978
JPY,2004-05-04,12525,9552,59816,76749,103861
JPY,2004-05-11,8791,18884,65656,63948,108604
JPY,2004-05-18,9095,21777,65786,59127,105799
JPY,2004-05-25,8656,20763,67210,63451,107597
JPY,2004-06-01,8561,13400,75811,81740,115839
JPY,2004-06-08,12259,11661,80681,92895,126066
JPY,2004-06-15,11677,9184,56277,64008,91167
JPY,2004-06-22,12433,6938,54160,70946,92993
JPY,2004-06-29,13262,4846,53806,80155,98904
JPY,2004-07-06,7488,5071,56796,80841,99512
JPY,2004-07-13,10569,8403,64336,83973,106390
JPY,2004-07-20,11789,9952,64571,84000,109321
JPY,2004-07-27,10608,13009,68332,73364,107170
JPY,2004-08-03,12133,15401,75397,70164,113468
JPY,2004-08-10,10330,18612,74030,67151,110433
JPY,2004-08-17,11251,16456,76801,72935,113957
JPY,2004-08-24,12757,13726,67931,74933,108560
JPY,2004-08-31,12753,12228,64793,80773,109198
JPY,2004-09-07,10847,11679,66132,74552,106537
JPY,2004-09-14,7982,12039,47779,50086,79272
JPY,2004-09-21,7666,17023,49595,45443,82044
JPY,2004-09-28,10277,32480,62615,34851,94536
JPY,2004-10-05,11572,26068,77223,57988,111308
JPY,2004-10-12,12753,19140,77058,75111,117286
JPY,2004-10-19,22884,14319,74117,97123,130921
JPY,2004-10-26,41391,13755,64933,113154,143619
JPY,2004-11-02,46779,9965,76264,135782,162362
JPY,2004-11-09,53757,14664,80787,143812,174751
JPY,2004-11-16,58608,14012,80442,148947,181901
JPY,2004-11-23,56698,23500,87732,145559,190372
JPY,2004-11-30,61276,21916,91163,154640,196960
JPY,2004-12-07,50795,13472,126760,184367,221297
JPY,2004-12-14,33636,12235,78433,116473,145978
JPY,2004-12-21,33373,12797,77292,115698,145705
JPY,2004-12-28,39240,11487,74288,124182,150488
JPY,2005-01-04,33972,11252,88489,126703,155870
JPY,2005-01-11,35208,11463,92180,130683,161868
JPY,2005-01-18,39872,31993,88284,120135,171109
JPY,2005-01-25,33608,32684,90835,111336,162182
JPY,2005-02-01,31214,30815,98634,122710,167125
JPY,2005-02-08,19798,34088,101203,98396,155552
JPY,2005-02-15,13017,36710,109138,92564,151987
JPY,2005-02-22,14078,40013,106405,89940,154084
JPY,2005-03-01,13422,20545,107980,112908,153631
JPY,2005-03-08,13350,23136,120197,121990,171109
JPY,2005-03-15,13944,19290,64255,70141,107434
JPY,2005-03-22,15675,27578,65906,59607,108865
JPY,2005-03-29,11033,41222,76938,47486,114268
JPY,2005-04-05,9686,46128,92614,52801,127406
JPY,2005-04-12,11954,56150,95502,46209,133228
JPY,2005-04-19,6927,61624,111224,54714,143178
JPY,2005-04-26,11215,43717,102423,71356,138788
JPY,2005-05-03,21832,35963,110032,103296,160185
JPY,2005-05-10,20771,30334,109373,110558,160836
JPY,2005-05-17,11663,59546,153623,109993,189032
JPY,2005-05-24,10629,49460,150228,110349,184022
JPY,2005-05-31,6467,54902,150941,100736,183593
JPY,2005-06-07,5295,42406,151976,117037,185988
JPY,2005-06-14,8991,61022,112210,53702,144048
JPY,2005-06-21,11128,49102,104243,62607,139726
JPY,2005-06-28,10844,62689,112688,53483,147872
JPY,2005-07-05,11579,63765,120359,61368,156517
JPY,2005-07-12,10830,73906,126369,56864,162959
JPY,2005-07-19,9165,68221,133055,67280,168697
JPY,2005-07-26,8032,55800,128689,75625,161014
JPY,2005-08-02,9337,52488,130470,84655,165281
JPY,2005-08-09,12768,61428,139535,83986,177994
JPY,2005-08-16,12423,38808,125756,102970,166923
JPY,2005-08-23,9358,40724,128914,101140,166538
JPY,2005-08-30,7941,55606,157079,108008,178245
JPY,2005-09-06,8017,42389,151972,121758,175986
JPY,2005-09-13,10280,45214,149177,114005,189247
JPY,2005-09-20,11954,59583,93551,39459,127850
JPY,2005-09-27,13469,72535,101617,33591,138571
JPY,2005-10-04,16352,79651,125981,56416,167979
JPY,2005-10-11,18745,84780,129505,56348,176161
JPY,2005-10-18,20214,86855,149883,72818,199678
JPY,2005-10-25,20098,86780,147875,76634,195218
JPY,2005-11-01,19862,86164,150226,74757,195803
JPY,2005-11-08,19428,84056,152664,80124,197715
JPY,2005-11-15,21147,88378,155676,80033,203137
JPY,2005-11-22,21037,86921,155228,83522,204816
JPY,2005-11-29,22626,86626,154396,85604,206878
JPY,2005-12-06,26712,98355,162475,87806,220313
JPY,2005-12-13,22221,94284,188591,112913,243599
JPY,2005-12-20,12322,38427,103665,70812,139503
JPY,2005-12-27,16998,39127,104516,81452,148945
JPY,2006-01-03,22192,46929,105548,84108,155722
JPY,2006-01-10,30472,50001,103194,95280,169886
JPY,2006-01-17,30062,48321,103792,93718,167681
JPY,2006-01-24,29698,48976,103532,94693,166600
JPY,2006-01-31,32287,74032,126595,83469,188724
JPY,2006-02-07,31219,87566,141301,79899,197898
JPY,2006-02-14,27560,82617,141417,80756,195644
JPY,2006-02-21,26959,98143,149692,70696,203465
JPY,2006-02-28,41587,64408,127801,107765,201773
JPY,2006-03-07,36738,78569,176747,134264,248612
JPY,2006-03-14,24814,70103,135112,85072,189513
JPY,2006-03-21,23115,52471,123357,93753,175962
JPY,2006-03-28,27229,57641,125904,90414,180101
JPY,2006-04-04,30603,63319,126842,93976,189732
JPY,2006-04-11,36213,90684,140062,80234,205630
JPY,2006-04-18,38749,79890,129443,88624,202039
JPY,2006-04-25,40997,47487,118831,124394,201415
JPY,2006-05-02,44389,41700,118301,144592,206400
JPY,2006-05-09,46769,27925,113023,157197,210545
JPY,2006-05-16,47053,27932,116805,158078,212386
JPY,2006-05-23,49669,31340,116134,154398,211949
JPY,2006-05-30,56019,30278,108021,153269,208512
JPY,2006-06-06,47148,26145,113610,146902,201843
JPY,2006-06-13,39360,48957,157545,152880,243513
JPY,2006-06-20,23877,46884,104582,85187,161290
JPY,2006-06-27,25190,60762,116383,81209,174066
JPY,2006-07-03,25330,49239,110040,90220,168688
JPY,2006-07-11,27639,48343,112062,99551,173470
JPY,2006-07-18,27724,96773,145874,74172,203567
JPY,2006-07-25,26299,103185,152876,73589,208508
JPY,2006-08-01,25391,68375,138866,97439,195626
JPY,2006-08-08,25031,76822,141054,94420,198570
JPY,2006-08-15,29646,91920,153461,92252,216492
JPY,2006-08-22,30853,105930,163702,87185,227195
JPY,2006-08-29,33920,122249,175367,85176,244441
JPY,2006-09-05,32941,102439,160209,89614,228792
JPY,2006-09-12,34942,134394,205621,86590,275585
JPY,2006-09-19,34955,125759,160209,62383,225098
JPY,2006-09-26,42518,129876,150583,55335,221240
JPY,2006-10-03,47430,151581,165283,55727,243819
JPY,2006-10-10,50595,174193,182858,53712,267803
JPY,2006-10-17,53173,165751,173899,58427,261575
JPY,2006-10-24,50401,187691,195865,57498,282998
JPY,2006-10-31,46776,106376,139703,87349,226607
JPY,2006-11-07,48102,111614,141299,85210,229063
JPY,2006-11-14,48106,103118,144572,98891,233573
JPY,2006-11-21,50648,131069,168766,93687,258327
JPY,2006-11-28,56033,97991,150874,122417,252107
JPY,2006-12-05,62344,85881,153868,150125,268136
JPY,2006-12-12,50622,106182,177991,138635,276919
JPY,2006-12-19,48950,141469,151142,63344,239042
JPY,2006-12-26,55629,160543,165030,65428,262764
JPY,2007-01-03,54819,173411,182315,66903,280541
JPY,2007-01-09,54341,177684,182880,66875,287999
JPY,2007-01-16,56031,194177,206149,69822,308740
JPY,2007-01-23,52200,217060,246414,85624,344998
JPY,2007-01-30,42579,215584,255656,87884,344070
JPY,2007-02-06,41025,169551,230123,107247,314920
JPY,2007-02-13,43467,210972,269569,109947,361809
JPY,2007-02-20,42286,158481,237985,135354,332216
JPY,2007-02-27,39383,154009,236369,133677,328295
JPY,2007-03-06,30479,93365,202412,146414,278491
JPY,2007-03-13,38194,91047,185748,143512,281602
JPY,2007-03-20,34269,84222,98301,63646,176550
JPY,2007-03-27,37765,85245,125945,87199,204073
JPY,2007-04-03,36845,100703,140812,81355,221748
JPY,2007-04-10,42718,107559,141946,82979,230370
JPY,2007-04-17,43281,113800,150691,83251,234796
JPY,2007-04-24,37900,119672,158243,82310,235531
JPY,2007-05-01,47618,166400,188716,78461,279868
JPY,2007-05-08,51213,163472,190671,84855,284780
JPY,2007-05-15,46650,174546,204220,85983,297263
JPY,2007-05-22,52301,204047,230085,83736,326431
JPY,2007-05-29,51301,197544,222725,83306,319048
JPY,2007-06-05,53781,177787,209829,97812,311288
JPY,2007-06-12,48791,176353,279030,162878,380532
JPY,2007-06-19,45218,206579,227309,65979,310083
JPY,2007-06-26,49411,237488,264063,77604,352299
JPY,2007-07-03,43373,198511,244264,91434,326811
JPY,2007-07-10,51549,177439,226591,104651,320333
JPY,2007-07-17,50431,177204,212555,91657,303595
JPY,2007-07-24,51088,143503,188343,106993,284669
JPY,2007-07-31,46600,97762,174003,133513,264271
JPY,2007-08-07,47110,81603,172806,152366,263905
JPY,2007-08-14,57759,79648,178281,169749,278398
JPY,2007-08-21,61218,59702,173550,187833,273008
JPY,2007-08-28,66128,56282,173334,195871,276995
JPY,2007-09-04,58339,65392,175469,178832,269834
JPY,2007-09-11,62733,57148,195252,214810,299538
JPY,2007-09-18,41534,62601,93739,84116,168189
JPY,2007-09-25,46051,48500,91652,101925,171770
JPY,2007-10-02,35521,63590,127380,109662,197060
JPY,2007-10-09,36321,82078,154402,117142,224347
JPY,2007-10-16,45607,84220,149731,117750,228334
JPY,2007-10-23,46369,67723,145548,134904,225032
JPY,2007-10-30,57461,67410,129666,133709,222002
JPY,2007-11-06,59945,68842,121629,126869,216041
JPY,2007-11-13,63338,42542,86879,126365,190955
JPY,2007-11-20,68020,37619,83162,134908,193209
JPY,2007-11-27,68104,36772,84172,137579,192574
JPY,2007-12-04,73463,39378,82859,138141,195761
JPY,2007-12-11,68557,37654,110434,159788,218614
JPY,2007-12-18,54075,40718,92410,118024,176620
JPY,2007-12-24,46961,42948,105179,117336,180033
JPY,2007-12-31,45107,44187,107806,117255,181412
JPY,2008-01-08,62356,24883,97448,147328,193786
JPY,2008-01-15,64712,27513,100897,151888,202548
JPY,2008-01-22,67896,26054,88117,145237,193308
JPY,2008-01-29,78810,25882,92355,160498,206162
JPY,2008-02-05,83740,29050,104879,175163,225290
JPY,2008-02-12,73955,30484,120344,175817,231216
JPY,2008-02-19,80805,30361,117380,184665,237223
JPY,2008-02-26,70188,35899,129969,177118,235856
JPY,2008-03-04,94654,38369,116355,194159,254859
JPY,2008-03-11,86383,36230,108059,178301,234069
JPY,2008-03-18,82300,26541,76317,150981,193580
JPY,2008-03-25,88691,22771,76963,158417,196616
JPY,2008-04-01,78135,25837,79243,146195,189206
JPY,2008-04-08,70424,27357,81728,138845,182491
JPY,2008-04-15,68950,20978,79136,137228,177514
JPY,2008-04-22,60353,25266,85279,128494,172737
JPY,2008-04-29,73485,18035,64831,129122,166940
JPY,2008-05-06,69355,20620,72209,126827,169098
JPY,2008-05-13,62209,28393,85465,126576,174423
JPY,2008-05-20,65203,25155,69969,121168,165388
JPY,2008-05-27,62907,29603,79024,123067,171688
JPY,2008-06-03,55009,31644,82305,100291,164454
JPY,2008-06-10,43391,35675,132747,133166,202372
JPY,2008-06-17,39989,34132,96011,97236,161544
JPY,2008-06-24,34316,47063,105223,90770,164015
JPY,2008-07-01,45189,29184,103980,122231,175598
JPY,2008-07-08,40519,35194,107907,117123,175428
JPY,2008-07-15,77600,27495,103912,166517,213992
JPY,2008-07-22,48433,37909,114167,130431,187785
JPY,2008-07-29,39162,45442,117604,109446,178959
JPY,2008-08-05,45898,57979,130875,119020,200818
JPY,2008-08-12,46164,59413,141077,121647,208622
JPY,2008-08-19,40933,64071,148456,118462,212982
JPY,2008-08-26,40103,60073,146975,124878,209138
JPY,2008-09-02,38405,43425,143631,139542,205813
JPY,2008-09-09,39298,24477,143124,161962,206916
JPY,2008-09-16,50625,24025,57162,88537,132133
JPY,2008-09-23,51186,19247,67085,108729,141677
JPY,2008-09-30,69373,26351,65155,119425,159908
JPY,2008-10-07,61557,21744,68733,122528,158003
JPY,2008-10-14,51709,21805,54900,100556,132983
JPY,2008-10-21,51441,21320,54077,100011,138768
JPY,2008-10-28,51215,19389,54901,97807,143020
JPY,2008-11-04,46772,20278,54352,91675,129500
JPY,2008-11-11,46353,21842,61251,96455,130102
JPY,2008-11-18,46827,22693,59015,94368,129694
JPY,2008-11-25,62066,24900,46145,95959,131206
JPY,2008-12-02,67743,24840,43279,98731,138994
JPY,2008-12-09,62978,19719,64530,132212,166059
JPY,2008-12-16,59985,18604,25067,74010,110472
JPY,2008-12-22,56334,16236,25419,71267,105339
JPY,2008-12-30,57793,13917,25447,73898,105926
JPY,2009-01-06,62615,16221,26681,74166,110160
JPY,2009-01-13,60480,15585,27263,72250,107714
JPY,2009-01-20,62529,15439,29220,78405,113171
JPY,2009-01-27,63369,14362,28783,83450,115063
JPY,2009-02-03,65131,14613,28676,85167,117069
JPY,2009-02-10,56870,13273,27908,71290,106751
JPY,2009-02-17,54653,18465,33128,63323,108685
JPY,2009-02-24,47262,18627,43617,62725,108705
JPY,2009-03-03,46618,26548,48202,55160,110223
JPY,2009-03-10,43326,24420,52418,56921,114020
JPY,2009-03-17,27170,31866,33063,19259,70507
JPY,2009-03-24,25057,32719,29910,16662,69923
JPY,2009-03-31,26744,36207,34296,18118,76607
JPY,2009-04-07,25566,32564,44924,24710,84138
JPY,2009-04-14,21169,27264,44786,29770,82017
JPY,2009-04-21,18343,32038,40029,20007,74215
JPY,2009-04-28,22162,26741,36138,28240,75734
JPY,2009-05-05,21588,28106,38002,26617,75595
JPY,2009-05-12,28513,26125,36879,39091,85709
JPY,2009-05-19,29526,23526,37571,46640,90204
JPY,2009-05-26,34860,26851,37916,49511,96706
JPY,2009-06-02,34077,24456,42726,54840,96969
JPY,2009-06-09,25222,27521,53544,46448,93527
JPY,2009-06-16,18287,26850,29475,18002,62998
JPY,2009-06-23,22186,26193,31454,30287,73797
JPY,2009-06-30,23261,24308,33018,33782,73476
JPY,2009-07-07,36668,19551,31703,54421,89956
JPY,2009-07-14,52640,19073,30772,75058,110140
JPY,2009-07-21,52973,16785,30422,79615,110610
JPY,2009-07-28,37334,13032,28105,62714,90649
JPY,2009-08-04,28269,17654,29078,46404,80101
JPY,2009-08-11,24019,23195,29869,24996,70654
JPY,2009-08-18,25121,22768,29416,30746,72642
JPY,2009-08-25,34055,22408,30043,46536,86500
JPY,2009-09-01,52041,19676,30018,71495,107605
JPY,2009-09-08,56725,15926,30640,81948,115249
JPY,2009-09-15,54044,16937,24083,74881,108330
JPY,2009-09-22,63269,17654,26167,86301,119425
JPY,2009-09-29,63449,18593,26598,82515,119276
JPY,2009-10-06,62127,17484,25847,85016,120340
JPY,2009-10-13,49817,16478,39902,83205,119052
JPY,2009-10-20,49401,18216,45911,82789,120630
JPY,2009-10-27,36076,18546,56833,76361,115161
JPY,2009-11-03,39028,19196,48691,70295,110032
JPY,2009-11-09,42044,20166,52058,78906,117344
JPY,2009-11-17,48750,13198,47864,92869,125908
JPY,2009-11-24,65224,13514,38073,97133,131833
JPY,2009-12-01,73793,16886,37883,104010,144123
JPY,2009-12-08,48754,13572,52185,87033,123501
JPY,2009-12-15,33810,25438,34665,43990,88438
JPY,2009-12-22,29477,30488,46118,41644,93224
JPY,2009-12-29,19943,34846,59501,37716,95217
JPY,2010-01-05,20634,37445,68983,41659,104231
JPY,2010-01-12,21951,38695,82160,49902,120568
JPY,2010-01-19,23718,40814,80293,51178,122367
JPY,2010-01-26,28821,33168,67644,59405,119819
JPY,2010-02-02,30177,23042,63746,65814,116129
JPY,2010-02-09,41352,18956,53299,73235,120060
JPY,2010-02-16,35691,21779,60328,70531,119816
JPY,2010-02-23,30432,28715,70481,65562,122919
JPY,2010-03-02,57332,24780,50719,80941,133600
JPY,2010-03-09,51919,25631,62037,85470,137443
JPY,2010-03-16,41278,26081,35087,43303,95999
JPY,2010-03-23,41030,30869,37353,38587,96913
JPY,2010-03-30,17174,48040,74872,23538,109417
JPY,2010-04-06,18596,60901,87835,23016,123837
JPY,2010-04-13,12573,68319,104015,23927,131723
JPY,2010-04-20,14211,64549,105379,27213,134324
JPY,2010-04-27,15018,64795,107397,32833,137780
JPY,2010-05-04,12430,78042,119606,26740,147243
JPY,2010-05-11,23265,57934,106673,60755,146389
JPY,2010-05-18,21393,55682,106814,55727,142699
JPY,2010-05-25,31994,42232,89420,68704,140769
JPY,2010-06-01,33215,39699,79929,66438,133365
JPY,2010-06-08,28519,41066,85012,63595,133010
JPY,2010-06-15,23304,26984,43467,26882,82217
JPY,2010-06-22,29257,25627,43517,39436,91415
JPY,2010-06-29,51721,24294,43161,74113,120484
JPY,2010-07-06,62476,24550,43431,86278,135128
JPY,2010-07-13,63205,15846,42411,94944,133665
JPY,2010-07-20,54733,13822,43093,90752,127658
JPY,2010-07-27,48488,18567,47996,78595,124595
JPY,2010-08-03,61723,13725,42108,92011,133870
JPY,2010-08-10,65314,12836,42754,95218,136999
JPY,2010-08-17,62745,12776,45729,94054,137645
JPY,2010-08-24,63086,12017,44860,94835,140128
JPY,2010-08-31,61219,11315,48388,94844,139079
JPY,2010-09-07,65440,13257,56195,105685,150513
JPY,2010-09-14,61215,13573,43822,93631,134360
JPY,2010-09-21,39948,16848,46822,73279,113349
JPY,2010-09-28,45136,16470,45380,77232,118274
JPY,2010-10-05,66866,17660,44606,96417,142488
JPY,2010-10-12,66463,18178,48326,98217,146581
JPY,2010-10-19,62554,16698,47485,91956,139496
JPY,2010-10-26,61305,18176,48456,91135,139850
JPY,2010-11-02,63061,16606,45614,95686,140062
JPY,2010-11-09,54256,17602,51645,85735,140515
JPY,2010-11-16,47595,24737,54366,73253,131701
JPY,2010-11-23,51161,23969,51366,74625,129620
JPY,2010-11-30,55791,25785,51521,75586,133069
JPY,2010-12-07,47661,24373,55384,74207,132233
JPY,2010-12-14,34996,22261,41019,43890,96110
JPY,2010-12-21,34243,21714,36574,38943,90072
JPY,2010-12-28,49941,20300,35204,59053,109343
JPY,2011-01-04,65924,26859,35714,74487,128483
JPY,2011-01-11,43884,19148,39826,57651,107132
JPY,2011-01-18,46258,25729,38744,53151,110405
JPY,2011-01-25,54495,22277,36405,63818,116661
JPY,2011-02-01,52648,21167,36222,61666,116384
JPY,2011-02-08,56607,19876,34434,63374,117705
JPY,2011-02-15,24389,42937,71070,37558,116803
JPY,2011-02-22,23457,51203,78336,37856,124016
JPY,2011-03-01,62396,21122,47763,79625,136561
JPY,2011-03-08,43205,26549,60542,68760,131247
JPY,2011-03-15,52603,22373,29577,56979,114701
JPY,2011-03-22,52484,17959,30066,65912,112051
JPY,2011-03-29,37737,30685,33152,38976,100377
JPY,2011-04-05,16516,59747,81153,19159,120632
JPY,2011-04-12,14183,67060,95231,18248,130084
JPY,2011-04-19,12935,65918,96035,21785,127838
JPY,2011-04-26,14063,51060,76538,22612,114134
JPY,2011-05-03,19779,38598,58959,27519,104590
JPY,2011-05-10,36100,23046,40579,41896,102289
JPY,2011-05-17,38016,22643,40617,43409,103453
JPY,2011-05-24,32188,24182,41588,41871,99264
JPY,2011-05-31,24186,25834,44221,35534,95929
JPY,2011-06-07,35883,18252,40964,53425,106199
JPY,2011-06-14,38618,13850,27559,47182,94483
JPY,2011-06-21,47074,14480,23172,55263,99071
JPY,2011-06-28,34319,20696,37464,41037,94286
JPY,2011-07-05,34595,20268,37001,43359,94901
JPY,2011-07-12,52277,23989,31775,59654,115846
JPY,2011-07-19,63535,21380,31874,78836,129653
JPY,2011-07-26,72114,20812,31950,86498,138932
JPY,2011-08-02,78855,20022,31542,96406,148888
JPY,2011-08-09,53386,11237,33208,83110,119904
JPY,2011-08-16,59060,11712,34111,88078,126262
JPY,2011-08-23,60831,13692,40500,89204,131217
JPY,2011-08-30,54136,12951,40060,84413,126128
JPY,2011-09-06,48125,15338,47213,75362,123412
JPY,2011-09-13,53778,18823,69951,101512,151535
JPY,2011-09-20,63888,18271,35079,82253,127828
JPY,2011-09-27,61166,18844,37340,77590,125732
JPY,2011-10-04,60867,17405,46805,86267,134724
JPY,2011-10-11,54190,19071,73150,105272,153849
JPY,2011-10-18,49047,22140,78263,100223,152255
JPY,2011-10-25,75999,21720,56542,114802,165616
JPY,2011-11-01,43671,17767,68980,93739,138045
JPY,2011-11-08,44320,16243,70785,95839,138981
JPY,2011-11-15,49916,16236,71117,100819,142233
JPY,2011-11-22,57018,13838,71333,111966,149571
JPY,2011-11-29,56162,15615,90534,125881,166279
JPY,2011-12-06,56817,18546,102825,135080,178625
JPY,2011-12-13,52249,16649,127716,154671,204818
JPY,2011-12-20,52148,27672,62663,79993,132006
JPY,2011-12-27,52691,30106,64648,76831,132557
JPY,2012-01-03,72986,16505,64329,115986,158719
JPY,2012-01-10,76671,17014,63448,120176,163533
JPY,2012-01-17,78355,19493,64244,124129,168070
JPY,2012-01-24,66194,21827,64774,100438,152061
JPY,2012-01-31,81054,24385,65159,118220,172967
JPY,2012-02-07,84847,29676,67345,117566,178512
JPY,2012-02-14,64096,34637,69188,83587,153683
JPY,2012-02-21,62062,44805,72539,66143,150551
JPY,2012-02-28,51558,52761,83362,52335,148310
JPY,2012-03-06,33281,52639,101188,50071,147952
JPY,2012-03-13,22249,64629,156362,74440,196396
JPY,2012-03-20,34923,60744,92729,32938,139769
JPY,2012-03-27,10905,78527,123120,19024,145497
JPY,2012-04-03,14563,79671,124871,20393,150382
JPY,2012-04-10,16097,82181,124239,21715,150875
JPY,2012-04-17,16917,74720,117949,26308,144168
JPY,2012-04-24,12669,68572,113918,27577,137636
JPY,2012-05-01,14110,64283,114191,31306,140349
JPY,2012-05-08,16369,57462,111185,41433,141842
JPY,2012-05-15,17455,51770,108497,44889,139275
JPY,2012-05-22,20483,38498,106143,63037,142168
JPY,2012-05-29,21620,32950,103632,69457,140684
JPY,2012-06-05,37376,25303,104807,105560,169663
JPY,2012-06-12,38182,25875,113390,109112,174278
JPY,2012-06-19,44740,29603,61597,62271,123868
JPY,2012-06-26,43910,39368,66111,46910,123247
JPY,2012-07-03,36950,32775,66299,48531,117403
JPY,2012-07-10,32920,23968,66776,56267,115522
JPY,2012-07-17,36734,25613,67719,61020,121806
JPY,2012-07-24,52024,26963,65716,79575,139033
JPY,2012-07-31,55373,23119,64503,87144,144095
JPY,2012-08-07,55883,28344,69117,85413,148998
JPY,2012-08-14,55983,25279,71053,87076,151036
JPY,2012-08-21,43584,32413,78662,67012,141458
JPY,2012-08-28,53571,32015,73630,83302,149444
JPY,2012-09-04,55133,31126,72936,90420,152452
JPY,2012-09-11,60862,28089,82795,108142,176618
JPY,2012-09-18,41500,26024,63586,69015,128862
JPY,2012-09-25,47318,26207,65054,76712,137692
JPY,2012-10-02,52696,23361,62717,85238,141693
JPY,2012-10-09,40778,27864,66521,65634,127442
JPY,2012-10-16,42767,32681,69304,61777,131343
JPY,2012-10-23,25550,43746,97898,45592,137135
JPY,2012-10-30,19886,56906,115218,38637,147135
JPY,2012-11-06,24966,65070,126094,40947,161552
JPY,2012-11-13,21980,52427,121760,52081,155931
JPY,2012-11-20,28272,79661,139472,42709,180979
JPY,2012-11-27,27027,106493,168514,41143,208130
JPY,2012-12-04,20929,111255,184151,42934,220982
JPY,2012-12-11,16369,110770,223697,85181,267582
JPY,2012-12-18,27935,117098,154980,19027,196662
JPY,2012-12-24,26757,112365,156054,19369,195705
JPY,2012-12-31,30432,110949,148129,22501,194632
JPY,2013-01-08,32129,106225,145773,29338,193295
JPY,2013-01-15,39447,105174,139213,30322,196509
JPY,2013-01-22,41983,106051,143304,33323,202225
JPY,2013-01-29,48476,119722,156122,32810,219635
JPY,2013-02-05,50667,119080,148558,34015,217709
JPY,2013-02-12,55782,117088,139903,35693,215036
JPY,2013-02-19,54662,120553,145939,33781,218241
JPY,2013-02-26,51998,117342,144872,40046,216323
JPY,2013-03-05,50958,124309,171200,58220,241938
JPY,2013-03-12,51240,145003,196716,62851,288474
JPY,2013-03-19,55408,135401,143405,24443,216674
JPY,2013-03-26,46931,136080,156848,27109,220896
JPY,2013-04-02,46966,125137,151691,35250,213997
JPY,2013-04-09,39699,117396,160513,43760,220626
JPY,2013-04-16,26448,119859,171927,34436,214577
JPY,2013-04-23,25942,105672,159437,38364,204150
JPY,2013-04-30,24872,95999,153823,42753,198106
JPY,2013-05-07,27886,106446,160636,43166,209370
JPY,2013-05-14,28882,117289,179917,46082,229746
JPY,2013-05-21,19454,114640,188237,49605,227826
JPY,2013-05-28,18406,118175,192440,51894,231012
JPY,2013-06-04,19176,101920,180807,57574,219135
JPY,2013-06-11,21722,94628,184780,74981,243644
JPY,2013-06-18,23010,84900,124994,27276,163921
JPY,2013-06-25,24376,85838,117936,30267,161160
JPY,2013-07-02,27336,98072,134078,30333,178926
JPY,2013-07-09,25117,105422,143908,29164,185249
JPY,2013-07-16,20220,105982,146421,29465,182429
JPY,2013-07-23,22513,110009,148002,27661,187250
JPY,2013-07-30,18216,100351,137588,29591,174872
JPY,2013-08-06,19421,99634,134398,26560,172059
JPY,2013-08-13,17375,91837,123280,23241,159496
JPY,2013-08-20,19720,91441,122724,28763,162168
JPY,2013-08-27,23396,101749,126655,28903,175588
JPY,2013-09-03,27665,107426,134526,24138,178360
JPY,2013-09-10,18854,113920,150685,20449,197099
JPY,2013-09-17,26088,114882,136389,14059,177045
JPY,2013-09-24,18173,110991,142849,16193,174892
JPY,2013-10-01,18634,100958,134090,23302,170525
JPY,2013-10-08,28165,85262,119861,33058,165957
JPY,2013-10-15,25392,84658,118174,30699,159871
JPY,2013-10-22,13928,85730,121556,22992,152938
JPY,2013-10-29,17483,79878,117588,26071,151987
JPY,2013-11-05,18734,92526,135153,26248,169004
JPY,2013-11-12,20977,116084,160368,22303,195690
JPY,2013-11-19,19424,131640,180482,25160,214211
JPY,2013-11-26,23999,147201,195667,27088,236713
JPY,2013-12-03,21290,154673,205013,28324,245167
JPY,2013-12-10,18085,147796,213744,42767,262229
JPY,2013-12-17,22225,152448,194899,24816,232743
JPY,2013-12-24,14261,158083,210400,25214,239160
JPY,2013-12-31,14274,149502,203112,26914,232225
JPY,2014-01-07,11340,140208,201400,32272,230156
JPY,2014-01-14,10754,128820,188796,36492,218324
JPY,2014-01-21,13128,128089,186273,38501,217548
JPY,2014-01-28,15977,102169,166773,53084,203014
JPY,2014-02-04,15896,92725,164538,59479,199361
JPY,2014-02-11,13686,92472,164935,57951,196435
JPY,2014-02-18,16736,96520,165294,54209,200057
JPY,2014-02-25,14727,99817,169868,58021,203743
JPY,2014-03-04,20407,100116,164751,56091,205886
JPY,2014-03-11,15726,115082,179595,49844,242170
JPY,2014-03-18,24144,85243,110724,29093,156922
JPY,2014-03-25,17600,86487,125024,28119,158280
JPY,2014-04-01,22162,110800,150350,27300,188464
JPY,2014-04-08,13340,100802,148721,33848,181814
JPY,2014-04-15,14351,83067,126913,36170,164843
JPY,2014-04-22,16564,83807,128226,36851,165674
JPY,2014-04-29,13846,84198,134782,36404,168820
JPY,2014-05-06,20381,81109,121860,38948,167093
JPY,2014-05-13,17471,82178,125523,35537,164707
JPY,2014-05-20,18681,72468,117310,48851,164819
JPY,2014-05-27,16999,76035,122450,41476,162820
JPY,2014-06-03,12578,86796,140423,32870,171804
JPY,2014-06-10,11893,94055,159506,45432,201094
JPY,2014-06-17,17832,85870,118464,22791,153007
JPY,2014-06-24,10325,81548,120767,23589,148257
JPY,2014-07-01,18739,77425,111566,38203,156480
JPY,2014-07-08,11174,77549,123987,39057,157710
JPY,2014-07-15,8385,71333,126301,44365,155127
JPY,2014-07-22,11979,65895,126976,53840,162029
JPY,2014-07-29,7828,80897,144166,45367,172210
JPY,2014-08-05,9896,105295,165996,31496,192906
JPY,2014-08-12,12518,93615,162443,50515,192140
JPY,2014-08-19,17976,105247,169000,41658,203180
JPY,2014-08-26,19512,122403,181291,32177,218009
JPY,2014-09-02,15485,132793,196512,33081,230937
JPY,2014-09-09,17280,117953,203368,56189,255624
JPY,2014-09-16,37617,120799,157321,27095,208235
JPY,2014-09-23,28391,133813,174766,27983,222214
JPY,2014-09-30,29910,150788,192095,29618,239477
JPY,2014-10-07,24837,137388,174647,26205,223255
JPY,2014-10-14,22839,123986,170600,31438,212420
JPY,2014-10-21,26634,98372,140081,33149,185412
JPY,2014-10-28,23883,91282,139790,38583,184120
JPY,2014-11-04,37917,109568,150672,34836,207974
JPY,2014-11-11,47271,129834,161168,36695,227576
JPY,2014-11-18,46612,139066,171130,38295,238898
JPY,2014-11-25,46304,150684,184551,37568,253976
JPY,2014-12-02,41530,152690,192591,35841,257828
JPY,2014-12-09,38067,142203,207616,62695,279859
JPY,2014-12-16,45652,132579,161934,31809,227685
JPY,2014-12-23,29021,122763,176015,38120,226107
JPY,2014-12-30,28836,125155,174779,38377,226629
JPY,2015-01-06,33160,123243,172310,41593,228954
JPY,2015-01-13,25872,120497,182073,47978,231223
JPY,2015-01-20,26525,104411,164972,48783,215413
JPY,2015-01-27,26526,91184,155145,54103,202571
JPY,2015-02-03,25586,85157,157407,61268,203963
JPY,2015-02-10,25884,81008,160293,59335,204193
JPY,2015-02-17,31269,80360,152950,60096,203555
JPY,2015-02-24,31611,79123,149980,62607,202438
JPY,2015-03-03,33944,86465,158423,64993,210611
JPY,2015-03-10,32898,92285,169840,59731,235089
JPY,2015-03-17,44496,92550,138442,40731,195913
JPY,2015-03-24,39156,85061,126021,40043,181026
JPY,2015-03-31,44409,68333,116378,53965,177478
JPY,2015-04-07,53320,77769,118118,54475,189444
JPY,2015-04-14,54783,77853,121029,64194,195230
JPY,2015-04-21,51520,65968,120368,70330,189332
JPY,2015-04-28,48721,54214,118521,85966,188079
JPY,2015-05-05,41852,73035,139448,72449,198886
JPY,2015-05-12,37848,61441,137626,78612,193296
JPY,2015-05-19,63398,85403,153519,82936,231658
JPY,2015-05-26,50210,112434,183190,65232,251744
JPY,2015-06-02,46681,132374,193122,52276,260104
JPY,2015-06-09,42440,158726,234607,60130,306449
JPY,2015-06-16,64760,145424,180102,49482,262329
JPY,2015-06-23,39019,126736,190910,55586,247839
JPY,2015-06-30,45479,124301,187745,70463,254014
JPY,2015-07-07,46070,109699,184004,83539,250828
JPY,2015-07-14,49167,96538,178906,95409,247704
JPY,2015-07-21,50899,113213,181299,81664,251136
JPY,2015-07-28,46270,109808,180620,81388,246269
JPY,2015-08-04,49906,129622,185079,65098,252655
JPY,2015-08-11,45768,150994,199520,51445,264608
JPY,2015-08-18,45935,136065,185657,60438,251418
JPY,2015-08-25,59922,98981,173759,119045,260458
JPY,2015-09-01,68023,83578,179349,150846,273205
JPY,2015-09-08,63121,69783,185864,164852,279712
JPY,2015-09-15,36449,63263,107374,67815,166081
JPY,2015-09-22,48282,71960,103792,72205,177439
JPY,2015-09-29,39753,61805,109614,77076,174697
JPY,2015-10-06,39050,56649,107023,76265,170780
JPY,2015-10-13,38004,51836,106019,84263,169873
JPY,2015-10-20,48747,52386,109001,95934,184281
JPY,2015-10-27,36437,70348,128969,73765,189472
JPY,2015-11-03,41489,85276,140770,75643,204271
JPY,2015-11-10,35081,101969,177813,80127,234202
JPY,2015-11-17,34475,113086,194025,82801,250346
JPY,2015-11-24,30277,107613,194629,86696,247513
JPY,2015-12-01,31228,106129,197457,92536,253505
JPY,2015-12-08,26400,94450,189782,91225,246055
JPY,2015-12-15,37301,63881,134622,92036,194196
JPY,2015-12-22,37677,68044,141911,90973,197375
JPY,2015-12-29,45008,62234,131111,96331,196825
JPY,2016-01-05,67471,63368,127747,123204,220707
JPY,2016-01-12,78385,53119,130859,154704,241366
JPY,2016-01-19,84485,46832,128081,168498,247614
JPY,2016-01-26,92628,42602,124038,178679,250711
JPY,2016-02-02,82108,44863,130736,157826,237289
JPY,2016-02-09,75811,32579,131862,172663,237081
JPY,2016-02-16,84518,36617,131826,183285,248985
JPY,2016-02-23,92376,39642,131150,188392,257064
JPY,2016-03-01,94070,34445,132993,191615,261679
JPY,2016-03-08,93867,29534,153269,218579,289879
JPY,2016-03-15,79426,33937,32762,79738,140084
JPY,2016-03-22,82812,29466,32265,89776,146421
JPY,2016-03-29,84870,30483,32118,92081,148292
JPY,2016-04-05,98130,38057,32451,101508,166831
JPY,2016-04-12,100120,33930,38652,109410,173515
JPY,2016-04-19,105710,33840,41258,118087,179888
JPY,2016-04-26,97470,30972,40734,108419,168767
JPY,2016-05-03,85627,24106,41904,107399,161529
JPY,2016-05-10,88897,29850,43309,106603,165549
JPY,2016-05-17,86165,27246,41969,104408,158909
JPY,2016-05-24,54792,32733,73603,96638,159833
JPY,2016-05-31,46964,32127,78749,92275,156499
JPY,2016-06-07,68237,25384,72616,116477,180894
JPY,2016-06-14,77703,22013,28678,86062,139052
JPY,2016-06-21,79398,27102,30450,86992,144710
JPY,2016-06-28,85493,25743,30249,88316,143117
JPY,2016-07-05,87037,23469,32637,97652,150417
JPY,2016-07-12,85364,37819,46842,88850,161262
JPY,2016-07-19,79864,40511,46993,85719,158366
JPY,2016-07-26,74074,39116,58947,85458,159869
JPY,2016-08-02,76575,34875,51707,88074,156696
JPY,2016-08-09,86719,37888,49619,95343,167011
JPY,2016-08-16,88273,32267,46280,99196,165905
JPY,2016-08-23,90387,30071,43245,99482,164756
JPY,2016-08-30,91570,27909,44366,101570,164329
JPY,2016-09-06,83968,29479,41120,91024,159342
JPY,2016-09-13,86140,29294,43492,93700,167340
JPY,2016-09-20,85117,26332,29715,83021,140738
JPY,2016-09-27,97432,28540,28326,90589,155170
JPY,2016-10-04,101986,33291,30627,87820,157574
JPY,2016-10-11,79279,33370,43806,81544,150394
JPY,2016-10-18,74966,37975,54359,81884,156607
JPY,2016-10-25,82385,37790,55555,83712,163040
JPY,2016-11-01,81010,37850,59272,87511,165124
JPY,2016-11-08,72619,40663,69838,88139,164328
JPY,2016-11-15,67085,46409,81503,88408,170967
JPY,2016-11-22,71183,60283,95166,86202,187684
JPY,2016-11-29,72124,72393,108163,83995,202171
JPY,2016-12-06,74367,108304,140357,83264,235915
JPY,2016-12-13,62432,125861,194893,107464,285274
JPY,2016-12-20,64200,139649,137201,37978,220435
JPY,2016-12-27,40565,127574,160533,46704,219343
JPY,2017-01-03,37962,124726,162764,48801,220120
JPY,2017-01-10,26041,105880,164249,56661,209488
JPY,2017-01-17,28560,106390,164514,57301,211752
JPY,2017-01-24,27127,93967,152556,56703,196765
JPY,2017-01-31,32216,90547,152598,71166,204494
JPY,2017-02-07,25874,80934,156236,77214,201632
JPY,2017-02-14,27701,78985,155557,80051,204277
JPY,2017-02-21,29954,80116,155538,81397,205223
JPY,2017-02-28,29012,79029,150880,77620,204602
JPY,2017-03-07,39203,93903,156075,71228,217982
JPY,2017-03-14,35563,106860,148132,48390,202647
JPY,2017-03-21,35039,102026,135159,45684,191626
JPY,2017-03-28,42886,96067,128200,57371,197542
JPY,2017-04-04,41313,87113,126068,65862,194368
JPY,2017-04-11,43316,78080,125340,79941,198381
JPY,2017-04-18,45761,76224,126595,88467,203617
JPY,2017-04-25,48538,75407,125796,91994,204179
JPY,2017-05-02,37519,68002,129521,87402,196845
JPY,2017-05-09,42635,78942,133992,76099,203140
JPY,2017-05-16,41963,101971,155071,72713,222510
JPY,2017-05-23,41920,93576,143304,74467,211298
JPY,2017-05-30,43404,95679,143450,76426,213727
JPY,2017-06-06,39736,94763,143746,81444,225549
JPY,2017-06-13,34160,84713,144233,83337,210617
JPY,2017-06-20,39498,89457,112255,44243,171840
JPY,2017-06-27,38254,99604,123453,41443,183705
JPY,2017-07-03,43648,118684,141824,43641,207597
JPY,2017-07-11,40778,152903,174866,41714,239786
JPY,2017-07-18,37419,164338,188763,41117,250071
JPY,2017-07-25,28018,149507,180207,41743,235140
JPY,2017-08-01,36445,148641,178378,53446,242876
JPY,2017-08-08,39810,135623,165991,55822,232827
JPY,2017-08-15,43308,120800,145227,56054,215090
JPY,2017-08-22,45162,119248,142448,59657,215457
JPY,2017-08-29,43889,112413,138466,63262,209890
JPY,2017-09-05,47285,120230,136437,58205,213200
JPY,2017-09-12,40642,97939,127392,59890,200444
JPY,2017-09-19,42435,93757,120365,53357,185352
JPY,2017-09-26,42963,114310,140482,50047,207097
JPY,2017-10-03,58770,143413,160230,53797,246889
JPY,2017-10-10,51655,153074,173289,49943,254124
JPY,2017-10-17,55010,156296,174720,51833,257087
JPY,2017-10-24,60077,176934,195330,48338,282230
JPY,2017-10-31,54585,173454,196707,48090,277706
JPY,2017-11-07,54336,182184,206955,51547,287936
JPY,2017-11-14,49347,185346,207213,45266,283628
JPY,2017-11-21,44382,166984,191725,44944,261019
JPY,2017-11-28,39793,150433,178434,47467,244536
JPY,2017-12-05,34766,149033,174129,42101,238077
JPY,2017-12-12,31747,145870,186472,47517,250581
JPY,2017-12-19,36874,151247,166728,30125,223424
JPY,2017-12-26,44269,160355,165875,33387,232428
JPY,2018-01-02,39592,161358,166322,31450,230564
JPY,2018-01-09,37376,162912,172910,32017,233144
JPY,2018-01-16,38152,157502,169016,45988,236305
JPY,2018-01-23,37260,160130,174505,47872,241136
JPY,2018-01-30,47828,162524,177727,67523,260237
JPY,2018-02-06,39108,151984,179016,66717,249478
JPY,2018-02-13,42299,157808,180507,73346,260170
JPY,2018-02-20,45634,153972,184131,86808,271271
JPY,2018-02-27,44539,141190,180046,91470,263066
JPY,2018-03-06,50057,136902,184721,107840,277327
JPY,2018-03-13,44296,123835,193621,122875,279671
JPY,2018-03-20,47902,69901,75371,57968,160250
JPY,2018-03-27,56544,60212,64904,72327,162038
JPY,2018-04-03,48053,44481,63665,74952,148818
JPY,2018-04-10,49855,47094,64798,75124,151202
JPY,2018-04-17,49433,46842,61662,73859,147319
JPY,2018-04-24,59253,58670,66251,65056,155237
JPY,2018-05-01,57349,58754,72708,65387,160337
JPY,2018-05-08,51812,57274,74829,66084,157576
JPY,2018-05-15,64926,61246,69058,65583,163411
JPY,2018-05-22,73836,76603,74538,55437,175316
JPY,2018-05-29,63182,71218,73606,57067,171339
JPY,2018-06-05,52060,55497,62362,52615,146448
JPY,2018-06-12,60609,55557,79424,67648,166877
JPY,2018-06-19,46565,82127,80588,35571,154641
JPY,2018-06-26,44430,78651,81943,34931,153566
JPY,2018-07-03,49990,88720,92429,36730,168360
JPY,2018-07-10,60563,100395,98735,35381,182066
JPY,2018-07-17,77021,135671,116336,31168,215413
JPY,2018-07-24,49993,123762,128268,30622,200427
JPY,2018-07-31,48016,116473,126011,32904,197566
JPY,2018-08-07,46136,108943,118196,31838,187902
JPY,2018-08-14,49369,107737,111729,31519,185834
JPY,2018-08-21,54116,101522,108223,39523,189698
JPY,2018-08-28,50230,96271,108721,40148,185082
JPY,2018-09-04,47572,99504,110072,35048,185347
JPY,2018-09-11,48057,101943,117043,42746,193428
JPY,2018-09-18,49752,113507,126444,33270,200221
JPY,2018-09-25,47253,131972,144358,31201,215376
JPY,2018-10-02,56074,170120,169666,33666,252277
JPY,2018-10-09,47034,162235,181744,43542,253374
JPY,2018-10-16,30096,130717,157934,38313,211210
JPY,2018-10-23,29922,122726,151773,38623,205643
JPY,2018-10-30,28854,120474,147740,40278,203113
JPY,2018-11-06,33060,122182,152591,39149,209453
JPY,2018-11-13,40192,142486,167316,40964,231730
JPY,2018-11-20,33462,133527,162783,41293,223144
JPY,2018-11-27,35817,140141,168772,42539,231711
JPY,2018-12-04,32717,142483,162776,41606,226835
JPY,2018-12-11,25495,123101,156500,40509,213055
JPY,2018-12-18,26957,129728,163202,45003,214868
JPY,2018-12-24,33281,132370,162784,52498,224458
JPY,2018-12-31,32712,121335,158287,57213,216224
JPY,2019-01-08,42727,104041,151121,92295,230524
JPY,2019-01-15,38686,85107,149550,110131,229295
JPY,2019-01-22,28403,68070,145235,111292,212563
JPY,2019-01-29,27001,60346,142933,110842,204816
JPY,2019-02-05,20752,52162,138872,105949,192789
JPY,2019-02-12,24541,55283,129601,95886,185725
JPY,2019-02-19,24844,62305,128168,87695,184023
JPY,2019-02-26,27365,67019,128100,82476,186158
JPY,2019-03-05,33421,84727,137804,79142,207083
JPY,2019-03-12,22144,80925,137778,74489,196766
JPY,2019-03-19,20081,79302,111481,37929,158074
JPY,2019-03-26,18323,80444,109519,39727,157145
JPY,2019-04-02,20462,83203,109231,36315,156838
JPY,2019-04-09,19914,91434,115660,38131,165736
JPY,2019-04-16,31807,118913,137180,39680,200018
JPY,2019-04-23,28121,122535,146962,42469,207316
JPY,2019-04-30,20578,120177,150553,41944,203323
JPY,2019-05-07,25869,117586,144412,40862,201462
JPY,2019-05-14,35915,97495,112901,43105,180573
JPY,2019-05-21,27540,82732,113574,48957,170834
JPY,2019-05-28,25803,81380,110775,51158,169790
JPY,2019-06-04,27437,71826,104461,59919,167810
JPY,2019-06-11,20786,65951,112117,66547,169387
JPY,2019-06-18,28169,44734,63256,45768,123629
JPY,2019-06-25,31090,41237,65772,61991,139439
JPY,2019-07-02,34198,35425,66542,67869,139355
JPY,2019-07-09,35346,38997,69473,64989,135737
JPY,2019-07-16,32905,44285,67152,57512,130304
JPY,2019-07-23,34642,44019,69196,63158,136245
JPY,2019-07-30,37028,41246,69070,66712,138842
JPY,2019-08-06,46225,35664,67882,86529,153338
JPY,2019-08-13,51764,27022,68708,98250,160271
JPY,2019-08-20,49984,18830,66338,104320,154662
JPY,2019-08-27,59795,26188,60327,99944,157862
JPY,2019-09-03,57222,29540,58451,97429,157788
JPY,2019-09-10,56579,23988,55208,94409,151397
JPY,2019-09-17,50842,26980,49738,80331,130940
JPY,2019-09-24,45759,32976,59437,78841,142026
JPY,2019-10-01,57893,43976,59504,80137,151860
JPY,2019-10-08,52803,41791,64209,79599,150019
JPY,2019-10-15,46416,53057,81307,71535,157707
JPY,2019-10-22,41556,59721,87258,66682,159250
JPY,2019-10-29,39185,58883,92543,67446,163486
JPY,2019-11-05,43996,70601,101217,66522,177106
JPY,2019-11-12,43964,78961,106504,67386,183480
JPY,2019-11-19,45423,80454,102992,67501,182445
JPY,2019-11-26,49278,88869,115116,68413,196894
JPY,2019-12-03,48312,96135,126334,76981,214223
JPY,2019-12-10,41843,85525,122108,70477,198700
JPY,2019-12-17,43418,85480,102748,54004,178529
JPY,2019-12-24,40592,74134,99923,61911,173142
JPY,2019-12-31,43668,68970,97526,62360,174966
JPY,2020-01-07,47846,60094,82055,64595,162094
JPY,2020-01-14,49720,81150,100226,61710,183863
JPY,2020-01-21,50596,95297,117694,65587,203579
JPY,2020-01-28,45676,81701,110412,63226,184919
JPY,2020-02-04,57672,79570,105438,71114,190079
JPY,2020-02-11,54805,80993,111167,70770,193822
JPY,2020-02-18,58605,85826,116686,73909,203631
JPY,2020-02-25,53855,110244,144064,69816,223904
JPY,2020-03-03,50598,92922,120130,70043,198404
JPY,2020-03-10,61732,53575,70545,76931,159128
JPY,2020-03-17,57286,24351,42873,78049,125769
JPY,2020-03-24,56528,32665,48777,69252,125594
JPY,2020-03-31,48444,30162,53154,68221,120270
JPY,2020-04-07,49249,26839,51300,70904,118595
JPY,2020-04-14,49863,27220,48656,75435,122929
JPY,2020-04-21,53730,27704,52383,78188,128272
JPY,2020-04-28,59962,27636,56947,93684,143835
JPY,2020-05-05,56634,29420,68783,101620,152042
JPY,2020-05-12,56307,28370,72360,101599,153370
JPY,2020-05-19,52038,24568,71027,98736,147975
JPY,2020-05-26,57873,23266,74238,108460,156827
JPY,2020-06-02,61958,29379,72106,100594,158743
JPY,2020-06-09,48862,31400,82366,95668,155159
JPY,2020-06-16,43126,21016,64304,86449,127287
JPY,2020-06-23,50490,23032,68487,102372,144549
JPY,2020-06-30,42755,18894,68918,97342,137362
JPY,2020-07-07,44043,27231,70580,88421,138313
JPY,2020-07-14,45111,26785,67691,87431,135263
JPY,2020-07-21,50854,31547,65447,92194,142686
JPY,2020-07-28,62924,34417,73649,115708,170269
JPY,2020-08-04,52073,20644,74165,120290,157968
JPY,2020-08-11,48158,21142,72712,107449,150149
JPY,2020-08-18,41717,21133,73149,105667,147076
JPY,2020-08-25,44978,21362,73477,103640,147553
JPY,2020-09-01,46654,17050,70342,108353,145922
JPY,2020-09-08,44850,23108,73161,105346,151546
JPY,2020-09-15,50360,27471,69658,104286,148912
JPY,2020-09-22,59033,29452,76239,119883,169251
JPY,2020-09-29,47535,22746,79984,116054,158298
JPY,2020-10-06,45779,24677,86102,119068,163024
JPY,2020-10-13,47245,27269,86989,117085,165616
JPY,2020-10-20,46524,32341,88750,115778,166091
JPY,2020-10-27,46131,28238,94605,131414,177622
JPY,2020-11-03,51012,22914,97895,145570,184751
JPY,2020-11-10,55644,13750,96135,151491,183518
JPY,2020-11-17,40313,10646,92697,137577,165073
JPY,2020-11-24,54472,14230,93462,148259,179503
JPY,2020-12-01,62449,14946,90038,153443,185873
JPY,2020-12-08,63585,15419,92587,159561,193326
JPY,2020-12-15,65376,21413,90761,153874,193317
JPY,2020-12-21,66970,20877,93605,156671,196845
JPY,2020-12-29,63577,16227,95149,161535,194454
JPY,2021-01-05,69163,18973,98129,171246,206963
JPY,2021-01-12,63857,13337,94609,156406,190811
JPY,2021-01-19,64143,14129,94924,159866,191540
JPY,2021-01-26,63463,18471,96095,157655,193822
JPY,2021-02-02,69602,24973,95041,140921,190948
JPY,2021-02-09,60719,26101,92849,129722,183901
JPY,2021-02-16,66732,29550,92764,128250,188119
JPY,2021-02-23,66670,38048,89663,117750,183247
JPY,2021-03-02,61259,41989,101787,113100,189270
JPY,2021-03-09,64027,57513,122099,111283,211347
JPY,2021-03-16,26003,65371,99385,43104,145951
JPY,2021-03-23,27524,81049,112098,39186,160581
JPY,2021-03-30,24724,84205,121115,40234,166091
JPY,2021-04-06,26794,84783,117846,39309,164310
JPY,2021-04-13,27682,85994,119216,40446,165431
JPY,2021-04-20,26617,86436,115715,39632,162649
JPY,2021-04-27,29673,78182,103999,42071,154894
JPY,2021-05-04,31208,72700,99092,44761,152676
JPY,2021-05-11,30491,72219,99644,44421,152404
JPY,2021-05-18,24965,75913,107486,43385,154727
JPY,2021-05-25,24163,74319,107377,46024,153196
JPY,2021-06-01,29462,76577,110690,48111,162091
JPY,2021-06-08,27248,64562,108879,54611,161592
JPY,2021-06-15,22974,69824,112798,47481,155359
JPY,2021-06-22,34118,87980,138242,62072,190545
JPY,2021-06-29,27380,97275,149165,57450,195698
JPY,2021-07-06,31625,100761,155707,63576,205341
JPY,2021-07-13,40440,96690,145716,70980,203727
JPY,2021-07-20,35474,91205,138577,67311,192301
JPY,2021-07-27,32975,92909,143819,68805,196102
JPY,2021-08-03,30409,85599,136596,68989,189242
JPY,2021-08-10,36684,97341,151720,68459,206131
JPY,2021-08-17,27532,90740,147403,69312,196495
JPY,2021-08-24,26763,93434,147612,65542,194477
JPY,2021-08-31,29030,92160,144849,65434,193999
JPY,2021-09-07,29704,92029,151585,73003,204435
JPY,2021-09-14,21728,82023,146716,78681,192088
JPY,2021-09-21,22844,78915,146680,80086,191213
JPY,2021-09-28,35328,100088,165246,81967,219638
JPY,2021-10-05,31569,95263,175160,90697,226379
JPY,2021-10-12,35810,112444,185560,90468,243617
JPY,2021-10-19,35713,138447,207735,85095,266750
JPY,2021-10-26,31487,138523,212303,83757,265254
JPY,2021-11-02,20337,127961,207612,81607,251058
JPY,2021-11-09,16440,121791,203044,79845,243087
JPY,2021-11-16,24635,117761,203468,87710,252897
JPY,2021-11-23,20285,117538,205923,89698,251801
JPY,2021-11-30,14585,93451,177285,85252,216692
JPY,2021-12-07,13148,76229,163847,83350,205970
JPY,2021-12-14,20231,73754,136938,65878,176584
JPY,2021-12-21,22191,74477,142161,71002,183743
JPY,2021-12-28,32475,85577,150647,78283,203814
JPY,2022-01-04,40816,103078,170537,85793,234068
JPY,2022-01-11,22364,109889,189708,81316,234005
JPY,2022-01-18,8002,88881,173701,73961,201820
JPY,2022-01-25,15866,84139,160178,77315,197830
JPY,2022-02-01,14510,75150,160358,81005,194435
JPY,2022-02-08,15692,74840,159601,83644,196478
JPY,2022-02-15,10425,76587,166645,80389,199425
JPY,2022-02-22,10976,74163,162044,79564,194169
JPY,2022-03-01,14665,83397,167605,88070,208629
JPY,2022-03-08,15548,71404,170330,93673,208683
JPY,2022-03-15,34016,96356,163089,75492,215484
JPY,2022-03-22,36676,115158,189100,84310,248221
JPY,2022-03-29,15274,117405,201190,76340,239698
JPY,2022-04-05,14583,118412,205209,79985,242217
JPY,2022-04-12,9925,121752,212850,80948,245403
JPY,2022-04-19,12723,119910,216101,86259,251291
JPY,2022-04-26,14269,109804,201828,86907,237995
JPY,2022-05-03,18585,119379,215563,95299,254813
JPY,2022-05-10,11196,121650,213084,88157,247278
JPY,2022-05-17,12113,114422,204417,89355,241308
JPY,2022-05-24,16567,116011,192215,85516,237256
JPY,2022-05-31,15201,109640,196584,91535,239080
JPY,2022-06-07,18466,110112,210889,101780,266054
JPY,2022-06-14,32441,102196,175789,89346,232513
JPY,2022-06-21,35864,94318,156248,81899,218076
JPY,2022-06-28,36462,89032,152071,84176,213767
JPY,2022-07-05,38660,93105,149702,85639,217672
JPY,2022-07-12,35533,95531,160589,85522,223539
JPY,2022-07-19,42880,102105,158427,85345,229449
JPY,2022-07-26,43812,105293,157963,84190,229219
JPY,2022-08-02,50433,93186,157333,107079,236737
JPY,2022-08-09,52333,77365,148628,111634,225834
JPY,2022-08-16,51308,80199,152209,110230,228697
JPY,2022-08-23,56734,95541,156987,104523,242132
JPY,2022-08-30,54513,96044,163991,102704,247030
JPY,2022-09-06,56002,114191,191138,113469,281266
JPY,2022-09-13,39323,120015,212375,114076,281716
JPY,2022-09-20,34767,116047,190267,92754,250892
JPY,2022-09-27,22706,105262,195930,95297,244655
JPY,2022-10-04,26962,108585,185691,92367,243289
JPY,2022-10-11,30149,107542,187119,92670,245007
JPY,2022-10-18,30583,124919,203508,92667,264265
JPY,2022-10-25,37579,140197,205120,87038,272597
JPY,2022-11-01,40460,118080,191221,95447,258906
JPY,2022-11-08,37201,112459,183539,94559,251378
JPY,2022-11-15,33797,99639,172905,95692,233346
JPY,2022-11-22,30800,95650,170350,92244,227435
JPY,2022-11-29,28125,95519,173959,91290,228328
JPY,2022-12-06,23589,89585,169918,94716,223424
JPY,2022-12-13,22290,75478,157021,97992,226964
JPY,2022-12-20,33686,74567,121482,75759,182034
JPY,2022-12-27,29685,67415,118599,72598,173136
JPY,2023-01-03,25377,72241,117959,71186,172590
JPY,2023-01-10,26395,61772,119166,84678,175745
JPY,2023-01-17,29458,52419,114907,96823,176862
JPY,2023-01-24,27620,49255,113437,96292,173321
JPY,2023-01-31,22550,42610,114423,96244,168540
JPY,2023-02-07,16556,45645,118080,84734,164069
JPY,2023-02-14,23079,50922,124522,88753,174955
JPY,2023-02-21,32486,66515,126777,79888,186100
JPY,2023-02-28,27703,86381,142893,72372,200047
JPY,2023-03-07,17141,92444,163246,73643,211297
JPY,2023-03-14,11048,85842,142857,56863,179782
JPY,2023-03-21,7255,73600,134389,61905,169188
JPY,2023-03-28,9717,63692,132070,74508,169473
JPY,2023-04-04,11523,68559,133327,81061,178828
JPY,2023-04-11,11933,69140,132604,76255,176822
JPY,2023-04-18,15661,72530,132747,71102,177507
JPY,2023-04-25,13680,82424,135330,62705,184041
JPY,2023-05-02,28088,96412,141332,63811,202996
JPY,2023-05-09,22229,83244,137992,68830,192574
JPY,2023-05-16,29494,94285,142392,66255,200515
JPY,2023-05-23,36760,117420,157498,65120,226400
JPY,2023-05-30,40736,136929,166931,60419,243237
JPY,2023-06-06,34151,138968,174461,60725,245332
JPY,2023-06-13,37088,141064,175067,56886,252566
JPY,2023-06-20,32244,139900,175201,56929,238556
JPY,2023-06-27,38018,150888,181511,59145,251524
JPY,2023-07-03,41713,159633,190157,64147,265066
JPY,2023-07-11,29838,147020,190189,61112,252349
JPY,2023-07-18,29776,120015,170491,72296,230932
JPY,2023-07-25,30358,108110,161166,74611,223760
JPY,2023-08-01,26849,106065,164659,81371,229015
JPY,2023-08-08,23135,106315,169528,80407,229849
JPY,2023-08-15,34789,115750,175636,85139,247954
JPY,2023-08-22,28680,124003,180967,76343,246923
JPY,2023-08-29,24790,123263,181043,77975,245452
JPY,2023-09-05,37014,134150,190804,84937,268344
JPY,2023-09-12,38247,136960,183589,76945,270854
JPY,2023-09-19,45737,147356,183927,72482,265860
JPY,2023-09-26,46169,155681,200015,79788,285974
JPY,2023-10-03,47544,161532,194193,76324,282682
JPY,2023-10-10,36780,136256,182514,76362,259937
JPY,2023-10-17,33139,135797,193634,81275,267521
JPY,2023-10-24,30964,130593,186381,81572,260909
JPY,2023-10-31,37641,141489,193460,85894,277272
JPY,2023-11-07,27238,131278,189951,77994,259698
JPY,2023-11-14,27772,158021,199890,66618,273763
JPY,2023-11-21,39236,144690,178832,73404,264903
JPY,2023-11-28,30461,139698,180134,76442,260781
JPY,2023-12-05,28266,133222,184156,77938,267482
JPY,2023-12-12,28226,109357,172756,93229,257581
JPY,2023-12-19,31734,96636,112422,49729,185940
JPY,2023-12-26,37321,92889,110013,57354,188540
JPY,2024-01-02,33585,90780,108605,53116,184042
JPY,2024-01-09,41364,97313,113876,59685,200299
JPY,2024-01-16,44180,100740,125048,63324,213309
JPY,2024-01-23,52585,123230,144222,67230,243032
JPY,2024-01-30,44918,125373,148972,68838,242029
JPY,2024-02-06,55646,139876,155571,72588,259542
JPY,2024-02-13,58554,170090,194067,78895,304592
JPY,2024-02-20,53862,174640,199061,73207,305438
JPY,2024-02-27,51261,183966,204425,72443,309633
JPY,2024-03-05,54671,173514,200129,86604,314586
JPY,2024-03-12,54923,157245,207478,109601,325675
JPY,2024-03-19,66274,182286,182299,67180,302500
JPY,2024-03-26,59969,189075,194045,64457,305701
JPY,2024-04-02,55190,198420,205195,65701,316809
JPY,2024-04-09,47275,209426,219256,62314,324479
JPY,2024-04-16,49463,215082,230642,62900,331110
JPY,2024-04-23,42426,222345,239847,60703,336167
JPY,2024-04-30,40435,208823,244920,68798,334848
JPY,2024-05-07,34990,169912,219305,77532,299859
JPY,2024-05-14,35303,161485,216442,83148,297606
JPY,2024-05-21,29614,173981,224424,77907,301315
JPY,2024-05-28,28565,184604,246911,80789,325231
JPY,2024-06-04,40427,172528,204830,74935,303009
JPY,2024-06-11,30763,169342,228809,83182,319274
JPY,2024-06-18,29429,177182,227907,68141,297117
JPY,2024-06-25,34576,208476,259292,77434,340237
JPY,2024-07-02,36714,220937,264603,70058,349817
JPY,2024-07-09,41521,223554,257455,67588,348954
JPY,2024-07-16,47356,198428,216042,56953,307205
JPY,2024-07-23,64390,171498,194534,85766,307183
JPY,2024-07-30,65016,138476,195104,117524,303151
JPY,2024-08-06,66169,77523,191829,179633,298937
JPY,2024-08-13,87101,63997,190064,213591,315338
JPY,2024-08-20,88761,65176,187055,215456,316197
JPY,2024-08-27,84305,58437,190141,221591,318259
JPY,2024-09-03,91791,50675,189291,236056,326795
JPY,2024-09-10,98894,43124,223698,290417,376514
JPY,2024-09-17,97332,40492,56915,128754,199463
JPY,2024-09-24,104690,38679,58606,136114,207702
JPY,2024-10-01,95513,38741,58635,125382,196200
JPY,2024-10-08,83679,47151,73626,111285,196685
JPY,2024-10-15,86685,52575,68697,105336,197871
JPY,2024-10-22,79364,66593,86382,97010,207338
JPY,2024-10-29,64925,89742,121136,93054,225894
JPY,2024-11-05,60334,104501,135946,88651,235762
JPY,2024-11-12,64038,128940,153738,81565,257688
JPY,2024-11-19,78973,125841,134065,84856,254087
JPY,2024-11-26,87597,110230,122885,99595,253566
JPY,2024-12-03,93622,91288,111171,111335,256849
JPY,2024-12-10,97938,72186,117775,142373,274834
JPY,2024-12-17,87208,81247,57107,60208,181673
JPY,2024-12-24,95958,93647,68898,65215,200720
JPY,2024-12-31,96119,104562,71016,61414,206971
JPY,2025-01-07,91206,111395,76577,56293,212456
JPY,2025-01-14,91434,120845,88113,57090,223952
JPY,2025-01-21,94157,108830,68868,60039,211620
JPY,2025-01-28,96809,97768,68683,75420,216788
JPY,2025-02-04,104684,85916,70418,101101,231911
JPY,2025-02-11,144158,89543,73890,142044,273314
JPY,2025-02-18,147566,86997,84001,154194,281163
JPY,2025-02-25,171751,75771,93060,202005,329186
JPY,2025-03-04,183955,50304,102081,248000,354415
JPY,2025-03-11,176790,42888,178522,327791,446178
JPY,2025-03-18,164752,41788,80456,217232,296567
JPY,2025-03-25,160474,35098,92999,228739,303778
JPY,2025-04-01,161566,39792,96971,235518,311162
JPY,2025-04-08,176555,29488,99659,261328,320758
JPY,2025-04-15,198560,26705,96118,286463,338849
JPY,2025-04-22,202373,24559,100299,301221,351226
JPY,2025-04-29,202797,23585,104910,306807,366246
JPY,2025-05-06,204008,27149,105878,306490,375546
JPY,2025-05-13,194226,21958,101140,286031,359521
JPY,2025-05-20,194510,27180,102102,283123,366865
JPY,2025-05-27,191802,27790,101750,285448,377011
JPY,2025-06-03,189514,38365,100151,275659,366008
JPY,2025-06-10,184195,39600,132044,301121,388263
JPY,2025-06-17,175601,44724,94915,243088,317523
JPY,2025-06-24,178403,46126,92034,239744,314767
JPY,2025-07-01,170624,43286,94864,245721,314251
JPY,2025-07-08,166192,50037,96636,225316,308621
JPY,2025-07-15,165444,61862,108744,219590,321350
JPY,2025-07-22,164411,57766,101532,218892,313040
JPY,2025-07-29,162122,72879,123152,215700,329115
JPY,2025-08-05,160258,78252,136734,224075,337378
JPY,2025-08-12,164693,90459,147170,221065,351163
JPY,2025-08-19,168363,90782,139967,219849,348982
JPY,2025-08-26,170765,86281,139358,229508,357366
JPY,2025-09-02,174774,101516,152763,229019,414249
JPY,2025-09-09,180724,89081,157854,258296,410799
JPY,2025-09-16,161673,100262,95157,163495,299620
JPY,2025-09-23,176400,96900,92252,175491,309893
JPY,2025-09-30,167811,106346,96572,157317,305711
JPY,2025-10-07,159197,112890,102742,148716,305134
JPY,2025-10-14,160639,123473,104332,140952,305003
JPY,2025-10-21,175724,105310,92611,160505,307569
JPY,2025-10-28,178745,110630,100864,169477,321889
JPY,2025-11-04,170180,118915,100952,148803,314190
JPY,2025-11-10,172349,123873,97752,145775,312845
JPY,2025-11-18,169890,138733,114082,144609,329456
JPY,2025-11-25,169218,142701,117192,144676,344420
JPY,2025-12-02,184958,148540,133444,171567,394859
JPY,2025-12-09,184488,167040,205773,223832,465416
JPY,2025-12-16,146275,149217,101002,105746,379679
JPY,2025-12-23,141133,139910,99644,105548,285084
JPY,2025-12-30,144596,130528,95645,114721,286132
JPY,2026-01-06,140441,131626,94001,106169,287715
JPY,2026-01-13,111743,156907,114303,68484,294242
JPY,2026-01-20,107139,151968,115583,74443,292607
JPY,2026-01-27,104460,138393,125157,98448,300726
JPY,2026-02-03,114428,133650,122665,108248,303673
JPY,2026-02-10,128090,147196,136055,123376,334948
JPY,2026-02-17,143172,130217,141766,157934,354328
JPY,2026-02-24,149364,137825,141918,156647,369721
JPY,2026-03-03,134945,151520,186027,171020,416977
JPY,2026-03-10,119411,160798,220577,174607,427718
JPY,2026-03-17,106819,174599,163975,93973,326688
JPY,2026-03-24,98271,161077,167443,109542,328210
JPY,2026-03-31,95356,168228,185944,115237,345276
JPY,2026-04-07,91560,185302,192103,101707,349373
JPY,2026-04-14,102114,185322,187189,106141,354344
JPY,2026-04-21,101386,195846,188723,93256,351782
JPY,2026-04-28,106530,208589,201527,102257,372780
JPY,2026-05-05,109035,170773,186544,126894,354005
JPY,2026-05-12,100155,175257,203023,128880,362042
JPY,2026-05-19,106603,200508,226613,135847,396573
JPY,2026-05-26,112993,227660,244888,137196,427294
JPY,2026-06-02,114849,244416,312087,184319,505555
JPY,2026-06-09,121520,267338,313351,170982,505075
JPY,2026-06-16,117375,267507,253831,102451,520825
JPY,2026-06-23,113698,259802,252278,109897,431030
JPY,2026-06-30,111872,266964,256665,108578,438825
JPY,2026-07-07,112247,236025,224327,101504,398103
JPY,2026-07-14,115965,238628,219170,95752,396514
JPY,2026-07-21,107590,259715,254110,99212,423796
JPY,2026-07-28,101271,264683,266180,108155,432366
JPY,2026-08-04,147228,192701,222390,171822,419393
JPY,2026-08-11,134188,176273,208293,159524,391874
JPY,2026-08-18,128932,181825,200835,139761,380811
JPY,2026-08-25,128340,191638,197062,129225,384216
JPY,2026-09-01,117169,209396,225189,127628,411882
JPY,2026-09-08,178791,167995,249469,263510,499635
MXN,2000-01-04,5675,725,6131,9645,15009
MXN,2000-01-11,6648,785,5839,10914,16071
MXN,2000-01-18,7003,836,5774,12414,18004
MXN,2000-01-25,6448,702,6018,12361,17602
MXN,2000-02-01,3710,637,6487,9736,14941
MXN,2000-02-08,8546,567,6863,15869,20802
MXN,2000-02-15,9253,250,6869,17341,21995
MXN,2000-02-22,9401,250,7066,17127,21693
MXN,2000-02-29,9872,263,8566,19977,24593
MXN,2000-03-07,10652,210,11670,23265,30268
MXN,2000-03-14,9986,200,11863,25100,28436
MXN,2000-03-21,9661,225,5767,18779,21373
MXN,2000-03-28,10256,0,5812,19777,22418
MXN,2000-04-04,7010,409,7982,15643,20640
MXN,2000-04-11,5040,609,8529,14422,19099
MXN,2000-04-18,1910,394,12347,14330,18838
MXN,2000-04-25,2185,394,12477,14681,18733
MXN,2000-05-02,5542,0,8938,16365,20442
MXN,2000-05-09,2013,409,13105,13774,19240
MXN,2000-05-16,871,939,17169,14308,19830
MXN,2000-05-23,1476,959,18573,16299,22247
MXN,2000-05-30,2375,430,15895,16232,20857
MXN,2000-06-06,675,1887,20835,16047,24115
MXN,2000-06-13,747,2431,21477,15425,24031
MXN,2000-06-20,528,2700,10125,3565,12102
MXN,2000-06-27,422,3035,11197,3259,12868
MXN,2000-07-05,3033,633,5830,8173,12320
MXN,2000-07-11,3777,673,6061,9700,13787
MXN,2000-07-18,4353,443,6067,10369,14514
MXN,2000-07-25,4850,683,6006,11553,15733
MXN,2000-08-01,4731,598,5740,11334,15423
MXN,2000-08-08,4700,618,5959,11612,16391
MXN,2000-08-15,6617,598,6174,13834,18353
MXN,2000-08-22,5752,743,8048,14353,19153
MXN,2000-08-29,6109,835,8375,14801,19632
MXN,2000-09-05,6103,683,7702,13089,18636
MXN,2000-09-12,4626,1164,8627,13332,19329
MXN,2000-09-19,2093,1056,5698,5860,11363
MXN,2000-09-26,1702,1091,5735,5930,10913
MXN,2000-10-03,3342,623,4048,7316,11465
MXN,2000-10-10,2483,1066,4731,5699,11181
MXN,2000-10-17,1467,1208,9250,6718,13773
MXN,2000-10-24,773,1702,10212,6518,13717
MXN,2000-10-31,476,1399,10320,6062,13832
MXN,2000-11-07,416,1999,10844,6213,13757
MXN,2000-11-14,5494,1506,9173,13028,18245
MXN,2000-11-21,6938,1517,13540,19780,25760
MXN,2000-11-28,9167,1462,14458,23088,29737
MXN,2000-12-05,10146,1718,13300,22801,30450
MXN,2000-12-12,8854,1183,16697,24571,32149
MXN,2000-12-19,11358,1782,12082,23663,29337
MXN,2000-12-26,6182,1928,14491,17746,25385
MXN,2001-01-02,5026,1983,17178,17584,25329
MXN,2001-01-09,3485,3938,20475,17301,25700
MXN,2001-01-16,1649,4142,17971,11734,21476
MXN,2001-01-23,1336,3819,17935,12238,21688
MXN,2001-01-30,2041,1873,16111,15159,21504
MXN,2001-02-06,3581,1718,14972,15989,21717
MXN,2001-02-13,4285,1498,14365,16485,22594
MXN,2001-02-20,4665,1439,14332,16852,22571
MXN,2001-02-27,6437,1594,13842,18984,26375
MXN,2001-03-06,8218,2316,14663,20662,27517
MXN,2001-03-13,11795,1571,17573,29296,35772
MXN,2001-03-20,12641,1632,7424,20865,25812
MXN,2001-03-27,11237,1313,8559,19765,24977
MXN,2001-04-03,12125,2088,8946,20968,27219
MXN,2001-04-10,12259,2097,8451,20793,27057
MXN,2001-04-17,11891,2147,8646,20511,26675
MXN,2001-04-24,11591,1964,2990,20361,26634
MXN,2001-05-01,11656,1418,1752,19649,25148
MXN,2001-05-08,12144,1874,2905,21048,28374
MXN,2001-05-15,12443,1227,3596,21732,29776
MXN,2001-05-22,10898,1641,4206,21356,29713
MXN,2001-05-29,10915,1683,5180,22112,30359
MXN,2001-06-05,9175,1926,8443,23516,32035
MXN,2001-06-12,9603,2019,12720,27720,37604
MXN,2001-06-19,9661,1365,4117,21008,27097
MXN,2001-06-26,9932,1467,4650,21604,27758
MXN,2001-07-03,10025,2003,5174,22018,29079
MXN,2001-07-10,5669,2463,11011,20988,28256
MXN,2001-07-17,3965,1566,11897,19906,26495
MXN,2001-07-24,5846,1582,10446,21042,27396
MXN,2001-07-31,5195,1641,11207,21859,28130
MXN,2001-08-07,9627,1479,9796,23689,32155
MXN,2001-08-14,11609,1078,8613,25717,31708
MXN,2001-08-21,10916,1484,10678,27944,33321
MXN,2001-08-28,10691,969,10514,27980,33441
MXN,2001-09-04,7943,1514,12312,24812,31314
MXN,2001-09-10,4444,1783,13148,23869,30800
MXN,2001-09-18,3334,2845,5705,4444,12561
MXN,2001-09-25,3068,2862,6076,4647,12952
MXN,2001-10-02,3459,3189,6179,4665,13251
MXN,2001-10-09,4864,2509,3817,5332,12851
MXN,2001-10-16,6355,971,3103,9217,14763
MXN,2001-10-23,8749,1069,2645,11826,18102
MXN,2001-10-30,9720,1104,4079,13924,20711
MXN,2001-11-06,14363,1144,3265,16726,24249
MXN,2001-11-13,15306,984,3677,17952,25407
MXN,2001-11-20,16393,1064,4111,19748,26324
MXN,2001-11-27,14898,939,4759,17960,24809
MXN,2001-12-04,12125,1101,4250,15787,22803
MXN,2001-12-11,14981,1107,13045,30232,38191
MXN,2001-12-18,15320,1216,2359,21364,25323
MXN,2001-12-21,16130,1040,2939,23354,27311
MXN,2001-12-28,14039,1065,3034,20981,25076
MXN,2002-01-08,15610,894,2915,22546,26745
MXN,2002-01-15,12649,911,4420,21115,25099
MXN,2002-01-22,15729,736,5813,25807,29664
MXN,2002-01-29,14917,529,6124,24126,29000
MXN,2002-02-05,17181,1035,6561,28628,34466
MXN,2002-02-12,19180,1127,7224,31882,37141
MXN,2002-02-19,19230,1170,7894,34277,39347
MXN,2002-02-26,19163,1595,7818,31301,39223
MXN,2002-03-05,20426,1078,8850,36067,41663
MXN,2002-03-12,20056,612,11755,39004,45857
MXN,2002-03-19,21896,1028,3405,32874,36792
MXN,2002-03-26,24325,1388,4224,35709,40122
MXN,2002-04-02,23953,1268,4943,36523,41394
MXN,2002-04-09,22757,964,6513,38079,43206
MXN,2002-04-16,13071,1816,7438,26895,35639
MXN,2002-04-23,6208,2167,9377,19772,27751
MXN,2002-04-30,3339,3484,12115,17241,27227
MXN,2002-05-07,4116,5268,13962,17066,28066
MXN,2002-05-14,1972,5723,16048,16419,29446
MXN,2002-05-21,1273,7173,17746,15603,28726
MXN,2002-05-28,1260,7482,17733,15739,28343
MXN,2002-06-04,1423,9786,20263,15379,30811
MXN,2002-06-11,690,9888,22918,17323,36859
MXN,2002-06-18,920,8062,11612,4224,18535
MXN,2002-06-25,1239,10373,15236,5149,20778
MXN,2002-07-02,1160,10520,16251,4852,21094
MXN,2002-07-09,1697,9495,14143,4662,20237
MXN,2002-07-16,2160,5374,11425,5396,16142
MXN,2002-07-23,2947,2539,10719,9114,15742
MXN,2002-07-30,3432,1672,10039,9934,15513
MXN,2002-08-06,2432,2274,10663,9116,15365
MXN,2002-08-13,2991,4787,11667,6359,16243
MXN,2002-08-20,2343,3059,11657,8033,15293
MXN,2002-08-27,2266,3709,13538,8363,17486
MXN,2002-09-03,2560,5234,15212,7617,19244
MXN,2002-09-10,1697,6679,21643,11980,26086
MXN,2002-09-17,1676,6494,12687,2680,15558
MXN,2002-09-24,250,10657,17775,1306,19774
MXN,2002-10-01,180,10867,17430,1450,19810
MXN,2002-10-08,15,10251,18158,2299,20019
MXN,2002-10-15,249,7396,15572,3631,17970
MXN,2002-10-22,2006,4600,10935,6748,15467
MXN,2002-10-29,2444,4835,11093,6064,15891
MXN,2002-11-05,1471,6672,12540,4141,16046
MXN,2002-11-12,1160,8507,16695,5081,19933
MXN,2002-11-19,2726,5424,14539,7127,19783
MXN,2002-11-26,3730,5933,15694,8509,21806
MXN,2002-12-03,4018,4325,14590,10266,21281
MXN,2002-12-10,2197,4595,16570,10691,22598
MXN,2002-12-17,1368,2748,7909,4038,11464
MXN,2002-12-23,3673,1558,6606,6120,13357
MXN,2002-12-31,1297,9107,15011,3611,19208
MXN,2003-01-07,2181,13049,17339,3561,23751
MXN,2003-01-14,2102,16764,22598,3168,28464
MXN,2003-01-21,1040,20931,28085,3001,32965
MXN,2003-01-28,649,20951,27495,2334,32205
MXN,2003-02-04,820,22868,29825,3001,35244
MXN,2003-02-11,565,22382,30522,3434,35385
MXN,2003-02-18,1466,17043,25207,3654,29731
MXN,2003-02-25,192,20724,30005,2795,35646
MXN,2003-03-04,50,21919,32198,3438,38141
MXN,2003-03-11,247,16496,35284,15079,42197
MXN,2003-03-18,1508,9810,16823,7284,22606
MXN,2003-03-25,2538,7166,15350,10922,22279
MXN,2003-04-01,4494,6667,16123,15115,25843
MXN,2003-04-08,3011,7860,16568,12711,24605
MXN,2003-04-15,6932,6358,18079,19416,30106
MXN,2003-04-22,8543,3037,16125,23722,30835
MXN,2003-04-29,15682,1267,16157,35223,39342
MXN,2003-05-06,20355,666,15049,39644,44029
MXN,2003-05-13,24533,591,17996,48072,51422
MXN,2003-05-20,20812,529,18740,45581,48662
MXN,2003-05-27,19266,1721,19660,43376,48565
MXN,2003-06-03,22620,978,23125,51528,55834
MXN,2003-06-10,7338,4471,29357,36717,45201
MXN,2003-06-17,7689,2917,11241,18448,23934
MXN,2003-06-24,8070,2599,12810,19884,25766
MXN,2003-07-01,9948,2265,14162,23289,29312
MXN,2003-07-08,9195,3969,17771,25365,32661
MXN,2003-07-15,12059,4348,16902,26435,34842
MXN,2003-07-22,14426,4480,17715,30546,38551
MXN,2003-07-29,11229,7884,20720,26265,38040
MXN,2003-08-05,8689,8258,22139,24080,36485
MXN,2003-08-12,7014,9101,25821,23668,37988
MXN,2003-08-19,7825,15775,27801,19836,41248
MXN,2003-08-26,5344,16071,29760,17295,39681
MXN,2003-09-02,4467,18977,38987,21418,48486
MXN,2003-09-09,4509,19467,40669,23258,49952
MXN,2003-09-16,3278,18935,24968,7284,31881
MXN,2003-09-23,3119,12062,22180,12226,28076
MXN,2003-09-30,2451,12573,23772,11528,28886
MXN,2003-10-07,1143,21184,31101,9381,36380
MXN,2003-10-14,629,24063,33850,9219,39254
MXN,2003-10-21,1386,23959,33432,8324,38339
MXN,2003-10-28,1424,21153,30510,8340,35779
MXN,2003-11-04,2776,17601,28717,13919,36306
MXN,2003-11-11,4034,15156,26419,16114,35185
MXN,2003-11-18,3225,18627,27286,11063,34833
MXN,2003-11-25,2368,18877,35288,16838,43929
MXN,2003-12-02,2694,21513,36561,15655,43126
MXN,2003-12-09,2367,20012,37011,17452,43667
MXN,2003-12-16,2763,18269,23539,6135,30173
MXN,2003-12-22,3872,21612,24948,5644,32748
MXN,2003-12-30,4452,14921,19595,8107,27630
MXN,2004-01-06,13046,3592,10692,20872,28708
MXN,2004-01-13,26716,2052,9635,35828,43115
MXN,2004-01-20,31017,2219,9941,40101,47340
MXN,2004-01-27,23675,2064,12549,36858,42910
MXN,2004-02-03,18612,1662,13518,32702,38120
MXN,2004-02-10,12272,3939,17878,26634,34961
MXN,2004-02-17,17855,3710,15143,30447,38944
MXN,2004-02-24,16427,2812,18386,33357,41688
MXN,2004-03-02,19461,2284,18352,36645,44291
MXN,2004-03-09,21247,1601,24526,45768,54432
MXN,2004-03-16,17306,2849,12274,29637,35206
MXN,2004-03-23,20490,2089,11190,32693,38181
MXN,2004-03-30,10003,6303,17194,22562,33302
MXN,2004-04-06,9016,10853,17846,18275,34577
MXN,2004-04-12,8915,15184,21536,16065,37417
MXN,2004-04-20,4894,20231,27342,12952,39527
MXN,2004-04-27,3946,17240,28392,14361,37863
MXN,2004-05-04,5104,34531,41186,11359,53989
MXN,2004-05-11,6780,44651,50440,11555,64776
MXN,2004-05-18,7246,47749,54284,12821,69232
MXN,2004-05-25,4209,46102,54741,14232,70451
MXN,2004-06-01,3631,41833,53353,16119,67809
MXN,2004-06-08,4963,28737,52309,28501,68086
MXN,2004-06-15,4802,27848,38335,14438,48287
MXN,2004-06-22,15734,15532,27637,27519,48985
MXN,2004-06-29,6292,19044,30665,16999,42655
MXN,2004-07-06,3186,24316,35645,15457,50614
MXN,2004-07-13,5000,27115,36858,15153,47754
MXN,2004-07-20,12344,20351,29115,21530,46466
MXN,2004-07-27,9546,15817,29073,19745,40408
MXN,2004-08-03,18326,13446,23776,31350,49273
MXN,2004-08-10,31502,15548,22714,42967,62309
MXN,2004-08-17,44255,9565,23035,62711,77551
MXN,2004-08-24,49751,6654,21641,69757,81511
MXN,2004-08-31,45279,6459,21191,65785,76517
MXN,2004-09-07,19341,10020,36384,48079,63521
MXN,2004-09-14,3788,18579,30702,14871,38876
MXN,2004-09-21,18058,7726,19395,30323,42797
MXN,2004-09-28,31668,7415,19437,44543,57174
MXN,2004-10-05,53702,8389,17130,63933,78563
MXN,2004-10-12,64750,9819,17777,74871,90268
MXN,2004-10-19,42140,7437,21196,56076,69840
MXN,2004-10-26,31004,8373,24408,47291,60478
MXN,2004-11-02,30098,8634,23475,45091,59193
MXN,2004-11-09,38458,9919,20717,49259,65219
MXN,2004-11-16,44251,7913,19725,56159,70543
MXN,2004-11-23,52757,9773,20838,65521,81542
MXN,2004-11-30,63456,10741,21258,75840,96439
MXN,2004-12-07,67210,11219,35039,91848,114669
MXN,2004-12-14,56366,6256,16718,71248,83043
MXN,2004-12-21,57096,6077,18124,73411,85701
MXN,2004-12-28,54120,6053,20840,72692,85605
MXN,2005-01-04,42781,9870,21367,57261,74868
MXN,2005-01-11,38533,6397,17211,54463,69157
MXN,2005-01-18,47902,5122,14292,61813,72418
MXN,2005-01-25,42968,8088,17953,56114,69088
MXN,2005-02-01,53672,6438,15846,68417,79368
MXN,2005-02-08,58515,6567,14418,72186,82779
MXN,2005-02-15,64195,8031,13902,76120,89095
MXN,2005-02-22,71256,8238,13866,83096,97645
MXN,2005-03-01,70999,8686,20324,89296,102386
MXN,2005-03-08,73217,8218,35794,107181,125412
MXN,2005-03-15,49610,5015,14035,63546,71963
MXN,2005-03-22,37662,4651,16793,56453,65784
MXN,2005-03-29,32692,8860,20465,47469,60526
MXN,2005-04-05,32647,10817,19433,45379,60463
MXN,2005-04-12,51661,3749,17116,70675,77870
MXN,2005-04-19,64823,3889,19673,86287,92459
MXN,2005-04-26,71259,4917,19169,91147,98729
MXN,2005-05-03,80754,4432,19485,102222,109099
MXN,2005-05-10,79579,4143,19122,98376,107076
MXN,2005-05-17,78417,2856,18433,97847,105029
MXN,2005-05-24,77044,3599,16026,93248,101704
MXN,2005-05-31,83830,3400,16483,101612,109821
MXN,2005-06-07,80498,3240,27388,109555,120880
MXN,2005-06-14,82315,4367,10557,92040,102424
MXN,2005-06-21,84058,4968,11902,93386,104351
MXN,2005-06-28,77644,3968,14530,90697,101145
MXN,2005-07-05,82516,4364,13690,94527,104611
MXN,2005-07-12,79187,4891,12371,89508,100344
MXN,2005-07-19,74606,4382,11198,84265,94641
MXN,2005-07-26,75471,1862,13155,89532,97082
MXN,2005-08-02,74738,1568,12074,87479,95783
MXN,2005-08-09,75620,1411,13432,90258,97200
MXN,2005-08-16,74922,870,15027,92175,98820
MXN,2005-08-23,54579,9279,19537,64466,81261
MXN,2005-08-30,39671,4907,27610,58411,70597
MXN,2005-09-06,45022,1944,26283,66784,75752
MXN,2005-09-13,45010,5404,34180,73557,88343
MXN,2005-09-20,39820,4517,28981,63710,74609
MXN,2005-09-27,40077,7415,34851,66808,79975
MXN,2005-10-04,60168,3894,14360,72660,81286
MXN,2005-10-11,53443,5509,15032,63855,75577
MXN,2005-10-18,26899,6589,30411,50441,63100
MXN,2005-10-25,26719,12048,31075,46847,64329
MXN,2005-11-01,49052,5131,14604,60275,69890
MXN,2005-11-08,67361,5207,17982,82968,91692
MXN,2005-11-15,84664,4827,18758,101832,110276
MXN,2005-11-22,91337,5043,31169,118752,129683
MXN,2005-11-29,89970,4250,38596,127620,136925
MXN,2005-12-06,87749,5159,38295,125995,136373
MXN,2005-12-13,73239,5649,52301,125252,138274
MXN,2005-12-20,42265,5976,45446,84142,93855
MXN,2005-12-27,38295,7660,47237,79959,91636
MXN,2006-01-03,38380,2566,46691,86611,91750
MXN,2006-01-10,43411,3272,45706,90332,96154
MXN,2006-01-17,49051,4981,43354,91762,99485
MXN,2006-01-24,48496,3939,43321,91867,98608
MXN,2006-01-31,69877,3779,39866,110291,117640
MXN,2006-02-07,67597,6624,41827,107125,117623
MXN,2006-02-14,70463,3987,41713,112550,120098
MXN,2006-02-21,69966,5263,41502,110589,119303
MXN,2006-02-28,66951,4046,39890,106468,113669
MXN,2006-03-07,40730,6170,50344,87361,98842
MXN,2006-03-14,35654,5724,35277,67501,77716
MXN,2006-03-21,28530,7520,39679,61773,73692
MXN,2006-03-28,20739,9517,44177,56814,70502
MXN,2006-04-04,16625,19831,59162,56308,79909
MXN,2006-04-11,16180,20804,59923,55481,79961
MXN,2006-04-18,16522,23489,60495,53299,80940
MXN,2006-04-25,18779,31829,69208,54504,91804
MXN,2006-05-02,17300,23957,64412,57736,84728
MXN,2006-05-09,19719,23024,62949,59354,86961
MXN,2006-05-16,15488,26560,68503,57282,88324
MXN,2006-05-23,11984,30505,75127,55976,90941
MXN,2006-05-30,8027,36887,79365,48217,90621
MXN,2006-06-06,8862,36758,77647,48217,90022
MXN,2006-06-13,10088,36319,88642,60108,103111
MXN,2006-06-20,7765,36808,67398,36275,77868
MXN,2006-06-27,8917,36735,76284,46146,88259
MXN,2006-07-03,10965,22601,70446,57773,85075
MXN,2006-07-11,10838,15195,62643,58678,77319
MXN,2006-07-18,17009,10583,60013,67576,81681
MXN,2006-07-25,16625,8554,60711,70446,82117
MXN,2006-08-01,27255,9580,52165,71240,86532
MXN,2006-08-08,28762,6853,46247,69843,79548
MXN,2006-08-15,42433,6799,44897,82745,92014
MXN,2006-08-22,31768,6927,46527,73802,82797
MXN,2006-08-29,32841,10036,46417,70577,84319
MXN,2006-09-05,33449,5778,45127,74542,83830
MXN,2006-09-12,21116,13042,55416,62581,81318
MXN,2006-09-19,21065,18603,27997,30071,52703
MXN,2006-09-26,16227,20494,34712,30039,54570
MXN,2006-10-03,30899,25235,27072,32144,61683
MXN,2006-10-10,31309,21537,32857,41662,70319
MXN,2006-10-17,64691,12214,14984,69852,84107
MXN,2006-10-24,79052,11969,16033,85644,99853
MXN,2006-10-31,93138,10957,14597,100173,113332
MXN,2006-11-07,67625,9565,16715,77904,90298
MXN,2006-11-14,45819,11659,21137,58817,74155
MXN,2006-11-21,35021,22882,36225,49384,76549
MXN,2006-11-28,27433,24144,40795,45051,73516
MXN,2006-12-05,33935,8586,34842,60851,73822
MXN,2006-12-12,55828,8192,47760,96316,108850
MXN,2006-12-19,69778,9775,6452,45242,80814
MXN,2006-12-26,62756,7975,28387,85221,95521
MXN,2007-01-03,83250,15377,27677,98545,115893
MXN,2007-01-09,52580,24714,36564,65379,93823
MXN,2007-01-16,49620,23120,36195,64018,90751
MXN,2007-01-23,45335,27230,39490,57303,90420
MXN,2007-01-30,40595,30080,50023,61307,95731
MXN,2007-02-06,44037,27323,44100,64319,93156
MXN,2007-02-13,42247,20840,43154,66867,91261
MXN,2007-02-20,46411,28793,48139,67091,99338
MXN,2007-02-27,33662,33480,56692,57157,94756
MXN,2007-03-06,30810,46405,66234,49740,102082
MXN,2007-03-13,28319,42847,78849,63348,113307
MXN,2007-03-20,20833,39849,50509,30782,75465
MXN,2007-03-27,26718,23174,40657,44044,71690
MXN,2007-04-03,23449,21666,40465,45591,73102
MXN,2007-04-10,30440,16696,36719,54854,75108
MXN,2007-04-17,28366,18607,41136,55290,77552
MXN,2007-04-24,28053,22324,44019,53843,80802
MXN,2007-05-01,50776,24209,46442,78404,107566
MXN,2007-05-08,69338,21011,47025,101074,126677
MXN,2007-05-15,85844,22782,46229,115506,142943
MXN,2007-05-22,81362,12124,36300,111761,128888
MXN,2007-05-29,94740,8603,33881,126594,139965
MXN,2007-06-05,97365,6309,30603,127721,141432
MXN,2007-06-12,72598,16268,50730,112620,138039
MXN,2007-06-19,69496,4923,25752,96470,104674
MXN,2007-06-26,53758,11778,30833,79525,94588
MXN,2007-07-03,55616,6836,28244,84585,94589
MXN,2007-07-10,59061,6849,26730,85855,95605
MXN,2007-07-17,66046,7879,25336,90052,101682
MXN,2007-07-24,62055,14327,30175,84936,103205
MXN,2007-07-31,34415,11809,49448,78785,95940
MXN,2007-08-07,27157,10787,57344,79484,94580
MXN,2007-08-14,26630,14915,61276,73010,94014
MXN,2007-08-21,9674,33808,86780,63294,101504
MXN,2007-08-28,10761,30963,84807,65280,101179
MXN,2007-09-04,10724,26644,91984,77295,109118
MXN,2007-09-11,16805,29938,103772,92501,128847
MXN,2007-09-18,9948,38020,58397,31056,72554
MXN,2007-09-25,18346,31267,51773,40054,75151
MXN,2007-10-02,18098,20241,49823,49468,73625
MXN,2007-10-09,25879,15159,47695,62462,80483
MXN,2007-10-16,37570,7376,40431,73888,84626
MXN,2007-10-23,51103,5844,38795,87188,96322
MXN,2007-10-30,76830,7065,34897,107722,118028
MXN,2007-11-06,68172,14597,37718,95376,113295
MXN,2007-11-13,45638,11399,48534,85939,102849
MXN,2007-11-20,31631,14724,55841,75074,94239
MXN,2007-11-27,26351,14582,58090,71935,90471
MXN,2007-12-04,32548,22512,66321,79023,105039
MXN,2007-12-11,58200,19297,62574,104698,126777
MXN,2007-12-18,70710,3821,12927,83917,89937
MXN,2007-12-24,75331,3523,12174,88800,94387
MXN,2007-12-31,62193,5903,16392,77103,85765
MXN,2008-01-08,62120,6254,24805,85065,93542
MXN,2008-01-15,38271,8319,37926,71473,82208
MXN,2008-01-22,34615,10652,40145,67121,81705
MXN,2008-01-29,51191,9405,26728,72682,84369
MXN,2008-02-05,79122,7067,33096,109270,121116
MXN,2008-02-12,111054,5032,34044,144244,152013
MXN,2008-02-19,123599,7092,35374,156706,166427
MXN,2008-02-26,131665,6331,37314,168560,177319
MXN,2008-03-04,120841,7958,41779,159118,170510
MXN,2008-03-11,79981,6247,38552,118024,126567
MXN,2008-03-18,93397,4093,5391,97623,104067
MXN,2008-03-25,109318,5467,5442,113089,120313
MXN,2008-04-01,127875,6972,6033,131569,140166
MXN,2008-04-08,124116,8713,6290,127412,138434
MXN,2008-04-15,122670,7776,6161,126190,136543
MXN,2008-04-22,128069,7212,6678,132157,142006
MXN,2008-04-29,100559,9763,6715,101387,116470
MXN,2008-05-06,108564,7053,6278,113095,122815
MXN,2008-05-13,104833,5805,7748,110366,118845
MXN,2008-05-20,97539,6940,14543,103896,116535
MXN,2008-05-27,100428,5672,12118,112378,120338
MXN,2008-06-03,104836,6001,30891,131923,150702
MXN,2008-06-10,90984,6822,43767,131369,148568
MXN,2008-06-17,99948,4101,4489,89578,111911
MXN,2008-06-24,101766,3596,6722,99040,116518
MXN,2008-07-01,80362,6427,10618,86391,100205
MXN,2008-07-08,82780,10590,9303,81655,100375
MXN,2008-07-15,87130,14789,12336,89986,107156
MXN,2008-07-22,97975,7838,5575,100316,111592
MXN,2008-07-29,90545,11777,5693,91016,104551
MXN,2008-08-05,82217,9924,19775,97961,113239
MXN,2008-08-12,60047,9523,32681,87895,105696
MXN,2008-08-19,59148,8833,33327,81634,106247
MXN,2008-08-26,59399,5531,33846,92737,107142
MXN,2008-09-02,51004,7427,39669,87243,104660
MXN,2008-09-09,32754,7275,43466,72493,88224
MXN,2008-09-16,24814,7506,21117,40100,50220
MXN,2008-09-23,14498,8069,30288,37558,48558
MXN,2008-09-30,18220,6204,33784,46190,55055
MXN,2008-10-07,16283,6348,30698,41250,50572
MXN,2008-10-14,8294,5193,34197,37076,44963
MXN,2008-10-21,5746,5317,34917,34343,43587
MXN,2008-10-28,3470,6435,36773,31936,42793
MXN,2008-11-04,3346,7905,38182,32208,43809
MXN,2008-11-11,3739,6074,35172,31428,41277
MXN,2008-11-18,4390,5325,34387,31326,40790
MXN,2008-11-25,3808,5823,35590,31188,41586
MXN,2008-12-02,4142,6040,34907,31208,41175
MXN,2008-12-09,4743,4118,34749,33377,42263
MXN,2008-12-16,6000,3714,3232,3869,10927
MXN,2008-12-22,6829,5028,4436,5707,13423
MXN,2008-12-30,6760,7400,6530,4169,15442
MXN,2009-01-06,6789,7203,7710,5138,16211
MXN,2009-01-13,5943,10201,10141,4259,18232
MXN,2009-01-20,5671,14524,17413,4521,24625
MXN,2009-01-27,5491,16393,23531,9183,30762
MXN,2009-02-03,6678,16388,34577,20734,42781
MXN,2009-02-10,7577,19224,37212,21275,46419
MXN,2009-02-17,6061,17693,37394,21151,44972
MXN,2009-02-24,5290,19570,38958,20873,46055
MXN,2009-03-03,4750,22011,42045,20918,48835
MXN,2009-03-10,5223,21378,53932,32925,60408
MXN,2009-03-17,9178,16648,37260,26889,47497
MXN,2009-03-24,12439,13569,29883,27131,43726
MXN,2009-03-31,12892,15858,29570,25429,44418
MXN,2009-04-07,17293,11721,21488,26830,43610
MXN,2009-04-14,20035,7337,19357,32951,42647
MXN,2009-04-21,36407,6300,16752,48891,57092
MXN,2009-04-28,35156,6025,21316,50890,59521
MXN,2009-05-05,24744,5839,19518,39614,47511
MXN,2009-05-12,30478,9010,13976,37319,48168
MXN,2009-05-19,28540,7411,14998,37768,47350
MXN,2009-05-26,31352,7548,15264,40627,50269
MXN,2009-06-02,32097,6709,14922,42051,50823
MXN,2009-06-09,25637,11829,27782,41481,58287
MXN,2009-06-16,23611,10870,11426,23952,38677
MXN,2009-06-23,26074,10827,10318,25342,40150
MXN,2009-06-30,40356,11405,8292,39210,54055
MXN,2009-07-07,48769,9749,7900,49121,61934
MXN,2009-07-14,27620,14006,14352,27483,45901
MXN,2009-07-21,23177,11962,16103,27700,43086
MXN,2009-07-28,40014,9807,12208,43869,56665
MXN,2009-08-04,45350,9419,11378,49730,62079
MXN,2009-08-11,57266,8804,12339,63291,77773
MXN,2009-08-18,72367,7954,12168,78587,89816
MXN,2009-08-25,79550,8707,13607,87434,99277
MXN,2009-09-01,44759,14712,27949,58875,78153
MXN,2009-09-08,27141,23077,44973,48986,75528
MXN,2009-09-15,26589,27881,23533,21938,51097
MXN,2009-09-22,29213,24912,17865,22989,50435
MXN,2009-09-29,25928,36787,29439,19413,58508
MXN,2009-10-06,25032,45585,37713,17910,66272
MXN,2009-10-13,32215,24266,20840,31602,58033
MXN,2009-10-20,63913,8729,14438,72569,83524
MXN,2009-10-27,73654,6859,12413,80941,90873
MXN,2009-11-03,66828,6901,11690,73266,82289
MXN,2009-11-09,49221,8771,14096,56212,67557
MXN,2009-11-17,65121,9813,12943,71172,83174
MXN,2009-11-24,98074,8808,12831,105512,116667
MXN,2009-12-01,107391,7006,12526,117186,126085
MXN,2009-12-08,113628,7445,50365,160932,172511
MXN,2009-12-15,97731,6169,10540,107019,114996
MXN,2009-12-22,78578,5580,17816,95073,103531
MXN,2009-12-29,70392,5759,20132,87881,96720
MXN,2010-01-05,69341,7354,21314,87103,96759
MXN,2010-01-12,81605,5708,16012,97131,104662
MXN,2010-01-19,87090,7843,17005,102528,112382
MXN,2010-01-26,67133,8994,23785,86156,97398
MXN,2010-02-02,52997,10344,33377,80211,93172
MXN,2010-02-09,42328,10054,38120,73092,85916
MXN,2010-02-16,43429,8965,39391,77821,89170
MXN,2010-02-23,67846,10501,26853,88461,101026
MXN,2010-03-02,91411,11632,20272,105318,118640
MXN,2010-03-09,102793,9319,54610,154312,168073
MXN,2010-03-16,109662,6408,9371,120427,127293
MXN,2010-03-23,114686,4824,10122,125898,132840
MXN,2010-03-30,113370,3772,9685,124757,131061
MXN,2010-04-06,118233,7023,10246,126974,136399
MXN,2010-04-13,120220,7994,12256,130264,140209
MXN,2010-04-20,118977,8825,12949,128892,139644
MXN,2010-04-27,107556,9515,13649,115964,127916
MXN,2010-05-04,91669,8626,19957,107529,118206
MXN,2010-05-11,47507,5549,43754,88600,95941
MXN,2010-05-18,42037,6335,38938,77884,85778
MXN,2010-05-25,34203,5346,46173,77086,85238
MXN,2010-06-01,26142,6369,48892,70442,79114
MXN,2010-06-08,24249,6823,59623,78990,88262
MXN,2010-06-15,33414,5117,14151,46245,52676
MXN,2010-06-22,40797,5158,14216,54414,60656
MXN,2010-06-29,45712,3216,15277,62175,66846
MXN,2010-07-06,30858,8133,25463,51364,61340
MXN,2010-07-13,36830,8695,22864,53839,64215
MXN,2010-07-20,43551,7665,23813,62872,72072
MXN,2010-07-27,51784,6466,22455,71967,80209
MXN,2010-08-03,62503,7362,23853,83655,92249
MXN,2010-08-10,80624,8255,23698,100737,110281
MXN,2010-08-17,81187,10634,24351,99452,111732
MXN,2010-08-24,68371,9001,28483,90529,101768
MXN,2010-08-31,38731,17727,48027,70366,91104
MXN,2010-09-07,38237,24173,60620,75108,102861
MXN,2010-09-14,35691,20734,36299,53347,75894
MXN,2010-09-21,41410,15034,31336,61383,78416
MXN,2010-09-28,89312,22721,27535,99040,123581
MXN,2010-10-05,106169,20405,26893,117470,139575
MXN,2010-10-12,108857,22639,26074,117689,141728
MXN,2010-10-19,104557,22432,26684,113508,137858
MXN,2010-10-26,103670,23527,25370,111551,136899
MXN,2010-11-02,104522,22250,24562,111922,135871
MXN,2010-11-09,114547,25801,23250,117826,146142
MXN,2010-11-16,115539,22322,25769,122190,147623
MXN,2010-11-23,111116,23870,31386,123259,150782
MXN,2010-11-30,97199,18293,30705,113789,134618
MXN,2010-12-07,78102,18620,56856,121413,143823
MXN,2010-12-14,87694,10526,22374,105121,116794
MXN,2010-12-21,89066,11064,20862,103930,116332
MXN,2010-12-28,96664,14418,21519,109615,125232
MXN,2011-01-04,91372,17062,19581,100190,118786
MXN,2011-01-11,101710,18138,17795,108332,127917
MXN,2011-01-18,108866,18664,17841,114698,135242
MXN,2011-01-25,114979,19734,19509,121408,142786
MXN,2011-02-01,123543,20426,20100,129964,151734
MXN,2011-02-08,122615,18803,20967,131282,151871
MXN,2011-02-15,116892,7796,24857,139470,149874
MXN,2011-02-22,118448,4172,22418,142477,149855
MXN,2011-03-01,101537,4335,25227,128045,134821
MXN,2011-03-08,118812,5647,28874,149038,157775
MXN,2011-03-15,130652,9077,22795,149716,161361
MXN,2011-03-22,89646,2098,28979,122361,127075
MXN,2011-03-29,91688,3613,29260,123919,129361
MXN,2011-04-05,126414,7352,23925,149905,158825
MXN,2011-04-12,131688,6842,26674,157661,166619
MXN,2011-04-19,142812,8683,22620,163034,174299
MXN,2011-04-26,138516,6710,23592,162240,170977
MXN,2011-05-03,127995,3735,26259,157279,162963
MXN,2011-05-10,123092,5027,26631,151220,158386
MXN,2011-05-17,112311,7399,27601,138080,147582
MXN,2011-05-24,113219,4538,26660,140639,147410
MXN,2011-05-31,111814,3546,21879,137202,142530
MXN,2011-06-07,95505,5307,42818,139213,150067
MXN,2011-06-14,66092,17929,36823,89035,110231
MXN,2011-06-21,58528,17105,33425,78424,98383
MXN,2011-06-28,59833,13756,32363,82558,98930
MXN,2011-07-05,89492,6548,26965,116012,125229
MXN,2011-07-12,111530,13083,25486,130312,145774
MXN,2011-07-19,100309,11043,26181,121273,135263
MXN,2011-07-26,103288,11375,26024,124088,137823
MXN,2011-08-02,96157,7673,26124,119926,130240
MXN,2011-08-09,56912,15619,50510,92781,117845
MXN,2011-08-16,40669,18035,61953,83817,110017
MXN,2011-08-23,40566,18731,66741,87336,114424
MXN,2011-08-30,40954,20074,62839,82333,111355
MXN,2011-09-06,34163,20917,68644,79808,111130
MXN,2011-09-13,20939,22148,86416,83157,119075
MXN,2011-09-20,8251,25141,64078,44732,76010
MXN,2011-09-27,10211,30837,70683,45722,83098
MXN,2011-10-04,6904,32335,79626,50792,89418
MXN,2011-10-11,7397,32275,78905,50335,88822
MXN,2011-10-18,8298,32427,80011,52714,90949
MXN,2011-10-25,10160,37215,83514,53315,96313
MXN,2011-11-01,10195,36783,92742,64064,105956
MXN,2011-11-08,13087,31154,83398,63332,98340
MXN,2011-11-15,17858,32879,84032,67365,105696
MXN,2011-11-22,6166,37748,102807,67935,116535
MXN,2011-11-29,6539,42779,110822,70921,120894
MXN,2011-12-06,18219,39081,108274,83916,130231
MXN,2011-12-13,17609,40503,102879,77569,125833
MXN,2011-12-20,20177,38979,93742,71196,116352
MXN,2011-12-27,18228,43913,96564,66582,117370
MXN,2012-01-03,22073,47902,96797,68111,121622
MXN,2012-01-10,25147,47479,95563,71014,123845
MXN,2012-01-17,24219,41547,103179,84011,130393
MXN,2012-01-24,36512,29094,102053,108512,142514
MXN,2012-01-31,44190,22709,101524,123612,150567
MXN,2012-02-07,44614,10507,95669,131536,145645
MXN,2012-02-14,52461,11222,98555,142047,159768
MXN,2012-02-21,62775,13350,103017,155069,173082
MXN,2012-02-28,73810,13060,109242,172946,189778
MXN,2012-03-06,84514,18167,114929,182796,207994
MXN,2012-03-13,86449,7557,115569,198917,247777
MXN,2012-03-20,87482,63153,79503,106155,174691
MXN,2012-03-27,91900,9067,78429,166888,178551
MXN,2012-04-03,91744,7241,76724,165387,175692
MXN,2012-04-10,84600,16000,82838,154705,174230
MXN,2012-04-17,63848,17747,96911,147071,167618
MXN,2012-04-24,58544,18336,98207,140344,162405
MXN,2012-05-01,57907,15862,92134,137335,156499
MXN,2012-05-08,53380,16452,101102,139871,160169
MXN,2012-05-15,35857,21412,129136,142486,174386
MXN,2012-05-22,22415,38531,157080,137046,189254
MXN,2012-05-29,24872,37867,156999,139766,187458
MXN,2012-06-05,10998,41394,167225,131874,192370
MXN,2012-06-12,19426,41430,166154,139067,198616
MXN,2012-06-19,22801,37475,83913,64829,109795
MXN,2012-06-26,32190,39837,85932,74997,121524
MXN,2012-07-03,40604,23129,87610,104402,132669
MXN,2012-07-10,48567,23345,89002,113753,142469
MXN,2012-07-17,60772,25783,94067,129183,159971
MXN,2012-07-24,65985,16323,93855,142857,164597
MXN,2012-07-31,69542,21986,95869,143789,170977
MXN,2012-08-07,81901,12523,93371,164823,181520
MXN,2012-08-14,95816,12305,103219,189135,206996
MXN,2012-08-21,107140,9159,107627,208437,222772
MXN,2012-08-28,104239,9613,107852,206040,221529
MXN,2012-09-04,101497,10616,108926,203436,222655
MXN,2012-09-11,127168,4925,120120,247731,309244
MXN,2012-09-18,140375,22228,64559,189832,214921
MXN,2012-09-25,147245,5989,63298,211008,220035
MXN,2012-10-02,137986,2121,62153,204581,209964
MXN,2012-10-09,139392,3000,60114,202765,209257
MXN,2012-10-16,139787,4331,59521,201803,208782
MXN,2012-10-23,136680,4278,61211,199724,207606
MXN,2012-10-30,130624,4615,62410,193779,202456
MXN,2012-11-06,120223,5801,59291,180076,189659
MXN,2012-11-13,102917,5923,58637,160756,170011
MXN,2012-11-20,96451,9664,60647,152448,165940
MXN,2012-11-27,101490,7632,62481,161268,173160
MXN,2012-12-04,126957,7995,52831,178418,190751
MXN,2012-12-11,155296,6025,66299,217955,251887
MXN,2012-12-18,169413,21664,32722,188261,212190
MXN,2012-12-24,157338,7983,30890,190677,200460
MXN,2012-12-31,149624,7872,28558,176559,186181
MXN,2013-01-08,148293,8770,27266,174237,185211
MXN,2013-01-15,160543,8878,20040,179522,190902
MXN,2013-01-22,159909,9872,18661,177261,189952
MXN,2013-01-29,156862,7991,19347,177056,187078
MXN,2013-02-05,150495,8993,19443,169673,181131
MXN,2013-02-12,131615,7036,26791,159378,169726
MXN,2013-02-19,124613,8448,36970,161425,173204
MXN,2013-02-26,120401,15597,42999,150388,173806
MXN,2013-03-05,102996,9475,44803,144851,160919
MXN,2013-03-12,120476,6706,44750,167489,192764
MXN,2013-03-19,132936,23560,11524,130345,156281
MXN,2013-03-26,150742,22580,8933,147156,172805
MXN,2013-04-02,162185,19430,6697,159983,182880
MXN,2013-04-09,151784,9242,7416,159848,172646
MXN,2013-04-16,159424,8136,6272,167435,179491
MXN,2013-04-23,151302,4391,10222,166422,177502
MXN,2013-04-30,145932,7381,11648,159037,170606
MXN,2013-05-07,144076,5632,11069,158584,167659
MXN,2013-05-14,145339,5020,10679,159702,168040
MXN,2013-05-21,140449,3586,10900,155750,162789
MXN,2013-05-28,126130,5266,14001,141849,150465
MXN,2013-06-04,94630,11759,19545,106382,126313
MXN,2013-06-11,71854,8080,24973,91658,119757
MXN,2013-06-18,43007,22058,14114,38848,63895
MXN,2013-06-25,31068,26087,30956,37625,67796
MXN,2013-07-02,27516,24669,31611,36330,64863
MXN,2013-07-09,31282,23247,30882,41881,68551
MXN,2013-07-16,40809,29443,31119,46453,78638
MXN,2013-07-23,55501,35702,30317,55877,93757
MXN,2013-07-30,61049,36161,28281,58769,97135
MXN,2013-08-06,62230,30105,24726,61630,94275
MXN,2013-08-13,66899,30579,25718,66652,99846
MXN,2013-08-20,61235,25104,26380,65659,94485
MXN,2013-08-27,41776,34578,59854,69382,109461
MXN,2013-09-03,33761,33073,65788,67159,107974
MXN,2013-09-10,32753,24474,80653,89992,145125
MXN,2013-09-17,28479,38680,77196,68380,111475
MXN,2013-09-24,47887,33864,75250,93507,130157
MXN,2013-10-01,37161,22560,75882,94487,119788
MXN,2013-10-08,27284,16351,74699,88123,107975
MXN,2013-10-15,23714,15953,75992,86908,106314
MXN,2013-10-22,28776,21562,79292,90563,115334
MXN,2013-10-29,27735,22839,79048,88397,114506
MXN,2013-11-05,29474,24294,78794,87582,116072
MXN,2013-11-12,32614,25597,81816,90571,122171
MXN,2013-11-19,40564,31025,81364,94972,130109
MXN,2013-11-26,38508,26045,81264,96510,127570
MXN,2013-12-03,27661,18728,84282,94973,121461
MXN,2013-12-10,39952,17422,95698,123727,155227
MXN,2013-12-17,40410,24760,65641,86665,114614
MXN,2013-12-24,47206,27028,66253,91453,123733
MXN,2013-12-31,37874,22269,68451,89218,116803
MXN,2014-01-07,38449,20842,68668,90852,117008
MXN,2014-01-14,32495,18778,70231,88714,112998
MXN,2014-01-21,26739,30367,83916,80914,121142
MXN,2014-01-28,20730,56046,102108,65818,133035
MXN,2014-02-04,13694,48209,102088,66858,131832
MXN,2014-02-11,9682,43622,100943,66639,127225
MXN,2014-02-18,8094,31406,100701,78460,131097
MXN,2014-02-25,9971,31540,98329,77506,128542
MXN,2014-03-04,8230,28980,98050,78140,126885
MXN,2014-03-11,12739,20986,123151,116158,166949
MXN,2014-03-18,19320,20590,85755,86691,111057
MXN,2014-03-25,22769,24423,86585,87703,115858
MXN,2014-04-01,49893,28109,87479,113990,145270
MXN,2014-04-08,70371,13870,52020,113734,130331
MXN,2014-04-15,71038,16801,51502,110344,131412
MXN,2014-04-22,68329,14818,50800,110145,128932
MXN,2014-04-29,68073,18455,50507,106015,128100
MXN,2014-05-06,67663,19779,51227,106442,146455
MXN,2014-05-13,86137,17515,40648,118047,149209
MXN,2014-05-20,92730,15464,41101,126272,154795
MXN,2014-05-27,101808,18507,41780,133311,157626
MXN,2014-06-03,105666,19650,42662,136902,162647
MXN,2014-06-10,106566,16363,53387,150671,200202
MXN,2014-06-17,91227,22152,36227,110587,135017
MXN,2014-06-24,84943,15974,35814,109877,128333
MXN,2014-07-01,85387,15825,35777,111268,129425
MXN,2014-07-08,82777,13966,35706,109436,126231
MXN,2014-07-15,86707,17070,36324,110766,131108
MXN,2014-07-22,98823,19689,35629,119684,142254
MXN,2014-07-29,100551,23436,36685,118568,145184
MXN,2014-08-05,77535,45102,58523,92285,143236
MXN,2014-08-12,51933,51974,89135,89422,154694
MXN,2014-08-19,56207,43800,76534,90072,141175
MXN,2014-08-26,71680,35010,61731,100773,141665
MXN,2014-09-02,75444,36280,60317,102200,144255
MXN,2014-09-09,71021,32503,68319,110077,155265
MXN,2014-09-16,69430,47384,59346,83945,134445
MXN,2014-09-23,58278,47774,86359,98429,151319
MXN,2014-09-30,48864,56178,94248,85206,148678
MXN,2014-10-07,43781,51364,97643,89024,147139
MXN,2014-10-14,39798,45561,94047,86859,139036
MXN,2014-10-21,30087,51211,100876,76997,138193
MXN,2014-10-28,26832,53675,107518,78959,144016
MXN,2014-11-04,30218,56808,118895,90389,159857
MXN,2014-11-11,29393,59067,120177,88955,167364
MXN,2014-11-18,31305,60339,120555,90244,167389
MXN,2014-11-25,26386,58938,124186,89801,176125
MXN,2014-12-02,30210,73214,135013,88195,191208
MXN,2014-12-09,32116,80710,155805,102791,213159
MXN,2014-12-16,25843,78599,108876,51565,137628
MXN,2014-12-23,17311,80681,110165,42988,130728
MXN,2014-12-30,15878,79683,109793,42546,129467
MXN,2015-01-06,18667,83118,109414,40584,131121
MXN,2015-01-13,17305,71600,110361,51588,131155
MXN,2015-01-20,19017,65280,121872,71828,148671
MXN,2015-01-27,26739,71312,122006,74535,153115
MXN,2015-02-03,23599,71836,126415,75126,161412
MXN,2015-02-10,25691,74926,131059,77422,174861
MXN,2015-02-17,28873,74318,130598,81807,175704
MXN,2015-02-24,34105,82449,130767,79785,180506
MXN,2015-03-03,31414,74821,131501,84250,178057
MXN,2015-03-10,30622,66269,119188,79299,185039
MXN,2015-03-17,23702,79641,107985,46501,135144
MXN,2015-03-24,35044,76144,107097,61754,150320
MXN,2015-03-31,43289,73578,106671,72784,157688
MXN,2015-04-07,42185,65110,101214,75811,151072
MXN,2015-04-14,63521,55160,59830,65310,130501
MXN,2015-04-21,50343,64018,60891,43780,118074
MXN,2015-04-28,38003,61394,78510,51737,138497
MXN,2015-05-05,24046,74162,102349,49406,146418
MXN,2015-05-12,34027,61066,79661,49638,135526
MXN,2015-05-19,23706,55037,82313,48724,127349
MXN,2015-05-26,23943,56459,84095,48042,129030
MXN,2015-06-02,33983,79110,101105,52866,152809
MXN,2015-06-09,28602,79734,121115,65142,179026
MXN,2015-06-16,28245,80735,100039,45617,133660
MXN,2015-06-23,39402,67269,69300,38128,111876
MXN,2015-06-30,36051,74810,71744,29191,111471
MXN,2015-07-07,24067,96482,112585,35430,140418
MXN,2015-07-14,19965,92683,121163,43663,153639
MXN,2015-07-21,21371,102795,141585,54800,189662
MXN,2015-07-28,21846,110689,147918,53666,196328
MXN,2015-08-04,22590,104638,145436,57470,191087
MXN,2015-08-11,18163,88732,133951,57530,173781
MXN,2015-08-18,24629,85056,121084,56789,171467
MXN,2015-08-25,20401,103454,153468,66290,196090
MXN,2015-09-01,21353,98290,149437,66834,191019
MXN,2015-09-08,22880,93831,142913,67202,188237
MXN,2015-09-15,21749,77034,104727,44500,130555
MXN,2015-09-22,47626,59982,69458,52339,126544
MXN,2015-09-29,31276,75727,102653,54957,142517
MXN,2015-10-06,50942,56185,61132,52024,119424
MXN,2015-10-13,47411,51554,60966,53652,116418
MXN,2015-10-20,50627,51243,61000,57875,119955
MXN,2015-10-27,52078,52161,70390,68148,136629
MXN,2015-11-03,52097,52832,75183,73159,148844
MXN,2015-11-10,43865,62700,93652,71898,158543
MXN,2015-11-17,41435,79698,119122,77267,181499
MXN,2015-11-24,50323,79584,117041,86859,189063
MXN,2015-12-01,48974,74439,116275,89744,186826
MXN,2015-12-08,45226,69607,118809,90975,199890
MXN,2015-12-15,34779,95151,105676,41221,144451
MXN,2015-12-22,28736,85455,104271,43594,137854
MXN,2015-12-29,30566,87953,105141,43545,139756
MXN,2016-01-05,33894,95882,105753,39484,143374
MXN,2016-01-12,29415,103430,110907,32051,148683
MXN,2016-01-19,30361,106364,116877,36514,171971
MXN,2016-01-26,28487,105094,119174,38087,167763
MXN,2016-02-02,24958,103552,120705,37341,166295
MXN,2016-02-09,41732,88254,87814,36611,155692
MXN,2016-02-16,21445,98830,119580,36985,161403
MXN,2016-02-23,30149,83008,93210,35892,145631
MXN,2016-03-01,25194,81667,96311,36474,141104
MXN,2016-03-08,20441,77995,97801,37112,139105
MXN,2016-03-15,23040,68077,69834,22849,97456
MXN,2016-03-22,28550,74246,71709,25718,105395
MXN,2016-03-29,33005,73801,71159,29298,109067
MXN,2016-04-05,40864,72742,67818,34515,113872
MXN,2016-04-12,40518,87109,107521,60429,153572
MXN,2016-04-19,43925,58334,73204,59741,126511
MXN,2016-04-26,34602,53917,73672,54328,117178
MXN,2016-05-03,35753,48173,64851,52301,116533
MXN,2016-05-10,16149,61369,99619,51716,128911
MXN,2016-05-17,25219,70910,96000,47068,134805
MXN,2016-05-24,27017,74477,99517,49389,138084
MXN,2016-05-31,20193,75808,107837,49790,143577
MXN,2016-06-07,22389,81698,104873,43019,142333
MXN,2016-06-14,16894,82513,88752,19688,110890
MXN,2016-06-21,13509,82389,92449,19222,111143
MXN,2016-06-28,13390,78717,90832,21879,109440
MXN,2016-07-05,24238,69095,73970,27091,103117
MXN,2016-07-12,28648,65820,62388,23674,97361
MXN,2016-07-19,24675,64041,70493,28513,103432
MXN,2016-07-26,24114,70676,79400,29731,119753
MXN,2016-08-02,23915,76038,87939,32318,128186
MXN,2016-08-09,19963,74325,89724,35020,127632
MXN,2016-08-16,24542,70265,78627,33325,120749
MXN,2016-08-23,26845,55386,71853,43873,113732
MXN,2016-08-30,19848,53082,78626,44172,114101
MXN,2016-09-06,16790,75189,126353,67074,162430
MXN,2016-09-13,19930,85677,131147,62175,168729
MXN,2016-09-20,20526,109868,127430,34589,153278
MXN,2016-09-27,24865,110738,128158,39563,160243
MXN,2016-10-04,22358,108250,128610,39759,157510
MXN,2016-10-11,38060,89852,91189,37672,135977
MXN,2016-10-18,33364,64083,88084,56889,129729
MXN,2016-10-25,28677,54020,89962,65251,139555
MXN,2016-11-01,30838,67310,106631,69376,157048
MXN,2016-11-08,25298,58294,104400,71251,148866
MXN,2016-11-15,22124,67277,111940,67051,153771
MXN,2016-11-22,19884,68198,116348,67460,154976
MXN,2016-11-29,19314,73814,117839,62354,155401
MXN,2016-12-06,18619,72685,114759,59947,151640
MXN,2016-12-13,19001,76660,119211,60776,155718
MXN,2016-12-20,20806,87487,111792,43353,139166
MXN,2016-12-27,21411,83068,114733,51810,143192
MXN,2017-01-03,22279,87915,121190,53279,151563
MXN,2017-01-10,23878,95654,134189,61917,174390
MXN,2017-01-17,22573,95894,138023,64084,177433
MXN,2017-01-24,32133,96787,142352,76498,191470
MXN,2017-01-31,26000,89208,142169,78258,184327
MXN,2017-02-07,31229,89717,142130,82847,189464
MXN,2017-02-14,30271,90484,143548,83212,190028
MXN,2017-02-21,35125,91606,138447,83138,193415
MXN,2017-02-28,39057,84840,136487,92932,194858
MXN,2017-03-07,38707,81465,150931,111461,209454
MXN,2017-03-14,51271,56738,110820,108674,169900
MXN,2017-03-21,57730,61011,109415,110203,176764
MXN,2017-03-28,72728,77465,108002,109813,191438
MXN,2017-04-04,80979,90667,108561,104857,199099
MXN,2017-04-11,86813,99488,109004,102197,205663
MXN,2017-04-18,97027,82783,88398,108502,195575
MXN,2017-04-25,91689,75651,77693,98117,177359
MXN,2017-05-02,91142,76027,78278,97914,177326
MXN,2017-05-09,92514,22611,78942,153711,179886
MXN,2017-05-16,92686,22632,81075,156495,183857
MXN,2017-05-23,98609,44311,101454,160659,211110
MXN,2017-05-30,112479,37477,82152,163139,206058
MXN,2017-06-06,115601,30780,75128,166379,207116
MXN,2017-06-13,123468,27654,84029,186727,233490
MXN,2017-06-20,125659,76674,77345,133169,217481
MXN,2017-06-27,126019,45012,77403,163914,212815
MXN,2017-07-03,119408,34549,77093,171078,210730
MXN,2017-07-11,125291,27432,76411,179680,213241
MXN,2017-07-18,130155,17616,65879,184118,209717
MXN,2017-07-25,130075,17185,67563,186763,212346
MXN,2017-08-01,130186,16637,70001,190260,214358
MXN,2017-08-08,130668,24231,76063,189073,218908
MXN,2017-08-15,130900,36051,94885,195458,237589
MXN,2017-08-22,137856,40238,93686,197558,243849
MXN,2017-08-29,135549,38539,95338,197365,246509
MXN,2017-09-05,141051,27439,79810,199169,240705
MXN,2017-09-12,143188,26190,74411,197529,258092
MXN,2017-09-19,136338,59386,71639,154781,218381
MXN,2017-09-26,134621,50894,75173,164278,219926
MXN,2017-10-03,117452,28336,75702,170572,204344
MXN,2017-10-10,102473,19724,76547,162723,188075
MXN,2017-10-17,98936,27869,81992,155590,188907
MXN,2017-10-24,87536,31835,84813,142951,180527
MXN,2017-10-31,87220,31974,81549,138823,177306
MXN,2017-11-07,88731,31756,80251,139158,177429
MXN,2017-11-14,92961,30428,77408,141079,177739
MXN,2017-11-21,110044,29658,61109,144095,179530
MXN,2017-11-28,112966,23400,50180,143607,171485
MXN,2017-12-05,121003,24480,48842,149465,179296
MXN,2017-12-12,112383,26207,65269,154986,211478
MXN,2017-12-19,102273,48379,74049,129056,181925
MXN,2017-12-26,87576,51192,90358,127571,184543
MXN,2018-01-02,93804,58746,93659,128150,193802
MXN,2018-01-09,78703,48906,99450,129021,184250
MXN,2018-01-16,82790,35995,82868,131205,172511
MXN,2018-01-23,97964,36809,72281,137357,178983
MXN,2018-01-30,110923,30878,69758,153364,188829
MXN,2018-02-06,127650,34795,65965,161448,201316
MXN,2018-02-13,122762,25984,66644,165749,196517
MXN,2018-02-20,127065,32244,61812,159534,196447
MXN,2018-02-27,120144,27637,61521,156533,189222
MXN,2018-03-06,114143,30848,70383,156911,192062
MXN,2018-03-13,113977,27037,70002,160631,196223
MXN,2018-03-20,105870,39025,68369,138135,182537
MXN,2018-03-27,130264,40477,60742,155684,199947
MXN,2018-04-03,136812,37732,64044,169006,209945
MXN,2018-04-10,147519,45301,67751,174664,223499
MXN,2018-04-17,155624,53783,64630,171349,228823
MXN,2018-04-24,140739,51956,82904,176341,232193
MXN,2018-05-01,129849,43808,78510,169028,216905
MXN,2018-05-08,109911,33723,81932,161959,199756
MXN,2018-05-15,86288,33510,89930,143588,183354
MXN,2018-05-22,78769,47229,96050,127439,184285
MXN,2018-05-29,73232,54896,99469,116130,181671
MXN,2018-06-05,69986,81096,119881,105929,202098
MXN,2018-06-12,64923,86623,133850,108843,214278
MXN,2018-06-19,60316,71581,87627,72316,156503
MXN,2018-06-26,61775,74285,80454,64270,150501
MXN,2018-07-03,60815,54900,76822,79552,145233
MXN,2018-07-10,66485,38353,66938,94397,141886
MXN,2018-07-17,75878,46800,70288,100862,155008
MXN,2018-07-24,87495,67911,82833,104364,177515
MXN,2018-07-31,97475,70960,84753,113415,189767
MXN,2018-08-07,108066,74806,81713,117717,198476
MXN,2018-08-14,112980,81906,85951,121207,207354
MXN,2018-08-21,113603,87933,91333,121389,213196
MXN,2018-08-28,105978,86641,102033,124985,217019
MXN,2018-09-04,103856,91337,108382,124364,220430
MXN,2018-09-11,101282,86746,127953,146073,245043
MXN,2018-09-18,112234,71721,79529,124308,200192
MXN,2018-09-25,117315,65917,79751,135387,204650
MXN,2018-10-02,135649,61820,73258,150505,217218
MXN,2018-10-09,126813,52364,73701,152510,208594
MXN,2018-10-16,127324,58749,79192,152120,215138
MXN,2018-10-23,111571,53544,85567,147336,206270
MXN,2018-10-30,93644,59835,91961,127379,192330
MXN,2018-11-06,67588,60552,109111,117752,184085
MXN,2018-11-13,69888,62601,108198,116400,186246
MXN,2018-11-20,72611,58528,104160,118267,186030
MXN,2018-11-27,77867,62540,103092,117842,189912
MXN,2018-12-04,64314,59791,116595,119562,191512
MXN,2018-12-11,66195,54753,106915,117435,184120
MXN,2018-12-18,49996,50765,65159,63654,122610
MXN,2018-12-24,64558,61129,64403,67131,137078
MXN,2018-12-31,82260,72488,60432,71503,151235
MXN,2019-01-08,92398,61416,59697,93541,160493
MXN,2019-01-15,124498,67233,58311,119223,190187
MXN,2019-01-22,141908,78389,56526,123942,206199
MXN,2019-01-29,149306,79863,57814,130727,214141
MXN,2019-02-05,156916,85449,58212,132968,222193
MXN,2019-02-12,158735,82324,57978,135930,223535
MXN,2019-02-19,169715,74620,56536,144256,233792
MXN,2019-02-26,168531,76584,59671,144948,236584
MXN,2019-03-05,176942,88524,61146,143109,246641
MXN,2019-03-12,177252,102156,73029,150878,273064
MXN,2019-03-19,183614,60727,43797,171187,235008
MXN,2019-03-26,198612,52278,32943,184120,239526
MXN,2019-04-02,186698,43975,33192,179467,227327
MXN,2019-04-09,194643,39206,32374,192358,234676
MXN,2019-04-16,202538,46508,34996,194589,244360
MXN,2019-04-23,207389,56684,38087,191911,252304
MXN,2019-04-30,212417,67678,38446,187446,258551
MXN,2019-05-07,215485,70796,40688,188933,263669
MXN,2019-05-14,214359,66152,43905,195454,265513
MXN,2019-05-21,218160,71675,45177,195276,271550
MXN,2019-05-28,213758,71291,47918,194156,274999
MXN,2019-06-04,172354,48125,54635,181509,242090
MXN,2019-06-11,141898,40583,67837,172813,222003
MXN,2019-06-18,143640,26834,52223,172858,202744
MXN,2019-06-25,154205,39170,54497,174181,216206
MXN,2019-07-02,168532,60265,59768,172759,236052
MXN,2019-07-09,181214,54832,55760,186370,244234
MXN,2019-07-16,168473,40352,49265,182310,225725
MXN,2019-07-23,162435,37680,49855,178539,221368
MXN,2019-07-30,164178,35910,49179,181427,221211
MXN,2019-08-06,161166,39097,52771,177539,222394
MXN,2019-08-13,152707,35145,53171,173364,212499
MXN,2019-08-20,147542,37183,43474,156349,197525
MXN,2019-08-27,129991,36677,51988,147825,189136
MXN,2019-09-03,126271,34480,54807,148057,187869
MXN,2019-09-10,126807,31170,53509,151836,196951
MXN,2019-09-17,135507,53881,44785,129155,187938
MXN,2019-09-24,149871,57457,42234,137556,199268
MXN,2019-10-01,162307,46495,46189,164126,215614
MXN,2019-10-08,159694,44298,51741,169319,218266
MXN,2019-10-15,171659,58617,52984,169253,233100
MXN,2019-10-22,192776,79826,53863,169933,254385
MXN,2019-10-29,215210,86303,57285,189552,280627
MXN,2019-11-05,232281,91879,58054,202162,299034
MXN,2019-11-12,219312,77275,71568,216011,298167
MXN,2019-11-19,213938,74117,72760,214787,294412
MXN,2019-11-26,202534,66885,79931,217734,292397
MXN,2019-12-03,196052,65925,84564,217740,290980
MXN,2019-12-10,196673,66032,92830,227495,304848
MXN,2019-12-17,211650,59390,69343,225825,288786
MXN,2019-12-24,202097,43881,65565,226855,274987
MXN,2019-12-31,193069,42803,66642,230351,277946
MXN,2020-01-07,203580,46262,71014,232233,283332
MXN,2020-01-14,207127,41487,78142,247992,294039
MXN,2020-01-21,211681,41710,78831,253303,299980
MXN,2020-01-28,207336,36970,88754,263340,305928
MXN,2020-02-04,206538,41366,91595,261639,308894
MXN,2020-02-11,193940,37614,98944,259767,302445
MXN,2020-02-18,192345,39063,100188,258098,301797
MXN,2020-02-25,176836,26235,92104,245362,276267
MXN,2020-03-03,147358,16177,77354,211239,233892
MXN,2020-03-10,129376,16829,85712,200091,224550
MXN,2020-03-17,55563,21718,61736,95627,121964
MXN,2020-03-24,40783,18804,65411,86775,110323
MXN,2020-03-31,28435,20770,69611,77274,102712
MXN,2020-04-07,26766,21010,69739,75415,102137
MXN,2020-04-14,29926,26593,74298,76160,109371
MXN,2020-04-21,25851,24611,75376,73960,105480
MXN,2020-04-28,32191,23710,66098,73542,103359
MXN,2020-05-05,31184,24075,63787,69744,100220
MXN,2020-05-12,22491,27611,72507,66792,101098
MXN,2020-05-19,24268,30252,72673,65717,103425
MXN,2020-05-26,43294,38603,79009,73548,128952
MXN,2020-06-02,56663,48346,59334,68055,122614
MXN,2020-06-09,58953,59799,70393,70805,135937
MXN,2020-06-16,49258,27152,54593,77827,109329
MXN,2020-06-23,51601,28423,56295,79754,113290
MXN,2020-06-30,55795,34839,61632,82594,122007
MXN,2020-07-07,50848,35868,66779,82680,122938
MXN,2020-07-14,48737,36866,70400,82590,124807
MXN,2020-07-21,49461,39613,71569,82155,128136
MXN,2020-07-28,51851,40987,75094,86810,133914
MXN,2020-08-04,42692,39693,78576,82159,128492
MXN,2020-08-11,44240,37733,79635,86437,130908
MXN,2020-08-18,42450,38112,84341,89318,134542
MXN,2020-08-25,42397,38535,83747,89057,134794
MXN,2020-09-01,45309,39340,77893,85119,132731
MXN,2020-09-08,53190,44817,85692,95813,150387
MXN,2020-09-15,56478,30007,71028,100687,134482
MXN,2020-09-22,59484,32834,69978,99458,136718
MXN,2020-09-29,43334,30698,72917,87412,121918
MXN,2020-10-06,51201,29859,63407,86442,120674
MXN,2020-10-13,51329,28851,59746,85143,118828
MXN,2020-10-20,56246,36404,61609,84294,124948
MXN,2020-10-27,63135,35189,54890,86223,125868
MXN,2020-11-03,53988,29891,54900,83136,118193
MXN,2020-11-10,57399,39077,62376,85363,128610
MXN,2020-11-17,59799,39390,63160,87670,132317
MXN,2020-11-24,63156,39361,63414,91809,136787
MXN,2020-12-01,72880,43839,64311,99537,149709
MXN,2020-12-08,70443,43921,82437,114634,191833
MXN,2020-12-15,62335,65562,71960,73710,142913
MXN,2020-12-21,56598,64847,78214,74132,142814
MXN,2020-12-29,56929,62187,77596,76645,142582
MXN,2021-01-05,52578,60301,79574,76962,141291
MXN,2021-01-12,57570,63022,83263,83160,151244
MXN,2021-01-19,52890,60577,82956,80248,145735
MXN,2021-01-26,58301,59251,83974,87688,150653
MXN,2021-02-02,53406,50538,88498,95659,150781
MXN,2021-02-09,53203,51720,95146,100459,158040
MXN,2021-02-16,57670,56258,95153,101186,163322
MXN,2021-02-23,54655,51630,97188,103432,165600
MXN,2021-03-02,52098,47667,92476,99526,159755
MXN,2021-03-09,50349,48497,91409,94707,167287
MXN,2021-03-16,40137,69594,68141,40115,113924
MXN,2021-03-23,52412,73306,71332,52940,130204
MXN,2021-03-30,58089,73202,71095,58821,136497
MXN,2021-04-06,57610,70752,69930,60876,136870
MXN,2021-04-13,63387,75365,72074,63970,143619
MXN,2021-04-20,68012,71566,68959,70460,146537
MXN,2021-04-27,75554,74594,70520,75237,154844
MXN,2021-05-04,65948,70394,71227,71196,145948
MXN,2021-05-11,61625,70105,72081,68650,143323
MXN,2021-05-18,62251,72369,72283,66503,144712
MXN,2021-05-25,63868,72366,70361,66593,146892
MXN,2021-06-01,69880,73526,73172,73980,159507
MXN,2021-06-08,63814,70375,79394,77911,159811
MXN,2021-06-15,68675,92605,68307,47910,144805
MXN,2021-06-22,61955,90546,70553,44458,139874
MXN,2021-06-29,71449,90903,64373,49436,144435
MXN,2021-07-06,70788,93121,67470,50723,147459
MXN,2021-07-13,69611,97043,71908,48169,149382
MXN,2021-07-20,66141,94562,72056,47065,146412
MXN,2021-07-27,65404,91811,75588,52469,150348
MXN,2021-08-03,70787,92084,73195,56235,154363
MXN,2021-08-10,69818,93705,74870,53575,152510
MXN,2021-08-17,76530,95647,73652,57709,159599
MXN,2021-08-24,71067,94897,72551,50954,152123
MXN,2021-08-31,72052,93095,69809,52652,153285
MXN,2021-09-07,88168,105685,78810,65945,180540
MXN,2021-09-14,95948,111800,72569,61496,176776
MXN,2021-09-21,88733,107748,73538,58198,169898
MXN,2021-09-28,92423,112018,73086,55599,172640
MXN,2021-10-05,77074,112653,83926,50233,168119
MXN,2021-10-12,74129,113763,90283,52524,171754
MXN,2021-10-19,70192,108763,86864,50405,164268
MXN,2021-10-26,63677,106966,90904,50738,162542
MXN,2021-11-02,61553,112571,99034,50239,167676
MXN,2021-11-09,61791,110198,95074,49390,164152
MXN,2021-11-16,69984,117639,94074,47947,170102
MXN,2021-11-23,80691,130152,98029,47441,184243
MXN,2021-11-30,85840,145587,104613,43493,195719
MXN,2021-12-07,70791,134917,120494,55261,200173
MXN,2021-12-14,34748,45421,61580,49157,101049
MXN,2021-12-21,30021,34813,60300,53918,94469
MXN,2021-12-28,33561,42569,63529,55195,102418
MXN,2022-01-04,44876,54366,68595,61468,119748
MXN,2022-01-11,53194,57645,67173,65935,127155
MXN,2022-01-18,75461,70541,69942,77432,151778
MXN,2022-01-25,66449,67239,77473,78951,150142
MXN,2022-02-01,53767,53037,80885,84733,141352
MXN,2022-02-08,45097,43853,82287,86360,134257
MXN,2022-02-15,59485,50511,84673,96727,151098
MXN,2022-02-22,72846,56021,90784,111822,171299
MXN,2022-03-01,74971,32593,72497,118308,154664
MXN,2022-03-08,76020,23003,60537,115731,166433
MXN,2022-03-15,39164,49740,56610,48762,102749
MXN,2022-03-22,58150,76201,68880,54961,134766
MXN,2022-03-29,75081,83328,73952,70666,157779
MXN,2022-04-05,78728,77818,85690,91468,172712
MXN,2022-04-12,81582,66622,85784,105337,175905
MXN,2022-04-19,73710,52046,82643,108857,165403
MXN,2022-04-26,67389,47263,81220,104783,156766
MXN,2022-05-03,63860,49237,79394,97946,151933
MXN,2022-05-10,63921,47196,81735,102601,153858
MXN,2022-05-17,77819,49604,83844,116093,170924
MXN,2022-05-24,83031,53239,84474,118826,177125
MXN,2022-05-31,114480,79031,88894,129037,212843
MXN,2022-06-07,119162,86436,87884,126001,248184
MXN,2022-06-14,114093,140474,75532,52384,197375
MXN,2022-06-21,96147,123017,87609,64632,191265
MXN,2022-06-28,107031,121011,79060,69953,193536
MXN,2022-07-05,107141,121559,82106,72010,197463
MXN,2022-07-12,104715,127953,84247,63930,195611
MXN,2022-07-19,97965,128725,91458,63568,196123
MXN,2022-07-26,96752,126650,90972,64113,195025
MXN,2022-08-02,101415,124468,84884,64188,192971
MXN,2022-08-09,95572,123193,88036,63314,189988
MXN,2022-08-16,108642,130013,85997,68194,201618
MXN,2022-08-23,103056,134372,93894,66404,205575
MXN,2022-08-30,103623,132653,95098,69333,206823
MXN,2022-09-06,97112,126572,90882,65572,199161
MXN,2022-09-13,103772,129153,89260,67927,208403
MXN,2022-09-20,96671,124704,67201,43460,172650
MXN,2022-09-27,87723,129045,77061,39063,173045
MXN,2022-10-04,108626,145947,75648,43734,192352
MXN,2022-10-11,120239,153893,77393,49554,206170
MXN,2022-10-18,133432,155726,73758,57485,215836
MXN,2022-10-25,161558,148984,78742,98551,248910
MXN,2022-11-01,182316,138271,90811,141323,282864
MXN,2022-11-08,192024,132410,97255,163611,300020
MXN,2022-11-15,197700,129849,95530,170093,303442
MXN,2022-11-22,188446,125127,97331,167392,296145
MXN,2022-11-29,199744,133658,98322,171081,307733
MXN,2022-12-06,177555,129603,105410,158770,293708
MXN,2022-12-13,168481,124117,106698,156509,290116
MXN,2022-12-20,124474,179570,96834,47242,229275
MXN,2022-12-27,125891,177617,98421,52557,232407
MXN,2023-01-03,131201,187577,105401,55139,245029
MXN,2023-01-10,149517,202898,111970,64764,270826
MXN,2023-01-17,150543,199182,113924,71625,274227
MXN,2023-01-24,148265,197005,115053,72726,272655
MXN,2023-01-31,156950,202220,119480,78676,285481
MXN,2023-02-07,138771,183049,115075,75172,262449
MXN,2023-02-14,153370,193037,114860,81044,279004
MXN,2023-02-21,152675,189548,113816,82358,277353
MXN,2023-02-28,169769,204914,113669,83726,294741
MXN,2023-03-07,177503,208755,161106,136048,376712
MXN,2023-03-14,147405,81278,105425,174601,260414
MXN,2023-03-21,101899,50369,113013,169426,222130
MXN,2023-03-28,109417,60138,116939,170767,233669
MXN,2023-04-04,127371,69458,114977,178154,250403
MXN,2023-04-11,136355,75878,115499,181014,260053
MXN,2023-04-18,139289,83118,120371,181255,267698
MXN,2023-04-25,133098,78970,126071,184678,267276
MXN,2023-05-02,128173,70463,123440,186288,260235
MXN,2023-05-09,127763,57731,117890,194423,255441
MXN,2023-05-16,133268,59633,111178,190643,254037
MXN,2023-05-23,118579,41636,106541,189157,233538
MXN,2023-05-30,115535,37530,98971,181992,224395
MXN,2023-06-06,123447,41777,98261,186038,235994
MXN,2023-06-13,131738,52903,133137,225891,291589
MXN,2023-06-20,121005,21287,94733,197773,224897
MXN,2023-06-27,117098,20749,100116,200015,226033
MXN,2023-07-03,123919,28679,105172,204571,238269
MXN,2023-07-11,122996,26830,107491,206984,239738
MXN,2023-07-18,122811,28319,104617,202856,238006
MXN,2023-07-25,117732,29891,106061,198119,233549
MXN,2023-08-01,119651,31103,106940,200032,236446
MXN,2023-08-08,110008,26357,109028,195668,227745
MXN,2023-08-15,109340,27317,108596,193823,228984
MXN,2023-08-22,103018,29359,114358,190776,228801
MXN,2023-08-29,110075,36212,115162,194183,238767
MXN,2023-09-05,100298,32777,127372,199104,246061
MXN,2023-09-12,93022,26151,123575,195067,235720
MXN,2023-09-19,95307,31657,115818,183563,220707
MXN,2023-09-26,92732,32099,115616,180251,216906
MXN,2023-10-03,90848,26334,114185,181433,212539
MXN,2023-10-10,70525,18292,123052,176627,201997
MXN,2023-10-17,63351,19046,126732,173737,197037
MXN,2023-10-24,54446,16585,133105,173293,194530
MXN,2023-10-31,57470,26173,135287,169170,199078
MXN,2023-11-07,71644,34904,137436,178656,216534
MXN,2023-11-14,79162,35780,138716,186284,228809
MXN,2023-11-21,88474,29543,129654,192858,225972
MXN,2023-11-28,105838,40353,131543,202984,247503
MXN,2023-12-05,108921,35465,133063,211699,257053
MXN,2023-12-12,114396,40271,133847,212911,269074
MXN,2023-12-19,126608,42607,111319,198002,245808
MXN,2023-12-26,131856,44107,113123,203693,253217
MXN,2024-01-02,141007,51909,118694,211023,268627
MXN,2024-01-09,143436,54997,115940,209946,271237
MXN,2024-01-16,133691,52089,115050,201321,263473
MXN,2024-01-23,127479,52380,108318,187719,250059
MXN,2024-01-30,132808,52415,103931,189648,250075
MXN,2024-02-06,143570,56741,106626,198937,261212
MXN,2024-02-13,147176,46732,102632,207674,265257
MXN,2024-02-20,141528,45533,102096,203426,254486
MXN,2024-02-27,146118,52304,99727,198622,256055
MXN,2024-03-05,171871,65285,109795,222511,294670
MXN,2024-03-12,180140,75848,131144,241954,330046
MXN,2024-03-19,183182,54512,112132,245116,303202
MXN,2024-03-26,184361,52293,113559,251218,307002
MXN,2024-04-02,191685,57955,113502,252937,314517
MXN,2024-04-09,189880,50189,111158,255611,309571
MXN,2024-04-16,172573,44842,105028,237147,286335
MXN,2024-04-23,152071,28416,93954,222341,254982
MXN,2024-04-30,144679,25634,95715,219040,249126
MXN,2024-05-07,137564,25252,101075,217449,246848
MXN,2024-05-14,144307,31346,105840,222441,258065
MXN,2024-05-21,153206,35314,107198,229485,269695
MXN,2024-05-28,151468,30549,106742,231440,268109
MXN,2024-06-04,153943,29272,99552,226962,264788
MXN,2024-06-11,145604,26611,115457,236045,275217
MXN,2024-06-18,71739,21485,87254,138056,164401
MXN,2024-06-25,84314,26508,81667,140630,172171
MXN,2024-07-02,96359,32732,84808,150157,188324
MXN,2024-07-09,95748,32425,85441,151184,189294
MXN,2024-07-16,98495,36785,91866,156048,197580
MXN,2024-07-23,100555,31238,91888,162964,198691
MXN,2024-07-30,99143,31483,90333,157395,196287
MXN,2024-08-06,96916,31580,86813,150820,190477
MXN,2024-08-13,82188,32094,95620,144328,184929
MXN,2024-08-20,66745,32099,100092,133502,174530
MXN,2024-08-27,66669,35949,92793,122105,170231
MXN,2024-09-03,63103,32624,98278,125956,171000
MXN,2024-09-10,62614,35588,110666,134878,190133
MXN,2024-09-17,48486,40763,74941,81293,130644
MXN,2024-09-24,51480,39054,76816,87668,134947
MXN,2024-10-01,61487,35188,72851,97616,141622
MXN,2024-10-08,55327,26134,73035,100936,135821
MXN,2024-10-15,60759,35513,70382,94117,139187
MXN,2024-10-22,61303,37406,70053,91045,139302
MXN,2024-10-29,71127,36082,68246,99821,147540
MXN,2024-11-05,65501,34406,69905,96905,143741
MXN,2024-11-12,73269,53076,67882,84203,147790
MXN,2024-11-19,60642,46628,69581,80588,139260
MXN,2024-11-26,56402,52944,76896,76680,142400
MXN,2024-12-03,55114,50930,77150,78988,146854
MXN,2024-12-10,61643,53715,75013,81186,160701
MXN,2024-12-17,55529,40915,63901,76233,126921
MXN,2024-12-24,63168,44325,63511,79322,132801
MXN,2024-12-31,68458,47787,60264,78213,135646
MXN,2025-01-07,60139,47748,71502,82047,139151
MXN,2025-01-14,57188,51191,77842,81607,142860
MXN,2025-01-21,47985,49529,85763,83340,141724
MXN,2025-01-28,46601,41377,84388,87411,138321
MXN,2025-02-04,61459,49197,78564,88082,145368
MXN,2025-02-11,59388,43538,77683,90953,143628
MXN,2025-02-18,63852,49179,78851,91675,149733
MXN,2025-02-25,70337,41607,74354,100561,150579
MXN,2025-03-04,65679,46223,72102,89407,145035
MXN,2025-03-11,75519,45433,79090,109383,166564
MXN,2025-03-18,93583,37631,42218,98538,142943
MXN,2025-03-25,89477,30438,38556,97250,137459
MXN,2025-04-01,86757,35677,43822,93947,139481
MXN,2025-04-08,80167,41085,61831,98090,150017
MXN,2025-04-15,67550,34281,69070,101587,146438
MXN,2025-04-22,67624,26459,56341,98689,130379
MXN,2025-04-29,83287,23775,39019,100489,129201
MXN,2025-05-06,86615,18060,34566,104253,127483
MXN,2025-05-13,90191,24485,35941,105482,134834
MXN,2025-05-20,89323,26791,40078,104140,136985
MXN,2025-05-27,88293,26891,53609,116979,161653
MXN,2025-06-03,93401,28952,55198,122144,168665
MXN,2025-06-10,99017,36291,57439,123349,180612
MXN,2025-06-17,92833,34806,54030,117512,155581
MXN,2025-06-24,83729,32418,55155,110935,146855
MXN,2025-07-01,87448,32936,57224,116975,153052
MXN,2025-07-08,97431,42353,61703,121631,167262
MXN,2025-07-15,92332,42210,63981,120154,165808
MXN,2025-07-22,99081,43017,64766,125106,172369
MXN,2025-07-29,99141,42463,67835,127938,173983
MXN,2025-08-05,105231,37176,63351,135042,176153
MXN,2025-08-12,106539,45300,67876,132724,182397
MXN,2025-08-19,91974,27449,61700,129628,162678
MXN,2025-08-26,97158,28160,59405,131219,165392
MXN,2025-09-02,101520,28507,66278,142296,179417
MXN,2025-09-09,107503,33771,89064,166599,213424
MXN,2025-09-16,112395,34402,61957,144698,182118
MXN,2025-09-23,107346,23913,60814,149153,176007
MXN,2025-09-30,115256,23373,60417,156785,183221
MXN,2025-10-07,115817,28150,69209,160667,191754
MXN,2025-10-14,95674,28113,75373,145927,178245
MXN,2025-10-21,99658,26316,70073,147502,177118
MXN,2025-10-28,116489,34985,69472,155234,193166
MXN,2025-11-04,113164,26988,68299,157553,188337
MXN,2025-11-10,118511,33330,71228,161044,197299
MXN,2025-11-18,132165,36337,76119,175996,216607
MXN,2025-11-25,126551,31364,73012,171820,207501
MXN,2025-12-02,149102,50162,77940,181289,235435
MXN,2025-12-09,153728,46752,112875,223672,284060
MXN,2025-12-16,158447,71335,82573,174312,365595
MXN,2025-12-23,164985,63809,82849,188902,255477
MXN,2025-12-30,162240,55874,79281,191070,249474
MXN,2026-01-06,161616,52315,80873,194427,250364
MXN,2026-01-13,153670,50112,79940,188120,241382
MXN,2026-01-20,153398,46245,77773,189711,239959
MXN,2026-01-27,149094,45980,79827,187176,237744
MXN,2026-02-03,132392,41800,84224,180027,225867
MXN,2026-02-10,128360,43409,89005,178143,226933
MXN,2026-02-17,128197,44075,88449,177114,226417
MXN,2026-02-24,126009,43129,85018,172145,225567
MXN,2026-03-03,126531,49488,89636,170152,235943
MXN,2026-03-10,112701,38890,107882,185610,254257
MXN,2026-03-17,90997,22537,72821,146261,171319
MXN,2026-03-24,92246,18170,67758,144990,166676
MXN,2026-03-31,94183,36499,83284,143860,184074
MXN,2026-04-07,91055,33584,83760,145547,182790
MXN,2026-04-14,93692,34738,85477,149057,188147
MXN,2026-04-21,101306,33605,85802,158217,195622
MXN,2026-04-28,103697,35874,90261,162965,202265
MXN,2026-05-05,91592,29465,87636,154580,186899
MXN,2026-05-12,93390,29300,85004,153745,188631
MXN,2026-05-19,95246,32997,98026,165325,203827
MXN,2026-05-26,90541,32387,100952,164342,201274
MXN,2026-06-02,86699,32042,101349,166183,204071
MXN,2026-06-09,100199,36398,96959,165310,213844
MXN,2026-06-16,119042,47253,80999,158289,276950
MXN,2026-06-23,112389,38164,78775,156442,198588
MXN,2026-06-30,105291,34355,83200,157769,195406
MXN,2026-07-07,112628,35271,78016,159289,198958
MXN,2026-07-14,107127,34172,82973,160713,199350
MXN,2026-07-21,106600,34901,85999,161493,201335
MXN,2026-07-28,106487,33959,85466,162417,200776
MXN,2026-08-04,118510,41967,89618,171471,217220
MXN,2026-08-11,150731,67058,97517,187256,258898
MXN,2026-08-18,160766,81314,114316,198901,284591
MXN,2026-08-25,159905,77523,116571,204970,286429
MXN,2026-09-01,174649,81402,127853,225570,313188
MXN,2026-09-08,169798,75066,129773,229704,327215
NZD,2000-01-04,0,0,1032,1081,1398
NZD,2000-01-11,0,0,1037,1080,1313
NZD,2000-01-18,0,0,965,1080,1255
NZD,2000-01-25,0,0,1122,1027,1384
NZD,2000-02-01,445,1822,2339,690,3835
NZD,2000-02-08,445,814,1939,1409,2985
NZD,2000-02-15,445,814,2069,1410,3096
NZD,2000-02-22,445,814,1942,1410,2963
NZD,2000-02-29,0,812,2351,1410,3050
NZD,2000-03-07,0,824,3226,2259,3924
NZD,2000-04-04,0,597,1294,302,1989
NZD,2003-11-11,3346,1529,1510,3510,6305
NZD,2003-11-18,4332,1293,1353,4857,7223
NZD,2003-11-25,4893,1200,1533,5867,7996
NZD,2004-08-17,3624,734,3850,7052,9291
NZD,2004-10-19,5649,0,7668,12510,15619
NZD,2004-10-26,7652,134,7448,14355,17661
NZD,2004-11-02,7752,774,7497,13696,17610
NZD,2004-11-09,7684,657,7076,13467,17189
NZD,2004-11-16,8322,537,6706,13994,17558
NZD,2004-11-23,8275,499,6213,13566,17173
NZD,2004-11-30,8206,1008,6338,13366,17378
NZD,2004-12-07,4191,1010,8996,11586,15589
NZD,2005-03-08,5933,0,3852,10846,11871
NZD,2005-03-29,6097,705,2303,8695,10026
NZD,2005-04-05,6057,705,2167,8453,9820
NZD,2005-08-16,4581,0,3125,8020,9004
NZD,2005-08-30,4877,0,3252,8195,9410
NZD,2005-09-06,5251,0,3051,8610,9596
NZD,2005-09-13,5465,0,4488,10510,11677
NZD,2005-10-11,5592,508,2499,7855,9438
NZD,2005-10-18,6208,508,2353,8421,10099
NZD,2005-12-06,7606,895,2485,10136,12187
NZD,2005-12-13,6980,973,4220,10764,13233
NZD,2005-12-27,6328,1887,3366,8226,10731
NZD,2006-01-03,8158,3321,3074,7857,12189
NZD,2006-01-10,8659,4915,3100,6628,13013
NZD,2006-01-17,10337,5510,3060,8156,15026
NZD,2006-01-24,9589,5740,4182,8008,15046
NZD,2006-01-31,9361,5587,5027,8699,15684
NZD,2006-02-07,9120,5019,4838,8949,15200
NZD,2006-02-14,4622,611,5033,9271,11225
NZD,2006-02-21,5109,1486,8017,11588,14603
NZD,2006-02-28,4273,1373,8838,11363,14476
NZD,2006-03-07,4364,1518,12566,14459,17982
NZD,2006-03-14,4349,1746,5389,7052,10702
NZD,2006-03-21,3661,1924,5968,7496,11380
NZD,2006-03-28,3229,2330,7058,7680,12247
NZD,2006-04-04,3002,2614,7488,7864,12473
NZD,2006-04-11,3587,1251,7192,9545,12412
NZD,2006-04-18,5272,800,6320,10408,13154
NZD,2006-04-25,5718,910,4974,9298,12171
NZD,2006-05-02,6517,314,4245,9917,12204
NZD,2006-05-09,7284,398,5278,11400,13736
NZD,2006-05-16,7867,501,5136,11955,14193
NZD,2006-05-23,7483,216,5595,12040,14325
NZD,2006-05-30,7614,4786,4459,6802,13244
NZD,2006-06-06,6910,4752,5126,6990,13175
NZD,2006-06-13,7030,4717,13997,16553,22546
NZD,2006-07-11,4329,5272,8115,7500,14081
NZD,2006-07-18,7204,3636,6189,9629,14948
NZD,2006-07-25,9103,3658,5799,11495,16341
NZD,2006-08-01,10955,2752,5581,14214,18160
NZD,2006-08-08,9468,2523,6233,13907,17327
NZD,2006-08-15,13438,176,4216,18424,19536
NZD,2006-08-22,11787,296,6022,18680,19886
NZD,2006-08-29,10687,171,5375,17092,18099
NZD,2006-09-05,11218,175,5518,17906,18852
NZD,2006-09-12,9750,239,7865,18037,19320
NZD,2006-09-19,13350,468,2568,16218,17608
NZD,2006-09-26,13141,468,2272,16282,17727
NZD,2006-10-03,8391,616,3043,11573,13426
NZD,2006-10-10,11656,1547,2392,13392,15750
NZD,2006-10-17,15075,1273,2503,17233,19759
NZD,2006-10-24,16443,1208,2831,18817,21403
NZD,2006-10-31,13531,1274,2838,16046,18440
NZD,2006-11-07,14371,452,2362,17477,18916
NZD,2006-11-14,10747,452,2945,13993,15514
NZD,2006-11-21,13298,452,2201,16100,17654
NZD,2006-11-28,13682,759,2259,16527,18078
NZD,2006-12-05,15427,957,2057,17707,19768
NZD,2006-12-12,17432,865,2634,20327,22265
NZD,2006-12-19,19129,1240,1690,20658,22440
NZD,2006-12-26,18350,761,1785,20568,21961
NZD,2007-01-03,19054,702,1894,21111,22855
NZD,2007-01-09,15283,665,3300,18804,20440
NZD,2007-01-16,14032,631,4173,18429,19988
NZD,2007-01-23,11450,1255,4745,16429,18687
NZD,2007-01-30,8758,637,7489,16413,18000
NZD,2007-02-06,10592,471,5773,16837,18326
NZD,2007-02-13,12894,421,4378,17707,19219
NZD,2007-02-20,16240,372,3363,20441,21969
NZD,2007-02-27,16798,292,3423,21024,22779
NZD,2007-03-06,14404,115,4468,19240,21159
NZD,2007-03-13,15091,329,6233,21442,23442
NZD,2007-03-20,19735,879,1806,20532,23099
NZD,2007-03-27,23824,1036,2017,24524,27611
NZD,2007-04-03,23361,836,1912,24441,27025
NZD,2007-04-10,21068,1001,1916,22835,25383
NZD,2007-04-17,24198,1101,1772,25992,28672
NZD,2007-04-24,22801,1698,2184,24689,28091
NZD,2007-05-01,18777,1254,3592,22385,25253
NZD,2007-05-08,16416,1161,4251,20934,23617
NZD,2007-05-15,20095,856,3430,23794,26331
NZD,2007-05-22,16607,800,5054,21951,24381
NZD,2007-05-29,15707,796,5598,21530,23796
NZD,2007-06-05,21210,1292,3823,24816,27528
NZD,2007-06-12,27973,1577,24618,52210,55629
NZD,2007-06-19,26386,2070,11530,36852,41113
NZD,2007-06-26,26627,2753,11141,36751,41393
NZD,2007-07-03,25511,2617,11608,36383,41316
NZD,2007-07-10,25480,2230,12028,36581,41167
NZD,2007-07-17,26292,1906,13151,39007,43212
NZD,2007-07-24,30047,2203,13182,42066,46589
NZD,2007-07-31,15457,1193,14162,29164,32233
NZD,2007-08-07,17778,1118,12560,29999,32616
NZD,2007-08-14,16345,2308,12769,27971,31708
NZD,2007-08-21,11912,3027,15189,24931,29542
NZD,2007-08-28,8429,4604,18194,22069,29236
NZD,2007-09-04,10850,4507,16277,23332,29416
NZD,2007-09-11,14013,4339,16920,27162,33398
NZD,2007-09-18,14444,3272,2553,14342,19015
NZD,2007-09-25,15904,3182,2731,16473,21124
NZD,2007-10-02,20974,2480,2203,22027,25717
NZD,2007-10-09,24238,3153,2245,25561,29258
NZD,2007-10-16,25591,3206,2407,25560,30684
NZD,2007-10-23,23802,4351,3410,24335,30493
NZD,2007-10-30,19101,4433,4134,20665,26253
NZD,2007-11-06,17935,4554,4058,19548,25305
NZD,2007-11-13,15369,4946,5785,17981,24117
NZD,2007-11-20,12132,5078,8312,17384,23219
NZD,2007-11-27,11672,4813,8489,16820,22618
NZD,2007-12-04,14124,3125,5486,18023,22019
NZD,2007-12-11,14047,2706,9286,22383,27458
NZD,2007-12-18,12556,2930,3200,15991,19080
NZD,2007-12-24,14098,1851,4190,17818,20826
NZD,2007-12-31,16237,2272,2819,18455,21344
NZD,2008-01-08,14848,1345,3471,19013,21286
NZD,2008-01-15,16969,1220,2458,20520,22467
NZD,2008-01-22,14406,2951,4692,17513,21818
NZD,2008-01-29,13429,2707,4779,16948,20854
NZD,2008-02-05,16150,1361,3859,20565,23061
NZD,2008-02-12,17294,1315,3637,21639,24074
NZD,2008-02-19,16735,1608,4796,21833,24663
NZD,2008-02-26,16954,1421,5250,22976,25565
NZD,2008-03-04,14988,1357,6646,22125,24541
NZD,2008-03-11,13379,983,9553,23723,25732
NZD,2008-03-18,12921,2543,2196,14288,17754
NZD,2008-03-25,12476,3025,3298,14437,18330
NZD,2008-04-01,11600,4146,5292,14194,19790
NZD,2008-04-08,12412,4040,5647,15570,20951
NZD,2008-04-15,12015,5421,7812,15976,22254
NZD,2008-04-22,12726,4832,7844,17295,23365
NZD,2008-04-29,10798,5309,10420,17531,23624
NZD,2008-05-06,11449,5112,9248,17547,23946
NZD,2008-05-13,11193,7749,16377,21339,30377
NZD,2008-05-20,12274,7733,16327,21836,30921
NZD,2008-05-27,12903,7939,16861,22857,32124
NZD,2008-06-03,13965,7637,16523,18750,32954
NZD,2008-06-10,11677,8477,22045,21652,36876
NZD,2008-06-17,10806,9240,8943,14099,25095
NZD,2008-06-24,11543,8893,11244,14484,25319
NZD,2008-07-01,11988,8822,12034,16627,26855
NZD,2008-07-08,12212,10071,14092,18605,30523
NZD,2008-07-15,13581,8254,12655,19023,29068
NZD,2008-07-22,13384,8400,11894,18096,27932
NZD,2008-07-29,11649,10065,14667,17116,28995
NZD,2008-08-05,11583,12964,17983,16893,32162
NZD,2008-08-12,10639,12090,18802,17271,31708
NZD,2008-08-19,10267,10864,15206,13776,28137
NZD,2008-08-26,9849,10312,15871,12853,26713
NZD,2008-09-02,9365,11179,16856,13307,26943
NZD,2008-09-09,8773,11723,18656,13985,28411
NZD,2008-09-16,7744,11644,10869,4698,19338
NZD,2008-09-23,4418,9004,16676,9725,22337
NZD,2008-09-30,4552,9333,13508,7110,18911
NZD,2008-10-07,4533,9011,13310,7593,19057
NZD,2008-10-14,2366,6926,14791,9790,18508
NZD,2008-10-21,2317,6488,14609,9487,18222
NZD,2008-10-28,2897,5344,14334,10932,18412
NZD,2008-11-04,2907,3839,14230,12377,18501
NZD,2008-11-11,2878,4244,14668,12449,19041
NZD,2008-11-18,2607,4248,15006,12619,18864
NZD,2008-11-25,2432,4810,15190,12765,19099
NZD,2008-12-02,2266,4828,15424,12466,19050
NZD,2008-12-09,2231,4524,15024,11492,19891
NZD,2008-12-16,2060,3595,4041,4071,9130
NZD,2008-12-22,2063,3263,3904,4274,8905
NZD,2008-12-30,2360,3369,4152,4267,9033
NZD,2009-01-06,3286,3038,4080,5417,9970
NZD,2009-01-13,3416,3609,3936,4802,9998
NZD,2009-01-20,2059,3996,4972,3760,9714
NZD,2009-01-27,1802,6099,6268,2810,10782
NZD,2009-02-03,1638,7616,7879,2802,12945
NZD,2009-02-10,2184,6523,7737,3822,12701
NZD,2009-02-17,2286,6868,7787,3671,12828
NZD,2009-02-24,2161,8091,8832,3597,13690
NZD,2009-03-03,2139,8907,11336,4788,15870
NZD,2009-03-10,2116,10095,13231,5892,17991
NZD,2009-03-17,2872,8952,8978,4857,15548
NZD,2009-03-24,3383,6268,8146,7392,15198
NZD,2009-03-31,3583,4522,6778,8139,14124
NZD,2009-04-07,4359,1391,5388,10906,13704
NZD,2009-04-14,5362,1002,8449,12986,15202
NZD,2009-04-21,4538,1033,8161,11130,13843
NZD,2009-04-28,4855,1207,7800,11299,14095
NZD,2009-05-05,4658,849,7889,11853,13993
NZD,2009-05-12,7031,773,7898,15194,16914
NZD,2009-05-19,7841,1022,9172,17354,19239
NZD,2009-05-26,13351,819,8991,23076,24755
NZD,2009-06-02,15297,1165,9349,25171,27273
NZD,2009-06-09,15712,939,16667,32998,34760
NZD,2009-06-16,16325,865,2081,19131,20666
NZD,2009-06-23,17977,1021,2554,20794,22606
NZD,2009-06-30,18679,996,2886,21519,23742
NZD,2009-07-07,16391,1034,3178,19513,21694
NZD,2009-07-14,15990,1021,4042,19945,22089
NZD,2009-07-21,16959,776,2591,20097,21987
NZD,2009-07-28,17990,423,2220,21440,22692
NZD,2009-08-04,18975,775,2134,22163,23883
NZD,2009-08-11,19896,1085,2351,23000,25034
NZD,2009-08-18,18515,1079,3647,22957,24783
NZD,2009-08-25,19835,1186,3074,23735,25735
NZD,2009-09-01,18602,938,4734,24226,26059
NZD,2009-09-08,18988,865,7950,28358,29859
NZD,2009-09-15,20206,1211,131,21192,23371
NZD,2009-09-22,19874,1229,442,21007,23603
NZD,2009-09-29,19045,1542,1342,21187,23776
NZD,2009-10-06,19606,1513,2190,22212,24851
NZD,2009-10-13,19432,1802,1528,21707,24376
NZD,2009-10-20,19531,2373,1880,21600,24862
NZD,2009-10-27,17613,2585,3100,20052,24230
NZD,2009-11-03,15802,2486,3208,18307,21898
NZD,2009-11-09,14709,3454,3476,16196,21106
NZD,2009-11-17,15676,3002,2819,17426,21639
NZD,2009-11-24,15130,3546,3604,16942,21639
NZD,2009-12-01,13729,5626,5906,15543,22778
NZD,2009-12-08,12583,4788,7465,16152,23110
NZD,2009-12-15,14235,4783,1598,12224,18647
NZD,2009-12-22,15164,5418,1705,12386,19372
NZD,2009-12-29,13872,5067,2028,12604,18893
NZD,2010-01-05,18106,5133,1457,16490,23053
NZD,2010-01-12,21417,5734,1196,18810,25732
NZD,2010-01-19,22397,6041,1218,19664,26917
NZD,2010-01-26,16005,7534,2762,12630,21440
NZD,2010-02-02,15251,9868,3659,9838,21312
NZD,2010-02-09,14359,9636,3988,8734,20171
NZD,2010-02-16,14523,7088,3380,10366,19679
NZD,2010-02-23,14641,8249,3676,10223,20201
NZD,2010-03-02,13715,8603,4085,9678,20158
NZD,2010-03-09,11964,8717,7237,11490,21863
NZD,2010-03-16,11334,8525,1827,5970,15638
NZD,2010-03-23,13621,8132,1294,8155,17599
NZD,2010-03-30,13049,7243,1073,9012,17143
NZD,2010-04-06,12836,7333,606,7564,16221
NZD,2010-04-13,13771,6620,657,9759,17540
NZD,2010-04-20,14497,5745,508,10771,17911
NZD,2010-04-27,17554,4645,1118,15819,21797
NZD,2010-05-04,18961,3985,888,17835,23312
NZD,2010-05-11,20428,3536,902,19501,24215
NZD,2010-05-18,16740,4187,2171,15281,21357
NZD,2010-05-25,11342,3680,5345,12089,17760
NZD,2010-06-01,7622,5418,6403,8285,15586
NZD,2010-06-08,6230,7099,10301,8902,17962
NZD,2010-06-15,4329,6458,2855,1261,9089
NZD,2010-06-22,6721,5899,1194,3272,10476
NZD,2010-06-29,8459,5973,1957,5511,12880
NZD,2010-07-06,8093,5516,2751,6141,12959
NZD,2010-07-13,12683,7231,1740,8103,16798
NZD,2010-07-20,14523,5550,1511,11887,18631
NZD,2010-07-27,18398,4724,1407,17037,22919
NZD,2010-08-03,20353,5294,816,17742,24399
NZD,2010-08-10,18992,6448,1889,16756,25036
NZD,2010-08-17,17595,5456,3229,16406,23627
NZD,2010-08-24,14931,4248,1997,13798,20271
NZD,2010-08-31,12193,5236,4956,12678,20099
NZD,2010-09-07,14648,5271,9876,20791,27922
NZD,2010-09-14,21414,4575,865,20102,25755
NZD,2010-09-21,22636,4228,563,21198,26820
NZD,2010-09-28,21604,4334,641,20115,25965
NZD,2010-10-05,21339,5005,881,19451,26042
NZD,2010-10-12,21276,4703,1213,20607,26437
NZD,2010-10-19,21477,6146,1856,19755,27031
NZD,2010-10-26,21577,5706,1573,19978,26754
NZD,2010-11-02,23393,4245,1356,22906,28353
NZD,2010-11-09,26965,4715,991,25931,31494
NZD,2010-11-16,28915,5470,1200,27077,33423
NZD,2010-11-23,26095,5026,1644,25160,30969
NZD,2010-11-30,22982,4537,1301,21802,27575
NZD,2010-12-07,22024,3763,2185,22194,27595
NZD,2010-12-14,21314,8793,985,14758,24510
NZD,2010-12-21,17780,10414,5150,13326,25081
NZD,2010-12-28,18570,10455,3991,13434,25090
NZD,2011-01-04,21162,10431,2210,15002,26443
NZD,2011-01-11,20943,11323,2746,15156,27358
NZD,2011-01-18,21224,9977,2761,16664,27636
NZD,2011-01-25,18507,9880,3744,15179,26199
NZD,2011-02-01,20041,9771,3486,16667,27450
NZD,2011-02-08,20804,9947,3468,16994,27897
NZD,2011-02-15,18018,8208,6570,18389,27735
NZD,2011-02-22,15975,7874,8466,18270,27830
NZD,2011-03-01,15326,7915,8738,17260,26966
NZD,2011-03-08,13467,9121,10783,15449,27699
NZD,2011-03-15,7277,10086,5986,3295,15851
NZD,2011-03-22,6005,7487,5713,3736,13974
NZD,2011-03-29,6598,6359,4356,4767,13401
NZD,2011-04-05,10129,7434,2772,7022,16197
NZD,2011-04-12,14233,7897,3348,11788,21143
NZD,2011-04-19,17722,8383,3666,15986,25789
NZD,2011-04-26,19205,7748,3523,18088,27220
NZD,2011-05-03,22522,9722,4593,20380,31620
NZD,2011-05-10,22828,9114,3826,20049,30504
NZD,2011-05-17,22518,9894,3827,18443,29636
NZD,2011-05-24,23234,9358,4023,20138,30930
NZD,2011-05-31,23579,7855,3089,21686,30915
NZD,2011-06-07,23573,7569,8573,28106,37227
NZD,2011-06-14,23520,4302,3507,26051,31432
NZD,2011-06-21,22942,4093,2970,24942,30261
NZD,2011-06-28,22242,3878,2998,24437,29652
NZD,2011-07-05,22648,3662,3381,25687,30520
NZD,2011-07-12,22687,3103,2838,25417,29745
NZD,2011-07-19,23364,1926,2745,27376,31072
NZD,2011-07-26,25241,1950,2498,29111,32793
NZD,2011-08-02,25808,1682,2540,30637,33788
NZD,2011-08-09,21588,1161,2937,25502,28943
NZD,2011-08-16,19214,797,3774,24389,26705
NZD,2011-08-23,17980,1104,4305,23942,26504
NZD,2011-08-30,17953,1388,4625,24059,26856
NZD,2011-09-06,19215,1545,4090,24315,27939
NZD,2011-09-13,19303,1639,10392,30727,34664
NZD,2011-09-20,16511,2946,2437,18019,22307
NZD,2011-09-27,14475,4884,7068,16921,23804
NZD,2011-10-04,12929,7363,11686,16078,26211
NZD,2011-10-11,12075,5237,11594,17538,25059
NZD,2011-10-18,12445,4220,9752,17898,24055
NZD,2011-10-25,13298,4079,9443,19200,24675
NZD,2011-11-01,13394,2739,8317,19682,24021
NZD,2011-11-08,14585,3035,8111,20379,24750
NZD,2011-11-15,14255,3641,9807,20317,25966
NZD,2011-11-22,12639,4723,12745,19574,26870
NZD,2011-11-29,11018,7300,15819,18612,28277
NZD,2011-12-06,10745,6888,15376,18497,27597
NZD,2011-12-13,11148,5765,15164,19901,28686
NZD,2011-12-20,5735,5123,1834,1811,9442
NZD,2011-12-27,6571,5166,1540,2351,10181
NZD,2012-01-03,7857,5421,687,2984,10812
NZD,2012-01-10,10658,5629,542,6388,14173
NZD,2012-01-17,16195,6740,1478,12208,20955
NZD,2012-01-24,20232,7300,1715,16265,25569
NZD,2012-01-31,25330,10533,1796,19087,31627
NZD,2012-02-07,28201,4866,1992,28240,35020
NZD,2012-02-14,29202,5332,2769,29272,36704
NZD,2012-02-21,29422,5211,2712,29577,36889
NZD,2012-02-28,27006,4892,3110,28059,35159
NZD,2012-03-06,23506,6718,2039,20754,29950
NZD,2012-03-13,19223,6000,5280,20713,32911
NZD,2012-03-20,14686,10476,2300,7757,20288
NZD,2012-03-27,14046,10062,2594,8703,20247
NZD,2012-04-03,14477,8631,2543,10403,20753
NZD,2012-04-10,15433,8263,2835,11762,21802
NZD,2012-04-17,16999,5060,3151,17201,23952
NZD,2012-04-24,13984,4498,1304,13030,19126
NZD,2012-05-01,12155,4130,3302,14182,19815
NZD,2012-05-08,11688,5464,3427,9902,17969
NZD,2012-05-15,9124,6527,5462,8723,17263
NZD,2012-05-22,8418,9927,11398,8145,21439
NZD,2012-05-29,5798,11006,13817,7012,21453
NZD,2012-06-05,6575,12105,13207,6024,21530
NZD,2012-06-12,6640,10525,18395,12864,27485
NZD,2012-06-19,3564,5777,6587,4245,12612
NZD,2012-06-26,6108,5532,7651,8737,16601
NZD,2012-07-03,9862,5542,7158,12967,20483
NZD,2012-07-10,11434,5843,7057,14771,22356
NZD,2012-07-17,10986,4047,8749,17052,23328
NZD,2012-07-24,11703,3924,8382,17039,23206
NZD,2012-07-31,13659,3312,7151,19684,24967
NZD,2012-08-07,17808,3220,6619,23871,28945
NZD,2012-08-14,18273,3026,7482,25208,30100
NZD,2012-08-21,19835,3463,7596,26527,31984
NZD,2012-08-28,18215,3986,9294,25514,31374
NZD,2012-09-04,14815,3414,7271,19836,25393
NZD,2012-09-11,13641,3609,8115,20781,27152
NZD,2012-09-18,20402,3797,4067,23695,29331
NZD,2012-09-25,23389,3424,3973,27511,32787
NZD,2012-10-02,25298,3917,3456,28120,34171
NZD,2012-10-09,21075,4365,3857,24123,30497
NZD,2012-10-16,20646,4362,3950,23402,29486
NZD,2012-10-23,20528,4179,4011,22716,29136
NZD,2012-10-30,20849,4104,5473,24721,31020
NZD,2012-11-06,24440,5052,5508,28113,35323
NZD,2012-11-13,23692,4498,5019,26577,33252
NZD,2012-11-20,21436,3578,4087,23693,29757
NZD,2012-11-27,21653,2943,5539,26972,31901
NZD,2012-12-04,23272,2184,3771,27225,32167
NZD,2012-12-11,29560,4960,2845,31436,41381
NZD,2012-12-18,31830,17600,4529,22939,42446
NZD,2012-12-24,27425,12686,5177,25784,40135
NZD,2012-12-31,25832,8750,4147,23921,34531
NZD,2013-01-08,26635,7415,4735,26913,36531
NZD,2013-01-15,29920,7658,3202,28841,38654
NZD,2013-01-22,28815,5283,2733,29667,37179
NZD,2013-01-29,26830,5014,3271,28344,35480
NZD,2013-02-05,26343,3643,3054,29818,37058
NZD,2013-02-12,24898,3560,3018,27701,35107
NZD,2013-02-19,28153,3460,3192,31128,37555
NZD,2013-02-26,23570,3273,2987,24627,32864
NZD,2013-03-05,23812,4768,3391,23741,31547
NZD,2013-03-12,24250,4900,3591,24022,32813
NZD,2013-03-19,23384,10907,2269,15389,28933
NZD,2013-03-26,27946,11030,1943,21484,34922
NZD,2013-04-02,31358,12971,2885,23660,39229
NZD,2013-04-09,35358,10208,2234,28924,42549
NZD,2013-04-16,39986,9178,2030,34561,46640
NZD,2013-04-23,38027,10322,2374,31703,45127
NZD,2013-04-30,38184,9134,2743,34388,46571
NZD,2013-05-07,37775,9239,3069,33070,46005
NZD,2013-05-14,30436,7220,3428,26128,37320
NZD,2013-05-21,23978,6196,5914,19888,32833
NZD,2013-05-28,19666,5655,7407,19788,29377
NZD,2013-06-04,11700,5687,11883,15641,25530
NZD,2013-06-11,8940,6287,15339,15573,26293
NZD,2013-06-18,8469,6343,1511,1543,11742
NZD,2013-06-25,5377,6088,4617,1357,11632
NZD,2013-07-02,5288,6462,5151,1481,12384
NZD,2013-07-09,5390,6398,5003,1494,12512
NZD,2013-07-16,4224,6968,6403,1656,12904
NZD,2013-07-23,4517,6363,6125,2243,12613
NZD,2013-07-30,5593,6113,3916,2747,12153
NZD,2013-08-06,4595,6134,4667,1899,11572
NZD,2013-08-13,6632,6435,2725,2607,11976
NZD,2013-08-20,9760,7370,1066,3612,13500
NZD,2013-08-27,7463,7211,2092,2292,12193
NZD,2013-09-03,6384,7181,4609,2732,13105
NZD,2013-09-10,8068,8669,4501,3656,15097
NZD,2013-09-17,12463,6806,913,7042,15842
NZD,2013-09-24,15470,7415,845,10382,19621
NZD,2013-10-01,17706,6815,911,14017,22577
NZD,2013-10-08,18343,7577,1074,13650,23230
NZD,2013-10-15,19379,6711,1317,16118,24608
NZD,2013-10-22,21349,8235,1634,17331,27336
NZD,2013-10-29,17705,7080,1964,14552,23564
NZD,2013-11-05,16937,7229,1603,12732,22367
NZD,2013-11-12,16814,6448,1664,13288,21996
NZD,2013-11-19,18940,6464,1910,15519,24450
NZD,2013-11-26,16064,5815,1352,12825,20919
NZD,2013-12-03,13660,6021,1069,9785,18318
NZD,2013-12-10,13183,4630,1803,12497,19953
NZD,2013-12-17,12842,7169,871,8217,17939
NZD,2013-12-24,13899,7443,880,9060,18668
NZD,2013-12-31,14198,7491,693,9170,18748
NZD,2014-01-07,14803,6937,922,10754,20039
NZD,2014-01-14,17539,7925,1117,12629,22870
NZD,2014-01-21,17330,8774,1258,11346,22817
NZD,2014-01-28,16606,6921,947,11872,21796
NZD,2014-02-04,14588,6556,1732,10020,20098
NZD,2014-02-11,13176,5535,2021,10674,19085
NZD,2014-02-18,15331,6425,1872,12362,21516
NZD,2014-02-25,16529,5547,1367,13877,22142
NZD,2014-03-04,19346,5914,1291,16808,25616
NZD,2014-03-11,21155,6706,1586,17882,31905
NZD,2014-03-18,24645,8894,1243,19745,31463
NZD,2014-03-25,26243,8030,1234,22092,32748
NZD,2014-04-01,25765,7285,1439,22307,32313
NZD,2014-04-08,26521,6755,1477,23279,32898
NZD,2014-04-15,26671,6824,1477,23326,33100
NZD,2014-04-22,26056,5881,1532,24018,32579
NZD,2014-04-29,22979,4499,1791,22364,29858
NZD,2014-05-06,25027,4334,2686,24207,33025
NZD,2014-05-13,23806,4466,2439,23434,30932
NZD,2014-05-20,22486,4892,3565,23040,30556
NZD,2014-05-27,22034,4090,3654,23716,30649
NZD,2014-06-03,22400,4869,2986,21608,30066
NZD,2014-06-10,20401,3546,5419,23502,32946
NZD,2014-06-17,21671,17938,2667,7656,28467
NZD,2014-06-24,24855,18703,2739,9621,31415
NZD,2014-07-01,26563,17578,2890,12759,33455
NZD,2014-07-08,26750,12334,1959,16826,36123
NZD,2014-07-15,26570,11117,2140,17414,32879
NZD,2014-07-22,26028,10896,2581,18458,32728
NZD,2014-07-29,23552,8263,2884,19439,30531
NZD,2014-08-05,18949,4449,3057,18339,25603
NZD,2014-08-12,17913,4484,3376,17731,25214
NZD,2014-08-19,16796,4764,3600,16042,24048
NZD,2014-08-26,16405,4564,3483,16020,23619
NZD,2014-09-02,15623,5451,4328,14831,23319
NZD,2014-09-09,14369,4847,5346,15048,24920
NZD,2014-09-16,9814,8694,3703,3664,16050
NZD,2014-09-23,9779,7938,3664,3873,16146
NZD,2014-09-30,10092,10028,5356,3214,18209
NZD,2014-10-07,10052,10152,6708,4345,19214
NZD,2014-10-14,9171,11555,9967,4482,21317
NZD,2014-10-21,8526,10858,10519,4654,21311
NZD,2014-10-28,8506,12404,10951,4390,22023
NZD,2014-11-04,9737,13846,11941,3892,23716
NZD,2014-11-11,9244,10233,8368,3957,19809
NZD,2014-11-18,9134,10381,8111,4159,19907
NZD,2014-11-25,9630,11924,8276,3708,21096
NZD,2014-12-02,9272,10952,8156,3848,20448
NZD,2014-12-09,9786,12081,10974,5042,23550
NZD,2014-12-16,9865,10504,5858,2611,18447
NZD,2014-12-23,9786,11194,7099,2655,19295
NZD,2014-12-30,8236,10082,6733,2636,18071
NZD,2015-01-06,9865,10772,6679,2816,19437
NZD,2015-01-13,8396,10172,9158,3839,21064
NZD,2015-01-20,10941,12758,7997,4228,22818
NZD,2015-01-27,11908,15567,11093,3581,25594
NZD,2015-02-03,10537,15034,13108,3821,25687
NZD,2015-02-10,9272,15472,15243,4125,26593
NZD,2015-02-17,10021,15774,14702,4543,27700
NZD,2015-02-24,11107,15437,13392,4561,27328
NZD,2015-03-03,14597,15964,9773,4434,27610
NZD,2015-03-10,13347,15827,11646,4560,29726
NZD,2015-03-17,13117,14258,7155,2711,23317
NZD,2015-03-24,12149,13015,5470,2413,20958
NZD,2015-03-31,16443,12412,4473,5776,24049
NZD,2015-04-07,16950,11172,4489,8929,24920
NZD,2015-04-14,17081,11078,4579,9134,25176
NZD,2015-04-21,18473,9985,4241,11950,26617
NZD,2015-04-28,18281,8101,5134,15431,28071
NZD,2015-05-05,19585,10521,4813,13039,28379
NZD,2015-05-12,14268,12498,7678,8233,25525
NZD,2015-05-19,11192,13423,11720,8044,26331
NZD,2015-05-26,10426,15513,14925,7265,28514
NZD,2015-06-02,9432,19971,19500,6313,33005
NZD,2015-06-09,11097,22892,21258,6226,36911
NZD,2015-06-16,19382,28550,14652,1954,37169
NZD,2015-06-23,19661,33224,19844,2338,42911
NZD,2015-06-30,16949,33015,22781,2618,43256
NZD,2015-07-07,14679,33027,24535,2371,42873
NZD,2015-07-14,13504,33158,25907,2370,42311
NZD,2015-07-21,13200,29154,22843,2306,38544
NZD,2015-07-28,13550,26315,21230,4189,37487
NZD,2015-08-04,14391,26290,21363,5422,38530
NZD,2015-08-11,13931,24503,20282,5906,36861
NZD,2015-08-18,14012,23969,20025,6344,36523
NZD,2015-08-25,15388,21451,15789,6103,33400
NZD,2015-09-01,13543,21822,18292,6027,34339
NZD,2015-09-08,11677,23497,22252,6572,38325
NZD,2015-09-15,22462,24556,9043,3282,33352
NZD,2015-09-22,22990,26519,11126,3286,35920
NZD,2015-09-29,20995,24057,11339,4392,34105
NZD,2015-10-06,18357,19328,11860,6426,31930
NZD,2015-10-13,18344,17652,8794,5958,29038
NZD,2015-10-20,19447,15688,8216,9634,30142
NZD,2015-10-27,20339,14750,9123,12152,31743
NZD,2015-11-03,21266,14648,9013,13079,32539
NZD,2015-11-10,21267,15703,9798,12013,33719
NZD,2015-11-17,22219,16971,10212,11113,34899
NZD,2015-11-24,22603,18593,10292,10740,35099
NZD,2015-12-01,22881,18124,10658,12451,36623
NZD,2015-12-08,24452,15571,10251,17357,38425
NZD,2015-12-15,16346,15227,4713,4255,23626
NZD,2015-12-22,14946,15167,6207,4514,24057
NZD,2015-12-29,14971,15117,6004,5148,24587
NZD,2016-01-05,16842,15263,5142,5078,24928
NZD,2016-01-12,17149,15608,5297,4977,25434
NZD,2016-01-19,14938,17892,10398,4395,28114
NZD,2016-01-26,15166,20566,12538,4207,30437
NZD,2016-02-02,13492,21928,14585,4046,30979
NZD,2016-02-09,13666,22805,16620,6621,33544
NZD,2016-02-16,14465,22782,16161,6295,33596
NZD,2016-02-23,15968,22583,13626,6031,32618
NZD,2016-03-01,16593,20750,12386,6500,31473
NZD,2016-03-08,20419,22419,9122,6897,34957
NZD,2016-03-15,20524,19234,5082,4797,28451
NZD,2016-03-22,19375,18358,4040,5493,27163
NZD,2016-03-29,20255,18381,4700,6357,28248
NZD,2016-04-05,20152,17249,4971,7764,28309
NZD,2016-04-12,21472,17180,4666,8640,29575
NZD,2016-04-19,22674,17323,4673,10632,31313
NZD,2016-04-26,24459,17075,4851,14224,33789
NZD,2016-05-03,25306,16106,6791,17334,36578
NZD,2016-05-10,33573,24221,7951,17640,45419
NZD,2016-05-17,32545,25857,7388,14213,43986
NZD,2016-05-24,30414,25838,8040,12224,42189
NZD,2016-05-31,31919,26415,9061,14500,44604
NZD,2016-06-07,38562,30026,9710,19654,57750
NZD,2016-06-14,29558,33376,7076,5538,41919
NZD,2016-06-21,30013,33058,8232,7418,43562
NZD,2016-06-28,29798,32624,8594,8316,43462
NZD,2016-07-05,30606,32009,8336,8965,44234
NZD,2016-07-12,31694,30683,7455,11110,44750
NZD,2016-07-19,29156,26983,7029,11129,41199
NZD,2016-07-26,26598,26383,8610,9833,39825
NZD,2016-08-02,27049,26832,7911,9898,40392
NZD,2016-08-09,28314,28927,7865,9045,41475
NZD,2016-08-16,28980,29675,8865,9909,43268
NZD,2016-08-23,29926,30804,9141,9758,44393
NZD,2016-08-30,31747,29854,8751,12285,46496
NZD,2016-09-06,37243,31115,8475,16386,51939
NZD,2016-09-13,34900,29771,10563,18029,61941
NZD,2016-09-20,34778,42694,9079,3156,49526
NZD,2016-09-27,34159,40952,9649,4995,49416
NZD,2016-10-04,32224,40054,10859,5712,49242
NZD,2016-10-11,30962,38698,10585,4586,47124
NZD,2016-10-18,29513,29666,12805,13729,47413
NZD,2016-10-25,29504,29924,12928,13816,47257
NZD,2016-11-01,28557,29522,13015,13448,46788
NZD,2016-11-08,36124,33619,9833,14127,52113
NZD,2016-11-15,33547,31504,9845,13582,48563
NZD,2016-11-22,31779,32312,13359,13882,50007
NZD,2016-11-29,30231,32103,15554,13979,49885
NZD,2016-12-06,27641,31593,16585,14267,48740
NZD,2016-12-13,29402,33104,18064,15942,54226
NZD,2016-12-20,28313,35266,9684,3149,41806
NZD,2016-12-27,25448,36449,14716,2984,43266
NZD,2017-01-03,25522,36935,15554,3414,44227
NZD,2017-01-10,22989,36949,17423,3672,43936
NZD,2017-01-17,25517,37805,16566,4544,45994
NZD,2017-01-24,25851,35734,14606,5809,44940
NZD,2017-01-31,32712,33734,13518,14149,51587
NZD,2017-02-07,34860,33015,14090,17751,54073
NZD,2017-02-14,36565,33689,14467,19525,56314
NZD,2017-02-21,35252,32094,14632,19503,55082
NZD,2017-02-28,37198,34261,14536,19877,57102
NZD,2017-03-07,27207,31632,17135,14883,51405
NZD,2017-03-14,19509,25114,11330,5927,34986
NZD,2017-03-21,16599,29209,17942,4442,37898
NZD,2017-03-28,16216,28845,18032,4663,37949
NZD,2017-04-04,17009,31733,19914,4502,40904
NZD,2017-04-11,19008,34161,20290,4320,43375
NZD,2017-04-18,18320,33326,20734,4977,43061
NZD,2017-04-25,18693,34097,21564,5009,43947
NZD,2017-05-02,19190,31160,20814,6587,43368
NZD,2017-05-09,12070,22856,28766,15658,44057
NZD,2017-05-16,11918,23872,29921,15501,45187
NZD,2017-05-23,14018,23235,26465,15418,44165
NZD,2017-05-30,16886,22425,23102,16391,44203
NZD,2017-06-06,19348,21133,19481,17500,43814
NZD,2017-06-13,27261,25666,19392,21735,53576
NZD,2017-06-20,38388,16933,5794,28533,50095
NZD,2017-06-27,45001,19768,6381,32706,57424
NZD,2017-07-03,44484,15351,6245,37544,57560
NZD,2017-07-11,45435,13530,6414,39769,58499
NZD,2017-07-18,44257,8276,6678,44798,57496
NZD,2017-07-25,41221,6416,6720,43900,54603
NZD,2017-08-01,41531,6593,6595,44162,54968
NZD,2017-08-08,40241,6756,5948,41840,53151
NZD,2017-08-15,33509,8670,7975,35560,48413
NZD,2017-08-22,29590,7708,7153,31773,44090
NZD,2017-08-29,29002,10198,8363,29667,43732
NZD,2017-09-05,26773,12050,12532,29056,46094
NZD,2017-09-12,25150,12800,17154,31698,49256
NZD,2017-09-19,23248,16578,8494,17167,37073
NZD,2017-09-26,22369,14316,7499,17287,35914
NZD,2017-10-03,20928,12810,7575,17246,34175
NZD,2017-10-10,21529,15800,9752,16302,36460
NZD,2017-10-17,20423,13446,8147,15703,33757
NZD,2017-10-24,20549,19938,15287,15808,41185
NZD,2017-10-31,21763,27470,23224,15764,49610
NZD,2017-11-07,18943,30130,28662,15939,52072
NZD,2017-11-14,18146,30037,31070,16667,53690
NZD,2017-11-21,22489,35883,33075,16825,59737
NZD,2017-11-28,23960,37982,32751,16550,61260
NZD,2017-12-05,24228,37121,32042,17057,61386
NZD,2017-12-12,23811,37239,41601,25169,74192
NZD,2017-12-19,19456,36075,25914,7175,48385
NZD,2017-12-26,18140,35726,26015,6394,47219
NZD,2018-01-02,15509,32494,25888,7241,45141
NZD,2018-01-09,17304,28321,24560,12630,45519
NZD,2018-01-16,17795,25786,23916,16189,46780
NZD,2018-01-23,24620,26086,22850,21606,53374
NZD,2018-01-30,29667,26197,21254,26259,55783
NZD,2018-02-06,29316,25984,20980,25238,55563
NZD,2018-02-13,28648,26428,20176,22882,53739
NZD,2018-02-20,29422,28478,19901,21246,54483
NZD,2018-02-27,32179,33170,20539,20242,58443
NZD,2018-03-06,33091,33061,20365,21539,59354
NZD,2018-03-13,34689,37505,26030,24804,66872
NZD,2018-03-20,31078,11452,7641,28418,44482
NZD,2018-03-27,32749,14510,8671,27208,46728
NZD,2018-04-03,32948,14571,8792,27497,47079
NZD,2018-04-10,41652,18825,8942,32435,55938
NZD,2018-04-17,47255,19652,8824,37695,61437
NZD,2018-04-24,39933,15499,10134,35435,55385
NZD,2018-05-01,29899,13326,12885,28871,47605
NZD,2018-05-08,29004,16458,17097,27381,49725
NZD,2018-05-15,28754,26801,27040,26376,59874
NZD,2018-05-22,27077,28440,30170,25753,60456
NZD,2018-05-29,30945,29544,28432,25946,62523
NZD,2018-06-05,33307,28924,25033,25708,62065
NZD,2018-06-12,34836,27830,26548,30169,64699
NZD,2018-06-19,14656,30596,26057,5726,43308
NZD,2018-06-26,14898,32460,27617,5563,45026
NZD,2018-07-03,14522,40926,35812,5470,53676
NZD,2018-07-10,13170,39744,36806,5564,52787
NZD,2018-07-17,15392,40459,34818,5596,53254
NZD,2018-07-24,14977,39347,33704,5488,51898
NZD,2018-07-31,14454,38134,33887,5622,51816
NZD,2018-08-07,14051,38578,34151,5503,51319
NZD,2018-08-14,15723,42416,36454,5868,56128
NZD,2018-08-21,15665,40808,36280,6304,55473
NZD,2018-08-28,16445,40372,35083,6922,54564
NZD,2018-09-04,16291,41185,36071,7252,55781
NZD,2018-09-11,19408,42055,35959,9011,59669
NZD,2018-09-18,11021,43010,43348,7423,57429
NZD,2018-09-25,10906,42741,43141,7615,56994
NZD,2018-10-02,10678,41274,42586,7291,56448
NZD,2018-10-09,15418,49238,46161,8119,64710
NZD,2018-10-16,11136,46548,48266,8065,62490
NZD,2018-10-23,9634,42682,45637,8365,58683
NZD,2018-10-30,8956,43987,47500,8402,59718
NZD,2018-11-06,10434,36160,37808,8556,51288
NZD,2018-11-13,11138,32006,35471,11478,50015
NZD,2018-11-20,15489,34836,34249,11707,53661
NZD,2018-11-27,16373,36913,34347,11075,54184
NZD,2018-12-04,17694,38991,33685,10800,56348
NZD,2018-12-11,19127,34368,37805,20703,62587
NZD,2018-12-18,18820,15409,6616,8051,29675
NZD,2018-12-24,17717,15777,6961,6514,28524
NZD,2018-12-31,18272,16310,7784,6520,29640
NZD,2019-01-08,14895,16433,11156,6703,29804
NZD,2019-01-15,14129,17069,11914,7199,30350
NZD,2019-01-22,15437,20026,14231,7340,33089
NZD,2019-01-29,14891,17707,12784,8478,31684
NZD,2019-02-05,19257,18710,11192,10343,34054
NZD,2019-02-12,17944,19067,14085,10997,35744
NZD,2019-02-19,18718,19458,14011,11153,36758
NZD,2019-02-26,18295,17381,12926,11955,35407
NZD,2019-03-05,20687,19266,13868,13100,39314
NZD,2019-03-12,20974,16377,15196,17238,42326
NZD,2019-03-19,17301,18425,14514,12116,36146
NZD,2019-03-26,22570,22772,15041,14976,42640
NZD,2019-04-02,20854,21259,14752,12678,39164
NZD,2019-04-09,18911,20394,15012,11562,37599
NZD,2019-04-16,17030,20251,17092,11461,37770
NZD,2019-04-23,21367,26817,20979,12021,45134
NZD,2019-04-30,19038,30498,27420,12207,49266
NZD,2019-05-07,16308,29050,28610,12502,48392
NZD,2019-05-14,19075,30513,27807,13145,50262
NZD,2019-05-21,26446,37310,28572,13986,58548
NZD,2019-05-28,24986,41134,33608,13872,61961
NZD,2019-06-04,23476,43872,37637,14213,68760
NZD,2019-06-11,23072,39194,35389,16256,62497
NZD,2019-06-18,19552,44020,41640,13377,64240
NZD,2019-06-25,17611,41664,41306,12726,61828
NZD,2019-07-02,11272,35304,40036,13196,55017
NZD,2019-07-09,10484,32689,40073,14256,54222
NZD,2019-07-16,10839,28158,35160,15268,50025
NZD,2019-07-23,16029,28254,34365,18734,54066
NZD,2019-07-30,15117,27436,34379,19149,53172
NZD,2019-08-06,17898,29462,34603,20103,57131
NZD,2019-08-13,20500,33947,35752,18487,59895
NZD,2019-08-20,21073,39333,37908,15883,62760
NZD,2019-08-27,21135,47182,37631,9904,64672
NZD,2019-09-03,21066,51742,42021,10093,67827
NZD,2019-09-10,22490,52280,42611,9571,73148
NZD,2019-09-17,15824,51867,49162,9756,68408
NZD,2019-09-24,19515,59113,51687,9452,75074
NZD,2019-10-01,16114,58588,55098,9940,75163
NZD,2019-10-08,14377,52594,55216,13794,73793
NZD,2019-10-15,14383,54399,56518,13705,74796
NZD,2019-10-22,12149,52291,57311,13921,73499
NZD,2019-10-29,11612,52015,56959,13915,72478
NZD,2019-11-05,14376,53341,57083,15638,75326
NZD,2019-11-12,16750,52985,59119,20227,79394
NZD,2019-11-19,12349,47448,57196,19276,73073
NZD,2019-11-26,10626,46452,56770,18354,70840
NZD,2019-12-03,16467,43459,50696,21633,71895
NZD,2019-12-10,14433,39773,54033,26624,75194
NZD,2019-12-17,16160,24377,24157,13594,44340
NZD,2019-12-24,18651,26447,24538,14326,46630
NZD,2019-12-31,23893,28951,18852,13929,48744
NZD,2020-01-07,27369,28857,18862,16373,50802
NZD,2020-01-14,24085,24446,19489,18455,48651
NZD,2020-01-21,24112,22279,19043,20207,48300
NZD,2020-01-28,22882,20822,18675,19547,46500
NZD,2020-02-04,18599,20791,19491,16010,43692
NZD,2020-02-11,19893,23969,22603,16606,48946
NZD,2020-02-18,17485,29672,30151,15207,52585
NZD,2020-02-25,18994,34305,34787,16744,58240
NZD,2020-03-03,20530,37487,38168,18138,62847
NZD,2020-03-10,20681,36057,44803,25983,71034
NZD,2020-03-17,9976,30251,32133,12529,44688
NZD,2020-03-24,6993,23009,28547,8390,37622
NZD,2020-03-31,8040,24146,28677,8574,39144
NZD,2020-04-07,9968,24621,27426,8977,40306
NZD,2020-04-14,8958,23536,28054,9815,39812
NZD,2020-04-21,8282,22541,28014,9652,39153
NZD,2020-04-28,9856,23635,28495,10974,41267
NZD,2020-05-05,12042,26995,29786,10341,44372
NZD,2020-05-12,11953,27831,30233,10425,45368
NZD,2020-05-19,10742,26609,29961,10234,44143
NZD,2020-05-26,12218,27261,29684,11710,45668
NZD,2020-06-02,14318,27241,28204,13122,46537
NZD,2020-06-09,15165,26406,27179,15561,46711
NZD,2020-06-16,14452,16384,9512,6731,27321
NZD,2020-06-23,16174,16189,9494,8936,29351
NZD,2020-06-30,16314,15958,10362,10756,30845
NZD,2020-07-07,15806,16123,10895,9996,31229
NZD,2020-07-14,16973,15856,10843,12332,33202
NZD,2020-07-21,19597,17122,11515,14693,36105
NZD,2020-07-28,17383,18228,13898,14094,36142
NZD,2020-08-04,18584,20032,14738,14661,38499
NZD,2020-08-11,17878,18057,14360,15217,37528
NZD,2020-08-18,20513,16751,12706,17789,38561
NZD,2020-08-25,19756,15568,11590,16866,36678
NZD,2020-09-01,21434,14468,12856,21887,40244
NZD,2020-09-08,20109,15209,16486,22988,44047
NZD,2020-09-15,18002,14760,12201,17549,35834
NZD,2020-09-22,16700,11840,12271,19900,35216
NZD,2020-09-29,17100,13771,13188,18410,35923
NZD,2020-10-06,16755,11665,12465,19349,34612
NZD,2020-10-13,20227,13737,12963,20833,38209
NZD,2020-10-20,19897,13295,12339,20682,37295
NZD,2020-10-27,22023,15028,13035,21996,40388
NZD,2020-11-03,21903,14852,13124,21916,40400
NZD,2020-11-10,25695,17978,14109,24378,46065
NZD,2020-11-17,29325,20457,14910,26290,50687
NZD,2020-11-24,32235,23923,15744,26966,54640
NZD,2020-12-01,32806,23748,15323,27515,55345
NZD,2020-12-08,34730,24180,16309,29748,61261
NZD,2020-12-15,28739,14546,12113,29904,47402
NZD,2020-12-21,28710,15056,12722,29532,48309
NZD,2020-12-29,27839,15305,13417,29372,47915
NZD,2021-01-05,26552,14556,13051,29253,47194
NZD,2021-01-12,26131,11424,11801,30019,44757
NZD,2021-01-19,27997,12014,10475,30199,46244
NZD,2021-01-26,28177,13419,11733,29863,46804
NZD,2021-02-02,30501,18854,12766,26713,50685
NZD,2021-02-09,29133,17589,11662,27334,48655
NZD,2021-02-16,30243,16532,10690,28141,48103
NZD,2021-02-23,30422,15773,10393,28760,48209
NZD,2021-03-02,31825,15417,9069,28048,48587
NZD,2021-03-09,32664,15538,8520,28127,51380
NZD,2021-03-16,20002,13973,8145,16306,34565
NZD,2021-03-23,20354,15630,10051,17342,38253
NZD,2021-03-30,18945,14899,10971,16988,36805
NZD,2021-04-06,19199,16061,11732,16658,37377
NZD,2021-04-13,19727,17207,12262,16935,38435
NZD,2021-04-20,21695,17373,12816,19044,40632
NZD,2021-04-27,25852,18873,12348,21177,44102
NZD,2021-05-04,26371,17783,12363,22928,44453
NZD,2021-05-11,26377,17033,12328,24523,45414
NZD,2021-05-18,23624,15174,13176,24679,43155
NZD,2021-05-25,24446,15861,12973,24680,44245
NZD,2021-06-01,24684,18757,13844,23127,46253
NZD,2021-06-08,21962,16456,14424,23484,45803
NZD,2021-06-15,18466,15201,12962,18619,37913
NZD,2021-06-22,19171,15885,14655,18785,39285
NZD,2021-06-29,19914,16790,15696,19617,41352
NZD,2021-07-06,19412,17651,16518,19581,41756
NZD,2021-07-13,20627,17397,17004,19798,42463
NZD,2021-07-20,20671,17625,18166,20614,43583
NZD,2021-07-27,19505,18084,20182,21373,43953
NZD,2021-08-03,16959,17284,20816,20494,42743
NZD,2021-08-10,17295,18327,21486,19942,46690
NZD,2021-08-17,16674,16909,20707,20363,44222
NZD,2021-08-24,17219,17581,23251,21420,46444
NZD,2021-08-31,17692,19833,23425,21053,48296
NZD,2021-09-07,20074,16211,28184,33173,58075
NZD,2021-09-14,17554,11348,11196,19951,35667
NZD,2021-09-21,19703,11601,11012,20233,36691
NZD,2021-09-28,18324,8078,10472,21070,33673
NZD,2021-10-05,17887,9831,13588,21474,35861
NZD,2021-10-12,20467,11719,12586,20737,37340
NZD,2021-10-19,21004,14564,11194,18792,37730
NZD,2021-10-26,24490,15584,11307,22781,43061
NZD,2021-11-02,27504,13643,10659,27284,45436
NZD,2021-11-09,25312,12430,11467,26606,43461
NZD,2021-11-16,26388,12423,10349,25870,42945
NZD,2021-11-23,27835,13896,10943,25803,44524
NZD,2021-11-30,30465,19835,14387,23690,49483
NZD,2021-12-07,31881,21173,15123,23998,55975
NZD,2021-12-14,13539,19400,23994,15820,41223
NZD,2021-12-21,11050,17186,26819,17953,41354
NZD,2021-12-28,11231,19652,27097,16997,41862
NZD,2022-01-04,9417,18262,27208,16873,40302
NZD,2022-01-11,10960,19564,27650,17346,42066
NZD,2022-01-18,11612,19943,29876,19254,44727
NZD,2022-01-25,15948,26721,33712,20431,53316
NZD,2022-02-01,19205,30903,35644,21625,58467
NZD,2022-02-08,17168,27534,33591,20858,54877
NZD,2022-02-15,24923,34256,35432,23412,64105
NZD,2022-02-22,17343,28894,35481,21573,56636
NZD,2022-03-01,10485,24657,36326,20236,50389
NZD,2022-03-08,15775,28154,33005,19413,53250
NZD,2022-03-15,21493,17840,14671,16486,39200
NZD,2022-03-22,17156,14636,14227,16296,35256
NZD,2022-03-29,15504,16371,15507,15510,34881
NZD,2022-04-05,15428,16997,15863,15692,35788
NZD,2022-04-12,16295,16584,17233,17662,37585
NZD,2022-04-19,19081,18716,18853,18350,41098
NZD,2022-04-26,22085,22019,21346,18877,46510
NZD,2022-05-03,17427,24037,30789,20910,50844
NZD,2022-05-10,15203,28199,38541,21667,56235
NZD,2022-05-17,14998,32765,43219,21829,60804
NZD,2022-05-24,10749,30070,45458,22755,59279
NZD,2022-05-31,9179,27903,42010,20636,55134
NZD,2022-06-07,12310,32081,43890,21209,63540
NZD,2022-06-14,14894,21732,28062,18289,45410
NZD,2022-06-21,14652,20075,26056,17300,42889
NZD,2022-06-28,11720,17031,26167,17616,40337
NZD,2022-07-05,13634,20690,29029,18508,45403
NZD,2022-07-12,14926,20209,28261,19282,45837
NZD,2022-07-19,15791,19462,26905,19678,45467
NZD,2022-07-26,17311,21497,26498,18890,46471
NZD,2022-08-02,16521,18094,25420,20562,45274
NZD,2022-08-09,18224,18500,24700,20656,45350
NZD,2022-08-16,18412,16643,20688,20493,41729
NZD,2022-08-23,16789,18263,22994,17995,42311
NZD,2022-08-30,16407,19531,24861,18328,44376
NZD,2022-09-06,17165,19911,25900,19400,46796
NZD,2022-09-13,17949,23250,27458,18050,51079
NZD,2022-09-20,11646,24235,33408,16617,47884
NZD,2022-09-27,12287,23758,30343,15271,45240
NZD,2022-10-04,14966,28944,30957,13698,48487
NZD,2022-10-11,11894,30936,35834,13317,50557
NZD,2022-10-18,10328,28773,37048,14689,50448
NZD,2022-10-25,15639,28523,31568,15279,50620
NZD,2022-11-01,21115,24962,23103,16222,47219
NZD,2022-11-08,18085,24452,24923,16131,45808
NZD,2022-11-15,15285,21913,24311,15930,42589
NZD,2022-11-22,15536,19820,23526,18462,42589
NZD,2022-11-29,18855,23909,23162,18521,46180
NZD,2022-12-06,16302,22800,22950,16649,42954
NZD,2022-12-13,19700,27206,28793,22697,55294
NZD,2022-12-20,13386,7052,11210,18965,29044
NZD,2022-12-27,15576,8669,13483,21755,33552
NZD,2023-01-03,13366,5886,12378,20548,29773
NZD,2023-01-10,12607,5257,10520,19019,27566
NZD,2023-01-17,11308,5250,15888,22574,31579
NZD,2023-01-24,10170,7996,16662,20903,32710
NZD,2023-01-31,15376,6990,13762,22575,34587
NZD,2023-02-07,16181,5337,9195,19650,31410
NZD,2023-02-14,14185,5182,8820,19086,29900
NZD,2023-02-21,15561,6773,8965,17989,29888
NZD,2023-02-28,21318,14208,14409,20584,40006
NZD,2023-03-07,22415,16788,19119,22908,48777
NZD,2023-03-14,12185,16926,19909,14537,35374
NZD,2023-03-21,6765,15548,21576,12680,32179
NZD,2023-03-28,9720,16330,18639,12086,31981
NZD,2023-04-04,14280,18311,17050,14353,36080
NZD,2023-04-11,13097,17578,17758,15187,35806
NZD,2023-04-18,10876,14780,18474,14757,33377
NZD,2023-04-25,13070,16322,19334,15406,36603
NZD,2023-05-02,16027,17944,19705,16473,38910
NZD,2023-05-09,17461,22042,20224,15941,41583
NZD,2023-05-16,14610,16685,17789,15846,36187
NZD,2023-05-23,16648,17011,17854,18410,39011
NZD,2023-05-30,16081,16211,18608,17413,39507
NZD,2023-06-06,16109,16812,18954,16098,41665
NZD,2023-06-13,15943,16774,24559,19705,46496
NZD,2023-06-20,10867,13526,18573,14132,32401
NZD,2023-06-27,13207,14038,17713,16496,34362
NZD,2023-07-03,13170,12340,18176,16665,34057
NZD,2023-07-11,13297,14548,18666,16047,34947
NZD,2023-07-18,13193,16819,20654,19716,39402
NZD,2023-07-25,12933,13882,19664,19632,36820
NZD,2023-08-01,15551,13965,16569,18502,36091
NZD,2023-08-08,18758,19126,18874,17420,40986
NZD,2023-08-15,21910,24346,21795,16826,46781
NZD,2023-08-22,21478,27991,26132,16917,51035
NZD,2023-08-29,20554,30930,30933,17636,56617
NZD,2023-09-05,16847,30847,34068,16777,56462
NZD,2023-09-12,14797,29417,42395,25138,67487
NZD,2023-09-19,7618,28890,41596,17295,52588
NZD,2023-09-26,10632,25813,36867,18446,50757
NZD,2023-10-03,15895,23545,33651,22934,52291
NZD,2023-10-10,18672,22761,32069,25723,54694
NZD,2023-10-17,16008,21907,33899,26237,54135
NZD,2023-10-24,13448,26299,39718,23667,57243
NZD,2023-10-31,14332,27149,39509,23273,57676
NZD,2023-11-07,9399,24339,37432,20059,51001
NZD,2023-11-14,8818,25852,36817,17647,49906
NZD,2023-11-21,7958,24812,36279,18099,48137
NZD,2023-11-28,10104,29713,36898,16690,51460
NZD,2023-12-05,11796,28246,36358,21143,54732
NZD,2023-12-12,13273,26761,34588,21479,58308
NZD,2023-12-19,14562,17954,12976,11556,33652
NZD,2023-12-26,14582,18249,13556,12414,34911
NZD,2024-01-02,18043,18589,14360,16799,39215
NZD,2024-01-09,16221,17988,15791,15993,38539
NZD,2024-01-16,14592,17474,16203,16204,38466
NZD,2024-01-23,13783,15526,16533,16207,36633
NZD,2024-01-30,14114,15154,16682,16971,36979
NZD,2024-02-06,16128,15298,17115,18085,39305
NZD,2024-02-13,19632,16225,15668,20173,41827
NZD,2024-02-20,19758,13132,14341,22140,40950
NZD,2024-02-27,23942,13885,17474,29899,48463
NZD,2024-03-05,21899,14671,21419,29205,50123
NZD,2024-03-12,16391,13926,26408,30745,52711
NZD,2024-03-19,19064,19253,26118,26125,50301
NZD,2024-03-26,14680,20704,34584,26853,53416
NZD,2024-04-02,19725,27253,38421,27726,61732
NZD,2024-04-09,13726,27273,39515,23276,56260
NZD,2024-04-16,18019,29745,41195,26625,62857
NZD,2024-04-23,18254,30301,36823,22421,58570
NZD,2024-04-30,21514,30065,33942,23335,58811
NZD,2024-05-07,19060,30251,33531,19739,55822
NZD,2024-05-14,19284,30484,32451,20289,55640
NZD,2024-05-21,22599,23969,23061,20317,49105
NZD,2024-05-28,26916,24870,25013,26792,57525
NZD,2024-06-04,29791,22586,19065,26728,54758
NZD,2024-06-11,33376,22398,24988,36692,65785
NZD,2024-06-18,39430,19101,12566,35076,58436
NZD,2024-06-25,43711,17069,10779,38346,60495
NZD,2024-07-02,45185,14442,11035,41426,62491
NZD,2024-07-09,41683,15771,11129,37957,59513
NZD,2024-07-16,34473,21912,19484,31586,60953
NZD,2024-07-23,30207,25693,28516,31802,63589
NZD,2024-07-30,27299,38707,44955,30991,76323
NZD,2024-08-06,19843,36594,50442,31302,74141
NZD,2024-08-13,17050,32674,44973,28162,66596
NZD,2024-08-20,18887,32656,42907,28907,66846
NZD,2024-08-27,20648,28964,37932,30273,65108
NZD,2024-09-03,25235,25473,30379,32535,63566
NZD,2024-09-10,21394,24709,31511,31858,63720
NZD,2024-09-17,20758,22648,22813,23075,49301
NZD,2024-09-24,26475,27933,22853,23781,55135
NZD,2024-10-01,29168,27198,25264,30677,61226
NZD,2024-10-08,26287,25006,25088,28591,57037
NZD,2024-10-15,25079,25371,24748,25870,54894
NZD,2024-10-22,25821,26144,25148,25688,55605
NZD,2024-10-29,26077,28244,27850,24243,58020
NZD,2024-11-05,21855,30054,34368,24748,59800
NZD,2024-11-12,22871,34531,37696,24684,64216
NZD,2024-11-19,21762,40200,47092,25769,72846
NZD,2024-11-26,21408,45789,53098,25211,79001
NZD,2024-12-03,21213,44521,53338,27608,80220
NZD,2024-12-10,19605,47812,69879,38032,98096
NZD,2024-12-17,9370,51877,68108,21785,80998
NZD,2024-12-24,10244,56261,71001,21754,84775
NZD,2024-12-31,12766,61081,71830,20318,88125
NZD,2025-01-07,10439,65063,77759,20666,92127
NZD,2025-01-14,10921,63010,77144,22500,92053
NZD,2025-01-21,8938,60161,77776,23935,90600
NZD,2025-01-28,7898,54929,72468,22817,83969
NZD,2025-02-04,8327,57417,71989,20314,83998
NZD,2025-02-11,11218,60554,71567,20169,87118
NZD,2025-02-18,13048,65211,71887,18055,89366
NZD,2025-02-25,13628,67337,72094,17050,90322
NZD,2025-03-04,17843,73608,77550,18940,99433
NZD,2025-03-11,16282,69213,94892,39566,117627
NZD,2025-03-18,15954,56398,64529,22638,84543
NZD,2025-03-25,13435,55002,64617,21752,82270
NZD,2025-04-01,11164,56212,66892,19999,81797
NZD,2025-04-08,7935,47087,61022,19730,72109
NZD,2025-04-15,8761,41839,54047,19524,66702
NZD,2025-04-22,9897,36792,48333,20884,62689
NZD,2025-04-29,12170,33693,46070,24768,63075
NZD,2025-05-06,10188,33323,45115,22285,60509
NZD,2025-05-13,10207,32819,45320,23204,60757
NZD,2025-05-20,9981,33633,46591,22331,61056
NZD,2025-05-27,9093,33479,45071,20703,59262
NZD,2025-06-03,9531,33205,51514,27913,67925
NZD,2025-06-10,9312,30547,58294,37511,78867
NZD,2025-06-17,14571,15844,24250,24110,47833
NZD,2025-06-24,18619,15849,17004,20881,44217
NZD,2025-07-01,18315,14165,14526,20290,42303
NZD,2025-07-08,18984,14063,14023,20962,43037
NZD,2025-07-15,16623,12988,16041,20044,41959
NZD,2025-07-22,11955,15117,22656,19365,44100
NZD,2025-07-29,13080,15171,23295,22132,46587
NZD,2025-08-05,11085,15918,27755,21596,48090
NZD,2025-08-12,11160,15847,27937,22138,48240
NZD,2025-08-19,12986,17056,25428,20359,47495
NZD,2025-08-26,17143,23248,28377,20466,53094
NZD,2025-09-02,17462,23936,29585,21489,55035
NZD,2025-09-09,15479,24222,38065,27224,71602
NZD,2025-09-16,9251,27255,34634,15218,49146
NZD,2025-09-23,12295,33415,37503,14932,56346
NZD,2025-09-30,23582,44207,39737,17298,68651
NZD,2025-10-07,22866,47289,44976,19076,72345
NZD,2025-10-14,25599,55340,52172,20117,82509
NZD,2025-10-21,25478,61753,59445,21500,89666
NZD,2025-10-28,24330,59296,59007,22011,88049
NZD,2025-11-04,25314,62726,59715,20748,91568
NZD,2025-11-10,28677,72746,67898,21813,102883
NZD,2025-11-18,24211,73468,72569,21081,103502
NZD,2025-11-25,23477,75548,76573,22468,107180
NZD,2025-12-02,18394,71510,79164,23237,104251
NZD,2025-12-09,14333,71114,82051,23540,114432
NZD,2025-12-16,8129,56172,66845,17587,103974
NZD,2025-12-23,9596,53630,65300,20375,82159
NZD,2025-12-30,8706,51960,63607,19808,79352
NZD,2026-01-06,12971,56334,64978,20758,84556
NZD,2026-01-13,9613,58464,69662,20300,85211
NZD,2026-01-20,13670,63280,73619,22808,92661
NZD,2026-01-27,12074,59819,69085,20217,85552
NZD,2026-02-03,11883,46177,54596,20220,71304
NZD,2026-02-10,11801,46720,54116,20433,71848
NZD,2026-02-17,11183,46196,55719,22010,73004
NZD,2026-02-24,13839,43406,50226,22569,71503
NZD,2026-03-03,13176,47510,55324,21635,79462
NZD,2026-03-10,10944,48055,64110,27103,84215
NZD,2026-03-17,10998,34055,49317,25457,64084
NZD,2026-03-24,10847,37853,50393,22699,65011
NZD,2026-03-31,10663,39251,55919,26473,70805
NZD,2026-04-07,12636,48711,59568,22497,76952
NZD,2026-04-14,10112,52388,66965,23253,80727
NZD,2026-04-21,7917,56371,70056,21073,82508
NZD,2026-04-28,9044,55366,70524,22974,83529
NZD,2026-05-05,9063,57314,72581,23254,85340
NZD,2026-05-12,11846,50996,71004,29487,86227
NZD,2026-05-19,12319,52932,76920,33423,92545
NZD,2026-05-26,11721,45900,75380,38390,91414
NZD,2026-06-02,8460,36706,110580,79974,136648
NZD,2026-06-09,11764,43335,124482,89777,149185
NZD,2026-06-16,9266,54427,84023,36673,135171
NZD,2026-06-23,12114,66958,86813,29291,103297
NZD,2026-06-30,11581,74861,95317,27876,110331
NZD,2026-07-07,10919,76108,99092,30309,113535
NZD,2026-07-14,8936,71702,104557,37920,118190
NZD,2026-07-21,8489,58458,96063,43440,108800
NZD,2026-07-28,6841,54509,94695,44158,105128
NZD,2026-08-04,5577,46780,93208,48521,101908
NZD,2026-08-11,4949,44535,88296,46665,96840
NZD,2026-08-18,6344,38964,78796,44474,89153
NZD,2026-08-25,9545,23784,74400,59296,88964
NZD,2026-09-01,11300,19321,90017,81441,107274
NZD,2026-09-08,26110,19878,87479,93114,125978
USDX,2000-01-04,2203,1967,1250,1853,7609
USDX,2000-01-11,3652,6236,2937,605,10756
USDX,2000-01-18,2932,1675,1775,3692,8762
USDX,2000-01-25,2801,1521,1666,4092,9064
USDX,2000-02-01,2594,1831,1095,3042,8665
USDX,2000-02-08,2737,1793,669,2911,8459
USDX,2000-02-15,2608,1456,669,3062,8230
USDX,2000-02-22,2778,1903,562,2997,8059
USDX,2000-02-29,4815,2831,530,3459,8276
USDX,2000-03-07,4674,2734,445,3266,7661
USDX,2000-03-14,2403,1700,907,2441,5874
USDX,2000-03-21,1961,1279,720,2203,6721
USDX,2000-03-28,1818,1919,1781,2028,7678
USDX,2000-04-04,1322,881,1256,2006,7158
USDX,2000-04-11,1814,897,1314,2405,7303
USDX,2000-04-18,2529,1517,859,2121,7774
USDX,2000-04-25,2982,2204,749,1979,8513
USDX,2000-05-02,3468,3301,978,1571,8985
USDX,2000-05-09,3020,1891,604,2101,7986
USDX,2000-05-16,2950,1594,486,2166,7741
USDX,2000-05-23,2577,1961,964,2023,7897
USDX,2000-08-01,1168,754,762,1594,6489
USDX,2000-08-08,1319,548,733,1813,6423
USDX,2000-08-15,1719,798,580,1787,6278
USDX,2000-08-22,2030,639,679,2175,7154
USDX,2000-08-29,2160,622,580,2122,7204
USDX,2000-09-05,2363,627,580,2406,7463
USDX,2000-09-19,2398,980,545,2117,7692
USDX,2000-10-17,1965,998,300,1477,6695
USDX,2000-10-24,2097,1012,300,1442,6554
USDX,2000-10-31,2135,1245,300,1177,6499
USDX,2000-12-19,1546,1309,2183,880,6589
USDX,2000-12-26,2063,1557,2068,660,6655
USDX,2001-01-02,2130,1685,2402,663,7075
USDX,2001-01-09,2072,1775,2493,866,7078
USDX,2001-01-16,2091,1766,2512,890,7176
USDX,2001-01-23,1437,1402,2615,1018,7117
USDX,2001-01-30,1462,1530,2781,1102,7336
USDX,2001-02-06,1573,1701,3049,1014,7602
USDX,2001-03-27,1129,1910,1747,1188,7222
USDX,2001-05-22,4670,2383,2199,4331,8575
USDX,2001-05-29,5161,3082,2115,4252,9242
USDX,2001-06-05,4982,2716,2110,4429,8998
USDX,2001-06-12,5499,2781,2246,4842,9777
USDX,2001-06-19,2854,666,3024,4970,7847
USDX,2001-06-26,3054,519,2943,4983,8097
USDX,2001-07-03,5386,1073,2571,6574,9843
USDX,2001-07-10,6506,919,2500,7639,10760
USDX,2001-07-17,3654,488,3272,5732,9009
USDX,2001-07-24,3809,1236,3126,3919,8384
USDX,2001-07-31,3839,973,3126,4077,8451
USDX,2001-08-21,3703,1989,3928,3456,8854
USDX,2001-08-28,3522,2066,4043,3435,8856
USDX,2002-01-29,5121,919,4081,8653,11561
USDX,2002-02-05,4795,1114,4544,8616,11643
USDX,2002-02-12,2821,834,4850,7096,9791
USDX,2002-02-19,3214,1891,4591,5846,9724
USDX,2002-02-26,4484,1179,4451,7786,10895
USDX,2002-03-05,3967,1331,4325,6918,10059
USDX,2002-03-12,4002,1603,5171,6071,9799
USDX,2002-04-23,5818,4430,4518,3200,10649
USDX,2002-04-30,6383,8411,7987,3040,14958
USDX,2002-05-07,6753,8539,7174,2504,14835
USDX,2002-05-14,6286,6602,5504,2101,12156
USDX,2002-05-21,6216,7179,5802,2126,12688
USDX,2002-05-28,6125,7108,6081,2126,12788
USDX,2002-06-04,6508,6334,5234,2281,13145
USDX,2002-06-11,6663,6069,7461,4953,15935
USDX,2002-06-18,5914,6355,7000,3697,13584
USDX,2002-06-25,5797,4834,5676,3872,12175
USDX,2002-07-02,6033,5275,5972,4295,12610
USDX,2002-07-09,5672,5139,6213,4277,12575
USDX,2002-07-16,5935,4932,6226,4311,12364
USDX,2002-07-23,5637,5073,5548,4008,11748
USDX,2002-08-06,4699,4944,5633,3770,10927
USDX,2002-08-13,4587,4864,5568,3765,10779
USDX,2002-08-27,4670,4941,5447,3467,10636
USDX,2002-09-03,5286,6164,6384,3372,12462
USDX,2002-09-10,5167,5478,5240,2498,11060
USDX,2002-09-17,4478,5224,4849,2484,10140
USDX,2002-09-24,4460,5352,4891,2455,10103
USDX,2002-10-01,4725,5351,4921,2177,10248
USDX,2002-10-08,4471,4138,4541,3583,9942
USDX,2002-10-15,6011,4075,3659,4128,10388
USDX,2002-10-22,5768,3198,1804,3621,10725
USDX,2002-10-29,6014,7275,3463,352,12278
USDX,2002-11-05,7527,9697,5788,503,16347
USDX,2002-11-12,7724,13217,10491,325,20849
USDX,2002-11-19,7010,12749,10598,300,20148
USDX,2002-11-26,6145,10545,8649,407,17437
USDX,2002-12-03,5249,8063,6789,324,14749
USDX,2002-12-10,6113,8827,8596,1881,18078
USDX,2002-12-17,7404,13453,12608,2058,23164
USDX,2002-12-23,7025,13018,12416,1885,22461
USDX,2002-12-31,6666,11985,11547,1885,21203
USDX,2003-01-07,6324,12337,12382,2218,21912
USDX,2003-01-14,6414,12029,12261,2196,21876
USDX,2003-01-21,6109,11829,12404,2155,21628
USDX,2003-01-28,6497,12039,12044,2248,21844
USDX,2003-02-04,6495,11807,11651,2143,21561
USDX,2003-02-11,4910,10166,10930,1913,19257
USDX,2003-02-14,4908,9989,10725,2041,19113
USDX,2003-02-25,4922,9720,10513,1790,18569
USDX,2003-03-04,5783,10962,11988,2490,20596
USDX,2003-03-11,6266,11204,12735,3051,22162
USDX,2003-03-18,2785,5453,7228,2902,13316
USDX,2003-03-25,2449,6095,6912,2717,12594
USDX,2003-04-01,2700,3655,5656,3591,11184
USDX,2003-04-22,3775,5869,6728,2553,13595
USDX,2003-04-29,4409,6267,7382,2746,14820
USDX,2003-05-06,6705,9259,9899,2384,19514
USDX,2003-05-13,5932,8013,9608,3370,18432
USDX,2003-05-20,6410,8751,9789,3376,19370
USDX,2003-05-27,6349,8632,9539,3172,18724
USDX,2003-06-03,5915,9042,8880,2264,18548
USDX,2003-06-10,6231,9432,10189,3432,19701
USDX,2003-06-17,4605,8273,10673,2588,18416
USDX,2003-06-24,5788,7649,6735,2949,14604
USDX,2003-07-01,6811,8825,6784,2812,14923
USDX,2003-07-08,6429,6969,4281,2985,12393
USDX,2003-07-15,5236,6042,4142,3583,11331
USDX,2003-07-22,4193,5082,3890,3636,12248
USDX,2003-07-29,5595,4636,3709,3665,12578
USDX,2003-08-05,4482,4719,3759,3503,11803
USDX,2003-08-19,4105,5086,3708,3592,12352
USDX,2003-08-26,3796,3268,3318,5614,12222
USDX,2003-09-02,4112,3576,3438,5626,12721
USDX,2003-09-09,4207,3862,5333,5671,14056
USDX,2003-09-16,4707,4322,2884,2631,11795
USDX,2003-09-23,8098,8083,4741,2078,16602
USDX,2003-09-30,7999,11778,9128,2286,20550
USDX,2003-10-07,7188,11893,10085,2045,21117
USDX,2003-10-14,7093,13319,11584,2243,22390
USDX,2003-10-21,5754,12713,12149,2318,21673
USDX,2003-10-28,6057,14193,13819,2276,23490
USDX,2003-11-04,4528,12201,11502,2354,20034
USDX,2003-11-11,4223,10183,10187,2633,17820
USDX,2003-11-18,5580,14781,14659,2812,24290
USDX,2003-11-25,4723,11717,12342,2134,20503
USDX,2003-12-02,6080,12697,12648,2786,21966
USDX,2003-12-09,5485,11861,13325,3784,22245
USDX,2003-12-16,4392,12641,13467,1997,20927
USDX,2003-12-22,4687,12645,13467,2383,21447
USDX,2003-12-30,5357,14715,15117,2424,23826
USDX,2004-01-06,5340,14090,14712,2828,23146
USDX,2004-01-13,4761,12858,14500,3237,22597
USDX,2004-01-20,2950,10240,12231,3280,18951
USDX,2004-01-27,2601,9308,11604,3655,17755
USDX,2004-02-03,2815,10074,12207,3772,18543
USDX,2004-02-10,3221,9862,12361,3770,18809
USDX,2004-02-17,4470,14087,16286,3950,24313
USDX,2004-02-24,3448,9585,11270,3952,18322
USDX,2004-03-02,1237,6691,9552,5007,15513
USDX,2004-03-09,2418,5238,7016,4996,15165
USDX,2004-03-16,2392,4318,4033,2953,10814
USDX,2004-03-23,2832,4500,3995,2309,10693
USDX,2004-03-30,2884,4716,3533,2237,10883
USDX,2004-04-06,2341,6735,7653,3761,14699
USDX,2004-04-12,2684,6519,7382,3861,14601
USDX,2004-04-20,2444,5189,3665,3361,12416
USDX,2004-04-27,2715,5450,3354,3084,12261
USDX,2004-05-04,2497,4040,3241,3755,11056
USDX,2004-05-11,9113,2413,1254,10136,15844
USDX,2004-05-18,7070,2315,1416,7767,13384
USDX,2004-05-25,5736,2016,438,5372,10818
USDX,2004-06-01,4629,5050,3937,2207,12062
USDX,2004-06-08,4429,6074,5007,1703,12727
USDX,2004-06-15,2540,4684,4690,1468,10201
USDX,2004-06-22,2761,4415,4705,1968,10521
USDX,2004-06-29,3893,4054,4724,3484,11924
USDX,2004-07-06,4434,8743,7715,2277,15317
USDX,2004-07-13,4804,8999,8467,1885,16402
USDX,2004-07-20,5449,10820,9645,1076,18047
USDX,2004-07-27,3479,6869,8163,3359,15081
USDX,2004-08-03,3480,5580,7343,4817,14334
USDX,2004-08-10,3318,5276,7504,4724,14125
USDX,2004-08-17,3525,7326,8377,3555,15143
USDX,2004-08-24,3451,6032,7902,4414,14584
USDX,2004-08-31,3744,6037,7689,4736,14591
USDX,2004-09-07,3441,6000,8932,6037,16372
USDX,2004-09-14,4201,9184,6765,625,13892
USDX,2004-09-21,5060,12143,8963,645,16940
USDX,2004-09-28,5180,13931,12132,1753,20199
USDX,2004-10-05,5722,16078,15005,1723,23717
USDX,2004-10-12,5812,16330,15571,1893,24382
USDX,2004-10-19,5638,15899,15653,2221,24744
USDX,2004-10-26,5565,16548,15338,1380,24779
USDX,2004-11-02,6159,19384,17494,928,25874
USDX,2004-11-09,7624,22285,19302,1020,28426
USDX,2004-11-16,5280,19523,18327,982,27615
USDX,2004-11-23,5318,19090,18318,900,27580
USDX,2004-11-30,6412,21274,18867,863,29091
USDX,2004-12-07,5704,21336,19466,930,29025
USDX,2004-12-14,5354,18969,15534,760,24811
USDX,2004-12-21,5799,17576,14218,1487,24045
USDX,2004-12-28,6360,19279,16903,2205,27370
USDX,2005-01-04,5667,14532,12268,2155,22089
USDX,2005-01-11,4908,10078,8925,3879,18150
USDX,2005-01-18,4297,10221,8740,3297,17426
USDX,2005-01-25,4976,9972,8759,5190,18962
USDX,2005-02-01,5932,9826,8361,5805,19411
USDX,2005-02-08,6279,7832,7005,7175,18658
USDX,2005-02-15,6075,6737,6093,6170,16999
USDX,2005-02-22,7027,12824,10107,4208,21539
USDX,2005-03-01,7442,14440,11556,3931,23437
USDX,2005-03-08,7896,16553,17412,7750,31213
USDX,2005-03-15,6913,19148,14139,1055,25241
USDX,2005-03-22,5161,12148,9815,2600,20060
USDX,2005-03-29,5207,8017,7573,4939,18079
USDX,2005-04-05,5927,5370,5848,7584,17753
USDX,2005-04-12,7195,5149,5447,8360,17744
USDX,2005-04-19,7107,4423,4825,8167,16713
USDX,2005-04-26,6912,4671,5541,8367,17382
USDX,2005-05-03,8421,4704,5939,10818,19584
USDX,2005-05-10,8779,5365,6646,11189,20907
USDX,2005-05-17,15293,3591,4485,18300,26178
USDX,2005-05-24,16795,2545,4844,21231,28052
USDX,2005-05-31,17717,2356,4933,22426,29298
USDX,2005-06-07,18011,1963,10904,28687,35655
USDX,2005-06-14,19487,2523,3372,22205,28682
USDX,2005-06-21,18920,1792,4109,23009,29184
USDX,2005-06-28,21511,2201,4184,25065,31235
USDX,2005-07-05,23445,2577,4311,26765,33821
USDX,2005-07-12,16946,1403,4519,22806,28052
USDX,2005-07-19,17475,1741,6273,23446,29038
USDX,2005-07-26,16344,1688,6271,22108,28423
USDX,2005-08-02,11640,2405,8895,18960,25732
USDX,2005-08-09,13115,2661,8344,19238,26450
USDX,2005-08-16,5227,3099,9579,11055,19267
USDX,2005-08-23,5842,3372,9737,11687,20169
USDX,2005-08-30,6512,2522,6530,10323,17497
USDX,2005-09-06,5880,11235,11146,4252,20866
USDX,2005-09-13,4218,4187,10088,8733,18149
USDX,2005-09-20,7555,2435,651,5980,12289
USDX,2005-09-27,12695,3131,630,11059,17573
USDX,2005-10-04,13955,2816,409,13248,19561
USDX,2005-10-11,13706,5190,1157,10644,20688
USDX,2005-10-18,17026,3343,966,17041,24239
USDX,2005-10-25,27806,3573,1310,26628,34050
USDX,2005-11-01,26542,2857,1548,25938,33202
USDX,2005-11-08,29756,2851,3379,32123,38747
USDX,2005-11-15,32782,3554,3688,34400,41712
USDX,2005-11-22,31395,1958,1138,32160,38120
USDX,2005-11-29,20597,1886,3735,23191,29114
USDX,2005-12-06,22787,3147,2802,23524,30676
USDX,2005-12-13,20827,3444,9165,27072,35108
USDX,2005-12-20,13543,2798,8199,18821,25940
USDX,2005-12-27,13242,2116,7390,18434,24463
USDX,2006-01-03,13920,3392,8908,19628,26629
USDX,2006-01-10,10112,5170,9967,14208,23845
USDX,2006-01-17,9982,5278,11877,15160,25968
USDX,2006-01-24,10273,6446,13898,15559,27516
USDX,2006-01-31,10676,6615,13050,15516,27383
USDX,2006-02-07,11004,5006,11801,17464,26930
USDX,2006-02-14,15244,3095,9792,22075,29351
USDX,2006-02-21,19027,4040,9182,24123,32312
USDX,2006-02-28,18146,2793,8055,23155,30389
USDX,2006-03-07,17143,2597,9302,23515,32565
USDX,2006-03-14,18310,2801,6012,21918,28833
USDX,2006-03-21,11114,4491,13169,18465,27692
USDX,2006-03-28,13693,3363,9887,19712,27158
USDX,2006-04-04,11227,4483,12902,19073,27672
USDX,2006-04-11,11162,4107,12827,18505,27493
USDX,2006-04-18,11223,4994,14048,18336,28704
USDX,2006-04-25,10782,8504,18038,17477,32012
USDX,2006-05-02,8667,14090,25797,17594,38433
USDX,2006-05-09,10076,16794,27692,17756,40912
USDX,2006-05-16,11455,15590,23557,16309,38171
USDX,2006-05-23,10257,16835,24459,15270,38195
USDX,2006-05-30,10388,18663,26005,15090,39881
USDX,2006-06-06,10586,17847,24805,14565,38771
USDX,2006-06-13,8426,17233,27723,17406,40169
USDX,2006-06-20,7476,15555,12605,3151,24660
USDX,2006-06-27,10176,13334,7105,2861,20784
USDX,2006-07-03,7089,11135,8711,2884,18821
USDX,2006-07-11,7920,12524,9408,2922,20530
USDX,2006-07-18,8847,7854,3761,3667,17233
USDX,2006-07-25,8205,8065,4695,3889,16878
USDX,2006-08-01,6808,7483,5418,3080,15676
USDX,2006-08-08,7873,9849,7315,2859,18272
USDX,2006-08-15,7371,10055,7901,2942,18471
USDX,2006-08-22,7304,10549,8699,3258,19174
USDX,2006-08-29,8533,11061,7954,3267,19685
USDX,2006-09-05,8207,11635,8575,3237,20114
USDX,2006-09-12,11917,9015,4663,7600,22167
USDX,2006-09-19,6876,7225,4834,5059,17288
USDX,2006-09-26,7482,8148,7500,6399,19545
USDX,2006-10-03,13482,8270,5596,10808,24522
USDX,2006-10-10,19053,7823,5704,17939,30911
USDX,2006-10-17,24649,8001,6282,24467,36745
USDX,2006-10-24,21741,7513,5855,21682,33789
USDX,2006-10-31,11910,8172,15248,18825,32961
USDX,2006-11-07,12826,10235,15780,17652,34478
USDX,2006-11-14,12566,13312,18210,15914,34532
USDX,2006-11-21,12579,12049,17203,16045,33582
USDX,2006-11-28,10311,17632,22858,12867,37290
USDX,2006-12-05,17985,21342,17903,11204,39682
USDX,2006-12-12,12528,24955,29540,13747,46967
USDX,2006-12-19,8708,21141,18337,3160,30678
USDX,2006-12-26,7930,20385,18267,3216,29824
USDX,2007-01-03,9488,19001,15306,3308,28542
USDX,2007-01-09,11948,15254,9824,4987,25856
USDX,2007-01-16,12064,9892,4744,6087,21111
USDX,2007-01-23,12048,10666,5699,6222,21969
USDX,2007-01-30,14049,9025,4001,8293,22227
USDX,2007-02-06,14751,11056,5794,8433,24626
USDX,2007-02-13,14240,10217,6327,9731,25207
USDX,2007-02-20,14479,17451,10955,6150,29787
USDX,2007-02-27,11334,20717,17472,5341,32784
USDX,2007-03-06,10795,19455,14521,3541,29328
USDX,2007-03-13,9524,15536,20536,12309,34213
USDX,2007-03-20,7718,19276,17735,3593,28672
USDX,2007-03-27,8306,18896,17318,3866,28790
USDX,2007-04-03,9539,20181,17463,4331,30160
USDX,2007-04-10,8814,20630,18833,4331,31100
USDX,2007-04-17,9615,23155,20671,4156,33602
USDX,2007-04-24,9905,29463,25704,3727,39208
USDX,2007-05-01,9333,30459,27911,4531,40972
USDX,2007-05-08,8010,26890,23978,3674,36084
USDX,2007-05-15,7883,25833,22796,3599,34833
USDX,2007-05-22,5854,22077,20479,3606,30861
USDX,2007-05-29,6263,22322,20410,3641,31076
USDX,2007-06-05,4869,19400,18330,2617,27472
USDX,2007-06-12,4785,14710,16772,6919,27553
USDX,2007-06-19,7274,10411,5349,2538,18675
USDX,2007-06-26,7236,18124,12357,1329,24151
USDX,2007-07-03,9495,28501,21784,1392,35149
USDX,2007-07-10,9671,29630,24689,2217,38063
USDX,2007-07-17,10449,35870,30761,2725,44644
USDX,2007-07-24,10371,38722,33734,2869,47619
USDX,2007-07-31,9334,36311,31541,2836,44523
USDX,2007-08-07,8971,34433,30033,2639,42621
USDX,2007-08-14,5175,22075,24222,6485,33933
USDX,2007-08-21,2237,14038,17096,4430,25793
USDX,2007-08-28,2200,15828,16918,2400,23662
USDX,2007-09-04,3325,17005,16684,2202,24242
USDX,2007-09-11,5812,23016,24117,4553,34474
USDX,2007-09-18,5271,30771,30044,2176,39341
USDX,2007-09-25,5837,31860,31278,2830,40781
USDX,2007-10-02,6766,31329,29999,3339,40574
USDX,2007-10-09,6313,30676,30120,3934,40580
USDX,2007-10-16,5299,28060,29750,5265,39583
USDX,2007-10-23,6564,29008,29976,5777,41114
USDX,2007-10-30,7223,27357,29242,7128,41134
USDX,2007-11-06,8058,26549,28199,8283,41317
USDX,2007-11-13,5245,19992,26512,11155,37711
USDX,2007-11-20,5766,20416,27204,11849,38488
USDX,2007-11-27,6100,19300,26548,12866,38395
USDX,2007-12-04,5679,14650,25459,16190,37432
USDX,2007-12-11,5935,13268,29051,22495,44569
USDX,2007-12-18,8359,7060,18224,20927,34423
USDX,2007-12-24,8281,4995,17961,22305,33192
USDX,2007-12-31,8984,7505,19347,21171,34016
USDX,2008-01-08,9952,11231,21459,19935,37030
USDX,2008-01-15,10664,13457,23530,20789,39456
USDX,2008-01-22,7574,10168,22562,21090,35993
USDX,2008-01-29,8081,13599,26195,20696,39342
USDX,2008-02-05,7364,15810,30340,21391,43742
USDX,2008-02-12,5347,9377,25894,21536,36980
USDX,2008-02-19,6462,12682,28031,21551,39574
USDX,2008-02-26,9815,18026,31574,21406,46256
USDX,2008-03-04,10818,18692,31605,21776,47078
USDX,2008-03-11,14053,24506,35670,24366,55391
USDX,2008-03-18,10801,19880,27413,17954,43911
USDX,2008-03-25,12145,19890,23719,15965,42371
USDX,2008-04-01,12747,20185,22637,15629,42995
USDX,2008-04-08,13826,19755,22242,16403,41801
USDX,2008-04-15,15333,19947,22054,17090,43202
USDX,2008-04-22,14959,22743,24878,17144,45823
USDX,2008-04-29,9798,13607,19446,17325,36165
USDX,2008-05-06,10479,13625,17622,15982,34667
USDX,2008-05-13,11040,11535,15510,16757,33434
USDX,2008-05-20,16908,15318,15372,17462,38353
USDX,2008-05-27,16073,17284,17562,16849,39949
USDX,2008-06-03,16870,12690,15281,20422,37903
USDX,2008-06-10,18581,12736,24879,31388,48962
USDX,2008-06-17,14976,7181,5082,14850,26204
USDX,2008-06-24,18103,9150,5982,16487,30158
USDX,2008-07-01,21944,14315,7192,14578,34557
USDX,2008-07-08,22657,14621,7249,15423,35197
USDX,2008-07-15,25169,21261,9119,11465,39105
USDX,2008-07-22,23621,17530,7830,13860,38097
USDX,2008-07-29,21640,10765,8161,20229,36628
USDX,2008-08-05,18957,8572,6723,18580,32021
USDX,2008-08-12,20518,3370,5629,25366,33273
USDX,2008-08-19,29500,3401,5849,34265,41746
USDX,2008-08-26,32274,4154,5146,35241,43723
USDX,2008-09-02,37020,5690,5176,38649,49395
USDX,2008-09-09,40724,6477,27121,62563,78978
USDX,2008-09-16,40302,2447,6945,42454,52872
USDX,2008-09-23,30338,2628,13290,40576,49702
USDX,2008-09-30,26916,1935,14055,38239,46227
USDX,2008-10-07,25947,2348,14010,38878,45172
USDX,2008-10-14,26674,1764,13041,38760,46605
USDX,2008-10-21,27766,1652,11233,38764,44040
USDX,2008-10-28,20373,1332,13698,33814,39279
USDX,2008-11-04,21057,1006,11754,33185,38298
USDX,2008-11-11,20682,1169,12691,33981,38679
USDX,2008-11-18,19590,1085,13544,33189,38314
USDX,2008-11-25,20569,1725,15636,34163,40815
USDX,2008-12-02,17837,1242,17166,33533,39382
USDX,2008-12-09,18079,1248,17094,33336,41502
USDX,2008-12-16,10250,1731,2638,9576,16566
USDX,2008-12-22,8547,2688,3676,8194,15660
USDX,2008-12-30,8290,2270,3641,8438,15706
USDX,2009-01-06,8346,2770,3326,8274,15924
USDX,2009-01-13,7339,1841,2649,7880,13884
USDX,2009-01-20,7881,1887,2847,9202,15431
USDX,2009-01-27,10318,1819,3229,11881,18800
USDX,2009-02-03,12226,1699,2213,13391,19347
USDX,2009-02-10,12029,1433,1963,12577,18679
USDX,2009-02-17,15226,1204,2181,17735,25037
USDX,2009-02-24,14113,1499,2952,16016,22578
USDX,2009-03-03,13580,1431,3697,17041,24186
USDX,2009-03-10,16177,1214,7798,22953,29295
USDX,2009-03-17,14316,2599,4053,15511,22831
USDX,2009-03-24,10633,3917,9223,15579,24678
USDX,2009-03-31,11147,4480,9170,14433,23205
USDX,2009-04-07,13400,4036,6925,14386,23676
USDX,2009-04-14,12521,4642,8059,14244,23893
USDX,2009-04-21,13301,2745,5450,16161,23331
USDX,2009-04-28,11700,2694,6791,14869,22223
USDX,2009-05-05,10126,3748,9894,14781,23738
USDX,2009-05-12,10196,6548,14604,15291,28144
USDX,2009-05-19,9748,8814,17180,15462,30331
USDX,2009-05-26,13789,14740,19821,16063,37046
USDX,2009-06-02,14094,17200,22089,16193,40030
USDX,2009-06-09,12597,14108,24465,21063,42229
USDX,2009-06-16,4136,12231,11807,2537,20470
USDX,2009-06-23,4870,12007,11466,3130,20532
USDX,2009-06-30,4637,10954,11274,3593,20118
USDX,2009-07-07,5135,11766,10555,3363,20244
USDX,2009-07-14,5204,13270,11767,3239,21435
USDX,2009-07-21,8060,17468,15420,3537,27107
USDX,2009-07-28,6429,15994,15416,3253,25803
USDX,2009-08-04,7505,19398,18085,3734,28621
USDX,2009-08-11,6148,15700,17321,6273,27863
USDX,2009-08-18,3934,11184,15535,8685,25171
USDX,2009-08-25,5875,13684,16328,7751,27317
USDX,2009-09-01,8573,10255,16160,14698,30351
USDX,2009-09-08,9842,16469,23550,14515,38153
USDX,2009-09-15,10435,19557,18862,7443,34399
USDX,2009-09-22,10913,20975,18902,6958,33704
USDX,2009-09-29,8794,17304,16247,6915,29776
USDX,2009-10-06,10558,19635,16960,6484,31874
USDX,2009-10-13,10890,20381,18417,6593,33891
USDX,2009-10-20,12477,22430,19383,6862,36619
USDX,2009-10-27,12790,21715,17525,7460,36160
USDX,2009-11-03,14908,21002,14953,9440,35969
USDX,2009-11-09,16536,22138,14598,8752,37246
USDX,2009-11-17,21579,22667,14970,12394,42265
USDX,2009-11-24,22661,21210,10585,12172,39858
USDX,2009-12-01,23687,19245,9490,14135,39680
USDX,2009-12-08,29139,15076,10141,25222,48594
USDX,2009-12-15,37579,11809,5437,32729,51271
USDX,2009-12-22,45973,11843,5748,41744,59792
USDX,2009-12-29,51050,12016,5766,46793,63184
USDX,2010-01-05,48623,9225,6327,48115,62056
USDX,2010-01-12,40164,6655,4823,41133,52227
USDX,2010-01-19,36332,6261,5183,38317,49139
USDX,2010-01-26,44152,6606,5852,47600,59330
USDX,2010-02-02,53325,10886,6092,52342,67283
USDX,2010-02-09,45763,4774,5568,50241,58939
USDX,2010-02-16,45728,8146,5411,46331,58733
USDX,2010-02-23,43653,5261,6337,47732,57575
USDX,2010-03-02,43004,4931,5491,46626,55702
USDX,2010-03-09,40480,4535,7941,47072,58121
USDX,2010-03-16,34602,5822,5455,36712,46920
USDX,2010-03-23,38354,6157,5577,40702,51403
USDX,2010-03-30,46012,10849,6490,45801,60419
USDX,2010-04-06,35246,5092,6861,40067,50152
USDX,2010-04-13,33177,5501,6038,36458,46766
USDX,2010-04-20,31385,6405,5908,33371,44558
USDX,2010-04-27,33093,7348,5984,35117,47054
USDX,2010-05-04,35112,5443,5961,38614,48517
USDX,2010-05-11,29446,3361,5508,34848,42824
USDX,2010-05-18,26794,2898,5433,32271,39545
USDX,2010-05-25,24483,3138,4949,29658,37952
USDX,2010-06-01,23334,4162,5044,26962,36277
USDX,2010-06-08,25591,4849,4181,27748,38248
USDX,2010-06-15,24700,2738,2610,27286,32329
USDX,2010-06-22,23764,3083,2767,26512,32053
USDX,2010-06-29,22235,2998,2682,24544,30261
USDX,2010-07-06,21088,4770,2136,20216,27998
USDX,2010-07-13,19055,4796,1806,17560,25589
USDX,2010-07-20,17676,3216,1616,17886,24176
USDX,2010-07-27,16488,2536,1440,17414,22557
USDX,2010-08-03,15644,3269,2591,16673,22911
USDX,2010-08-10,22349,6841,1375,18421,28784
USDX,2010-08-17,25561,6814,1512,22361,31979
USDX,2010-08-24,21384,5661,1690,20640,28979
USDX,2010-08-31,17193,2220,1679,19717,24350
USDX,2010-09-07,17262,2914,1705,18190,24239
USDX,2010-09-14,18174,12447,1961,8850,24885
USDX,2010-09-21,19860,16223,4498,8638,28701
USDX,2010-09-28,20808,19424,8912,9456,33147
USDX,2010-10-05,19129,20709,11825,9238,34586
USDX,2010-10-12,19586,21078,11205,9569,34984
USDX,2010-10-19,22789,19608,9920,13966,37745
USDX,2010-10-26,24016,18166,9319,16270,38585
USDX,2010-11-02,27912,19926,7051,16260,40266
USDX,2010-11-09,26124,19809,7469,13689,38371
USDX,2010-11-16,21645,10818,5299,17785,32813
USDX,2010-11-23,22491,10188,5454,19594,33749
USDX,2010-11-30,20115,9387,7766,20640,34435
USDX,2010-12-07,20044,10584,7480,19471,35071
USDX,2010-12-14,16322,11209,4343,10947,25202
USDX,2010-12-21,15938,11464,5633,12895,27089
USDX,2010-12-28,16083,11401,5222,12238,26398
USDX,2011-01-04,18606,19874,4292,4566,27677
USDX,2011-01-11,23937,13880,4622,18718,36538
USDX,2011-01-18,20226,15016,6858,13759,33014
USDX,2011-01-25,24258,22834,8447,11186,39190
USDX,2011-02-01,26115,29740,9535,7367,42472
USDX,2011-02-08,27025,34423,10609,4573,44039
USDX,2011-02-15,24358,30118,8600,4938,40052
USDX,2011-02-22,25404,31428,8236,4512,40335
USDX,2011-03-01,29303,36391,11707,4891,46405
USDX,2011-03-08,33803,40476,12672,6393,52704
USDX,2011-03-15,25171,40665,19547,5544,51147
USDX,2011-03-22,27308,40917,18757,5147,52822
USDX,2011-03-29,27421,41334,18686,5031,52915
USDX,2011-04-05,24351,36050,18919,7624,50309
USDX,2011-04-12,25479,35260,17790,8186,49843
USDX,2011-04-19,22428,32857,18002,11611,50159
USDX,2011-04-26,25460,33949,16987,11704,51693
USDX,2011-05-03,27607,34723,16997,13097,53901
USDX,2011-05-10,25593,30156,18142,16597,52362
USDX,2011-05-17,28169,29439,19248,22211,55791
USDX,2011-05-24,32766,30281,19900,27347,61833
USDX,2011-05-31,28430,23643,19124,27731,55794
USDX,2011-06-07,34021,31937,18499,23616,62825
USDX,2011-06-14,37064,31093,8554,17639,53773
USDX,2011-06-21,31134,26191,6973,16463,46279
USDX,2011-06-28,35543,22811,6832,24367,50419
USDX,2011-07-05,32928,25207,6348,17728,47393
USDX,2011-07-12,31861,24271,8293,21459,49877
USDX,2011-07-19,31029,21837,7305,20465,46605
USDX,2011-07-26,39543,37215,12578,17316,60863
USDX,2011-08-02,36882,36404,14876,17972,60529
USDX,2011-08-09,34161,30860,15255,18014,57347
USDX,2011-08-16,29824,31071,17624,17096,54579
USDX,2011-08-23,32190,34751,18823,16369,57901
USDX,2011-08-30,31025,34007,17930,15878,55670
USDX,2011-09-06,26202,27933,14814,16382,50566
USDX,2011-09-13,37298,25627,15892,32502,62802
USDX,2011-09-20,44508,10260,9079,49920,62452
USDX,2011-09-27,47409,8989,9658,56355,68631
USDX,2011-10-04,49647,9315,11033,60529,72521
USDX,2011-10-11,50509,3623,10646,63804,69667
USDX,2011-10-18,47196,5445,9916,59113,68006
USDX,2011-10-25,43496,11386,10512,49313,63947
USDX,2011-11-01,37775,13952,17846,44486,63639
USDX,2011-11-08,35277,13274,17997,43308,59861
USDX,2011-11-15,32628,10098,15982,43715,57305
USDX,2011-11-22,31669,6341,13351,45513,54442
USDX,2011-11-29,38876,8170,11759,47360,58641
USDX,2011-12-06,40139,7986,10088,46939,57372
USDX,2011-12-13,46686,11051,9844,51286,66540
USDX,2011-12-20,51825,10848,5509,54200,67062
USDX,2011-12-27,52237,9663,5544,52783,64646
USDX,2012-01-03,50762,8925,5905,55231,66053
USDX,2012-01-10,52644,8057,6061,59023,69024
USDX,2012-01-17,51836,7078,6321,58372,68483
USDX,2012-01-24,50847,3924,4414,57437,64148
USDX,2012-01-31,42962,4207,3302,47734,54946
USDX,2012-02-07,39631,6834,3372,40942,53362
USDX,2012-02-14,38315,10500,4070,38931,51997
USDX,2012-02-21,37611,8599,3457,39097,50648
USDX,2012-02-28,37415,12022,3730,33393,48598
USDX,2012-03-06,38397,10681,4699,38729,52985
USDX,2012-03-13,46630,12586,4800,46016,62925
USDX,2012-03-20,46804,11110,4153,47444,60548
USDX,2012-03-27,39088,9457,3779,39940,51926
USDX,2012-04-03,30027,11454,5842,29925,44594
USDX,2012-04-10,32036,13197,5729,31170,46655
USDX,2012-04-17,30334,12945,5540,30512,45759
USDX,2012-04-24,26647,10669,6201,28544,43144
USDX,2012-05-01,31374,17996,7219,24200,45539
USDX,2012-05-08,32090,22061,7077,21078,45996
USDX,2012-05-15,44261,26819,8609,30296,59379
USDX,2012-05-22,58795,26008,9094,46342,74493
USDX,2012-05-29,60724,19089,8498,55446,76744
USDX,2012-06-05,65872,20072,6443,57605,80104
USDX,2012-06-12,66685,14064,7278,64875,81310
USDX,2012-06-19,58565,7798,5111,60389,69963
USDX,2012-06-26,53518,11493,5951,53679,66742
USDX,2012-07-03,50645,12094,7737,50905,65041
USDX,2012-07-10,51626,8477,5777,54566,64925
USDX,2012-07-17,54441,6712,6045,59390,68675
USDX,2012-07-24,55109,7273,5783,59636,69554
USDX,2012-07-31,49275,7225,9398,56248,66186
USDX,2012-08-07,49089,9865,9596,53001,65933
USDX,2012-08-14,46474,8242,8591,51252,62579
USDX,2012-08-21,48256,10085,9588,51710,65398
USDX,2012-08-28,46494,10176,11917,50742,64880
USDX,2012-09-04,45287,9792,12391,49879,65008
USDX,2012-09-11,52773,18138,13741,49227,72175
USDX,2012-09-18,28541,23645,7179,12534,40481
USDX,2012-09-25,31024,34994,12247,8382,47992
USDX,2012-10-02,28446,32804,12088,8029,45193
USDX,2012-10-09,25415,31178,11736,6748,42452
USDX,2012-10-16,28162,33052,11854,7750,45816
USDX,2012-10-23,25834,31760,12085,7016,43793
USDX,2012-10-30,24130,28996,10825,6785,41026
USDX,2012-11-06,27243,25086,5403,7003,36758
USDX,2012-11-13,27729,21919,4836,11817,38393
USDX,2012-11-20,27435,21572,6216,13403,39211
USDX,2012-11-27,24650,17201,5035,13762,35530
USDX,2012-12-04,31240,22022,4438,13651,43191
USDX,2012-12-11,35658,28558,7141,15281,48730
USDX,2012-12-18,27205,35778,11792,2740,43470
USDX,2012-12-24,23383,36330,15996,2613,43308
USDX,2012-12-31,23677,33955,14158,3075,42593
USDX,2013-01-08,29404,23267,9317,17168,44635
USDX,2013-01-15,31886,25155,8367,17454,46567
USDX,2013-01-22,31028,22537,6984,16993,42728
USDX,2013-01-29,30362,20685,7531,17900,43634
USDX,2013-02-05,36900,34198,13278,15748,55093
USDX,2013-02-12,28520,25887,11292,15685,46236
USDX,2013-02-19,36057,23901,6569,22132,50051
USDX,2013-02-26,52367,30033,7978,35403,69583
USDX,2013-03-05,59929,33940,8906,40334,78061
USDX,2013-03-12,61629,29843,7660,45242,79948
USDX,2013-03-19,70051,16133,6816,66551,85693
USDX,2013-03-26,67997,13579,6778,66243,83063
USDX,2013-04-02,73807,19540,7340,66897,89895
USDX,2013-04-09,70002,20501,8172,63436,87508
USDX,2013-04-16,60259,21866,8061,52684,77787
USDX,2013-04-23,59066,20797,7366,53815,78266
USDX,2013-04-30,50628,15264,9794,52210,70776
USDX,2013-05-07,47555,15414,11205,50745,69141
USDX,2013-05-14,59690,24537,7779,52366,80067
USDX,2013-05-21,75673,29812,4665,62115,94765
USDX,2013-05-28,72598,26943,4844,61936,92698
USDX,2013-06-04,62129,18179,4822,59390,80851
USDX,2013-06-11,57814,14560,7287,56827,79315
USDX,2013-06-18,36438,21788,5330,24866,51036
USDX,2013-06-25,36658,24377,5256,22769,52740
USDX,2013-07-02,39682,24010,5103,26646,55430
USDX,2013-07-09,53446,24203,5204,41847,69480
USDX,2013-07-16,49979,20276,5225,41113,64342
USDX,2013-07-23,46393,18231,5832,39379,60781
USDX,2013-07-30,45347,20156,6930,39475,63511
USDX,2013-08-06,49921,24731,7502,38976,67341
USDX,2013-08-13,49791,34121,13683,35571,74194
USDX,2013-08-20,50429,38071,13924,32190,75224
USDX,2013-08-27,49100,37391,13865,31562,73930
USDX,2013-09-03,42118,29970,12727,32780,67467
USDX,2013-09-10,43056,21856,12239,40669,70651
USDX,2013-09-17,44826,22928,12220,40713,68238
USDX,2013-09-24,37862,33813,6843,15203,53075
USDX,2013-10-01,36795,34610,7822,13841,53794
USDX,2013-10-08,40103,40260,9587,13796,59355
USDX,2013-10-15,33958,32638,7181,12901,50217
USDX,2013-10-22,38918,35918,6827,13581,54206
USDX,2013-10-29,36593,34969,6604,12206,51946
USDX,2013-11-05,32241,24312,3759,15341,43806
USDX,2013-11-12,30278,16030,2752,21908,41351
USDX,2013-11-19,31688,16590,3621,23412,43239
USDX,2013-11-26,31678,15701,2948,23884,42877
USDX,2013-12-03,31815,20252,4870,21913,46173
USDX,2013-12-10,34708,27527,5488,16407,49070
USDX,2013-12-17,25727,31555,6065,3686,39322
USDX,2013-12-24,28425,32770,6468,6440,43607
USDX,2013-12-31,27644,31592,7776,7795,43644
USDX,2014-01-07,29161,31525,7161,11283,46642
USDX,2014-01-14,27607,23768,6243,15420,42927
USDX,2014-01-21,32336,28095,6692,18440,49768
USDX,2014-01-28,32594,28604,5938,16396,48844
USDX,2014-02-04,31164,26075,6863,18776,47614
USDX,2014-02-11,30980,24362,5917,19268,47189
USDX,2014-02-18,32461,29843,5790,15302,49629
USDX,2014-02-25,32921,32940,5866,12465,49811
USDX,2014-03-04,34864,35345,5793,11436,52552
USDX,2014-03-11,41083,41261,6108,11130,58004
USDX,2014-03-18,31687,43857,9136,2117,51698
USDX,2014-03-25,31654,42597,7802,2632,50393
USDX,2014-04-01,32765,42818,7833,4166,52151
USDX,2014-04-08,33471,32882,4975,12556,50988
USDX,2014-04-15,36724,37258,5552,10313,52388
USDX,2014-04-22,34026,35645,5218,10036,50260
USDX,2014-04-29,36651,36987,5095,11113,52985
USDX,2014-05-06,41459,43156,4651,9966,59850
USDX,2014-05-13,34719,35054,4394,8958,50532
USDX,2014-05-20,32292,32609,4784,9722,47494
USDX,2014-05-27,33442,34126,5171,10038,49243
USDX,2014-06-03,37663,37369,4676,11239,54011
USDX,2014-06-10,36218,36256,4389,10126,53957
USDX,2014-06-17,42883,21361,3661,30534,55245
USDX,2014-06-24,44700,23005,3761,31134,58484
USDX,2014-07-01,43256,23199,4509,30588,58275
USDX,2014-07-08,38732,19030,4890,30222,54011
USDX,2014-07-15,37482,19810,5381,29401,53919
USDX,2014-07-22,41404,22783,5755,30349,57646
USDX,2014-07-29,55881,36470,6962,33000,74037
USDX,2014-08-05,63727,40075,6680,37776,82000
USDX,2014-08-12,64323,41139,7094,38180,84214
USDX,2014-08-19,70323,43136,7061,41573,89417
USDX,2014-08-26,72561,43720,5649,42760,90807
USDX,2014-09-02,69905,40754,5701,42893,87783
USDX,2014-09-09,72225,39730,5155,45158,89540
USDX,2014-09-16,73991,20628,6577,67696,90930
USDX,2014-09-23,75950,18960,5358,69958,93016
USDX,2014-09-30,77468,21073,5243,70281,95588
USDX,2014-10-07,73699,24022,6921,66461,94286
USDX,2014-10-14,71364,22398,7455,66019,92018
USDX,2014-10-21,62624,12398,5350,64235,80315
USDX,2014-10-28,62564,12258,4308,63444,79369
USDX,2014-11-04,72823,30058,4517,58962,92157
USDX,2014-11-11,70464,28839,6215,59310,95206
USDX,2014-11-18,67878,28522,8292,59031,90731
USDX,2014-11-25,71881,33414,8505,59005,98005
USDX,2014-12-02,70833,34678,8964,58013,97454
USDX,2014-12-09,67363,30957,8762,58583,94289
USDX,2014-12-16,61628,29664,8966,55265,87377
USDX,2014-12-23,69542,21610,8953,70280,94321
USDX,2014-12-30,81570,32737,7807,71220,106538
USDX,2015-01-06,97113,27327,10387,95549,126083
USDX,2015-01-13,94682,22722,13966,101287,127504
USDX,2015-01-20,97140,23972,13407,102529,130077
USDX,2015-01-27,92250,21577,13037,103151,129495
USDX,2015-02-03,88135,16529,13904,104504,125025
USDX,2015-02-10,78694,9756,11662,99931,114816
USDX,2015-02-17,76679,10617,12935,99317,115630
USDX,2015-02-24,81571,13414,12992,100864,118929
USDX,2015-03-03,85713,18495,14110,100554,123981
USDX,2015-03-10,97139,15869,15079,114813,148486
USDX,2015-03-17,96554,16828,11083,111901,132548
USDX,2015-03-24,83434,12207,9600,98174,116148
USDX,2015-03-31,87260,14117,8915,101281,118796
USDX,2015-04-07,83404,10598,8910,98732,113690
USDX,2015-04-14,90489,14082,9776,100261,119021
USDX,2015-04-21,85893,14172,8667,97041,115918
USDX,2015-04-28,78124,13540,8347,88104,112648
USDX,2015-05-05,72708,13781,11558,81933,102100
USDX,2015-05-12,67303,11967,13625,79728,99697
USDX,2015-05-19,64375,10892,15805,78401,98050
USDX,2015-05-26,69694,17398,14503,80403,103211
USDX,2015-06-02,72455,12733,12568,85756,102174
USDX,2015-06-09,73453,10576,12947,88982,105463
USDX,2015-06-16,63980,10560,7905,72908,86281
USDX,2015-06-23,63696,11351,7461,71014,85932
USDX,2015-06-30,59112,7716,8158,71228,83260
USDX,2015-07-07,64474,5036,7900,80474,89292
USDX,2015-07-14,63866,5156,8383,80003,88719
USDX,2015-07-21,70947,8678,9079,85438,98609
USDX,2015-07-28,69770,8593,9598,84161,96069
USDX,2015-08-04,72616,7444,10143,89349,100515
USDX,2015-08-11,71911,6319,10941,90040,101605
USDX,2015-08-18,74212,11266,14331,89508,104952
USDX,2015-08-25,67446,15206,20253,79241,100933
USDX,2015-09-01,60763,9568,18657,76096,100231
USDX,2015-09-08,63250,9851,18494,78216,94284
USDX,2015-09-15,49861,10107,6030,52346,65291
USDX,2015-09-22,51474,10686,6081,54560,68333
USDX,2015-09-29,54504,8803,6170,58596,71478
USDX,2015-10-06,54656,8665,6026,59274,70957
USDX,2015-10-13,49049,10174,12959,57897,72734
USDX,2015-10-20,47578,19375,23374,58124,81495
USDX,2015-10-27,49047,14356,14365,57028,75389
USDX,2015-11-03,53003,13077,11794,58856,76816
USDX,2015-11-10,61394,17610,9241,62557,84478
USDX,2015-11-17,65696,19169,8470,66436,89992
USDX,2015-11-24,64881,18735,9433,67538,91193
USDX,2015-12-01,66376,19039,9715,68852,95037
USDX,2015-12-08,68328,17300,11954,73738,96798
USDX,2015-12-15,52945,16043,6972,52699,71495
USDX,2015-12-22,47926,14519,6007,47192,65071
USDX,2015-12-29,47235,13620,6173,47595,64418
USDX,2016-01-05,53591,12882,9387,58268,74475
USDX,2016-01-12,53224,10505,8936,60272,73868
USDX,2016-01-19,55084,12309,10466,60728,76206
USDX,2016-01-26,54688,10463,10375,62053,75839
USDX,2016-02-02,54787,9915,10141,62700,76120
USDX,2016-02-09,50735,15722,16295,55875,75853
USDX,2016-02-16,46770,15428,15278,50454,69926
USDX,2016-02-23,45107,15682,16761,49708,69258
USDX,2016-03-01,41571,14786,15004,46037,64297
USDX,2016-03-08,40447,14069,15801,45920,63702
USDX,2016-03-15,33578,16067,9335,30980,49684
USDX,2016-03-22,35761,18087,8968,30252,52614
USDX,2016-03-29,37537,19787,8329,29184,53669
USDX,2016-04-05,40039,22724,7433,29079,56323
USDX,2016-04-12,39571,25722,10122,28703,59054
USDX,2016-04-19,42058,28609,10371,29061,62494
USDX,2016-04-26,40524,29194,13156,29860,64034
USDX,2016-05-03,44378,35204,15710,30338,71528
USDX,2016-05-10,42834,30717,14291,31195,67841
USDX,2016-05-17,38926,28480,15346,30729,65412
USDX,2016-05-24,34618,23440,15061,31208,61266
USDX,2016-05-31,34099,24193,15663,31709,62195
USDX,2016-06-07,37987,28188,17029,31733,70139
USDX,2016-06-14,32024,27332,8357,17791,50315
USDX,2016-06-21,34097,24725,7157,20352,50649
USDX,2016-06-28,31058,18879,7279,22118,47703
USDX,2016-07-05,32442,20163,7419,25073,51060
USDX,2016-07-12,33104,19120,7687,26941,52678
USDX,2016-07-19,35300,20774,7641,29311,56826
USDX,2016-07-26,41251,18772,8073,36673,63131
USDX,2016-08-02,32200,14483,8063,30043,54870
USDX,2016-08-09,32499,16730,7480,29097,56359
USDX,2016-08-16,35849,19378,7418,28503,57759
USDX,2016-08-23,33766,17798,7669,28528,57651
USDX,2016-08-30,30121,15155,7912,28335,55341
USDX,2016-09-06,33728,16767,7330,30240,58169
USDX,2016-09-13,34343,17269,7899,30445,55501
USDX,2016-09-20,30268,15868,7151,26324,47964
USDX,2016-09-27,31260,19055,7377,24798,50534
USDX,2016-10-04,34210,22110,7349,25257,53795
USDX,2016-10-11,50990,17441,6875,46118,69769
USDX,2016-10-18,60566,15144,7133,58902,79933
USDX,2016-10-25,67984,13994,6912,66229,86683
USDX,2016-11-01,67181,12851,6839,66962,85739
USDX,2016-11-08,65523,13227,8675,67458,85931
USDX,2016-11-15,60750,12322,9302,62542,81170
USDX,2016-11-22,72226,19037,9539,68678,93965
USDX,2016-11-29,68042,14639,9374,69184,92156
USDX,2016-12-06,66444,11842,9335,70871,93311
USDX,2016-12-13,70157,13445,9479,72718,96087
USDX,2016-12-20,63443,11076,9680,68715,84233
USDX,2016-12-27,65725,13081,9800,69836,87191
USDX,2017-01-03,64538,10267,8298,68650,84941
USDX,2017-01-10,61218,8090,7496,67379,80618
USDX,2017-01-17,57589,8467,6916,64074,77719
USDX,2017-01-24,55098,6676,6938,63451,74838
USDX,2017-01-31,54801,8229,6822,62118,75601
USDX,2017-02-07,54335,7602,7217,60553,73975
USDX,2017-02-14,53115,7254,8509,61421,74210
USDX,2017-02-21,52656,6842,9987,61773,74802
USDX,2017-02-28,52631,7821,10116,61315,74909
USDX,2017-03-07,57540,6489,13525,72011,83511
USDX,2017-03-14,54704,6961,9364,63678,74452
USDX,2017-03-21,52787,6522,9276,62288,72753
USDX,2017-03-28,52912,8636,11989,61841,74650
USDX,2017-04-04,48816,5857,10643,59014,69339
USDX,2017-04-11,49095,4760,9746,59832,71495
USDX,2017-04-18,46766,3329,9926,58731,66658
USDX,2017-04-25,49577,6036,10385,59406,70209
USDX,2017-05-02,50457,10437,12770,58262,73868
USDX,2017-05-09,48718,12969,13821,55790,74804
USDX,2017-05-16,51495,17220,15403,55803,78050
USDX,2017-05-23,54832,23508,18483,55785,85136
USDX,2017-05-30,51405,23700,18191,51901,84839
USDX,2017-06-06,53866,25644,18169,52441,87243
USDX,2017-06-13,51901,23876,18342,52277,84987
USDX,2017-06-20,28313,22693,8626,19923,46708
USDX,2017-06-27,27957,22499,9181,19715,48135
USDX,2017-07-03,30078,24242,9642,20341,50721
USDX,2017-07-11,29628,27288,13280,20234,53048
USDX,2017-07-18,28513,26461,13224,20235,53086
USDX,2017-07-25,25829,28334,13876,16676,49984
USDX,2017-08-01,27331,28898,12747,16520,51424
USDX,2017-08-08,27332,30016,12510,16550,52748
USDX,2017-08-15,26652,28776,11640,16454,51263
USDX,2017-08-22,27328,28764,12273,16943,52379
USDX,2017-08-29,31351,34405,13669,16463,58082
USDX,2017-09-05,26830,30774,13363,16016,55828
USDX,2017-09-12,29161,31352,14734,18459,55883
USDX,2017-09-19,26833,33046,5930,4769,42287
USDX,2017-09-26,29288,35891,5863,5528,45590
USDX,2017-10-03,31209,34478,5821,8943,47920
USDX,2017-10-10,29204,32875,6509,8124,45773
USDX,2017-10-17,28420,33127,6372,8615,46646
USDX,2017-10-24,32463,36664,6960,9507,51132
USDX,2017-10-31,30077,30897,7168,13684,49228
USDX,2017-11-07,31599,31374,7804,16006,52065
USDX,2017-11-14,27241,29992,7611,11521,46491
USDX,2017-11-21,22064,28631,7708,7352,40200
USDX,2017-11-28,24788,35397,7976,2777,43517
USDX,2017-12-05,24369,32845,7638,5332,45289
USDX,2017-12-12,24845,30530,9133,9547,43885
USDX,2017-12-19,26355,22487,5421,14514,40944
USDX,2017-12-26,28751,26293,6954,14122,44142
USDX,2018-01-02,34204,32045,8607,14911,52638
USDX,2018-01-09,33449,32623,8404,13790,51377
USDX,2018-01-16,34090,35363,8334,10435,51436
USDX,2018-01-23,31170,35343,8182,7738,49114
USDX,2018-01-30,28953,34740,8186,5818,47086
USDX,2018-02-06,27554,31132,5967,6018,43794
USDX,2018-02-13,24117,26970,5655,5855,40422
USDX,2018-02-20,23765,25802,4936,6094,39428
USDX,2018-02-27,22735,24823,4288,6198,37902
USDX,2018-03-06,24345,24466,2230,6099,37639
USDX,2018-03-13,22492,21645,2184,6407,35920
USDX,2018-03-20,20950,21014,1098,4703,29866
USDX,2018-03-27,24264,26024,3599,4694,35691
USDX,2018-04-03,21990,23175,1990,4448,31226
USDX,2018-04-10,23544,25349,2911,4483,33497
USDX,2018-04-17,23278,25693,3163,4622,34609
USDX,2018-04-24,21914,23695,1695,4690,32114
USDX,2018-05-01,24780,26514,2213,5221,35440
USDX,2018-05-08,26058,26607,2828,6813,37324
USDX,2018-05-15,28694,28676,2944,7629,40239
USDX,2018-05-22,30411,27825,2318,9335,42065
USDX,2018-05-29,34414,30490,1999,10003,45941
USDX,2018-06-05,33841,29427,1587,10979,44949
USDX,2018-06-12,35074,30411,4077,13878,49907
USDX,2018-06-19,37341,19269,1679,24787,46993
USDX,2018-06-26,37927,19701,1677,24941,47596
USDX,2018-07-03,40326,21654,1755,25049,49741
USDX,2018-07-10,37670,18985,1583,24745,47798
USDX,2018-07-17,39314,20390,1345,25085,49216
USDX,2018-07-24,41132,15861,1456,32360,52289
USDX,2018-07-31,40760,12304,1421,36111,53060
USDX,2018-08-07,41799,11697,1398,37668,53915
USDX,2018-08-14,45660,13627,1129,39223,57088
USDX,2018-08-21,45042,10920,1129,40735,55935
USDX,2018-08-28,41659,7088,1040,40685,52802
USDX,2018-09-04,43987,10501,1182,40825,55783
USDX,2018-09-11,44223,9728,1844,41835,58932
USDX,2018-09-18,47280,9824,1750,43529,56908
USDX,2018-09-25,43449,6440,1717,42279,52751
USDX,2018-10-02,43552,6516,1652,42896,53364
USDX,2018-10-09,48465,10756,1904,43329,58150
USDX,2018-10-16,45830,7954,1850,42886,54917
USDX,2018-10-23,48819,10791,1883,44270,59274
USDX,2018-10-30,49859,10336,1619,45663,60318
USDX,2018-11-06,48295,8013,1705,45127,57888
USDX,2018-11-13,48448,7935,1614,45392,58329
USDX,2018-11-20,45738,6398,1724,44923,57264
USDX,2018-11-27,46349,7042,1684,44857,57063
USDX,2018-12-04,45353,6904,2331,43593,56729
USDX,2018-12-11,46660,8538,6096,47101,64006
USDX,2018-12-18,43298,7249,1557,40683,50790
USDX,2018-12-24,40353,7368,4265,39416,50245
USDX,2018-12-31,41729,9346,5008,39356,52699
USDX,2019-01-08,49072,15871,6390,39678,60955
USDX,2019-01-15,50572,16031,5587,40394,61790
USDX,2019-01-22,48913,15357,5453,39748,59999
USDX,2019-01-29,48325,17311,6649,38720,60968
USDX,2019-02-05,45640,14862,6044,38604,57842
USDX,2019-02-12,46646,13361,3926,38312,56543
USDX,2019-02-19,48544,15705,4506,38556,59109
USDX,2019-02-26,48597,16684,6659,40206,64599
USDX,2019-03-05,41672,7958,4076,40192,54897
USDX,2019-03-12,45030,9956,3744,40881,60235
USDX,2019-03-19,38607,12672,644,28733,44215
USDX,2019-03-26,36943,11658,681,28499,42802
USDX,2019-04-02,44774,15926,546,31496,50702
USDX,2019-04-09,44569,15123,655,31890,50845
USDX,2019-04-16,43126,14188,651,31744,49887
USDX,2019-04-23,49172,20417,621,32201,56644
USDX,2019-04-30,51212,22263,704,32859,58985
USDX,2019-05-07,46902,18669,797,32435,54810
USDX,2019-05-14,40211,13534,1030,31119,48083
USDX,2019-05-21,43400,16688,984,31327,51830
USDX,2019-05-28,41919,14821,843,31461,50088
USDX,2019-06-04,39348,13114,861,29853,46897
USDX,2019-06-11,36885,12896,3458,30089,49167
USDX,2019-06-18,40319,11770,1449,32314,47012
USDX,2019-06-25,34327,11961,3836,27421,45093
USDX,2019-07-02,33497,11080,3515,27228,42805
USDX,2019-07-09,36479,9423,871,28591,41935
USDX,2019-07-16,36452,9120,1208,29219,42480
USDX,2019-07-23,42218,13090,1193,30627,48047
USDX,2019-07-30,49305,19022,1214,32463,55829
USDX,2019-08-06,49331,18002,1441,33833,55694
USDX,2019-08-13,47874,18032,1208,32845,55000
USDX,2019-08-20,49063,19564,1208,32820,56089
USDX,2019-08-27,48102,18205,1447,33157,55277
USDX,2019-09-03,54410,22674,1337,34638,62314
USDX,2019-09-10,49483,17451,7031,41266,64908
USDX,2019-09-17,49626,7852,1468,45434,55837
USDX,2019-09-24,50313,8374,1369,45835,57183
USDX,2019-10-01,52568,9540,1481,46375,59045
USDX,2019-10-08,48977,9118,4239,46208,58016
USDX,2019-10-15,44288,6852,4372,44207,54820
USDX,2019-10-22,40833,9623,6380,39836,53860
USDX,2019-10-29,37183,7674,6157,37780,49700
USDX,2019-11-05,34983,6604,5984,36115,47015
USDX,2019-11-12,33917,6133,6682,35864,46188
USDX,2019-11-19,31509,6884,7845,33761,45288
USDX,2019-11-26,29233,5095,6755,32501,42191
USDX,2019-12-03,31182,7305,7521,32457,44997
USDX,2019-12-10,30754,8493,8558,32402,47127
USDX,2019-12-17,23048,11352,5494,18297,32897
USDX,2019-12-24,24038,10807,4536,18418,32976
USDX,2019-12-31,24945,12891,5978,18437,35967
USDX,2020-01-07,23825,11357,5381,18456,35179
USDX,2020-01-14,25590,12327,4836,18514,36189
USDX,2020-01-21,25334,12394,4576,18571,35878
USDX,2020-01-28,28316,11883,2014,20061,36000
USDX,2020-02-04,29964,12831,2616,21087,36874
USDX,2020-02-11,41714,22228,3255,24231,49634
USDX,2020-02-18,40400,16172,3167,28919,48471
USDX,2020-02-25,39762,14685,3157,29969,47885
USDX,2020-03-03,31882,9394,3633,27552,39782
USDX,2020-03-10,25602,13190,10542,25428,44951
USDX,2020-03-17,19542,12390,1864,10890,25322
USDX,2020-03-24,22456,9936,2048,15633,28338
USDX,2020-03-31,22952,8887,2073,17744,28972
USDX,2020-04-07,22818,7794,2059,18283,28696
USDX,2020-04-14,23862,8505,2345,18450,29664
USDX,2020-04-21,24844,9228,2333,19865,31390
USDX,2020-04-28,26269,10181,2563,19906,32622
USDX,2020-05-05,24713,8288,2383,20893,31555
USDX,2020-05-12,23956,7506,2638,21029,31123
USDX,2020-05-19,24515,7218,2851,21258,31477
USDX,2020-05-26,21039,6240,2761,19199,28298
USDX,2020-06-02,17877,9619,3644,12511,26006
USDX,2020-06-09,20876,16187,7318,12646,33934
USDX,2020-06-16,10796,16140,5621,479,19869
USDX,2020-06-23,11653,16967,6657,853,21601
USDX,2020-06-30,9812,14787,5934,936,19441
USDX,2020-07-07,12136,17075,6312,852,22869
USDX,2020-07-14,12123,17162,6715,1088,23499
USDX,2020-07-21,18979,24772,8316,1534,31404
USDX,2020-07-28,22835,29562,10453,2488,37312
USDX,2020-08-04,20402,26877,10550,2566,35497
USDX,2020-08-11,18250,26432,10966,2156,34460
USDX,2020-08-18,18587,26102,11137,2191,34896
USDX,2020-08-25,13582,21355,9918,2213,30716
USDX,2020-09-01,14348,21094,9670,2017,30358
USDX,2020-09-08,13453,19211,8517,2177,29776
USDX,2020-09-15,13356,21596,9968,1398,28493
USDX,2020-09-22,11932,21078,9717,1437,28767
USDX,2020-09-29,14840,20395,7680,2465,28616
USDX,2020-10-06,18509,21543,5869,4099,31448
USDX,2020-10-13,20110,19673,1582,3745,29233
USDX,2020-10-20,18068,19734,3374,2939,29349
USDX,2020-10-27,18755,20009,3485,2767,29623
USDX,2020-11-03,17426,16685,2294,3737,26661
USDX,2020-11-10,18603,19731,3770,3631,29066
USDX,2020-11-17,19540,20514,3999,3702,29413
USDX,2020-11-24,19647,22401,5022,3751,31913
USDX,2020-12-01,23708,26783,6425,4021,37196
USDX,2020-12-08,23208,29694,18367,11962,48516
USDX,2020-12-15,14709,28765,14494,425,35894
USDX,2020-12-21,13504,28379,15588,296,34751
USDX,2020-12-29,14610,29167,15337,543,35978
USDX,2021-01-05,14889,29841,15140,472,37569
USDX,2021-01-12,13948,27855,13500,529,34855
USDX,2021-01-19,15440,29717,12640,593,36065
USDX,2021-01-26,15369,30088,13386,766,37137
USDX,2021-02-02,15980,30810,12684,686,36894
USDX,2021-02-09,15939,29814,12457,439,36189
USDX,2021-02-16,15842,30129,12808,375,35968
USDX,2021-02-23,17592,31443,13407,296,41377
USDX,2021-03-02,20767,30870,9807,820,37546
USDX,2021-03-09,23759,32646,10365,3659,41300
USDX,2021-03-16,26575,20738,1657,10505,35368
USDX,2021-03-23,27846,22463,1927,10495,36732
USDX,2021-03-30,30513,24787,1798,11299,40306
USDX,2021-04-06,27706,23257,2713,10944,39111
USDX,2021-04-13,26679,20726,1934,10863,39165
USDX,2021-04-20,24707,21189,2017,8763,36777
USDX,2021-04-27,23852,21106,3074,8570,36598
USDX,2021-05-04,22016,19961,3203,8544,34179
USDX,2021-05-11,27111,24688,5288,10296,41836
USDX,2021-05-18,27138,24454,5339,10839,42995
USDX,2021-05-25,27488,24708,5413,10803,43043
USDX,2021-06-01,30212,27249,6357,12191,48045
USDX,2021-06-08,31891,30140,5373,11237,49573
USDX,2021-06-15,25618,27921,3120,4615,37453
USDX,2021-06-22,24504,25014,1301,5008,34629
USDX,2021-06-29,25133,25581,845,5352,34924
USDX,2021-07-06,27442,19873,735,13755,37205
USDX,2021-07-13,27502,16245,1081,17768,37890
USDX,2021-07-20,28782,16594,825,18631,38918
USDX,2021-07-27,31758,15217,1337,23591,43059
USDX,2021-08-03,33461,14580,1619,24881,43131
USDX,2021-08-10,35975,16649,1114,25112,45126
USDX,2021-08-17,35460,16249,1643,25732,46576
USDX,2021-08-24,36611,16249,1754,27516,48509
USDX,2021-08-31,35902,15212,2091,28274,48837
USDX,2021-09-07,33099,11634,1643,28707,46368
USDX,2021-09-14,34805,10532,1219,30994,44386
USDX,2021-09-21,36883,11783,849,31243,45934
USDX,2021-09-28,45054,18593,1565,33337,55330
USDX,2021-10-05,44715,12689,1879,40696,57194
USDX,2021-10-12,49394,14332,2131,44823,62836
USDX,2021-10-19,47568,11634,2104,44832,60731
USDX,2021-10-26,45189,10732,2157,44099,58993
USDX,2021-11-02,45395,10413,1911,43964,57947
USDX,2021-11-09,46521,11073,2130,43225,57713
USDX,2021-11-16,47959,13051,2000,42455,59387
USDX,2021-11-23,47116,11341,1739,42885,57694
USDX,2021-11-30,42010,6131,1634,42076,52172
USDX,2021-12-07,43058,8193,3775,43981,59994
USDX,2021-12-14,42263,11022,1693,38308,52098
USDX,2021-12-21,46222,11107,1941,42272,56162
USDX,2021-12-28,47169,10380,2102,44563,57892
USDX,2022-01-04,47750,8672,1692,46409,58089
USDX,2022-01-11,45872,7980,1741,45887,57218
USDX,2022-01-18,42369,5935,1684,44081,53283
USDX,2022-01-25,41772,4911,1777,44282,52328
USDX,2022-02-01,43897,9326,2141,44025,56477
USDX,2022-02-08,40370,6605,3150,43976,53603
USDX,2022-02-15,42349,6963,2717,44265,54283
USDX,2022-02-22,43726,7642,2742,44110,54922
USDX,2022-03-01,43761,8987,4831,44222,56651
USDX,2022-03-08,46031,11987,7962,45852,62447
USDX,2022-03-15,39767,11387,1452,33421,47574
USDX,2022-03-22,43561,13926,1665,35186,51952
USDX,2022-03-29,44970,14029,1493,36599,53967
USDX,2022-04-05,41038,9186,1417,36611,49049
USDX,2022-04-12,44303,14666,1226,37271,54836
USDX,2022-04-19,46685,14105,1778,37671,54524
USDX,2022-04-26,49673,15794,1378,37954,56712
USDX,2022-05-03,46264,13193,1439,37123,54092
USDX,2022-05-10,49864,15088,1837,39011,57556
USDX,2022-05-17,53519,17306,2105,41611,61899
USDX,2022-05-24,53675,15636,2157,43034,61857
USDX,2022-05-31,54859,17321,2355,43682,63863
USDX,2022-06-07,55460,17522,2090,43953,65163
USDX,2022-06-14,53133,8657,1752,49488,61144
USDX,2022-06-21,51606,6596,1676,48422,58543
USDX,2022-06-28,54646,11417,2340,48898,63143
USDX,2022-07-05,52927,13676,2023,43533,60857
USDX,2022-07-12,51109,12755,2305,43200,59565
USDX,2022-07-19,50234,11165,2873,44373,59214
USDX,2022-07-26,51337,10802,2492,45805,60456
USDX,2022-08-02,47918,8571,2807,44966,57054
USDX,2022-08-09,50738,12101,2079,44178,59639
USDX,2022-08-16,50782,12821,2078,42751,58909
USDX,2022-08-23,49311,14212,1881,39478,57608
USDX,2022-08-30,51672,16157,1822,40360,60184
USDX,2022-09-06,52607,16500,1912,40370,61662
USDX,2022-09-13,48984,13315,5647,44027,62077
USDX,2022-09-20,45704,17773,2226,33001,54292
USDX,2022-09-27,47424,16862,2153,34635,56046
USDX,2022-10-04,44449,12752,1926,38743,54638
USDX,2022-10-11,45079,12293,1708,38555,54615
USDX,2022-10-18,44956,12266,1955,38969,55234
USDX,2022-10-25,44998,14900,5587,39947,59053
USDX,2022-11-01,42304,12516,5761,39092,55942
USDX,2022-11-08,42887,12694,5442,39293,56340
USDX,2022-11-15,38965,12111,2149,32130,48382
USDX,2022-11-22,38310,14245,2020,29972,47718
USDX,2022-11-29,37279,12387,2079,30571,46836
USDX,2022-12-06,36157,11271,1838,29378,45115
USDX,2022-12-13,38766,12988,1245,29727,48069
USDX,2022-12-20,32727,15970,1373,21570,41389
USDX,2022-12-27,33142,16201,1497,21617,41653
USDX,2023-01-03,33171,15410,1588,21792,41850
USDX,2023-01-10,33928,17388,1158,20438,42307
USDX,2023-01-17,31694,18336,1031,16601,39388
USDX,2023-01-24,33291,18128,981,18890,41233
USDX,2023-01-31,29221,12684,1042,20818,38140
USDX,2023-02-07,24029,11760,1203,16706,33546
USDX,2023-02-14,23984,12010,847,16988,32966
USDX,2023-02-21,26469,14271,909,17549,36022
USDX,2023-02-28,27160,15284,1840,17866,37290
USDX,2023-03-07,26665,14109,2321,17953,36943
USDX,2023-03-14,26446,12689,2095,19097,35180
USDX,2023-03-21,26258,12114,1338,18046,33819
USDX,2023-03-28,24552,11833,545,15630,31128
USDX,2023-04-04,25574,11468,473,16627,32076
USDX,2023-04-11,26090,12826,1006,16018,33076
USDX,2023-04-18,25192,14679,3371,15326,34865
USDX,2023-04-25,24149,13410,3432,16143,34441
USDX,2023-05-02,22988,11638,3128,16425,32774
USDX,2023-05-09,21656,10500,3902,16528,32175
USDX,2023-05-16,20669,11155,2817,15174,30880
USDX,2023-05-23,22194,10954,859,14728,30203
USDX,2023-05-30,23927,11159,819,17079,32373
USDX,2023-06-06,24791,12572,1280,16443,33930
USDX,2023-06-13,22416,8418,1458,18140,32050
USDX,2023-06-20,20972,6111,835,17409,27306
USDX,2023-06-27,21265,6297,573,17920,27691
USDX,2023-07-03,20267,5950,584,17164,26619
USDX,2023-07-11,20741,8730,2536,16113,28925
USDX,2023-07-18,27410,16343,7994,19611,41045
USDX,2023-07-25,21258,15204,7796,14135,34514
USDX,2023-08-01,18494,15379,7224,10813,31435
USDX,2023-08-08,17247,14623,6395,9073,28930
USDX,2023-08-15,19617,14626,1556,7604,26954
USDX,2023-08-22,23328,18739,4992,10610,33938
USDX,2023-08-29,22882,20059,7833,11743,36732
USDX,2023-09-05,22881,19522,7448,12453,36579
USDX,2023-09-12,25145,19074,7906,15633,40982
USDX,2023-09-19,24582,8948,8983,26328,39249
USDX,2023-09-26,26606,9848,9545,28181,42373
USDX,2023-10-03,28057,9242,8313,28479,42340
USDX,2023-10-10,27574,8097,8068,28767,41288
USDX,2023-10-17,28534,9367,8776,29548,43051
USDX,2023-10-24,28130,8459,9255,29786,42670
USDX,2023-10-31,27571,8586,9671,29767,42803
USDX,2023-11-07,27866,8395,8000,28161,41224
USDX,2023-11-14,27271,7537,6917,27295,38842
USDX,2023-11-21,28543,7846,4977,25709,37894
USDX,2023-11-28,28798,9711,6746,25038,39359
USDX,2023-12-05,28199,8255,7009,26570,40451
USDX,2023-12-12,28100,10499,7677,25709,41345
USDX,2023-12-19,15852,11910,2562,5714,21734
USDX,2023-12-26,15047,11910,3270,5448,22039
USDX,2024-01-02,15941,13518,4139,5753,23916
USDX,2024-01-09,16041,13131,3598,5808,23878
USDX,2024-01-16,15077,13777,3918,5210,23501
USDX,2024-01-23,16526,14879,2895,5271,24663
USDX,2024-01-30,17238,16866,3964,4703,25739
USDX,2024-02-06,18474,16935,4775,7427,29202
USDX,2024-02-13,21096,19094,4916,8095,32227
USDX,2024-02-20,18732,17186,5625,8751,29958
USDX,2024-02-27,18827,16744,5599,8922,29549
USDX,2024-03-05,17766,14667,5582,9557,28450
USDX,2024-03-12,17547,11361,3127,9508,26365
USDX,2024-03-19,15573,14894,3861,5552,23819
USDX,2024-03-26,19214,19843,7430,8440,31997
USDX,2024-04-02,23681,25577,8446,8751,38130
USDX,2024-04-09,26733,27875,9194,9624,40448
USDX,2024-04-16,29911,30840,8040,9349,44069
USDX,2024-04-23,31347,31560,8609,10735,45725
USDX,2024-04-30,33593,33628,9894,12083,48784
USDX,2024-05-07,28881,27028,9260,12652,42962
USDX,2024-05-14,29682,27247,8472,12262,42817
USDX,2024-05-21,28292,24774,7389,11474,39920
USDX,2024-05-28,28325,24151,7026,12462,40108
USDX,2024-06-04,26803,21916,5845,12029,38645
USDX,2024-06-11,26458,21445,6111,12773,38327
USDX,2024-06-18,30205,12610,5419,24941,40237
USDX,2024-06-25,31947,14425,6304,25669,43147
USDX,2024-07-02,32776,16194,7969,26527,45627
USDX,2024-07-09,30587,14379,7769,25188,43263
USDX,2024-07-16,30327,11777,3695,22973,38651
USDX,2024-07-23,30196,11976,4140,23049,38818
USDX,2024-07-30,29973,13015,4615,22820,39266
USDX,2024-08-06,30996,14860,7502,23329,42026
USDX,2024-08-13,33686,15150,8138,25258,45236
USDX,2024-08-20,35452,17861,9412,25784,48713
USDX,2024-08-27,37377,18464,9846,27401,51056
USDX,2024-09-03,34725,15296,9933,27839,48563
USDX,2024-09-10,32116,11906,11949,29928,48653
USDX,2024-09-17,15897,14099,5438,5355,24759
USDX,2024-09-24,16524,15565,6885,5986,27029
USDX,2024-10-01,13829,13675,7944,6387,26321
USDX,2024-10-08,15016,16905,6016,3474,25635
USDX,2024-10-15,15352,17452,4607,1596,24171
USDX,2024-10-22,20118,19207,5338,5962,29942
USDX,2024-10-29,21825,20141,6126,7455,32536
USDX,2024-11-05,20332,20237,6004,6050,30825
USDX,2024-11-12,22958,25270,7778,6678,36875
USDX,2024-11-19,22613,25326,8883,6962,37320
USDX,2024-11-26,22960,25759,9463,7304,37797
USDX,2024-12-03,21903,24957,9563,7762,37510
USDX,2024-12-10,22883,26107,10986,9046,40825
USDX,2024-12-17,25145,19504,10353,17702,41281
USDX,2024-12-24,28539,22047,10263,18562,44472
USDX,2024-12-31,26598,19721,11020,19251,42976
USDX,2025-01-07,27958,19313,11121,21279,44874
USDX,2025-01-14,29512,16783,10978,25266,45758
USDX,2025-01-21,28811,13939,11247,27767,45714
USDX,2025-01-28,25372,11172,10484,25590,40991
USDX,2025-02-04,25203,10664,9630,25544,39705
USDX,2025-02-11,26261,10965,8459,24882,39291
USDX,2025-02-18,26729,9961,7275,24332,38459
USDX,2025-02-25,25906,10174,6543,22404,38062
USDX,2025-03-04,27785,13047,6675,21723,39075
USDX,2025-03-11,27969,11134,4684,21967,39865
USDX,2025-03-18,23657,16469,1403,8143,29600
USDX,2025-03-25,22699,15231,1385,9330,29219
USDX,2025-04-01,23640,16599,1340,7737,29279
USDX,2025-04-08,15487,12574,3580,6181,22770
USDX,2025-04-15,15722,13894,7352,8722,27224
USDX,2025-04-22,18696,19670,9286,7301,32880
USDX,2025-04-29,19093,19542,9388,7840,32830
USDX,2025-05-06,21251,22359,9682,7196,35412
USDX,2025-05-13,15539,16154,7680,6613,27982
USDX,2025-05-20,17583,18129,8369,6499,30189
USDX,2025-05-27,18406,18492,8331,6844,30979
USDX,2025-06-03,15748,15131,8021,7053,28007
USDX,2025-06-10,17027,15625,7344,7379,30659
USDX,2025-06-17,13215,16183,11976,7863,30721
USDX,2025-06-24,13283,19317,12617,5869,31225
USDX,2025-07-01,16873,21155,13540,8426,36286
USDX,2025-07-08,16208,20194,13063,8301,35076
USDX,2025-07-15,16262,19927,13186,8764,35177
USDX,2025-07-22,16925,20376,13234,9246,35725
USDX,2025-07-29,13960,18116,12534,8687,32919
USDX,2025-08-05,11399,18429,11847,6482,30064
USDX,2025-08-12,12729,18976,11370,6248,30410
USDX,2025-08-19,11359,17347,11278,6218,28891
USDX,2025-08-26,13158,19263,12326,6163,31488
USDX,2025-09-02,13645,18666,12109,6319,31502
USDX,2025-09-09,19192,24750,13288,6646,38029
USDX,2025-09-16,12491,25385,20961,7427,38526
USDX,2025-09-23,14032,24376,21419,10044,40441
USDX,2025-09-30,9726,23362,20620,6802,35699
USDX,2025-10-07,12456,25601,20856,7542,38717
USDX,2025-10-14,12279,27212,18342,4576,37137
USDX,2025-10-21,11137,26504,18129,3592,35369
USDX,2025-10-28,10607,26733,18818,2879,34998
USDX,2025-11-04,16645,32207,20006,5302,43439
USDX,2025-11-10,16004,31631,20683,5511,42792
USDX,2025-11-18,16893,33001,21042,5911,44403
USDX,2025-11-25,18448,34795,22808,6925,47161
USDX,2025-12-02,14444,30662,22924,7520,43781
USDX,2025-12-09,14778,28652,21923,8295,42972
USDX,2025-12-16,15895,20490,7427,2238,26994
USDX,2025-12-23,16688,20709,7481,2704,28181
USDX,2025-12-30,16652,20612,8371,3783,28984
USDX,2026-01-06,17671,21502,8104,3706,30078
USDX,2026-01-13,17929,21659,7158,3419,29868
USDX,2026-01-20,16003,22421,9023,2718,29579
USDX,2026-01-27,17945,22350,9163,4076,31746
USDX,2026-02-03,16610,17462,7239,5710,28190
USDX,2026-02-10,16131,16860,7877,5760,27789
USDX,2026-02-17,15416,15088,7094,6400,26596
USDX,2026-02-24,13295,15084,8312,5730,26218
USDX,2026-03-03,15061,20050,8882,3659,29871
USDX,2026-03-10,16384,22266,9889,4640,32012
USDX,2026-03-17,21426,17733,8932,13889,35456
USDX,2026-03-24,20457,16840,10652,15267,36113
USDX,2026-03-31,21708,18027,11319,16249,38735
USDX,2026-04-07,23084,17573,7926,14601,36573
USDX,2026-04-14,18970,13800,8110,13515,32911
USDX,2026-04-21,17617,12634,8093,13907,30651
USDX,2026-04-28,17180,12672,8119,13523,30611
USDX,2026-05-05,17048,16355,10035,11604,32496
USDX,2026-05-12,18912,15725,8877,13532,32108
USDX,2026-05-19,21403,21882,13920,15471,40626
USDX,2026-05-26,22732,21882,14337,16750,42278
USDX,2026-06-02,24584,20826,12943,18345,43090
USDX,2026-06-09,27908,26524,16092,19691,50285
USDX,2026-06-16,31180,17983,13531,28658,49411
USDX,2026-06-23,34278,21350,14069,30315,54908
USDX,2026-06-30,32524,19508,15332,31586,54306
USDX,2026-07-07,31921,18652,15452,31690,53384
USDX,2026-07-14,31641,18468,15926,31760,53293
USDX,2026-07-21,33270,17656,14764,33111,53953
USDX,2026-07-28,35339,18142,16789,36896,58251
USDX,2026-08-04,35247,12748,11665,36291,52154
USDX,2026-08-11,32651,11242,11516,34944,49541
USDX,2026-08-18,29582,10503,12803,33479,47928
USDX,2026-08-25,29042,10360,13957,33795,47953
USDX,2026-09-01,28240,11215,16303,35027,50020
